ISO-10303-21;
HEADER;
FILE_DESCRIPTION (( 'STEP AP203' ),
    '1' );
FILE_NAME ('C620电调.STEP',
    '2018-01-24T11:43:38',
    ( '微软中国' ),
    ( '中国微软' ),
    'SwSTEP 2.0',
    'SolidWorks 2017',
    '' );
FILE_SCHEMA (( 'CONFIG_CONTROL_DESIGN' ));
ENDSEC;

DATA;
#1 = DIRECTION ( 'NONE',  ( 0.0000000000000000000, 1.000000000000000000, 0.0000000000000000000 ) ) ;
#2 = ORIENTED_EDGE ( 'NONE', *, *, #3909, .T. ) ;
#3 = CARTESIAN_POINT ( 'NONE',  ( -2.545136111807713200, -11.72416619306247700, 11.49999999999999600 ) ) ;
#4 = VECTOR ( 'NONE', #8017, 1000.000000000000000 ) ;
#5 = CARTESIAN_POINT ( 'NONE',  ( 0.0000000000000000000, 4.650314465408802000, 11.50000000000000000 ) ) ;
#6 = EDGE_CURVE ( 'NONE', #3425, #7171, #8720, .T. ) ;
#7 = ORIENTED_EDGE ( 'NONE', *, *, #2546, .T. ) ;
#8 = CARTESIAN_POINT ( 'NONE',  ( -1.783822214849343200, 7.371231224027828200, 11.50000000000000200 ) ) ;
#9 = CIRCLE ( 'NONE', #3171, 1.000000000000000000 ) ;
#10 = CARTESIAN_POINT ( 'NONE',  ( 4.679064808293143000, 5.257784538601985200, 11.49999999999999800 ) ) ;
#11 = CARTESIAN_POINT ( 'NONE',  ( 2.193337992080254000, 5.394968553459116300, 11.50000000000000000 ) ) ;
#12 = CARTESIAN_POINT ( 'NONE',  ( 3.676049835290554000, 4.968150713346153300, 11.50000000000000000 ) ) ;
#13 = CARTESIAN_POINT ( 'NONE',  ( 4.169417698804418000, 5.403593360047412200, 11.50000000000000000 ) ) ;
#14 = ORIENTED_EDGE ( 'NONE', *, *, #4917, .T. ) ;
#15 = ORIENTED_EDGE ( 'NONE', *, *, #4360, .F. ) ;
#16 = EDGE_CURVE ( 'NONE', #8757, #3621, #7847, .T. ) ;
#17 = DIRECTION ( 'NONE',  ( 0.0000000000000000000, 1.000000000000000000, 0.0000000000000000000 ) ) ;
#18 = B_SPLINE_CURVE_WITH_KNOTS ( 'NONE', 3,
 ( #405, #5141, #7779, #7212, #5725, #4184, #99, #3993, #6877, #3692, #4675 ),
 .UNSPECIFIED., .F., .F.,
 ( 4, 1, 1, 1, 1, 1, 1, 1, 4 ),
 ( 0.0000000000000000000, 0.09701626397756713000, 0.1973923205698907600, 0.3028756200714407500, 0.4176700756956880400, 0.5425930257677531500, 0.6803316837880143400, 0.8328459897840505600, 1.000000000000000000 ),
 .UNSPECIFIED. ) ;
#19 = CARTESIAN_POINT ( 'NONE',  ( -3.473274752974806500, 4.916403594581831600, 11.50000000000000400 ) ) ;
#20 = CARTESIAN_POINT ( 'NONE',  ( 3.388358957175398700, 4.730062803004025300, 11.50000000000000200 ) ) ;
#21 = FACE_OUTER_BOUND ( 'NONE', #860, .T. ) ;
#22 = CARTESIAN_POINT ( 'NONE',  ( 3.546650759890002600, -10.63599125753656000, 11.50000000000000000 ) ) ;
#23 = CARTESIAN_POINT ( 'NONE',  ( -0.5584835070559777100, -10.47852213430396200, 11.50000000000000200 ) ) ;
#24 = CARTESIAN_POINT ( 'NONE',  ( -3.953077514953029100, 5.400299410246796900, 11.50000000000000200 ) ) ;
#25 = CARTESIAN_POINT ( 'NONE',  ( 2.560932710916826100, 7.392896542773258700, 11.49999999999999800 ) ) ;
#26 = CARTESIAN_POINT ( 'NONE',  ( -2.243806131561852300, 6.680921844941108700, 11.49999999999999800 ) ) ;
#27 = CARTESIAN_POINT ( 'NONE',  ( 0.0000000000000000000, 4.836477987421380600, 11.50000000000000000 ) ) ;
#28 = CARTESIAN_POINT ( 'NONE',  ( -3.478529943723104500, -9.725259779525089200, 11.50000000000000000 ) ) ;
#29 = CARTESIAN_POINT ( 'NONE',  ( 9.999999999999998200, -22.60000000000000100, 0.0000000000000000000 ) ) ;
#30 = VERTEX_POINT ( 'NONE', #1574 ) ;
#31 = FACE_OUTER_BOUND ( 'NONE', #6072, .T. ) ;
#32 = CARTESIAN_POINT ( 'NONE',  ( -3.871614992348244100, 5.112077237977986900, 11.49999999999999600 ) ) ;
#33 = CARTESIAN_POINT ( 'NONE',  ( -5.899999999999999500, -1.574230079803005100, 11.50000000000000000 ) ) ;
#34 = ORIENTED_EDGE ( 'NONE', *, *, #2030, .F. ) ;
#35 = CARTESIAN_POINT ( 'NONE',  ( 2.375960866527026600, 5.183647798742135200, 11.50000000000000000 ) ) ;
#36 = CARTESIAN_POINT ( 'NONE',  ( -4.660818713450290800, -16.26293231180831400, 11.50000000000000000 ) ) ;
#37 = ORIENTED_EDGE ( 'NONE', *, *, #6477, .T. ) ;
#38 = CARTESIAN_POINT ( 'NONE',  ( -0.9690074711760371400, 9.428638640666289200, 11.50000000000000200 ) ) ;
#39 = CARTESIAN_POINT ( 'NONE',  ( -1.942495568903297400, 5.295891433804329500, 11.50000000000000200 ) ) ;
#40 = EDGE_LOOP ( 'NONE', ( #124, #5713, #7388, #7915 ) ) ;
#41 = CARTESIAN_POINT ( 'NONE',  ( 1.787840670859662400, 4.957232704402512600, 11.50000000000000000 ) ) ;
#42 = CARTESIAN_POINT ( 'NONE',  ( -2.168312372799490600, 0.8764783187540743400, 11.50000000000000000 ) ) ;
#43 = DIRECTION ( 'NONE',  ( 1.000000000000000000, 0.0000000000000000000, 0.0000000000000000000 ) ) ;
#44 = CARTESIAN_POINT ( 'NONE',  ( -0.2129580076747021600, -16.52837100888167800, 11.50000000000000000 ) ) ;
#45 = ORIENTED_EDGE ( 'NONE', *, *, #7557, .T. ) ;
#46 = CARTESIAN_POINT ( 'NONE',  ( -4.389347430278924400, 5.410090790405868200, 11.50000000000000000 ) ) ;
#47 = CARTESIAN_POINT ( 'NONE',  ( -2.716944209529013100, 5.311409568336718400, 11.50000000000000500 ) ) ;
#48 = CARTESIAN_POINT ( 'NONE',  ( 2.192776990500664000, 5.394995346697244000, 11.50000000000000000 ) ) ;
#49 = CARTESIAN_POINT ( 'NONE',  ( -0.1676883746615885600, -16.95115767502918300, 11.50000000000000500 ) ) ;
#50 = EDGE_CURVE ( 'NONE', #8603, #7968, #4475, .T. ) ;
#51 = VERTEX_POINT ( 'NONE', #6186 ) ;
#52 = CARTESIAN_POINT ( 'NONE',  ( 0.0000000000000000000, 4.896855345911945700, 11.50000000000000000 ) ) ;
#53 = PLANE ( 'NONE',  #2133 ) ;
#54 = CARTESIAN_POINT ( 'NONE',  ( 3.547314814810987200, -10.62036558027998900, 11.50000000000000200 ) ) ;
#55 = ORIENTED_EDGE ( 'NONE', *, *, #568, .T. ) ;
#56 = CARTESIAN_POINT ( 'NONE',  ( 2.590189028998103100, -11.71918022193518300, 11.50000000000000400 ) ) ;
#57 = CARTESIAN_POINT ( 'NONE',  ( -0.6029500496597421900, 4.745979183176225500, 11.50000000000000900 ) ) ;
#58 = CARTESIAN_POINT ( 'NONE',  ( 1.924807826694743000, 5.123270440251570100, 11.50000000000000000 ) ) ;
#59 = CARTESIAN_POINT ( 'NONE',  ( -2.929781175043694800, -17.04398797639604600, 11.50000000000000000 ) ) ;
#60 = EDGE_CURVE ( 'NONE', #128, #2888, #3679, .T. ) ;
#61 = CARTESIAN_POINT ( 'NONE',  ( 1.861633141178794100, 4.911247829342956500, 11.49999999999999600 ) ) ;
#62 = CARTESIAN_POINT ( 'NONE',  ( -0.6982326834452198300, 4.653640753927343000, 11.49999999999999500 ) ) ;
#63 = ORIENTED_EDGE ( 'NONE', *, *, #7517, .F. ) ;
#64 = CARTESIAN_POINT ( 'NONE',  ( -2.672514619883041000, -16.75416038198375200, 11.50000000000000200 ) ) ;
#65 = CARTESIAN_POINT ( 'NONE',  ( 4.536522809369325900, -16.59846933834859000, 11.50000000000000000 ) ) ;
#66 = ORIENTED_EDGE ( 'NONE', *, *, #7940, .F. ) ;
#67 = CARTESIAN_POINT ( 'NONE',  ( 0.4843936000849144400, 5.324564860752680300, 11.50000000000000700 ) ) ;
#68 = CARTESIAN_POINT ( 'NONE',  ( -9.000000000000005300, 22.60000000000000100, 0.0000000000000000000 ) ) ;
#69 = VECTOR ( 'NONE', #8795, 1000.000000000000000 ) ;
#70 = CARTESIAN_POINT ( 'NONE',  ( 1.044020799377892500, -9.471524731643773600, 11.49999999999999800 ) ) ;
#71 = ADVANCED_FACE ( 'NONE', ( #3784 ), #475, .T. ) ;
#72 = CARTESIAN_POINT ( 'NONE',  ( 4.484224850699743700, 4.762290933280940700, 11.50000000000000000 ) ) ;
#73 = VECTOR ( 'NONE', #1356, 1000.000000000000000 ) ;
#74 = LINE ( 'NONE', #82, #3398 ) ;
#75 = EDGE_CURVE ( 'NONE', #4009, #6949, #5309, .T. ) ;
#76 = CARTESIAN_POINT ( 'NONE',  ( 4.513466313066060400, 5.364479317222136800, 11.50000000000000200 ) ) ;
#77 = CARTESIAN_POINT ( 'NONE',  ( 2.793472844175110200, -11.47345172277102600, 11.49999999999999600 ) ) ;
#78 = VERTEX_POINT ( 'NONE', #2046 ) ;
#79 = CARTESIAN_POINT ( 'NONE',  ( 0.4623666055479808700, -9.314496051055874300, 11.50000000000000000 ) ) ;
#80 = B_SPLINE_CURVE_WITH_KNOTS ( 'NONE', 3,
 ( #4875, #1314, #2315, #4950, #2690, #5534, #4932 ),
 .UNSPECIFIED., .F., .F.,
 ( 4, 1, 1, 1, 4 ),
 ( 0.0000000000000000000, 0.3027431116324043000, 0.5652371650077447900, 0.7927245144586869700, 1.000000000000000000 ),
 .UNSPECIFIED. ) ;
#81 = CARTESIAN_POINT ( 'NONE',  ( 0.1035677021818021300, -13.42332140782538600, 11.50000000000000200 ) ) ;
#82 = CARTESIAN_POINT ( 'NONE',  ( 2.923976608187133200, 0.0000000000000000000, 11.50000000000000000 ) ) ;
#83 = CARTESIAN_POINT ( 'NONE',  ( -3.915550230870055200, 5.387546839174619100, 11.50000000000000200 ) ) ;
#84 = EDGE_CURVE ( 'NONE', #8777, #1611, #7599, .T. ) ;
#85 = CARTESIAN_POINT ( 'NONE',  ( 4.330768849083243700, -16.96687509158874700, 11.49999999999999600 ) ) ;
#86 = CARTESIAN_POINT ( 'NONE',  ( 2.076023391812863700, -16.15182120069719900, 11.50000000000000000 ) ) ;
#87 = CARTESIAN_POINT ( 'NONE',  ( -0.6173507924778186600, 4.713778226140680900, 11.50000000000000200 ) ) ;
#88 = DIRECTION ( 'NONE',  ( 1.000000000000000000, 0.0000000000000000000, 0.0000000000000000000 ) ) ;
#89 = CARTESIAN_POINT ( 'NONE',  ( 0.1613319675608671000, -17.13493201218041800, 11.50000000000000000 ) ) ;
#90 = CARTESIAN_POINT ( 'NONE',  ( -3.655066387141734400, 4.987421383647795600, 11.50000000000000000 ) ) ;
#91 = PLANE ( 'NONE',  #5018 ) ;
#92 = VECTOR ( 'NONE', #8322, 1000.000000000000100 ) ;
#93 = DIRECTION ( 'NONE',  ( -0.0000000000000000000, -0.0000000000000000000, 1.000000000000000000 ) ) ;
#94 = LINE ( 'NONE', #1624, #8112 ) ;
#95 = FACE_BOUND ( 'NONE', #6040, .T. ) ;
#96 = CARTESIAN_POINT ( 'NONE',  ( 3.955596904735943800, -16.69793073151374700, 11.50000000000000200 ) ) ;
#97 = ORIENTED_EDGE ( 'NONE', *, *, #7100, .T. ) ;
#98 = LINE ( 'NONE', #4635, #3095 ) ;
#99 = CARTESIAN_POINT ( 'NONE',  ( 0.5584742867412704200, 4.695200260510781700, 11.50000000000000200 ) ) ;
#100 = CARTESIAN_POINT ( 'NONE',  ( 1.396941343212436900, -10.45092962192969000, 11.50000000000000200 ) ) ;
#101 = CARTESIAN_POINT ( 'NONE',  ( 0.2924804644507348900, -16.64069552104871300, 11.50000000000000200 ) ) ;
#102 = CARTESIAN_POINT ( 'NONE',  ( 4.787587472644357700, 4.657480710197408100, 11.49999999999999800 ) ) ;
#103 = CARTESIAN_POINT ( 'NONE',  ( 2.089036290790709000, -9.762531224049723700, 11.50000000000000400 ) ) ;
#104 = FACE_OUTER_BOUND ( 'NONE', #6639, .T. ) ;
#105 = DIRECTION ( 'NONE',  ( 0.0000000000000000000, 0.0000000000000000000, 1.000000000000000000 ) ) ;
#106 = CARTESIAN_POINT ( 'NONE',  ( 4.169590643274850600, -16.82433582058024200, 11.50000000000000000 ) ) ;
#107 = VECTOR ( 'NONE', #1607, 1000.000000000000000 ) ;
#108 = EDGE_CURVE ( 'NONE', #3240, #5168, #3809, .T. ) ;
#109 = VERTEX_POINT ( 'NONE', #1396 ) ;
#110 = CARTESIAN_POINT ( 'NONE',  ( -3.694498131473439100, -16.26143488624324400, 11.50000000000000200 ) ) ;
#111 = CARTESIAN_POINT ( 'NONE',  ( 3.538767590699136300, -10.76755987449218200, 11.50000000000000000 ) ) ;
#112 = CARTESIAN_POINT ( 'NONE',  ( 0.3323342462962214900, -16.88227510142308700, 11.50000000000000200 ) ) ;
#113 = CARTESIAN_POINT ( 'NONE',  ( -2.045179370938722900, 4.829368721739531800, 11.50000000000000200 ) ) ;
#114 = ORIENTED_EDGE ( 'NONE', *, *, #1837, .F. ) ;
#115 = DIRECTION ( 'NONE',  ( 1.000000000000000000, 0.0000000000000000000, 0.0000000000000000000 ) ) ;
#116 = B_SPLINE_CURVE_WITH_KNOTS ( 'NONE', 3,
 ( #4176, #527, #4432, #7068, #4274, #2762, #4928, #5579, #7583, #24, #7162, #83, #8584, #3827, #7131, #4973, #5448, #3363, #8132 ),
 .UNSPECIFIED., .F., .F.,
 ( 4, 1, 1, 1, 1, 1, 1, 1, 1, 1, 1, 1, 1, 1, 1, 1, 4 ),
 ( 0.0000000000000000000, 0.09469925036336834800, 0.1841207303172485200, 0.2693762896350334600, 0.3494726878674712100, 0.4245457478582673700, 0.4956988783821867400, 0.5619976838288811600, 0.6241005067722587000, 0.6821718986237965700, 0.7366011253415283300, 0.7870043010868026400, 0.8341866465833129900, 0.8788394457139185900, 0.9207971826609625500, 0.9609657543065645000, 0.9999999999999998900 ),
 .UNSPECIFIED. ) ;
#117 = CARTESIAN_POINT ( 'NONE',  ( 1.820265548567559000, 5.274213836477984300, 11.50000000000000400 ) ) ;
#118 = ORIENTED_EDGE ( 'NONE', *, *, #3288, .F. ) ;
#119 = CC_DESIGN_SECURITY_CLASSIFICATION ( #6990, ( #4593 ) ) ;
#120 = CARTESIAN_POINT ( 'NONE',  ( -9.000000000000005300, 22.60000000000000100, 0.0000000000000000000 ) ) ;
#121 = EDGE_CURVE ( 'NONE', #5388, #5854, #6030, .T. ) ;
#123 = ORIENTED_EDGE ( 'NONE', *, *, #6865, .T. ) ;
#122 = CARTESIAN_POINT ( 'NONE',  ( -1.949592359655130100, 5.213836477987418200, 11.50000000000000200 ) ) ;
#124 = ORIENTED_EDGE ( 'NONE', *, *, #4328, .F. ) ;
#125 = VECTOR ( 'NONE', #2233, 1000.000000000000000 ) ;
#126 = CARTESIAN_POINT ( 'NONE',  ( 2.326828918379968200E-015, 1.499999999999997800, 11.50000000000000000 ) ) ;
#128 = VERTEX_POINT ( 'NONE', #7428 ) ;
#127 = CARTESIAN_POINT ( 'NONE',  ( -2.680621561085764400, -16.42643752380762800, 11.49999999999999500 ) ) ;
#129 = CARTESIAN_POINT ( 'NONE',  ( -4.646634055438964200, 4.745911949685529800, 11.50000000000000000 ) ) ;
#130 = CARTESIAN_POINT ( 'NONE',  ( -1.063748002222353100, 0.3624622822387216800, 11.50000000000000000 ) ) ;
#131 = CARTESIAN_POINT ( 'NONE',  ( -0.5400419287210515000, 4.675471698113203600, 11.50000000000000000 ) ) ;
#132 = CARTESIAN_POINT ( 'NONE',  ( 8.285786437626933700, -24.69999999999999900, 11.50000000000000000 ) ) ;
#133 = CARTESIAN_POINT ( 'NONE',  ( -1.762112723319741100, 5.315928234026658000, 11.50000000000000200 ) ) ;
#134 = EDGE_CURVE ( 'NONE', #1054, #6511, #1002, .T. ) ;
#135 = VERTEX_POINT ( 'NONE', #8736 ) ;
#136 = ORIENTED_EDGE ( 'NONE', *, *, #6449, .F. ) ;
#137 = CARTESIAN_POINT ( 'NONE',  ( -0.1204338123615656400, -16.64755969445366500, 11.50000000000000200 ) ) ;
#138 = CARTESIAN_POINT ( 'NONE',  ( -2.276134057604258600, 4.660526328953068300, 11.50000000000000200 ) ) ;
#139 = VECTOR ( 'NONE', #5343, 1000.000000000000000 ) ;
#140 = LINE ( 'NONE', #2382, #5732 ) ;
#141 = VECTOR ( 'NONE', #3517, 1000.000000000000100 ) ;
#142 = CARTESIAN_POINT ( 'NONE',  ( 0.4539367525986966500, -16.45737852800543900, 11.50000000000000200 ) ) ;
#143 = CARTESIAN_POINT ( 'NONE',  ( 3.830213484728941100, 5.125789167572910400, 11.50000000000000200 ) ) ;
#144 = CARTESIAN_POINT ( 'NONE',  ( 2.058066646607848300, 5.346264294723829000, 11.49999999999999800 ) ) ;
#145 = ORIENTED_EDGE ( 'NONE', *, *, #3057, .F. ) ;
#146 = CARTESIAN_POINT ( 'NONE',  ( 4.866925965590610300, 5.204161935523978300, 11.50000000000000000 ) ) ;
#147 = B_SPLINE_CURVE_WITH_KNOTS ( 'NONE', 3,
 ( #6135, #6148, #8851, #8241, #3674, #5809, #4367, #7736, #1300, #7556, #1418 ),
 .UNSPECIFIED., .F., .F.,
 ( 4, 1, 1, 1, 1, 1, 1, 1, 4 ),
 ( 0.0000000000000000000, 0.1613676751312477200, 0.3130651773236364800, 0.4530174550122477700, 0.5833444192994070600, 0.7029910524310172300, 0.8120733889808364700, 0.9117482828623088000, 1.000000000000000000 ),
 .UNSPECIFIED. ) ;
#148 = AXIS2_PLACEMENT_3D ( 'NONE', #2975, #674, #2694 ) ;
#149 = CARTESIAN_POINT ( 'NONE',  ( 3.955594413770584500, -16.21390474945675900, 11.50000000000000000 ) ) ;
#150 = CARTESIAN_POINT ( 'NONE',  ( -2.353125569426171500, -9.901546378273764000, 11.49999999999999600 ) ) ;
#151 = VERTEX_POINT ( 'NONE', #4071 ) ;
#152 = ORIENTED_EDGE ( 'NONE', *, *, #5804, .F. ) ;
#153 = CARTESIAN_POINT ( 'NONE',  ( -0.4397856976472104300, 5.399999999999995900, 11.50000000000000000 ) ) ;
#154 = ORIENTED_EDGE ( 'NONE', *, *, #6772, .T. ) ;
#155 = CARTESIAN_POINT ( 'NONE',  ( -3.459042966765012200, -16.93086859263255000, 11.49999999999999500 ) ) ;
#156 = CARTESIAN_POINT ( 'NONE',  ( -0.6434012818569739800, 4.677458252720487800, 11.50000000000000000 ) ) ;
#157 = CARTESIAN_POINT ( 'NONE',  ( 0.5938637500289640800, -16.33962166626605500, 11.50000000000000400 ) ) ;
#158 = CARTESIAN_POINT ( 'NONE',  ( 3.917119490672508900, -16.38295580514938300, 11.50000000000000500 ) ) ;
#159 = CARTESIAN_POINT ( 'NONE',  ( -1.234310942293745500, -16.98851370146555300, 11.50000000000000200 ) ) ;
#160 = DIRECTION ( 'NONE',  ( -0.3225311624017430100, -0.9465588461790319700, 0.0000000000000000000 ) ) ;
#161 = VERTEX_POINT ( 'NONE', #7254 ) ;
#162 = VERTEX_POINT ( 'NONE', #3395 ) ;
#163 = CARTESIAN_POINT ( 'NONE',  ( 3.026793623773129200, -11.71316958947704700, 11.50000000000000200 ) ) ;
#164 = VERTEX_POINT ( 'NONE', #4386 ) ;
#165 = EDGE_CURVE ( 'NONE', #7289, #5449, #2019, .T. ) ;
#166 = DIRECTION ( 'NONE',  ( 1.000000000000000000, 0.0000000000000000000, 0.0000000000000000000 ) ) ;
#167 = DIRECTION ( 'NONE',  ( 0.0000000000000000000, -1.000000000000000000, 0.0000000000000000000 ) ) ;
#168 = CARTESIAN_POINT ( 'NONE',  ( -1.801169590643275600, -16.39743523578491800, 11.50000000000000000 ) ) ;
#169 = ORIENTED_EDGE ( 'NONE', *, *, #1892, .T. ) ;
#170 = CIRCLE ( 'NONE', #1296, 1.000000000000000000 ) ;
#171 = CARTESIAN_POINT ( 'NONE',  ( -0.2583653057125798700, -13.64853312114685300, 11.50000000000000700 ) ) ;
#172 = CARTESIAN_POINT ( 'NONE',  ( 3.209110333807952300, 4.718837437002498800, 11.50000000000000400 ) ) ;
#173 = CARTESIAN_POINT ( 'NONE',  ( -3.922516309793250900, -16.85133625571773000, 11.49999999999999500 ) ) ;
#174 = CARTESIAN_POINT ( 'NONE',  ( -2.811637243408938100, -17.11116767314732800, 11.50000000000000400 ) ) ;
#175 = ORIENTED_EDGE ( 'NONE', *, *, #3823, .F. ) ;
#176 = CARTESIAN_POINT ( 'NONE',  ( -1.132729013365473500, -11.73703631707193100, 11.50000000000000000 ) ) ;
#177 = CARTESIAN_POINT ( 'NONE',  ( -3.905507777677176900, -16.37702540036110900, 11.50000000000000000 ) ) ;
#178 = EDGE_CURVE ( 'NONE', #6228, #5617, #7501, .T. ) ;
#179 = CARTESIAN_POINT ( 'NONE',  ( -4.443592462150187200, 4.655379059129868900, 11.49999999999999800 ) ) ;
#180 = LINE ( 'NONE', #4581, #9221 ) ;
#181 = DIRECTION ( 'NONE',  ( 1.000000000000000000, 0.0000000000000000000, 0.0000000000000000000 ) ) ;
#182 = CARTESIAN_POINT ( 'NONE',  ( 2.526830510167104000, -9.592362408333325900, 11.49999999999999600 ) ) ;
#183 = CARTESIAN_POINT ( 'NONE',  ( -1.796886537894209400, 5.362166665278117300, 11.49999999999999800 ) ) ;
#184 = LINE ( 'NONE', #748, #7896 ) ;
#185 = LINE ( 'NONE', #7868, #6103 ) ;
#186 = CARTESIAN_POINT ( 'NONE',  ( -1.223881117069191200, -16.38800257473768000, 11.49999999999999800 ) ) ;
#187 = DIRECTION ( 'NONE',  ( -0.0000000000000000000, 0.0000000000000000000, 1.000000000000000000 ) ) ;
#188 = ORIENTED_EDGE ( 'NONE', *, *, #1449, .F. ) ;
#189 = CARTESIAN_POINT ( 'NONE',  ( 4.599301187980557000, 4.977358490566034600, 11.50000000000000000 ) ) ;
#190 = CARTESIAN_POINT ( 'NONE',  ( -1.209618451971056700, -16.85531004534226800, 11.50000000000000200 ) ) ;
#191 = ORIENTED_EDGE ( 'NONE', *, *, #4714, .T. ) ;
#192 = EDGE_CURVE ( 'NONE', #737, #6248, #5180, .T. ) ;
#193 = CARTESIAN_POINT ( 'NONE',  ( -3.459073070453577700, -16.36815296543482000, 11.50000000000000200 ) ) ;
#194 = CARTESIAN_POINT ( 'NONE',  ( -8.992893218813472700, 24.40710678118654500, 2.000000000000000000 ) ) ;
#195 = CARTESIAN_POINT ( 'NONE',  ( -2.726302674340363100, -17.01478089023309100, 11.49999999999999600 ) ) ;
#196 = PLANE ( 'NONE',  #7332 ) ;
#197 = CARTESIAN_POINT ( 'NONE',  ( -1.570586703908786000, -16.25092020959688100, 11.50000000000000500 ) ) ;
#198 = ORIENTED_EDGE ( 'NONE', *, *, #5692, .F. ) ;
#199 = PLANE ( 'NONE',  #8054 ) ;
#200 = CARTESIAN_POINT ( 'NONE',  ( -2.456841123056175300, 5.400837534758574400, 11.50000000000000000 ) ) ;
#201 = CARTESIAN_POINT ( 'NONE',  ( -9.999999999999998200, -22.60000000000000100, 0.0000000000000000000 ) ) ;
#202 = EDGE_CURVE ( 'NONE', #7533, #2166, #232, .T. ) ;
#203 = DIRECTION ( 'NONE',  ( -0.0000000000000000000, -0.0000000000000000000, 1.000000000000000000 ) ) ;
#204 = CARTESIAN_POINT ( 'NONE',  ( 0.1754385964912280900, -11.65380116959065000, 11.50000000000000200 ) ) ;
#205 = CARTESIAN_POINT ( 'NONE',  ( 2.004119315410047200, -10.28492645658224100, 11.50000000000000400 ) ) ;
#206 = CARTESIAN_POINT ( 'NONE',  ( 0.0000000000000000000, 4.599999999999996100, 11.50000000000000000 ) ) ;
#207 = CARTESIAN_POINT ( 'NONE',  ( 1.502166317260780400, 4.605031446540877500, 11.50000000000000000 ) ) ;
#209 = ORIENTED_EDGE ( 'NONE', *, *, #6570, .T. ) ;
#208 = CARTESIAN_POINT ( 'NONE',  ( -5.453678543859743900, 1.854147121274237500, 11.50000000000000000 ) ) ;
#210 = CARTESIAN_POINT ( 'NONE',  ( 2.459072909387496800, 5.309433962264147800, 11.50000000000000000 ) ) ;
#211 = CARTESIAN_POINT ( 'NONE',  ( -0.1061771381393491800, -17.02185383666284200, 11.50000000000000200 ) ) ;
#212 = CARTESIAN_POINT ( 'NONE',  ( 0.4441783625708039000, -14.09221934816799600, 11.50000000000000000 ) ) ;
#213 = EDGE_LOOP ( 'NONE', ( #2958, #4983, #5379, #7744, #8242, #2254, #1709, #4848, #9078, #9099, #8440, #7244, #7558, #8535, #1485, #1896, #1904, #2990, #4243, #2269, #7986, #5346, #8974, #1463, #2650, #8375, #3098, #8472, #5891, #7368, #2697, #1025 ) ) ;
#214 = EDGE_CURVE ( 'NONE', #7374, #7019, #3147, .T. ) ;
#215 = CARTESIAN_POINT ( 'NONE',  ( -2.564934664025407200, 4.707691598573073400, 11.50000000000000200 ) ) ;
#216 = LINE ( 'NONE', #8598, #7700 ) ;
#217 = ORIENTED_EDGE ( 'NONE', *, *, #8076, .T. ) ;
#218 = CARTESIAN_POINT ( 'NONE',  ( 0.1386300952014613300, -17.14426152352760000, 11.50000000000000000 ) ) ;
#219 = CARTESIAN_POINT ( 'NONE',  ( 0.8975560609860722100, -16.63607647405071400, 11.50000000000000400 ) ) ;
#220 = DIRECTION ( 'NONE',  ( -0.0000000000000000000, -0.0000000000000000000, -1.000000000000000000 ) ) ;
#221 = CARTESIAN_POINT ( 'NONE',  ( -1.266201816034564700, -16.69132074613010600, 11.49999999999999800 ) ) ;
#222 = EDGE_LOOP ( 'NONE', ( #7863, #1511, #6286, #5029 ) ) ;
#223 = CARTESIAN_POINT ( 'NONE',  ( -3.866448379970675900, 4.641622212495793300, 11.50000000000000000 ) ) ;
#224 = CARTESIAN_POINT ( 'NONE',  ( -6.899999999999999500, -9.723564011813067500, 11.00000000000000000 ) ) ;
#225 = CARTESIAN_POINT ( 'NONE',  ( -8.285786437626924800, 24.69999999999999900, 2.000000000000000000 ) ) ;
#226 = CARTESIAN_POINT ( 'NONE',  ( 4.311589401279066500, -17.11125594003156200, 11.50000000000000200 ) ) ;
#227 = AXIS2_PLACEMENT_3D ( 'NONE', #9203, #3726, #5045 ) ;
#228 = EDGE_LOOP ( 'NONE', ( #6989, #7042, #9135, #3020 ) ) ;
#229 = CARTESIAN_POINT ( 'NONE',  ( 0.1600745399488764700, 4.796226415094336600, 11.50000000000000400 ) ) ;
#230 = EDGE_CURVE ( 'NONE', #8206, #9194, #7824, .T. ) ;
#231 = CARTESIAN_POINT ( 'NONE',  ( -0.8895633710291873700, 5.096908143489552700, 11.49999999999999300 ) ) ;
#232 = LINE ( 'NONE', #895, #139 ) ;
#233 = CARTESIAN_POINT ( 'NONE',  ( -1.695906432748538900, -16.41497909543404500, 11.50000000000000000 ) ) ;
#234 = CARTESIAN_POINT ( 'NONE',  ( 0.1044016699958985900, -17.03846528637518500, 11.50000000000000200 ) ) ;
#235 = CARTESIAN_POINT ( 'NONE',  ( 8.700000000000029500, 24.70000000000000600, -9.500000000000000000 ) ) ;
#236 = EDGE_CURVE ( 'NONE', #921, #7234, #7559, .T. ) ;
#237 = CARTESIAN_POINT ( 'NONE',  ( -2.897181458187623200, 4.967295597484273600, 11.50000000000000200 ) ) ;
#238 = CARTESIAN_POINT ( 'NONE',  ( 1.323923873328345600, 4.656771145088833400, 11.49999999999999800 ) ) ;
#239 = ORIENTED_EDGE ( 'NONE', *, *, #6461, .F. ) ;
#240 = CARTESIAN_POINT ( 'NONE',  ( -1.335089986705899200, -16.82591055482029000, 11.49999999999999600 ) ) ;
#241 = VERTEX_POINT ( 'NONE', #7427 ) ;
#242 = CARTESIAN_POINT ( 'NONE',  ( 0.0000000000000000000, 0.0000000000000000000, 11.50000000000000000 ) ) ;
#243 = ORIENTED_EDGE ( 'NONE', *, *, #2376, .F. ) ;
#244 = CARTESIAN_POINT ( 'NONE',  ( 4.719986350591884900, 5.405500515679643000, 11.50000000000000000 ) ) ;
#245 = CARTESIAN_POINT ( 'NONE',  ( -4.022706118585357900, 5.289685100640854300, 11.49999999999999500 ) ) ;
#246 = CARTESIAN_POINT ( 'NONE',  ( 0.5370821302896968700, 5.347831855920529300, 11.50000000000000200 ) ) ;
#247 = CARTESIAN_POINT ( 'NONE',  ( 3.140138492541282300, 5.399540193015824700, 11.50000000000000000 ) ) ;
#248 = DIRECTION ( 'NONE',  ( -0.0000000000000000000, 0.0000000000000000000, 1.000000000000000000 ) ) ;
#249 = VERTEX_POINT ( 'NONE', #5350 ) ;
#250 = EDGE_CURVE ( 'NONE', #6946, #1842, #5545, .T. ) ;
#251 = VECTOR ( 'NONE', #2747, 1000.000000000000000 ) ;
#252 = CARTESIAN_POINT ( 'NONE',  ( 0.7388752327674775700, -11.28784020971665700, 11.49999999999999600 ) ) ;
#253 = CARTESIAN_POINT ( 'NONE',  ( 4.669200370330842500, -16.76997619214101200, 11.49999999999999600 ) ) ;
#254 = CARTESIAN_POINT ( 'NONE',  ( 1.980526438388197100, 5.420125786163518800, 11.50000000000000000 ) ) ;
#255 = MANIFOLD_SOLID_BREP ( '圆角4', #1272 ) ;
#256 = VECTOR ( 'NONE', #5461, 1000.000000000000000 ) ;
#257 = ORIENTED_EDGE ( 'NONE', *, *, #4917, .F. ) ;
#258 = CARTESIAN_POINT ( 'NONE',  ( 1.861002665776934700, 4.696310537939596400, 11.49999999999999800 ) ) ;
#259 = CARTESIAN_POINT ( 'NONE',  ( 3.894726018698756700, -16.32880462117880400, 11.49999999999999800 ) ) ;
#260 = CARTESIAN_POINT ( 'NONE',  ( -1.359518056895409300, -16.61379829343163900, 11.50000000000000000 ) ) ;
#261 = CARTESIAN_POINT ( 'NONE',  ( 2.559486469637033000, 6.575967331561576800, 11.50000000000000000 ) ) ;
#262 = ORIENTED_EDGE ( 'NONE', *, *, #3833, .T. ) ;
#263 = CARTESIAN_POINT ( 'NONE',  ( 0.1021847677182463700, 10.73024922215315500, 11.50000000000000000 ) ) ;
#264 = B_SPLINE_CURVE_WITH_KNOTS ( 'NONE', 3,
 ( #5254, #8297, #4358, #7277, #8884, #7844, #856, #5284, #4655, #7082, #3339, #3271, #3793, #8797, #8811, #7391, #667, #176, #2335, #5618, #5894, #8540, #5962, #6683, #287, #4797, #5132, #4746, #3735, #7514, #2812, #4229, #5211, #3536, #1318, #1807, #7264, #1142, #337, #8069, #3838, #4942, #7098, #419, #1045, #7059, #580, #5097, #7385, #5219, #6038, #3652, #7481, #1818, #4728, #449, #7364, #2678, #1013 ),
 .UNSPECIFIED., .F., .F.,
 ( 4, 1, 1, 1, 1, 1, 1, 1, 1, 1, 1, 1, 1, 1, 1, 1, 1, 1, 1, 1, 1, 1, 1, 1, 1, 1, 1, 1, 1, 1, 1, 1, 1, 1, 1, 1, 1, 1, 1, 1, 1, 1, 1, 1, 1, 1, 1, 1, 1, 1, 1, 1, 1, 1, 1, 1, 4 ),
 ( 0.0000000000000000000, 0.02522971697334597300, 0.05109583199718792400, 0.07774138288724441500, 0.1055717263483397800, 0.1196490186415688500, 0.1333371104883592800, 0.1469109173694268500, 0.1604338903769616500, 0.1739404832940898400, 0.1876279761389834100, 0.2015882967970369400, 0.2158685582037654900, 0.2304746642364545700, 0.2451032066971656800, 0.2601271490542497200, 0.2753144677816006200, 0.2910407211729034700, 0.3072612743659654000, 0.3239261172423455500, 0.3413458041717630800, 0.3586904923038517500, 0.3751344415855210100, 0.3907324391836627400, 0.4057585643015250200, 0.4201697063126795800, 0.4342032484981545000, 0.4478066207482872500, 0.4612676088320616400, 0.4875272706427572500, 0.5126289477556246200, 0.5368529730643690800, 0.5606122256875478700, 0.5841495863685031200, 0.6073797967857034200, 0.6305577123090355700, 0.6537359815721597300, 0.6767381280928483900, 0.6991414942577114400, 0.7213053319179958400, 0.7432322595761575700, 0.7544031586777626400, 0.7659117148611009900, 0.7779311416085883400, 0.7904281336760903300, 0.8035829191433524500, 0.8174649080232825300, 0.8320271635944214200, 0.8475318428320946000, 0.8635693942695478200, 0.8800506964030447900, 0.8971784722659940100, 0.9151832660459173800, 0.9343914833304469700, 0.9548201345681406300, 0.9766093998278072600, 1.000000000000000000 ),
 .UNSPECIFIED. ) ;
#265 = B_SPLINE_CURVE_WITH_KNOTS ( 'NONE', 3,
 ( #2347, #3274, #6174, #1462, #8904, #2803, #8917, #556, #9211, #7119, #8269 ),
 .UNSPECIFIED., .F., .F.,
 ( 4, 1, 1, 1, 1, 1, 1, 1, 4 ),
 ( 0.0000000000000000000, 0.04275980432234860500, 0.09569511314916956400, 0.1777875204961406600, 0.2837242866208743400, 0.4196402664539878900, 0.5816344203958308000, 0.7776559489293117800, 1.000000000000000000 ),
 .UNSPECIFIED. ) ;
#266 = CARTESIAN_POINT ( 'NONE',  ( 1.314910514041632000, -9.861945701147323700, 11.49999999999999500 ) ) ;
#267 = DIRECTION ( 'NONE',  ( 1.000000000000000000, 0.0000000000000000000, 0.0000000000000000000 ) ) ;
#268 = FACE_OUTER_BOUND ( 'NONE', #7673, .T. ) ;
#269 = CARTESIAN_POINT ( 'NONE',  ( -1.577886245773235000, -14.70141516946591400, 11.50000000000000200 ) ) ;
#270 = CARTESIAN_POINT ( 'NONE',  ( -2.946725805725285400, -17.16261173589905900, 11.50000000000000200 ) ) ;
#271 = VERTEX_POINT ( 'NONE', #8131 ) ;
#272 = CARTESIAN_POINT ( 'NONE',  ( -3.962543675751098800, 4.715723270440246800, 11.50000000000000000 ) ) ;
#273 = ORIENTED_EDGE ( 'NONE', *, *, #7369, .F. ) ;
#274 = CARTESIAN_POINT ( 'NONE',  ( 3.242239999215538800, -10.86716889722352700, 11.49999999999999800 ) ) ;
#275 = CARTESIAN_POINT ( 'NONE',  ( -1.593855342930384100, -17.14992671950438600, 11.49999999999999600 ) ) ;
#276 = CARTESIAN_POINT ( 'NONE',  ( 2.036666695818751800, -9.970201693384609600, 11.49999999999999600 ) ) ;
#277 = CARTESIAN_POINT ( 'NONE',  ( -2.858283988591831200, -16.30036509010141900, 11.50000000000000400 ) ) ;
#278 = CARTESIAN_POINT ( 'NONE',  ( 4.731795946890411400, 4.715723270440248500, 11.50000000000000000 ) ) ;
#279 = FACE_OUTER_BOUND ( 'NONE', #3584, .T. ) ;
#280 = ORIENTED_EDGE ( 'NONE', *, *, #1772, .T. ) ;
#281 = ORIENTED_EDGE ( 'NONE', *, *, #977, .F. ) ;
#282 = EDGE_CURVE ( 'NONE', #6980, #5227, #6997, .T. ) ;
#283 = CARTESIAN_POINT ( 'NONE',  ( 1.298546188553784600, -10.59422509493373200, 11.50000000000000000 ) ) ;
#284 = CARTESIAN_POINT ( 'NONE',  ( 1.708232142551907100, 4.591313295173723200, 11.49999999999999800 ) ) ;
#285 = CARTESIAN_POINT ( 'NONE',  ( 3.152505510673843300, 5.398636535767369800, 11.49999999999999600 ) ) ;
#286 = CARTESIAN_POINT ( 'NONE',  ( 2.468204053109835300, 5.425157232704399300, 11.50000000000000000 ) ) ;
#287 = CARTESIAN_POINT ( 'NONE',  ( -0.6497539434711200300, -11.72702272122545400, 11.50000000000000200 ) ) ;
#288 = CARTESIAN_POINT ( 'NONE',  ( 3.875704635453186300, 4.801257861635217100, 11.50000000000000000 ) ) ;
#289 = B_SPLINE_CURVE_WITH_KNOTS ( 'NONE', 3,
 ( #4992, #3377, #6499, #8258, #1660, #5633, #6823, #6117, #3928, #9094, #4967 ),
 .UNSPECIFIED., .F., .F.,
 ( 4, 1, 1, 1, 1, 1, 1, 1, 4 ),
 ( 0.0000000000000000000, 0.1415527062545898200, 0.2716978422653296700, 0.3932280530537176600, 0.5095580825776790900, 0.6245668097751402300, 0.7424405518985521800, 0.8665752136169069300, 1.000000000000000000 ),
 .UNSPECIFIED. ) ;
#290 = EDGE_LOOP ( 'NONE', ( #4733, #2215 ) ) ;
#291 = CARTESIAN_POINT ( 'NONE',  ( 0.4989032817632143000, 5.338699073486410800, 11.49999999999999500 ) ) ;
#292 = CARTESIAN_POINT ( 'NONE',  ( 0.7724023236135608700, -16.25996914463297900, 11.50000000000000200 ) ) ;
#293 = CARTESIAN_POINT ( 'NONE',  ( 0.8343611526167357100, -17.03351956764350600, 11.50000000000000400 ) ) ;
#294 = CARTESIAN_POINT ( 'NONE',  ( 0.1446075005824660800, 4.735849056603770500, 11.50000000000000500 ) ) ;
#295 = EDGE_CURVE ( 'NONE', #6345, #7621, #4483, .T. ) ;
#296 = CARTESIAN_POINT ( 'NONE',  ( -2.346275237163876400, -10.93150112593105800, 11.50000000000000400 ) ) ;
#297 = CARTESIAN_POINT ( 'NONE',  ( -0.4569298858605809200, 5.349685534591192700, 11.50000000000000000 ) ) ;
#298 = B_SPLINE_CURVE_WITH_KNOTS ( 'NONE', 3,
 ( #3352, #7893, #8820, #1174, #2562, #2813, #4645, #2953, #5872, #8550, #5296, #2387, #1739, #2625, #553, #5912, #4516, #9243, #4669 ),
 .UNSPECIFIED., .F., .F.,
 ( 4, 1, 1, 1, 1, 1, 1, 1, 1, 1, 1, 1, 1, 1, 1, 1, 4 ),
 ( 0.0000000000000000000, 0.07667855038406568000, 0.1488713730207668100, 0.2171712522147190000, 0.2806553000575851000, 0.3409720990956849300, 0.3986930312714946900, 0.4545055386244738500, 0.5088315981718666300, 0.5628741635756638900, 0.6171965025423226100, 0.6733339868063015200, 0.7316124874167259100, 0.7926620408685323100, 0.8577650778700857100, 0.9267510205335847100, 1.000000000000000000 ),
 .UNSPECIFIED. ) ;
#299 = VECTOR ( 'NONE', #7610, 1000.000000000000100 ) ;
#300 = CARTESIAN_POINT ( 'NONE',  ( 5.899999999999999500, -9.723564011813074600, 11.50000000000000000 ) ) ;
#301 = FACE_BOUND ( 'NONE', #5370, .T. ) ;
#302 = VERTEX_POINT ( 'NONE', #9248 ) ;
#303 = CARTESIAN_POINT ( 'NONE',  ( -1.487328164964134800, -17.16071828205232200, 11.50000000000000000 ) ) ;
#304 = DIRECTION ( 'NONE',  ( -0.0000000000000000000, 0.0000000000000000000, 1.000000000000000000 ) ) ;
#305 = CARTESIAN_POINT ( 'NONE',  ( -3.259849083208807000, -10.48221704789835100, 11.50000000000000000 ) ) ;
#306 = CARTESIAN_POINT ( 'NONE',  ( -2.456836710924638700, 5.349685534591191800, 11.50000000000000000 ) ) ;
#307 = CARTESIAN_POINT ( 'NONE',  ( -1.727454163936090300, -17.07304363510994300, 11.50000000000000200 ) ) ;
#308 = EDGE_CURVE ( 'NONE', #6839, #8800, #4658, .T. ) ;
#309 = CARTESIAN_POINT ( 'NONE',  ( 3.878569377718708500, -16.17149620352995500, 11.49999999999999600 ) ) ;
#310 = LINE ( 'NONE', #5056, #1638 ) ;
#311 = CARTESIAN_POINT ( 'NONE',  ( -1.231926082397191600, 4.599506568366297900, 11.49999999999999800 ) ) ;
#312 = ORIENTED_EDGE ( 'NONE', *, *, #2609, .F. ) ;
#313 = CARTESIAN_POINT ( 'NONE',  ( -3.694494170782713900, -17.04173758245232100, 11.49999999999999600 ) ) ;
#314 = CARTESIAN_POINT ( 'NONE',  ( -3.748538011695907300, -16.14012529426445400, 11.50000000000000200 ) ) ;
#315 = CARTESIAN_POINT ( 'NONE',  ( 0.4886951653538958400, 5.330248134057417700, 11.50000000000000000 ) ) ;
#316 = B_SPLINE_CURVE_WITH_KNOTS ( 'NONE', 3,
 ( #1750, #6182, #464, #1175, #7572, #6621, #6849, #6137, #2576, #197, #8745, #5893, #6326, #4897, #4164, #7634, #8360, #9065, #2653, #4795, #3124, #846, #6545, #5502, #6119, #1128, #1829, #3250, #2266, #5855, #3436, #2733, #2007, #7433, #3140, #4592, #5668, #680, #1392, #2765, #3475, #2042, #1563 ),
 .UNSPECIFIED., .F., .F.,
 ( 4, 1, 1, 1, 1, 1, 1, 1, 1, 1, 1, 1, 1, 1, 1, 1, 1, 1, 1, 1, 1, 1, 1, 1, 1, 1, 1, 1, 1, 1, 1, 1, 1, 1, 1, 1, 1, 1, 1, 1, 4 ),
 ( 0.0000000000000000000, 0.03972661114189823800, 0.07623294337303698800, 0.1099572322153040700, 0.1412220754258888300, 0.1698695621311225900, 0.1967039974917695900, 0.2221892156250137000, 0.2467897877779741100, 0.2707675909607193400, 0.2936147376556821300, 0.3158495336742460600, 0.3376925342314143200, 0.3591791576153029500, 0.3808002930200645700, 0.4029569997337761900, 0.4257530542595240300, 0.4481868012385071800, 0.4697904390935409000, 0.4909221316913854300, 0.5117609922224211100, 0.5329834590311901500, 0.5546686313261636200, 0.5771374694371498300, 0.6011467947235835700, 0.6250020563322699100, 0.6478974285209476700, 0.6698584146571460200, 0.6913083401092357000, 0.7123398783991610200, 0.7332662658496162900, 0.7546057188481832800, 0.7764472766231860200, 0.7990768330869179000, 0.8226115718091985300, 0.8477632124408169800, 0.8743368438724552500, 0.9025229953842957000, 0.9329697612614238400, 0.9653720573306156000, 1.000000000000000000 ),
 .UNSPECIFIED. ) ;
#317 = DATE_AND_TIME ( #2210, #4099 ) ;
#318 = EDGE_LOOP ( 'NONE', ( #3211, #2321, #4918, #8346, #6608, #1816, #4213, #9166, #7048, #320, #8715, #1810, #9225, #7009, #2724, #7604, #3846 ) ) ;
#319 = LINE ( 'NONE', #9117, #2213 ) ;
#320 = ORIENTED_EDGE ( 'NONE', *, *, #1416, .T. ) ;
#321 = AXIS2_PLACEMENT_3D ( 'NONE', #224, #5629, #8954 ) ;
#322 = DIRECTION ( 'NONE',  ( 0.7071067811865440200, -0.7071067811865511300, 0.0000000000000000000 ) ) ;
#323 = CARTESIAN_POINT ( 'NONE',  ( 1.835137855701584500, 4.600709976075739500, 11.50000000000000400 ) ) ;
#324 = CARTESIAN_POINT ( 'NONE',  ( 1.088568504131642000, -10.86719372394857100, 11.50000000000000200 ) ) ;
#325 = CARTESIAN_POINT ( 'NONE',  ( -3.711888760115442700, -17.04781871803455200, 11.50000000000000200 ) ) ;
#326 = ADVANCED_FACE ( 'NONE', ( #683, #452, #2569, #6369, #8278 ), #8103, .F. ) ;
#327 = B_SPLINE_CURVE_WITH_KNOTS ( 'NONE', 3,
 ( #5068, #2683, #4709, #4619, #5364, #7005, #3159, #6830, #3265, #5171, #4452, #6615, #1977, #4991, #7945, #1323, #7031, #6292, #5812 ),
 .UNSPECIFIED., .F., .F.,
 ( 4, 1, 1, 1, 1, 1, 1, 1, 1, 1, 1, 1, 1, 1, 1, 1, 4 ),
 ( 0.0000000000000000000, 0.08023128605942286800, 0.1557611793358617500, 0.2274121182774774300, 0.2956700928372321100, 0.3607115393751503300, 0.4235743771563703600, 0.4848336477646061300, 0.5451996695391089200, 0.6045347598233384900, 0.6614776886253129800, 0.7175044439173186000, 0.7727020553185322000, 0.8276149663467482500, 0.8836254367275714300, 0.9408777415730759100, 1.000000000000000000 ),
 .UNSPECIFIED. ) ;
#328 = ORIENTED_EDGE ( 'NONE', *, *, #4035, .F. ) ;
#329 = CARTESIAN_POINT ( 'NONE',  ( -2.731900413630909500, -9.475954239495409900, 11.50000000000000000 ) ) ;
#330 = CARTESIAN_POINT ( 'NONE',  ( 0.0000000000000000000, 0.0000000000000000000, 11.50000000000000000 ) ) ;
#331 = CARTESIAN_POINT ( 'NONE',  ( 0.6000000000000023100, 1.499999999999997800, 11.60000000000000000 ) ) ;
#332 = ORIENTED_EDGE ( 'NONE', *, *, #3880, .T. ) ;
#333 = CARTESIAN_POINT ( 'NONE',  ( -2.126611881013051000, 5.369170012610373600, 11.50000000000000000 ) ) ;
#334 = ORIENTED_EDGE ( 'NONE', *, *, #4110, .F. ) ;
#335 = CARTESIAN_POINT ( 'NONE',  ( 1.780833256914704700, 4.959976266720402400, 11.50000000000000000 ) ) ;
#336 = CARTESIAN_POINT ( 'NONE',  ( 0.8937372081839459700, -16.17504117120698800, 11.50000000000000000 ) ) ;
#337 = CARTESIAN_POINT ( 'NONE',  ( -0.1016363527666977700, -10.76098595246749500, 11.50000000000000000 ) ) ;
#338 = CARTESIAN_POINT ( 'NONE',  ( 4.195558144563577200, 5.345850326195472800, 11.49999999999999800 ) ) ;
#339 = CARTESIAN_POINT ( 'NONE',  ( -2.819719011502251200, -16.90014789589923100, 11.50000000000000000 ) ) ;
#340 = EDGE_LOOP ( 'NONE', ( #2312, #8653, #3388, #1010, #8036, #1575, #280 ) ) ;
#341 = ORIENTED_EDGE ( 'NONE', *, *, #8635, .T. ) ;
#342 = EDGE_LOOP ( 'NONE', ( #4383, #3492, #9005, #1620, #2140, #3286, #7078, #5144, #3028, #4535 ) ) ;
#343 = PLANE ( 'NONE',  #630 ) ;
#344 = CARTESIAN_POINT ( 'NONE',  ( -2.268550078464535600, 10.91506021799692600, 11.49999999999999800 ) ) ;
#345 = EDGE_LOOP ( 'NONE', ( #6928, #2946, #562, #4460 ) ) ;
#346 = ORIENTED_EDGE ( 'NONE', *, *, #4527, .T. ) ;
#347 = CARTESIAN_POINT ( 'NONE',  ( -1.073150286612880400, 0.2939479621043825100, 11.50000000000000000 ) ) ;
#348 = CARTESIAN_POINT ( 'NONE',  ( -4.518238993710567400, 5.405031446540874600, 11.50000000000000000 ) ) ;
#349 = EDGE_CURVE ( 'NONE', #2343, #6411, #6594, .T. ) ;
#350 = ORIENTED_EDGE ( 'NONE', *, *, #4612, .T. ) ;
#351 = DIRECTION ( 'NONE',  ( 1.000000000000000000, 0.0000000000000000000, -0.0000000000000000000 ) ) ;
#352 = LINE ( 'NONE', #6049, #5480 ) ;
#353 = ORIENTED_EDGE ( 'NONE', *, *, #6, .F. ) ;
#354 = CARTESIAN_POINT ( 'NONE',  ( 4.862730488846835000, 5.190634254906538700, 11.50000000000000200 ) ) ;
#355 = CARTESIAN_POINT ( 'NONE',  ( -3.662008311315635200, -17.02182036429078900, 11.50000000000000200 ) ) ;
#356 = B_SPLINE_CURVE_WITH_KNOTS ( 'NONE', 3,
 ( #767, #2113, #4428, #6692, #1329, #2472, #4221, #4255, #5914, #8475, #294 ),
 .UNSPECIFIED., .F., .F.,
 ( 4, 1, 1, 1, 1, 1, 1, 1, 4 ),
 ( 0.0000000000000000000, 0.1423682501091041400, 0.2712903792550480600, 0.3912271234254735000, 0.5053852629487228800, 0.6188543076263086600, 0.7362216213562840000, 0.8625890287667296000, 1.000000000000000000 ),
 .UNSPECIFIED. ) ;
#357 = CARTESIAN_POINT ( 'NONE',  ( -0.5382348134982699600, 4.672118514784626700, 11.50000000000000000 ) ) ;
#358 = CARTESIAN_POINT ( 'NONE',  ( -8.285786437626926600, 24.69999999999999900, 0.0000000000000000000 ) ) ;
#359 = CARTESIAN_POINT ( 'NONE',  ( -0.4443956139430654800, -11.14858212847013300, 11.50000000000000400 ) ) ;
#360 = LINE ( 'NONE', #1929, #8173 ) ;
#361 = CARTESIAN_POINT ( 'NONE',  ( -1.767802281912994400, 11.73630768875794700, 11.49999999999999600 ) ) ;
#362 = VECTOR ( 'NONE', #1269, 1000.000000000000000 ) ;
#363 = CARTESIAN_POINT ( 'NONE',  ( 0.3319119877637382600, 9.663976170841666000, 11.50000000000000500 ) ) ;
#364 = VERTEX_POINT ( 'NONE', #4106 ) ;
#365 = EDGE_CURVE ( 'NONE', #7230, #5938, #4924, .T. ) ;
#366 = ORIENTED_EDGE ( 'NONE', *, *, #7593, .T. ) ;
#367 = CARTESIAN_POINT ( 'NONE',  ( -1.318581534416697600, -16.58362941913553700, 11.50000000000000400 ) ) ;
#368 = CARTESIAN_POINT ( 'NONE',  ( -2.253715350570573600, 4.599999999999996100, 11.50000000000000400 ) ) ;
#369 = CARTESIAN_POINT ( 'NONE',  ( -3.252630440226711000, -10.26671836690761100, 11.49999999999999800 ) ) ;
#370 = CARTESIAN_POINT ( 'NONE',  ( -2.486646364484966600, 7.131782479707399400, 11.49999999999999800 ) ) ;
#371 = ORIENTED_EDGE ( 'NONE', *, *, #3943, .T. ) ;
#372 = ORIENTED_EDGE ( 'NONE', *, *, #6391, .F. ) ;
#373 = CARTESIAN_POINT ( 'NONE',  ( -0.4306149512889374000, -14.41088659622709200, 11.50000000000000200 ) ) ;
#374 = VERTEX_POINT ( 'NONE', #288 ) ;
#375 = DIRECTION ( 'NONE',  ( 1.000000000000000000, 0.0000000000000000000, 0.0000000000000000000 ) ) ;
#376 = CARTESIAN_POINT ( 'NONE',  ( -1.758397391101670800, 5.213836477987418200, 11.50000000000000000 ) ) ;
#377 = CARTESIAN_POINT ( 'NONE',  ( -2.882740216116320500, 5.258865105405536900, 11.50000000000000400 ) ) ;
#378 = EDGE_CURVE ( 'NONE', #3581, #5407, #8509, .T. ) ;
#379 = CARTESIAN_POINT ( 'NONE',  ( 4.220451898439444300, 5.254088050314462200, 11.50000000000000000 ) ) ;
#380 = VERTEX_POINT ( 'NONE', #4464 ) ;
#381 = EDGE_LOOP ( 'NONE', ( #5246, #1933, #7990, #5652 ) ) ;
#382 = VERTEX_POINT ( 'NONE', #4834 ) ;
#383 = CARTESIAN_POINT ( 'NONE',  ( 0.6607966457024296900, 4.670440251572324000, 11.50000000000000200 ) ) ;
#384 = CARTESIAN_POINT ( 'NONE',  ( 0.9110411980850529100, -16.83998458467013000, 11.50000000000000200 ) ) ;
#385 = CARTESIAN_POINT ( 'NONE',  ( 2.326828918379968200E-015, 1.499999999999997800, 10.49999999999999800 ) ) ;
#386 = LINE ( 'NONE', #8970, #5595 ) ;
#387 = DIRECTION ( 'NONE',  ( -0.0000000000000000000, -0.0000000000000000000, 1.000000000000000000 ) ) ;
#388 = VERTEX_POINT ( 'NONE', #2887 ) ;
#389 = CARTESIAN_POINT ( 'NONE',  ( 2.326828918379968200E-015, 1.499999999999997800, 11.50000000000000000 ) ) ;
#390 = EDGE_CURVE ( 'NONE', #1880, #6327, #8938, .T. ) ;
#391 = CARTESIAN_POINT ( 'NONE',  ( -3.427137048782932000, -16.62679953477918100, 11.50000000000000400 ) ) ;
#392 = ORIENTED_EDGE ( 'NONE', *, *, #6556, .T. ) ;
#393 = CARTESIAN_POINT ( 'NONE',  ( -4.174946431394734400, 5.018030715649804700, 11.50000000000000500 ) ) ;
#394 = DIRECTION ( 'NONE',  ( 1.000000000000000000, 0.0000000000000000000, 0.0000000000000000000 ) ) ;
#395 = VERTEX_POINT ( 'NONE', #8769 ) ;
#396 = DIRECTION ( 'NONE',  ( -0.3217917897657323600, -0.9468104583491706600, 0.0000000000000000000 ) ) ;
#397 = CARTESIAN_POINT ( 'NONE',  ( -1.195538908206917200, 10.83702611517060700, 11.50000000000000200 ) ) ;
#398 = CARTESIAN_POINT ( 'NONE',  ( 4.552958545785674700, -16.60460976458887600, 11.50000000000000000 ) ) ;
#399 = CARTESIAN_POINT ( 'NONE',  ( -1.500070472588947800, -17.04993371609217300, 11.49999999999999600 ) ) ;
#400 = CARTESIAN_POINT ( 'NONE',  ( 4.865830389141039300, 5.297947497239290400, 11.49999999999999600 ) ) ;
#401 = ORIENTED_EDGE ( 'NONE', *, *, #3582, .F. ) ;
#402 = CARTESIAN_POINT ( 'NONE',  ( 0.3801537386444273600, 4.599999999999996100, 11.50000000000000000 ) ) ;
#403 = CARTESIAN_POINT ( 'NONE',  ( 0.5614035087719289100, -16.87111944631123400, 11.49999999999999800 ) ) ;
#404 = DIRECTION ( 'NONE',  ( 0.2537126883649390400, -0.9672796243913315300, 0.0000000000000000000 ) ) ;
#405 = CARTESIAN_POINT ( 'NONE',  ( 0.4528301886793688100, 4.650314465408802000, 11.50000000000000000 ) ) ;
#406 = LINE ( 'NONE', #7679, #1839 ) ;
#407 = AXIS2_PLACEMENT_3D ( 'NONE', #8138, #1000, #7692 ) ;
#408 = EDGE_CURVE ( 'NONE', #4823, #6578, #4119, .T. ) ;
#409 = LINE ( 'NONE', #6534, #299 ) ;
#410 = CARTESIAN_POINT ( 'NONE',  ( 0.4316963520775540200, -16.93566373506809300, 11.50000000000000000 ) ) ;
#411 = CARTESIAN_POINT ( 'NONE',  ( -3.586952425051054000, -16.40951207288549100, 11.49999999999999800 ) ) ;
#412 = ADVANCED_FACE ( 'NONE', ( #1130 ), #1336, .T. ) ;
#413 = ORIENTED_EDGE ( 'NONE', *, *, #7633, .T. ) ;
#414 = ORIENTED_EDGE ( 'NONE', *, *, #7413, .T. ) ;
#415 = CARTESIAN_POINT ( 'NONE',  ( -0.02261587851171225500, -13.39219930664496500, 11.50000000000000500 ) ) ;
#416 = CARTESIAN_POINT ( 'NONE',  ( -0.6879284008912356400, 5.147458851963948600, 11.50000000000000200 ) ) ;
#417 = CYLINDRICAL_SURFACE ( 'NONE', #7034, 1.000000000000000000 ) ;
#418 = CARTESIAN_POINT ( 'NONE',  ( -1.279128044436883800, -16.54423301268306200, 11.50000000000000000 ) ) ;
#419 = CARTESIAN_POINT ( 'NONE',  ( -0.2329341175643479500, -10.40918565983573400, 11.50000000000000000 ) ) ;
#420 = EDGE_CURVE ( 'NONE', #7649, #7023, #3210, .T. ) ;
#421 = CARTESIAN_POINT ( 'NONE',  ( -1.334954079701948600, -16.17639933178939800, 11.50000000000000200 ) ) ;
#422 = B_SPLINE_CURVE_WITH_KNOTS ( 'NONE', 3,
 ( #6073, #4359, #6858, #142, #973, #6842, #8901, #6173, #3795, #2255, #8934, #7761, #2878, #3597, #8565, #4202, #3100, #2644, #8825 ),
 .UNSPECIFIED., .F., .F.,
 ( 4, 1, 1, 1, 1, 1, 1, 1, 1, 1, 1, 1, 1, 1, 1, 1, 4 ),
 ( 0.0000000000000000000, 0.05376000802084735000, 0.1058738541280207500, 0.1572094840809776800, 0.2078347772634254700, 0.2587839210871049100, 0.3102879018306730100, 0.3629333529494417300, 0.4170037747462410600, 0.4739995662450350300, 0.5350765861495412300, 0.6002072651343688400, 0.6701323421690189600, 0.7448994542540144900, 0.8249018012359399200, 0.9098257245821630400, 1.000000000000000000 ),
 .UNSPECIFIED. ) ;
#423 = CARTESIAN_POINT ( 'NONE',  ( 0.4709987523147097800, -16.30378018261505000, 11.50000000000000200 ) ) ;
#424 = CARTESIAN_POINT ( 'NONE',  ( 1.429824561403507900, -14.75614035087719200, 11.50000000000000000 ) ) ;
#425 = CARTESIAN_POINT ( 'NONE',  ( -2.846374097105932600, -16.97367739116161500, 11.50000000000000000 ) ) ;
#426 = CARTESIAN_POINT ( 'NONE',  ( -12.89999999999999900, -24.69999999999999900, 0.0000000000000000000 ) ) ;
#427 = CARTESIAN_POINT ( 'NONE',  ( -2.617204999561621600, 4.667725241938393700, 11.49999999999999800 ) ) ;
#428 = CARTESIAN_POINT ( 'NONE',  ( -2.869344409929721600, 5.096908143489552700, 11.50000000000000000 ) ) ;
#429 = CARTESIAN_POINT ( 'NONE',  ( -1.578947368421053800, 0.0000000000000000000, 11.50000000000000000 ) ) ;
#430 = CARTESIAN_POINT ( 'NONE',  ( -4.789750757046230800, 4.650314465408800200, 11.50000000000000000 ) ) ;
#431 = VERTEX_POINT ( 'NONE', #5181 ) ;
#432 = DIRECTION ( 'NONE',  ( -0.8645071866841928000, 0.5026204573745303200, 0.0000000000000000000 ) ) ;
#433 = CARTESIAN_POINT ( 'NONE',  ( 0.6915443745633654800, 4.745911949685530700, 11.50000000000000000 ) ) ;
#434 = EDGE_CURVE ( 'NONE', #8742, #8206, #3017, .T. ) ;
#435 = CARTESIAN_POINT ( 'NONE',  ( -1.271929824561403500, -11.33974442278536500, 11.50000000000000400 ) ) ;
#436 = DIRECTION ( 'NONE',  ( 0.0000000000000000000, 0.0000000000000000000, -1.000000000000000000 ) ) ;
#437 = LINE ( 'NONE', #4465, #6792 ) ;
#438 = FACE_BOUND ( 'NONE', #6502, .T. ) ;
#439 = ORIENTED_EDGE ( 'NONE', *, *, #6449, .T. ) ;
#440 = DIRECTION ( 'NONE',  ( 1.000000000000000000, 0.0000000000000000000, 0.0000000000000000000 ) ) ;
#441 = CARTESIAN_POINT ( 'NONE',  ( 3.137133768092888800, 5.311521209477642300, 11.50000000000000000 ) ) ;
#442 = CARTESIAN_POINT ( 'NONE',  ( -2.868100229635264700, 5.202478680139900100, 11.50000000000000700 ) ) ;
#443 = LINE ( 'NONE', #1793, #8620 ) ;
#444 = ADVANCED_FACE ( 'NONE', ( #7029 ), #1909, .T. ) ;
#445 = CARTESIAN_POINT ( 'NONE',  ( -1.537625208129854000, 10.66730749733659100, 11.49999999999999800 ) ) ;
#446 = LINE ( 'NONE', #5110, #3876 ) ;
#447 = ORIENTED_EDGE ( 'NONE', *, *, #7061, .T. ) ;
#448 = CARTESIAN_POINT ( 'NONE',  ( -1.303970745589869000, -10.54156013336599600, 11.49999999999999800 ) ) ;
#449 = CARTESIAN_POINT ( 'NONE',  ( -0.9404180696575900100, -10.12485353544649100, 11.50000000000000200 ) ) ;
#450 = CARTESIAN_POINT ( 'NONE',  ( -3.038088073166373500, -17.04092146937150400, 11.50000000000000000 ) ) ;
#451 = ORIENTED_EDGE ( 'NONE', *, *, #8064, .F. ) ;
#452 = FACE_BOUND ( 'NONE', #3135, .T. ) ;
#453 = CARTESIAN_POINT ( 'NONE',  ( -26.60326843852261900, 20.49999999999999600, 2.000000000000000000 ) ) ;
#454 = PLANE ( 'NONE',  #952 ) ;
#455 = CARTESIAN_POINT ( 'NONE',  ( -3.606289300242937900, -16.95028684754733900, 11.50000000000000400 ) ) ;
#456 = VERTEX_POINT ( 'NONE', #492 ) ;
#457 = AXIS2_PLACEMENT_3D ( 'NONE', #6571, #1221, #375 ) ;
#458 = ORIENTED_EDGE ( 'NONE', *, *, #6921, .T. ) ;
#459 = CARTESIAN_POINT ( 'NONE',  ( 4.398065932049660500, 5.415744421322129300, 11.50000000000000000 ) ) ;
#460 = CARTESIAN_POINT ( 'NONE',  ( -1.235398115038250700, 4.642335446138035100, 11.50000000000000000 ) ) ;
#461 = EDGE_CURVE ( 'NONE', #2913, #2665, #3707, .T. ) ;
#462 = CARTESIAN_POINT ( 'NONE',  ( 0.0000000000000000000, 0.0000000000000000000, 11.50000000000000000 ) ) ;
#463 = CARTESIAN_POINT ( 'NONE',  ( 1.272024225483468800, 4.766037735849053500, 11.50000000000000000 ) ) ;
#464 = CARTESIAN_POINT ( 'NONE',  ( -1.684564948994943900, -16.38360877072190300, 11.50000000000000400 ) ) ;
#465 = CARTESIAN_POINT ( 'NONE',  ( 4.772047696692649900, 4.595026932399384200, 11.50000000000000200 ) ) ;
#467 = ORIENTED_EDGE ( 'NONE', *, *, #7644, .F. ) ;
#466 = CARTESIAN_POINT ( 'NONE',  ( -3.869921610132047300, 1.318639956045005500, 11.50000000000000000 ) ) ;
#468 = VECTOR ( 'NONE', #7676, 1000.000000000000000 ) ;
#469 = CARTESIAN_POINT ( 'NONE',  ( 2.427397891603329000, -9.294424942675704000, 11.49999999999999500 ) ) ;
#470 = VERTEX_POINT ( 'NONE', #2069 ) ;
#471 = AXIS2_PLACEMENT_3D ( 'NONE', #6429, #7988, #7324 ) ;
#472 = CARTESIAN_POINT ( 'NONE',  ( 0.7614515029237760600, 11.08728737563351700, 11.50000000000000000 ) ) ;
#473 = EDGE_CURVE ( 'NONE', #109, #2362, #5147, .T. ) ;
#474 = CARTESIAN_POINT ( 'NONE',  ( 0.7291512419603601900, -16.69075849046270200, 11.50000000000000400 ) ) ;
#475 = PLANE ( 'NONE',  #7194 ) ;
#476 = EDGE_LOOP ( 'NONE', ( #8621, #2479, #6342, #1294, #3938, #3324, #7063, #614 ) ) ;
#477 = CARTESIAN_POINT ( 'NONE',  ( 2.168805939587218100, -11.34477735665750100, 11.50000000000000000 ) ) ;
#478 = LINE ( 'NONE', #9234, #7850 ) ;
#479 = CARTESIAN_POINT ( 'NONE',  ( -0.1990325778409332300, -13.27875060609758500, 11.50000000000000200 ) ) ;
#480 = CARTESIAN_POINT ( 'NONE',  ( 4.307663638481373300, 4.992452830188676100, 11.50000000000000000 ) ) ;
#481 = CARTESIAN_POINT ( 'NONE',  ( 2.488921595769726800, 11.32157991038919700, 11.50000000000000000 ) ) ;
#482 = VERTEX_POINT ( 'NONE', #8402 ) ;
#483 = B_SPLINE_CURVE_WITH_KNOTS ( 'NONE', 3,
 ( #3541, #9074, #3889, #296, #8841, #9036, #5716, #2053, #7564, #4972, #3026, #1533, #2345, #3966, #1798, #2168, #8869, #3684, #2503 ),
 .UNSPECIFIED., .F., .F.,
 ( 4, 1, 1, 1, 1, 1, 1, 1, 1, 1, 1, 1, 1, 1, 1, 1, 4 ),
 ( 0.0000000000000000000, 0.1096363244534607200, 0.2104009609143981900, 0.3025608777246570100, 0.3853409666945140100, 0.4607170978626461400, 0.5283020340637303300, 0.5892006520639182500, 0.6442425687520394500, 0.6954069078504773200, 0.7437908538663162700, 0.7894453734088863200, 0.8330505236278685800, 0.8757905089970928800, 0.9172489501063589800, 0.9586919877444969300, 0.9999999999999998900 ),
 .UNSPECIFIED. ) ;
#484 = CARTESIAN_POINT ( 'NONE',  ( -2.372060420695003600, 4.734207347314097100, 11.50000000000000000 ) ) ;
#485 = CARTESIAN_POINT ( 'NONE',  ( 0.3137718076398094400, -14.60091085678984300, 11.50000000000000200 ) ) ;
#486 = ORIENTED_EDGE ( 'NONE', *, *, #6618, .T. ) ;
#487 = EDGE_CURVE ( 'NONE', #3519, #1054, #3454, .T. ) ;
#488 = CARTESIAN_POINT ( 'NONE',  ( 1.083997204752045600, 4.745911949685531500, 11.50000000000000400 ) ) ;
#489 = CARTESIAN_POINT ( 'NONE',  ( -3.881195641746776100, -16.97323059222408800, 11.49999999999999800 ) ) ;
#490 = ORIENTED_EDGE ( 'NONE', *, *, #1583, .T. ) ;
#491 = DIRECTION ( 'NONE',  ( -1.000000000000000000, 0.0000000000000000000, -0.0000000000000000000 ) ) ;
#492 = CARTESIAN_POINT ( 'NONE',  ( 5.899999999999999500, -9.723564011813074600, 11.00000000000000000 ) ) ;
#493 = DIRECTION ( 'NONE',  ( 1.000000000000000000, 0.0000000000000000000, 0.0000000000000000000 ) ) ;
#494 = CARTESIAN_POINT ( 'NONE',  ( 5.900000000000000400, 20.49999999999999600, 11.50000000000000000 ) ) ;
#495 = CARTESIAN_POINT ( 'NONE',  ( -1.495578640677480000, 4.808858429169257300, 11.50000000000000200 ) ) ;
#496 = CARTESIAN_POINT ( 'NONE',  ( 4.650374301649693900, -16.94764299265657600, 11.49999999999999800 ) ) ;
#497 = FACE_OUTER_BOUND ( 'NONE', #222, .T. ) ;
#498 = ORIENTED_EDGE ( 'NONE', *, *, #8483, .T. ) ;
#499 = CARTESIAN_POINT ( 'NONE',  ( 2.901095373374499100, -9.467759438975612300, 11.49999999999999800 ) ) ;
#500 = CARTESIAN_POINT ( 'NONE',  ( 8.999999999999994700, 22.60000000000000100, 2.000000000000000000 ) ) ;
#501 = CARTESIAN_POINT ( 'NONE',  ( -2.370849412485499700, 5.332821471489015000, 11.50000000000000000 ) ) ;
#502 = CARTESIAN_POINT ( 'NONE',  ( 2.163326224453839600, 5.385050621522944800, 11.50000000000000000 ) ) ;
#503 = CARTESIAN_POINT ( 'NONE',  ( 1.734723475976807100E-015, 0.1999999999999961800, 11.00000000000000000 ) ) ;
#504 = EDGE_CURVE ( 'NONE', #1054, #8777, #7492, .T. ) ;
#505 = LINE ( 'NONE', #2947, #5182 ) ;
#506 = ORIENTED_EDGE ( 'NONE', *, *, #365, .T. ) ;
#507 = CARTESIAN_POINT ( 'NONE',  ( -0.2982456140350875900, -13.85717998700455500, 11.50000000000000700 ) ) ;
#508 = DIRECTION ( 'NONE',  ( 1.000000000000000000, 0.0000000000000000000, 0.0000000000000000000 ) ) ;
#509 = CARTESIAN_POINT ( 'NONE',  ( 2.191987955566776500, 5.395160929673396700, 11.50000000000000000 ) ) ;
#510 = CARTESIAN_POINT ( 'NONE',  ( 4.626871259063749500, 4.934322704007851000, 11.50000000000000000 ) ) ;
#511 = ORIENTED_EDGE ( 'NONE', *, *, #5815, .T. ) ;
#512 = LINE ( 'NONE', #754, #2406 ) ;
#513 = ORIENTED_EDGE ( 'NONE', *, *, #1495, .T. ) ;
#514 = CARTESIAN_POINT ( 'NONE',  ( -5.729239114605294800, 1.952185179791401200, 11.50000000000000000 ) ) ;
#515 = CARTESIAN_POINT ( 'NONE',  ( 1.976799440950507900, 5.364779874213833300, 11.49999999999999800 ) ) ;
#516 = CARTESIAN_POINT ( 'NONE',  ( -0.4831726818089648300, -13.92864985824159700, 11.50000000000000200 ) ) ;
#517 = ORIENTED_EDGE ( 'NONE', *, *, #2854, .F. ) ;
#518 = CARTESIAN_POINT ( 'NONE',  ( 2.115771012908062700, 5.281708120589767600, 11.50000000000000200 ) ) ;
#519 = CARTESIAN_POINT ( 'NONE',  ( 0.6232239982573364300, -11.42149351541657000, 11.50000000000000000 ) ) ;
#520 = CARTESIAN_POINT ( 'NONE',  ( -2.361737228007848800, 5.408404005212906500, 11.50000000000000000 ) ) ;
#521 = CARTESIAN_POINT ( 'NONE',  ( -1.109462902790307100, 0.3780392113211353800, 11.50000000000000000 ) ) ;
#522 = VECTOR ( 'NONE', #1276, 1000.000000000000000 ) ;
#523 = CARTESIAN_POINT ( 'NONE',  ( 2.400557159785639000, -9.809911130729592100, 11.50000000000000000 ) ) ;
#524 = ORIENTED_EDGE ( 'NONE', *, *, #3859, .F. ) ;
#525 = AXIS2_PLACEMENT_3D ( 'NONE', #1433, #6453, #774 ) ;
#526 = EDGE_CURVE ( 'NONE', #4131, #2619, #2008, .T. ) ;
#527 = CARTESIAN_POINT ( 'NONE',  ( -4.159763970427128800, 5.420242480199552100, 11.50000000000000000 ) ) ;
#528 = CARTESIAN_POINT ( 'NONE',  ( -0.2965107075291050200, -16.69200006005531400, 11.50000000000000700 ) ) ;
#529 = CARTESIAN_POINT ( 'NONE',  ( -3.191531789665963200, -17.07620670734947400, 11.49999999999999800 ) ) ;
#530 = VECTOR ( 'NONE', #8808, 1000.000000000000000 ) ;
#531 = FACE_OUTER_BOUND ( 'NONE', #1993, .T. ) ;
#532 = CARTESIAN_POINT ( 'NONE',  ( -0.6038709677418119300, 10.74580645161290000, 11.49999999999999600 ) ) ;
#533 = ORIENTED_EDGE ( 'NONE', *, *, #1809, .F. ) ;
#534 = CARTESIAN_POINT ( 'NONE',  ( -4.646634055438964200, 4.745911949685529800, 11.50000000000000000 ) ) ;
#535 = CARTESIAN_POINT ( 'NONE',  ( 3.289588013498407000, -11.52190955912970700, 11.50000000000000500 ) ) ;
#536 = CARTESIAN_POINT ( 'NONE',  ( 0.0000000000000000000, -2.000000000000004000, 11.00000000000000000 ) ) ;
#537 = DIRECTION ( 'NONE',  ( 0.7071067811865462400, 0.7071067811865489100, -0.0000000000000000000 ) ) ;
#538 = CARTESIAN_POINT ( 'NONE',  ( 0.3244591258187365900, -13.42465592608675900, 11.50000000000000400 ) ) ;
#539 = CARTESIAN_POINT ( 'NONE',  ( 0.9214579185714746300, -16.65217734632040000, 11.50000000000000200 ) ) ;
#540 = EDGE_CURVE ( 'NONE', #456, #2293, #3894, .T. ) ;
#541 = PERSON_AND_ORGANIZATION ( #2876, #7351 ) ;
#542 = ORIENTED_EDGE ( 'NONE', *, *, #1426, .T. ) ;
#543 = VECTOR ( 'NONE', #1714, 1000.000000000000100 ) ;
#544 = ORIENTED_EDGE ( 'NONE', *, *, #7437, .T. ) ;
#545 = CARTESIAN_POINT ( 'NONE',  ( 0.3349453190145631500, -11.30194345895400000, 11.50000000000000000 ) ) ;
#546 = CARTESIAN_POINT ( 'NONE',  ( 3.151992989654194900, 4.660008722537101600, 11.50000000000000500 ) ) ;
#547 = LINE ( 'NONE', #5611, #6243 ) ;
#548 = CARTESIAN_POINT ( 'NONE',  ( 4.312664775957127700, -16.92632435113483800, 11.49999999999999800 ) ) ;
#549 = CARTESIAN_POINT ( 'NONE',  ( -3.678040867748121100, -16.27011919757743300, 11.49999999999999800 ) ) ;
#550 = CARTESIAN_POINT ( 'NONE',  ( -4.475334629896983600, 5.334059705604704300, 11.50000000000000200 ) ) ;
#551 = FACE_BOUND ( 'NONE', #8976, .T. ) ;
#552 = DIRECTION ( 'NONE',  ( 0.07124704998790969100, 0.0000000000000000000, -0.9974586998307349800 ) ) ;
#553 = CARTESIAN_POINT ( 'NONE',  ( -1.829215461565450800, 4.900915955973146300, 11.50000000000000400 ) ) ;
#554 = FACE_BOUND ( 'NONE', #9172, .T. ) ;
#555 = CARTESIAN_POINT ( 'NONE',  ( 1.718146533929909300, 7.966717914692902800, 11.50000000000000500 ) ) ;
#557 = ORIENTED_EDGE ( 'NONE', *, *, #8210, .T. ) ;
#556 = CARTESIAN_POINT ( 'NONE',  ( -0.8699825660407160000, 10.82178822884967900, 11.50000000000000200 ) ) ;
#558 = EDGE_CURVE ( 'NONE', #8213, #8029, #5689, .T. ) ;
#559 = CARTESIAN_POINT ( 'NONE',  ( -1.573099415204679100, -16.66059313052176100, 11.50000000000000000 ) ) ;
#560 = VERTEX_POINT ( 'NONE', #5606 ) ;
#561 = DIRECTION ( 'NONE',  ( 1.000000000000000000, 0.0000000000000000000, 0.0000000000000000000 ) ) ;
#562 = ORIENTED_EDGE ( 'NONE', *, *, #3391, .F. ) ;
#563 = VERTEX_POINT ( 'NONE', #5943 ) ;
#564 = CARTESIAN_POINT ( 'NONE',  ( -3.742307472304894100, -16.25139993116244600, 11.50000000000000200 ) ) ;
#565 = LINE ( 'NONE', #1636, #2342 ) ;
#566 = LINE ( 'NONE', #9125, #6728 ) ;
#567 = CARTESIAN_POINT ( 'NONE',  ( -2.988110850392843100, -17.16321541285302700, 11.50000000000000400 ) ) ;
#568 = EDGE_CURVE ( 'NONE', #4341, #1759, #1781, .T. ) ;
#569 = CARTESIAN_POINT ( 'NONE',  ( 2.072887033239038800, 4.769483798598021600, 11.50000000000000400 ) ) ;
#570 = VECTOR ( 'NONE', #6196, 1000.000000000000000 ) ;
#571 = CARTESIAN_POINT ( 'NONE',  ( -1.284591462513849900, 5.300890217333297000, 11.50000000000000000 ) ) ;
#572 = CARTESIAN_POINT ( 'NONE',  ( -29.63398815701183500, -20.49999999999999600, 2.000000000000000000 ) ) ;
#573 = CARTESIAN_POINT ( 'NONE',  ( -2.719846412307513000, -16.28970974272781200, 11.49999999999999600 ) ) ;
#574 = ORIENTED_EDGE ( 'NONE', *, *, #8992, .F. ) ;
#575 = CARTESIAN_POINT ( 'NONE',  ( 0.0000000000000000000, -17.15182120069719900, 11.50000000000000000 ) ) ;
#576 = ORIENTED_EDGE ( 'NONE', *, *, #8114, .T. ) ;
#577 = VERTEX_POINT ( 'NONE', #2921 ) ;
#578 = CARTESIAN_POINT ( 'NONE',  ( -1.246451612903102500, 10.88903225806451400, 11.50000000000000000 ) ) ;
#579 = AXIS2_PLACEMENT_3D ( 'NONE', #4041, #1960, #7460 ) ;
#580 = CARTESIAN_POINT ( 'NONE',  ( -0.3436515185241096900, -10.29459466618682700, 11.50000000000000400 ) ) ;
#581 = EDGE_CURVE ( 'NONE', #5192, #806, #4135, .T. ) ;
#582 = DIRECTION ( 'NONE',  ( 0.5736625917026857400, 0.8190917109096866900, 0.0000000000000000000 ) ) ;
#583 = CARTESIAN_POINT ( 'NONE',  ( -1.761428019225093100, -17.03157764599160000, 11.50000000000000000 ) ) ;
#584 = VECTOR ( 'NONE', #3951, 1000.000000000000000 ) ;
#585 = LINE ( 'NONE', #4699, #468 ) ;
#586 = CARTESIAN_POINT ( 'NONE',  ( -0.6321042789668508400, -11.41675903258156800, 11.50000000000000400 ) ) ;
#587 = VERTEX_POINT ( 'NONE', #1421 ) ;
#588 = CARTESIAN_POINT ( 'NONE',  ( -3.109463110993728700, -16.17301245117376100, 11.50000000000000500 ) ) ;
#589 = CARTESIAN_POINT ( 'NONE',  ( -2.688842301420792900, 5.017610062893078600, 11.50000000000000000 ) ) ;
#590 = ORIENTED_EDGE ( 'NONE', *, *, #2280, .T. ) ;
#591 = CARTESIAN_POINT ( 'NONE',  ( -2.615407320093709600, -11.74292680684446200, 11.50000000000000500 ) ) ;
#592 = CARTESIAN_POINT ( 'NONE',  ( 2.924726229152292000, -11.44290908429101300, 11.49999999999999800 ) ) ;
#593 = CARTESIAN_POINT ( 'NONE',  ( -3.584318517369365700, -17.11726462958608200, 11.49999999999999600 ) ) ;
#594 = CARTESIAN_POINT ( 'NONE',  ( -5.899999999999999500, -1.574230079803004700, 11.00000000000000000 ) ) ;
#595 = CARTESIAN_POINT ( 'NONE',  ( 0.0000000000000000000, -14.12456140350877500, 11.50000000000000000 ) ) ;
#596 = VERTEX_POINT ( 'NONE', #5231 ) ;
#597 = CARTESIAN_POINT ( 'NONE',  ( -3.010814732604773600, -17.16261993064396000, 11.50000000000000400 ) ) ;
#598 = EDGE_LOOP ( 'NONE', ( #4743, #3902, #2297, #401 ) ) ;
#599 = CIRCLE ( 'NONE', #7937, 1.000000000000000900 ) ;
#600 = PRODUCT_RELATED_PRODUCT_CATEGORY ( 'detail', '', ( #5612 ) ) ;
#601 = ORIENTED_EDGE ( 'NONE', *, *, #2992, .F. ) ;
#602 = EDGE_CURVE ( 'NONE', #8963, #8283, #5816, .T. ) ;
#603 = CARTESIAN_POINT ( 'NONE',  ( 3.931718081122932900, -16.71426967950345200, 11.49999999999999500 ) ) ;
#604 = CARTESIAN_POINT ( 'NONE',  ( 2.191846059904438300, 5.395341020725181700, 11.50000000000000000 ) ) ;
#605 = ORIENTED_EDGE ( 'NONE', *, *, #4373, .F. ) ;
#606 = CARTESIAN_POINT ( 'NONE',  ( 0.4327044025158469600, 4.650314465408802900, 11.50000000000000000 ) ) ;
#607 = ORIENTED_EDGE ( 'NONE', *, *, #4204, .F. ) ;
#608 = ORIENTED_EDGE ( 'NONE', *, *, #3569, .T. ) ;
#609 = CARTESIAN_POINT ( 'NONE',  ( -1.308344044358191100, 4.636445379915930900, 11.50000000000000000 ) ) ;
#610 = DIRECTION ( 'NONE',  ( -1.000000000000000000, 0.0000000000000000000, -0.0000000000000000000 ) ) ;
#611 = CARTESIAN_POINT ( 'NONE',  ( 2.060025619786455900, -0.7019346556309646900, 11.50000000000000000 ) ) ;
#612 = EDGE_CURVE ( 'NONE', #2451, #2822, #8193, .T. ) ;
#613 = CARTESIAN_POINT ( 'NONE',  ( 4.753971417037436500, 4.595140191844142100, 11.50000000000000200 ) ) ;
#614 = ORIENTED_EDGE ( 'NONE', *, *, #7047, .T. ) ;
#615 = CARTESIAN_POINT ( 'NONE',  ( -0.8952642178908111200, -13.63716742068839200, 11.50000000000000400 ) ) ;
#616 = CARTESIAN_POINT ( 'NONE',  ( 6.899999999999999500, -1.574230079803000900, 11.00000000000000000 ) ) ;
#617 = CARTESIAN_POINT ( 'NONE',  ( 2.118358357895632900, -9.684158742725628600, 11.50000000000000500 ) ) ;
#618 = VERTEX_POINT ( 'NONE', #2793 ) ;
#619 = CARTESIAN_POINT ( 'NONE',  ( -2.092709061262398000, 5.369811320754712900, 11.50000000000000200 ) ) ;
#620 = DIRECTION ( 'NONE',  ( 0.0000000000000000000, 1.000000000000000000, 0.0000000000000000000 ) ) ;
#621 = ORIENTED_EDGE ( 'NONE', *, *, #2020, .T. ) ;
#622 = CARTESIAN_POINT ( 'NONE',  ( 5.900000000000000400, 42.00000000000001400, 11.50000000000000000 ) ) ;
#623 = DIRECTION ( 'NONE',  ( -0.3831574171170898400, -0.9236830591215584600, 0.0000000000000000000 ) ) ;
#624 = ORIENTED_EDGE ( 'NONE', *, *, #7437, .F. ) ;
#625 = CARTESIAN_POINT ( 'NONE',  ( 4.308595387840795400, 5.410062893081756900, 11.50000000000000000 ) ) ;
#626 = CARTESIAN_POINT ( 'NONE',  ( -3.429207874472423700, -9.624228433818853300, 11.50000000000000200 ) ) ;
#627 = CARTESIAN_POINT ( 'NONE',  ( -3.618943175974881100, -16.32769015628614500, 11.50000000000000200 ) ) ;
#628 = VERTEX_POINT ( 'NONE', #7246 ) ;
#629 = CARTESIAN_POINT ( 'NONE',  ( 3.187747739752735800, -11.09980162025388100, 11.49999999999999600 ) ) ;
#630 = AXIS2_PLACEMENT_3D ( 'NONE', #2795, #2776, #6306 ) ;
#631 = CARTESIAN_POINT ( 'NONE',  ( 4.620464080818376100, 4.945373489926346600, 11.50000000000000000 ) ) ;
#632 = CARTESIAN_POINT ( 'NONE',  ( -0.1618270136333229400, -16.70160890792468700, 11.49999999999999800 ) ) ;
#633 = CARTESIAN_POINT ( 'NONE',  ( -2.012903225806328400, 8.632258064516126000, 11.50000000000000200 ) ) ;
#634 = VERTEX_POINT ( 'NONE', #4545 ) ;
#635 = CARTESIAN_POINT ( 'NONE',  ( -2.251603850238530000, 5.025645704948061600, 11.50000000000000400 ) ) ;
#636 = CARTESIAN_POINT ( 'NONE',  ( -10.00000000000000500, 22.60000000000000100, 0.0000000000000000000 ) ) ;
#637 = CARTESIAN_POINT ( 'NONE',  ( 3.738464404250908300, -16.26328019799466100, 11.50000000000000400 ) ) ;
#638 = VERTEX_POINT ( 'NONE', #6559 ) ;
#639 = CARTESIAN_POINT ( 'NONE',  ( 0.7681779264280536000, 11.31454074021778100, 11.50000000000000200 ) ) ;
#640 = CARTESIAN_POINT ( 'NONE',  ( -0.3042166929604853100, -14.13765843114857300, 11.50000000000000700 ) ) ;
#641 = B_SPLINE_CURVE_WITH_KNOTS ( 'NONE', 3,
 ( #6034, #3949, #5397, #6125, #2997, #7459, #496, #6563, #4418, #7826, #4925, #2789, #6209, #3226, #7578, #2549, #8793, #2498, #7494 ),
 .UNSPECIFIED., .F., .F.,
 ( 4, 1, 1, 1, 1, 1, 1, 1, 1, 1, 1, 1, 1, 1, 1, 1, 4 ),
 ( 0.0000000000000000000, 0.08474738482879340400, 0.1640822665191970000, 0.2390378184120559600, 0.3094754621468159800, 0.3774418955265203000, 0.4419522828823301300, 0.5047282377038095900, 0.5665917222782683700, 0.6265328698859093900, 0.6840970446535586900, 0.7396955351624366900, 0.7926161911849936000, 0.8454498651216739700, 0.8964349423286797100, 0.9482053592358346000, 1.000000000000000000 ),
 .UNSPECIFIED. ) ;
#642 = DIRECTION ( 'NONE',  ( -0.07124704998790969100, 0.0000000000000000000, -0.9974586998307349800 ) ) ;
#643 = CARTESIAN_POINT ( 'NONE',  ( -4.111198873790251600, 4.615532396116242000, 11.49999999999999800 ) ) ;
#644 = CARTESIAN_POINT ( 'NONE',  ( 4.468020741384910000, -16.59086670682396700, 11.50000000000000400 ) ) ;
#645 = CARTESIAN_POINT ( 'NONE',  ( -2.763157894736841600, -11.47836257309942100, 11.50000000000000000 ) ) ;
#646 = EDGE_CURVE ( 'NONE', #5624, #2367, #7429, .T. ) ;
#647 = FACE_OUTER_BOUND ( 'NONE', #4040, .T. ) ;
#648 = CARTESIAN_POINT ( 'NONE',  ( 0.1754385964912280600, -11.71228070175439100, 11.50000000000000000 ) ) ;
#649 = DIRECTION ( 'NONE',  ( -0.0000000000000000000, -1.000000000000000000, -0.0000000000000000000 ) ) ;
#650 = ORIENTED_EDGE ( 'NONE', *, *, #8849, .T. ) ;
#651 = CARTESIAN_POINT ( 'NONE',  ( 4.749002367297807200, -17.01986244297408700, 11.49999999999999500 ) ) ;
#652 = DIRECTION ( 'NONE',  ( 0.8645071866841928000, -0.5026204573745306500, 0.0000000000000000000 ) ) ;
#653 = CARTESIAN_POINT ( 'NONE',  ( -1.588846336337110100, 4.654384859701667500, 11.50000000000000000 ) ) ;
#654 = CARTESIAN_POINT ( 'NONE',  ( -2.070669825810521800, 4.998991011393068900, 11.50000000000000200 ) ) ;
#655 = EDGE_CURVE ( 'NONE', #9173, #4415, #5986, .T. ) ;
#656 = LINE ( 'NONE', #5698, #7389 ) ;
#657 = CARTESIAN_POINT ( 'NONE',  ( 4.765071550895125800, -16.65697131493034900, 11.50000000000000200 ) ) ;
#658 = ORIENTED_EDGE ( 'NONE', *, *, #1439, .F. ) ;
#659 = CARTESIAN_POINT ( 'NONE',  ( 4.624344677707638200, 4.602369534139443300, 11.49999999999999800 ) ) ;
#660 = B_SPLINE_CURVE_WITH_KNOTS ( 'NONE', 3,
 ( #1328, #315, #67, #3576, #5769, #5510, #848, #8184, #3742, #1693 ),
 .UNSPECIFIED., .F., .F.,
 ( 4, 3, 3, 4 ),
 ( 0.0000000000000000000, 2.059909574943230200E-005, 4.741359584386457900E-005, 8.749376408526292700E-005 ),
 .UNSPECIFIED. ) ;
#661 = CARTESIAN_POINT ( 'NONE',  ( -1.658165548331787000, 4.725232448639452800, 11.50000000000000000 ) ) ;
#662 = VERTEX_POINT ( 'NONE', #1911 ) ;
#663 = VECTOR ( 'NONE', #8517, 999.9999999999998900 ) ;
#664 = DIRECTION ( 'NONE',  ( 1.000000000000000000, 0.0000000000000000000, 0.0000000000000000000 ) ) ;
#665 = VERTEX_POINT ( 'NONE', #1777 ) ;
#666 = CARTESIAN_POINT ( 'NONE',  ( -1.734802730093678100, -16.25925677756844900, 11.49999999999999600 ) ) ;
#667 = CARTESIAN_POINT ( 'NONE',  ( -1.195629045655086700, -11.72137230016360300, 11.49999999999999800 ) ) ;
#668 = EDGE_CURVE ( 'NONE', #8200, #3328, #298, .T. ) ;
#669 = DIRECTION ( 'NONE',  ( 1.000000000000000000, 0.0000000000000000000, 0.0000000000000000000 ) ) ;
#670 = LINE ( 'NONE', #5687, #8268 ) ;
#671 = EDGE_LOOP ( 'NONE', ( #4233, #1147, #3921, #1696, #1261, #458, #4986, #413, #3903, #5953, #6821, #45, #557, #4505, #7054, #4620, #6915, #5869, #5432, #834, #5776, #3733, #1658, #7420, #5906, #3654, #947, #6386 ) ) ;
#672 = FACE_OUTER_BOUND ( 'NONE', #476, .T. ) ;
#673 = CARTESIAN_POINT ( 'NONE',  ( -2.678362573099415400, -16.50854634689603300, 11.50000000000000000 ) ) ;
#674 = DIRECTION ( 'NONE',  ( -0.0000000000000000000, -0.0000000000000000000, -1.000000000000000000 ) ) ;
#675 = CARTESIAN_POINT ( 'NONE',  ( -0.1473192923879973500, -16.67768502012546600, 11.49999999999999800 ) ) ;
#676 = CARTESIAN_POINT ( 'NONE',  ( -2.050270172807723900, 4.815440338180176000, 11.49999999999999800 ) ) ;
#677 = ORIENTED_EDGE ( 'NONE', *, *, #1137, .T. ) ;
#678 = APPROVAL_STATUS ( 'not_yet_approved' ) ;
#679 = CYLINDRICAL_SURFACE ( 'NONE', #6204, 1.000000000000000900 ) ;
#680 = CARTESIAN_POINT ( 'NONE',  ( -1.467516796965050000, -16.56314099363311600, 11.50000000000000400 ) ) ;
#681 = CARTESIAN_POINT ( 'NONE',  ( -1.797878389330924000, -16.95468669267531300, 11.49999999999999800 ) ) ;
#682 = EDGE_CURVE ( 'NONE', #1357, #5282, #5905, .T. ) ;
#683 = FACE_BOUND ( 'NONE', #8932, .T. ) ;
#684 = CARTESIAN_POINT ( 'NONE',  ( -0.07450225835642156100, -13.40513731968555800, 11.50000000000000200 ) ) ;
#685 = CARTESIAN_POINT ( 'NONE',  ( 0.2628060935539913200, -14.66237413275707400, 11.49999999999999800 ) ) ;
#686 = CARTESIAN_POINT ( 'NONE',  ( 2.777646463638011400, -11.75867036397101200, 11.50000000000000000 ) ) ;
#687 = DIRECTION ( 'NONE',  ( 1.000000000000000000, 0.0000000000000000000, 0.0000000000000000000 ) ) ;
#688 = ORIENTED_EDGE ( 'NONE', *, *, #706, .F. ) ;
#689 = DIRECTION ( 'NONE',  ( 0.0000000000000000000, -1.000000000000000000, 0.0000000000000000000 ) ) ;
#690 = CARTESIAN_POINT ( 'NONE',  ( -0.3189663463054758800, -14.62276443124004600, 11.50000000000000400 ) ) ;
#691 = ORIENTED_EDGE ( 'NONE', *, *, #4850, .F. ) ;
#692 = EDGE_CURVE ( 'NONE', #6601, #3984, #422, .T. ) ;
#693 = CARTESIAN_POINT ( 'NONE',  ( -2.178802702073019400, 5.027672955974839700, 11.50000000000000000 ) ) ;
#694 = ORIENTED_EDGE ( 'NONE', *, *, #504, .F. ) ;
#695 = VERTEX_POINT ( 'NONE', #8613 ) ;
#696 = DIRECTION ( 'NONE',  ( 1.000000000000000000, 0.0000000000000000000, 0.0000000000000000000 ) ) ;
#697 = CARTESIAN_POINT ( 'NONE',  ( -3.906752149997153800, 4.657480710197407200, 11.50000000000000000 ) ) ;
#698 = EDGE_LOOP ( 'NONE', ( #1503, #4632, #6062, #3338 ) ) ;
#699 = B_SPLINE_CURVE_WITH_KNOTS ( 'NONE', 3,
 ( #2299, #3393, #1617, #2338, #5884, #6655, #8459, #958, #7596, #2595, #1170, #5988, #6353, #1271, #9105, #1677, #8027, #8682, #5907 ),
 .UNSPECIFIED., .F., .F.,
 ( 4, 1, 1, 1, 1, 1, 1, 1, 1, 1, 1, 1, 1, 1, 1, 1, 4 ),
 ( 0.0000000000000000000, 0.09180543258488349500, 0.1776578561766563000, 0.2575278776111436000, 0.3314770923342632600, 0.4009311855928078300, 0.4656630497901224100, 0.5266061250041151900, 0.5850823529092554800, 0.6409512589250945200, 0.6943874905773113100, 0.7464004017341897600, 0.7967049218903188300, 0.8469816701465910900, 0.8970034821437109500, 0.9478179876629260200, 1.000000000000000000 ),
 .UNSPECIFIED. ) ;
#700 = CARTESIAN_POINT ( 'NONE',  ( 0.1677123985214837900, -14.73109150188174800, 11.50000000000000000 ) ) ;
#701 = CARTESIAN_POINT ( 'NONE',  ( -3.984295273795941400, 4.752608202528710600, 11.50000000000000000 ) ) ;
#702 = CARTESIAN_POINT ( 'NONE',  ( 3.747297089679086000, 4.880743496532393700, 11.50000000000000000 ) ) ;
#703 = VERTEX_POINT ( 'NONE', #2012 ) ;
#704 = CARTESIAN_POINT ( 'NONE',  ( 3.040935672514618400, -16.49685044046328000, 11.50000000000000000 ) ) ;
#705 = CARTESIAN_POINT ( 'NONE',  ( -2.305520614954454500, 5.410062893081756900, 11.50000000000000000 ) ) ;
#706 = EDGE_CURVE ( 'NONE', #6633, #9176, #8152, .T. ) ;
#707 = CARTESIAN_POINT ( 'NONE',  ( 0.5791414586179438600, -17.13212873125846200, 11.50000000000000000 ) ) ;
#708 = CARTESIAN_POINT ( 'NONE',  ( -2.364830168362513300, 4.684191063788683900, 11.49999999999999600 ) ) ;
#709 = ORIENTED_EDGE ( 'NONE', *, *, #487, .F. ) ;
#710 = CARTESIAN_POINT ( 'NONE',  ( -1.211914216268056700, -13.23276171441346000, 11.50000000000000200 ) ) ;
#711 = ORIENTED_EDGE ( 'NONE', *, *, #1120, .F. ) ;
#712 = ORIENTED_EDGE ( 'NONE', *, *, #6281, .F. ) ;
#713 = ORIENTED_EDGE ( 'NONE', *, *, #1483, .F. ) ;
#714 = CARTESIAN_POINT ( 'NONE',  ( -4.410061655838078700, 4.650536527821042700, 11.50000000000000000 ) ) ;
#715 = CARTESIAN_POINT ( 'NONE',  ( -1.767423979480528400, 9.140986877908778400, 11.50000000000000400 ) ) ;
#716 = B_SPLINE_CURVE_WITH_KNOTS ( 'NONE', 3,
 ( #4540, #6179, #1446, #1099, #8006, #8939, #701, #5175, #8090, #2989, #272 ),
 .UNSPECIFIED., .F., .F.,
 ( 4, 1, 1, 1, 1, 1, 1, 1, 4 ),
 ( 0.0000000000000000000, 0.1600030846480610100, 0.3092513573109388900, 0.4495272017889229100, 0.5791130692310089100, 0.6992279247075925400, 0.8093604756436516600, 0.9089775187233942700, 1.000000000000000000 ),
 .UNSPECIFIED. ) ;
#717 = CARTESIAN_POINT ( 'NONE',  ( 1.923407462300329000, 5.357999320899981700, 11.50000000000000900 ) ) ;
#718 = CARTESIAN_POINT ( 'NONE',  ( -0.2982456140350875900, -13.85717998700455500, 11.50000000000000700 ) ) ;
#719 = ORIENTED_EDGE ( 'NONE', *, *, #2206, .F. ) ;
#720 = EDGE_CURVE ( 'NONE', #3264, #3110, #2463, .T. ) ;
#721 = CARTESIAN_POINT ( 'NONE',  ( 1.911627419399240400, 4.776027296658310400, 11.50000000000000200 ) ) ;
#722 = PLANE ( 'NONE',  #7269 ) ;
#723 = VERTEX_POINT ( 'NONE', #4506 ) ;
#724 = CARTESIAN_POINT ( 'NONE',  ( -1.647741935483747900, 8.400000000000000400, 11.49999999999999800 ) ) ;
#725 = CARTESIAN_POINT ( 'NONE',  ( 4.519393191246774900, 5.018030715649806500, 11.50000000000000500 ) ) ;
#727 = CARTESIAN_POINT ( 'NONE',  ( -2.026453272886472600, 5.111068616091161600, 11.50000000000000200 ) ) ;
#726 = CARTESIAN_POINT ( 'NONE',  ( 4.415967991758329000, 5.416753927119774700, 11.50000000000000000 ) ) ;
#728 = ADVANCED_BREP_SHAPE_REPRESENTATION ( 'C620电调', ( #9136, #255, #1245 ), #8113 ) ;
#729 = CARTESIAN_POINT ( 'NONE',  ( -3.334365485279664000, 5.236901013179259900, 11.49999999999999600 ) ) ;
#730 = EDGE_LOOP ( 'NONE', ( #2636, #7571, #8110, #169 ) ) ;
#731 = CARTESIAN_POINT ( 'NONE',  ( -4.054682153635894800, 5.115167240898468700, 11.50000000000000200 ) ) ;
#732 = CARTESIAN_POINT ( 'NONE',  ( -0.5722042941432299300, 0.1949733150413961200, 11.50000000000000000 ) ) ;
#733 = VERTEX_POINT ( 'NONE', #932 ) ;
#734 = EDGE_CURVE ( 'NONE', #1030, #4586, #8391, .T. ) ;
#735 = CARTESIAN_POINT ( 'NONE',  ( 1.999905388659617600, -10.58260056740124200, 11.49999999999999800 ) ) ;
#736 = LINE ( 'NONE', #7286, #8215 ) ;
#737 = VERTEX_POINT ( 'NONE', #1623 ) ;
#738 = CARTESIAN_POINT ( 'NONE',  ( -0.6999999999999978500, 1.499999999999997800, 11.50000000000000000 ) ) ;
#739 = CARTESIAN_POINT ( 'NONE',  ( 4.809431198724528400, 5.371545389750885100, 11.50000000000000400 ) ) ;
#740 = CARTESIAN_POINT ( 'NONE',  ( 0.8225745981115316600, -9.472274064551360300, 11.50000000000000400 ) ) ;
#741 = ADVANCED_FACE ( 'NONE', ( #6261 ), #5047, .F. ) ;
#742 = CARTESIAN_POINT ( 'NONE',  ( -0.1980366821169567100, 0.06747916575837018000, 11.50000000000000000 ) ) ;
#743 = CARTESIAN_POINT ( 'NONE',  ( -0.5412691871995308800, -10.49438634647551000, 11.50000000000000400 ) ) ;
#744 = VECTOR ( 'NONE', #4230, 1000.000000000000000 ) ;
#745 = CARTESIAN_POINT ( 'NONE',  ( -1.826135297623596500, 1.278959967097035700, 11.50000000000000000 ) ) ;
#746 = CARTESIAN_POINT ( 'NONE',  ( 3.096353739239167300, 5.331310220753631600, 11.50000000000000000 ) ) ;
#747 = CARTESIAN_POINT ( 'NONE',  ( -1.057798046689054600, -13.40291483898626100, 11.49999999999999600 ) ) ;
#748 = CARTESIAN_POINT ( 'NONE',  ( -2.284476088385404900, -0.5992068428551872200, 11.50000000000000000 ) ) ;
#749 = FACE_BOUND ( 'NONE', #7498, .T. ) ;
#750 = VECTOR ( 'NONE', #6359, 1000.000000000000000 ) ;
#751 = ORIENTED_EDGE ( 'NONE', *, *, #408, .F. ) ;
#752 = CARTESIAN_POINT ( 'NONE',  ( -2.276077335196709400, 5.022641509433959200, 11.50000000000000200 ) ) ;
#753 = CARTESIAN_POINT ( 'NONE',  ( 1.624494427793173400, 4.604138818175211900, 11.49999999999999800 ) ) ;
#754 = CARTESIAN_POINT ( 'NONE',  ( 0.0000000000000000000, 5.425157232704399300, 11.50000000000000000 ) ) ;
#755 = ORIENTED_EDGE ( 'NONE', *, *, #4124, .T. ) ;
#756 = CARTESIAN_POINT ( 'NONE',  ( -0.3987887258326289800, 5.254088050314462200, 11.50000000000000000 ) ) ;
#757 = VECTOR ( 'NONE', #7683, 999.9999999999998900 ) ;
#758 = CARTESIAN_POINT ( 'NONE',  ( 0.1458469631324280400, -9.760841161143803300, 11.50000000000000400 ) ) ;
#759 = EDGE_LOOP ( 'NONE', ( #8743, #3991, #2048, #451, #7482, #4173 ) ) ;
#760 = CARTESIAN_POINT ( 'NONE',  ( -2.311445213033320300, 4.659868783066945900, 11.49999999999999600 ) ) ;
#761 = AXIS2_PLACEMENT_3D ( 'NONE', #7697, #8066, #4253 ) ;
#762 = EDGE_CURVE ( 'NONE', #164, #6896, #2676, .T. ) ;
#763 = CARTESIAN_POINT ( 'NONE',  ( -4.228791366473612500, 4.809334808789602200, 11.49999999999999800 ) ) ;
#764 = CARTESIAN_POINT ( 'NONE',  ( 2.078084764853076500, 4.997622734183481800, 11.50000000000000000 ) ) ;
#765 = CARTESIAN_POINT ( 'NONE',  ( 0.3101510466921877900, 4.688108836712133100, 11.49999999999999500 ) ) ;
#766 = PERSON_AND_ORGANIZATION ( #2876, #7351 ) ;
#767 = CARTESIAN_POINT ( 'NONE',  ( 0.01490798975087965400, 4.650314465408802000, 11.50000000000000000 ) ) ;
#768 = ORIENTED_EDGE ( 'NONE', *, *, #1247, .F. ) ;
#769 = CARTESIAN_POINT ( 'NONE',  ( -0.7550932691135190400, -13.82317665656677800, 11.50000000000000000 ) ) ;
#770 = DIRECTION ( 'NONE',  ( 1.000000000000000000, 0.0000000000000000000, 0.0000000000000000000 ) ) ;
#771 = LINE ( 'NONE', #4265, #2648 ) ;
#772 = ORIENTED_EDGE ( 'NONE', *, *, #6337, .T. ) ;
#773 = CARTESIAN_POINT ( 'NONE',  ( -4.133097022602509400, 5.038618302569438400, 11.50000000000000200 ) ) ;
#774 = DIRECTION ( 'NONE',  ( 1.000000000000000000, 0.0000000000000000000, 0.0000000000000000000 ) ) ;
#775 = LINE ( 'NONE', #4177, #8126 ) ;
#776 = ORIENTED_EDGE ( 'NONE', *, *, #794, .F. ) ;
#777 = EDGE_CURVE ( 'NONE', #8687, #8645, #4813, .T. ) ;
#778 = CARTESIAN_POINT ( 'NONE',  ( -2.619698368670853900, 6.852714211075512400, 11.50000000000000400 ) ) ;
#779 = CARTESIAN_POINT ( 'NONE',  ( -3.736169752421851300, -17.16314703993494100, 11.49999999999999800 ) ) ;
#780 = CARTESIAN_POINT ( 'NONE',  ( -2.144170372322808900, 5.078311809549180800, 11.50000000000000400 ) ) ;
#782 = LINE ( 'NONE', #1365, #8593 ) ;
#781 = CARTESIAN_POINT ( 'NONE',  ( -2.212890200663848500, 10.70598343707390900, 11.50000000000000000 ) ) ;
#783 = ORIENTED_EDGE ( 'NONE', *, *, #1531, .T. ) ;
#784 = CARTESIAN_POINT ( 'NONE',  ( 3.563338967312272400, 10.42609068005622500, 11.50000000000000500 ) ) ;
#785 = APPROVAL_STATUS ( 'not_yet_approved' ) ;
#786 = CARTESIAN_POINT ( 'NONE',  ( -3.821383636340862200, 5.243914016191584300, 11.50000000000000400 ) ) ;
#787 = ORIENTED_EDGE ( 'NONE', *, *, #8127, .F. ) ;
#788 = CARTESIAN_POINT ( 'NONE',  ( -9.999999999999998200, -22.60000000000000100, 0.0000000000000000000 ) ) ;
#789 = ORIENTED_EDGE ( 'NONE', *, *, #7076, .T. ) ;
#790 = CARTESIAN_POINT ( 'NONE',  ( 4.614446728260760200, -16.64878874243963800, 11.49999999999999800 ) ) ;
#791 = VECTOR ( 'NONE', #491, 1000.000000000000000 ) ;
#792 = CARTESIAN_POINT ( 'NONE',  ( -0.9753983556434219200, -14.16979431108608300, 11.50000000000000000 ) ) ;
#793 = CARTESIAN_POINT ( 'NONE',  ( 8.285786437626937200, 23.69999999999999900, 0.0000000000000000000 ) ) ;
#794 = EDGE_CURVE ( 'NONE', #2688, #1800, #8830, .T. ) ;
#795 = B_SPLINE_CURVE_WITH_KNOTS ( 'NONE', 3,
 ( #7463, #2216, #2120, #2589, #5319, #7577, #4671, #5490, #9148, #8116, #8907, #1199, #2512, #423, #3926, #4257, #1602, #6033, #2904 ),
 .UNSPECIFIED., .F., .F.,
 ( 4, 1, 1, 1, 1, 1, 1, 1, 1, 1, 1, 1, 1, 1, 1, 1, 4 ),
 ( 0.0000000000000000000, 0.06496072418249287900, 0.1279837735537784300, 0.1894471967221838000, 0.2505685923688940600, 0.3111320403732393800, 0.3722885039194873100, 0.4344284180437598700, 0.4975477824561171900, 0.5607067633122275700, 0.6221449882108760500, 0.6829381080033865000, 0.7434011696394805500, 0.8046996473364886900, 0.8675580539733630500, 0.9325810906154455800, 1.000000000000000000 ),
 .UNSPECIFIED. ) ;
#796 = CARTESIAN_POINT ( 'NONE',  ( -3.375380724383920700, 5.182919058851807000, 11.49999999999999800 ) ) ;
#797 = CARTESIAN_POINT ( 'NONE',  ( -1.645786758227118200, -10.49735310673966100, 11.50000000000000000 ) ) ;
#798 = CARTESIAN_POINT ( 'NONE',  ( -2.378522967044520700, -9.780728587951182700, 11.49999999999999500 ) ) ;
#799 = CARTESIAN_POINT ( 'NONE',  ( 3.374850623793391100, 5.341481175519952300, 11.50000000000000400 ) ) ;
#800 = VECTOR ( 'NONE', #5133, 1000.000000000000000 ) ;
#801 = VERTEX_POINT ( 'NONE', #1975 ) ;
#802 = DIRECTION ( 'NONE',  ( -0.3225311624017392900, -0.9465588461790334100, 0.0000000000000000000 ) ) ;
#803 = CARTESIAN_POINT ( 'NONE',  ( 0.0000000000000000000, -13.58947368421052800, 11.50000000000000000 ) ) ;
#804 = CARTESIAN_POINT ( 'NONE',  ( -2.637419354838586500, 6.776774193548384100, 11.50000000000000000 ) ) ;
#805 = AXIS2_PLACEMENT_3D ( 'NONE', #1972, #6899, #7313 ) ;
#806 = VERTEX_POINT ( 'NONE', #8277 ) ;
#807 = DIRECTION ( 'NONE',  ( 1.000000000000000000, 0.0000000000000000000, 0.0000000000000000000 ) ) ;
#808 = CARTESIAN_POINT ( 'NONE',  ( -3.109377998112722500, 4.621694840353240100, 11.49999999999999500 ) ) ;
#809 = CARTESIAN_POINT ( 'NONE',  ( -0.6244588566440393300, 4.700939470485732100, 11.50000000000000900 ) ) ;
#810 = CARTESIAN_POINT ( 'NONE',  ( -1.487319718653171700, -16.13695967296472100, 11.50000000000000200 ) ) ;
#811 = CARTESIAN_POINT ( 'NONE',  ( 1.417648689180771400, 9.266481999808595700, 11.50000000000000000 ) ) ;
#812 = ORIENTED_EDGE ( 'NONE', *, *, #7908, .T. ) ;
#813 = ORIENTED_EDGE ( 'NONE', *, *, #7241, .F. ) ;
#814 = LINE ( 'NONE', #2253, #3467 ) ;
#815 = VECTOR ( 'NONE', #2211, 1000.000000000000000 ) ;
#816 = CARTESIAN_POINT ( 'NONE',  ( 24.51286444572864900, 9.822535771476070800, 10.17050968244795300 ) ) ;
#817 = ORIENTED_EDGE ( 'NONE', *, *, #7726, .F. ) ;
#818 = CARTESIAN_POINT ( 'NONE',  ( -2.178802702073019400, 5.027672955974839700, 11.50000000000000000 ) ) ;
#819 = VERTEX_POINT ( 'NONE', #6357 ) ;
#820 = CARTESIAN_POINT ( 'NONE',  ( 0.1446075005824660800, 4.735849056603770500, 11.50000000000000500 ) ) ;
#821 = CARTESIAN_POINT ( 'NONE',  ( -0.3037737174530920100, -16.93518251650146000, 11.50000000000000400 ) ) ;
#822 = VECTOR ( 'NONE', #9009, 999.9999999999998900 ) ;
#823 = ORIENTED_EDGE ( 'NONE', *, *, #3866, .F. ) ;
#824 = CARTESIAN_POINT ( 'NONE',  ( 0.0000000000000000000, -14.29122807017544100, 11.50000000000000000 ) ) ;
#826 = VERTEX_POINT ( 'NONE', #6670 ) ;
#825 = CARTESIAN_POINT ( 'NONE',  ( -1.949592359655130100, 5.213836477987418200, 11.50000000000000200 ) ) ;
#827 = LINE ( 'NONE', #5310, #5064 ) ;
#828 = ORIENTED_EDGE ( 'NONE', *, *, #7777, .T. ) ;
#829 = B_SPLINE_CURVE_WITH_KNOTS ( 'NONE', 3,
 ( #9073, #4126, #5889, #1029, #1241, #697, #4706, #223, #1664, #6529, #2386 ),
 .UNSPECIFIED., .F., .F.,
 ( 4, 1, 1, 1, 1, 1, 1, 1, 4 ),
 ( 0.0000000000000000000, 0.1204649325309425900, 0.2375644343170269000, 0.3535037423397861000, 0.4703304175167315500, 0.5922269133081031800, 0.7199799693228043900, 0.8549758137790786100, 1.000000000000000000 ),
 .UNSPECIFIED. ) ;
#830 = VERTEX_POINT ( 'NONE', #990 ) ;
#831 = CARTESIAN_POINT ( 'NONE',  ( 0.0000000000000000000, -11.44912280701754900, 11.50000000000000000 ) ) ;
#832 = CARTESIAN_POINT ( 'NONE',  ( -2.417889587700786400, 5.405031446540877300, 11.50000000000000000 ) ) ;
#833 = CARTESIAN_POINT ( 'NONE',  ( -3.819786818291897000, -17.03284193043521800, 11.49999999999999800 ) ) ;
#834 = ORIENTED_EDGE ( 'NONE', *, *, #5738, .T. ) ;
#835 = DIRECTION ( 'NONE',  ( -1.000000000000000000, 0.0000000000000000000, -0.0000000000000000000 ) ) ;
#836 = AXIS2_PLACEMENT_3D ( 'NONE', #1874, #248, #8356 ) ;
#837 = ORIENTED_EDGE ( 'NONE', *, *, #2633, .F. ) ;
#838 = EDGE_CURVE ( 'NONE', #7836, #1804, #7378, .T. ) ;
#839 = ORIENTED_EDGE ( 'NONE', *, *, #1517, .T. ) ;
#840 = B_SPLINE_CURVE_WITH_KNOTS ( 'NONE', 3,
 ( #8655, #7920, #4043, #4781, #8091, #2355, #3011, #8012, #7290, #2304, #6575 ),
 .UNSPECIFIED., .F., .F.,
 ( 4, 1, 1, 1, 1, 1, 1, 1, 4 ),
 ( 0.0000000000000000000, 0.1998395885327759500, 0.3769342574288389000, 0.5328730683806897100, 0.6663939236206533100, 0.7792736393648440600, 0.8719123689545809100, 0.9455264850114505300, 1.000000000000000000 ),
 .UNSPECIFIED. ) ;
#841 = CARTESIAN_POINT ( 'NONE',  ( 0.7254550128143026900, -17.05180572748049200, 11.50000000000000000 ) ) ;
#842 = CARTESIAN_POINT ( 'NONE',  ( 0.1477822481123798000, 4.745862544654795700, 11.50000000000000200 ) ) ;
#843 = LINE ( 'NONE', #3775, #6940 ) ;
#844 = CARTESIAN_POINT ( 'NONE',  ( 0.3228912569652593300, 4.756626764036702100, 11.49999999999999500 ) ) ;
#845 = EDGE_LOOP ( 'NONE', ( #6050, #5946, #8080, #1535 ) ) ;
#846 = CARTESIAN_POINT ( 'NONE',  ( -1.366408720933649700, -16.30953711033818400, 11.50000000000000000 ) ) ;
#847 = CARTESIAN_POINT ( 'NONE',  ( -0.2680909948479993100, -16.62816282287054600, 11.50000000000000400 ) ) ;
#848 = CARTESIAN_POINT ( 'NONE',  ( 0.4710015691114946600, 5.293430102673414500, 11.49999999999999300 ) ) ;
#849 = CARTESIAN_POINT ( 'NONE',  ( 0.8716592875308282200, -16.62076243039607300, 11.50000000000000000 ) ) ;
#850 = CARTESIAN_POINT ( 'NONE',  ( -1.778543568249032500, 1.255959161775860300, 11.50000000000000000 ) ) ;
#851 = CARTESIAN_POINT ( 'NONE',  ( -2.880478433110377900, -16.15322895827181800, 11.49999999999999800 ) ) ;
#852 = EDGE_CURVE ( 'NONE', #7782, #3890, #9, .T. ) ;
#853 = VECTOR ( 'NONE', #863, 1000.000000000000100 ) ;
#854 = EDGE_LOOP ( 'NONE', ( #2, #4514 ) ) ;
#855 = CARTESIAN_POINT ( 'NONE',  ( -0.5879338457953584600, 4.786163522012574700, 11.50000000000000200 ) ) ;
#857 = CARTESIAN_POINT ( 'NONE',  ( -0.8877318031771308500, 9.438635053552967900, 11.50000000000000200 ) ) ;
#856 = CARTESIAN_POINT ( 'NONE',  ( -1.638641631932455900, -11.35106487892347400, 11.50000000000000200 ) ) ;
#858 = CARTESIAN_POINT ( 'NONE',  ( -4.397114791811692000, 5.410150928303878900, 11.50000000000000400 ) ) ;
#859 = FACE_OUTER_BOUND ( 'NONE', #1244, .T. ) ;
#860 = EDGE_LOOP ( 'NONE', ( #447, #6452 ) ) ;
#861 = CARTESIAN_POINT ( 'NONE',  ( -0.9089342868819653100, -13.27362032320138300, 11.50000000000000000 ) ) ;
#862 = CARTESIAN_POINT ( 'NONE',  ( -1.497396863987663100, 4.877751622342476200, 11.50000000000000000 ) ) ;
#863 = DIRECTION ( 'NONE',  ( -0.5394269906817061900, -0.8420323756982736100, 0.0000000000000000000 ) ) ;
#864 = CARTESIAN_POINT ( 'NONE',  ( -2.030995718190178800, 4.899417775727696900, 11.50000000000000400 ) ) ;
#865 = LINE ( 'NONE', #4935, #4425 ) ;
#866 = VERTEX_POINT ( 'NONE', #4738 ) ;
#867 = EDGE_CURVE ( 'NONE', #5714, #8585, #3796, .T. ) ;
#868 = CARTESIAN_POINT ( 'NONE',  ( -0.3124822381423886200, -16.76402838564844800, 11.50000000000000000 ) ) ;
#869 = CARTESIAN_POINT ( 'NONE',  ( 0.7368421052631570800, -17.05240599601883700, 11.50000000000000200 ) ) ;
#870 = ORIENTED_EDGE ( 'NONE', *, *, #6013, .T. ) ;
#871 = B_SPLINE_CURVE_WITH_KNOTS ( 'NONE', 3,
 ( #6420, #391, #6583, #6626, #2200, #4052, #193, #2072, #5997, #6664, #3724, #4517, #2912, #1144, #2593, #2322, #2881, #3851, #5208 ),
 .UNSPECIFIED., .F., .F.,
 ( 4, 1, 1, 1, 1, 1, 1, 1, 1, 1, 1, 1, 1, 1, 1, 1, 4 ),
 ( 0.0000000000000000000, 0.09723992033500850100, 0.1873353644199724500, 0.2705267331222600500, 0.3473674921124753100, 0.4175684492231884800, 0.4821774773964087000, 0.5418709783594669600, 0.5966989329713157100, 0.6486511585906524800, 0.6983054723395572000, 0.7470446665974077600, 0.7954377941172545700, 0.8439995864770283300, 0.8937960019867248200, 0.9456110642690583900, 1.000000000000000000 ),
 .UNSPECIFIED. ) ;
#872 = CARTESIAN_POINT ( 'NONE',  ( 9.000000000000000000, -22.60000000000000100, 0.0000000000000000000 ) ) ;
#873 = CARTESIAN_POINT ( 'NONE',  ( 0.2332149084370194200, -14.68800727194132700, 11.49999999999999800 ) ) ;
#874 = EDGE_CURVE ( 'NONE', #2752, #7184, #1895, .T. ) ;
#875 = CARTESIAN_POINT ( 'NONE',  ( 0.0000000000000000000, 0.0000000000000000000, 11.50000000000000000 ) ) ;
#876 = DIRECTION ( 'NONE',  ( -1.000000000000000000, -1.090893732768854300E-013, 0.0000000000000000000 ) ) ;
#877 = CARTESIAN_POINT ( 'NONE',  ( 0.3311356679041460000, 4.662047904286133400, 11.50000000000000000 ) ) ;
#878 = CARTESIAN_POINT ( 'NONE',  ( 0.0000000000000000000, 0.0000000000000000000, 11.50000000000000000 ) ) ;
#879 = CARTESIAN_POINT ( 'NONE',  ( -4.481773541868736100, 5.339082508353251400, 11.50000000000000400 ) ) ;
#880 = CARTESIAN_POINT ( 'NONE',  ( -1.225044203836995500, -16.96332281529822700, 11.49999999999999800 ) ) ;
#881 = CARTESIAN_POINT ( 'NONE',  ( 3.765558079652144400, 4.716758512236517700, 11.49999999999999600 ) ) ;
#882 = CARTESIAN_POINT ( 'NONE',  ( -0.2812532303507696600, -14.28641064775479400, 11.49999999999999800 ) ) ;
#883 = LINE ( 'NONE', #8596, #1742 ) ;
#884 = CARTESIAN_POINT ( 'NONE',  ( -2.962869531820150100, 5.421564075850686700, 11.50000000000000200 ) ) ;
#885 = ORIENTED_EDGE ( 'NONE', *, *, #7582, .F. ) ;
#886 = CARTESIAN_POINT ( 'NONE',  ( 0.8001533164658776200, 8.370456304602218000, 11.50000000000000000 ) ) ;
#887 = CARTESIAN_POINT ( 'NONE',  ( 4.599301187980557000, 4.977358490566034600, 11.50000000000000000 ) ) ;
#888 = ADVANCED_FACE ( 'NONE', ( #5248 ), #7093, .F. ) ;
#889 = ORIENTED_EDGE ( 'NONE', *, *, #2462, .T. ) ;
#890 = CARTESIAN_POINT ( 'NONE',  ( 8.285786437626937200, 24.69999999999999900, 11.50000000000000000 ) ) ;
#891 = AXIS2_PLACEMENT_3D ( 'NONE', #1145, #105, #3179 ) ;
#892 = CARTESIAN_POINT ( 'NONE',  ( -3.315516100298268500, -16.66181263349736600, 11.50000000000000200 ) ) ;
#893 = EDGE_CURVE ( 'NONE', #563, #3233, #4852, .T. ) ;
#894 = ORIENTED_EDGE ( 'NONE', *, *, #2410, .F. ) ;
#895 = CARTESIAN_POINT ( 'NONE',  ( 12.90000000000000200, 42.00000000000001400, 11.00000000000000000 ) ) ;
#896 = DIRECTION ( 'NONE',  ( 1.000000000000000000, 0.0000000000000000000, 0.0000000000000000000 ) ) ;
#897 = CARTESIAN_POINT ( 'NONE',  ( -4.459162563910336300, 4.662594233517634900, 11.50000000000000200 ) ) ;
#898 = CARTESIAN_POINT ( 'NONE',  ( -1.616147214520496300, 4.674946723950271600, 11.50000000000000400 ) ) ;
#899 = CARTESIAN_POINT ( 'NONE',  ( -0.7404985760666754600, -13.78308600659350200, 11.50000000000000500 ) ) ;
#900 = CARTESIAN_POINT ( 'NONE',  ( 2.563415098265743100, -9.553546118174468300, 11.50000000000000000 ) ) ;
#901 = EDGE_CURVE ( 'NONE', #1281, #665, #7594, .T. ) ;
#902 = CARTESIAN_POINT ( 'NONE',  ( 3.170837810958699900, 5.403140747822455100, 11.50000000000000400 ) ) ;
#903 = CARTESIAN_POINT ( 'NONE',  ( -1.823699289575868100, 5.379931934282736500, 11.50000000000000000 ) ) ;
#904 = PLANE ( 'NONE',  #7694 ) ;
#906 = ORIENTED_EDGE ( 'NONE', *, *, #6013, .F. ) ;
#905 = DIRECTION ( 'NONE',  ( 1.000000000000000000, 0.0000000000000000000, 0.0000000000000000000 ) ) ;
#907 = CARTESIAN_POINT ( 'NONE',  ( -0.8033368802229291500, -13.35576194760048600, 11.49999999999999500 ) ) ;
#908 = DIRECTION ( 'NONE',  ( -1.000000000000000000, 0.0000000000000000000, -0.0000000000000000000 ) ) ;
#909 = CARTESIAN_POINT ( 'NONE',  ( -1.114491306930145600, 5.367434629106776700, 11.50000000000000400 ) ) ;
#910 = CARTESIAN_POINT ( 'NONE',  ( -1.213202862651837200, -16.80642456067303700, 11.50000000000000000 ) ) ;
#911 = CARTESIAN_POINT ( 'NONE',  ( -2.698677528893979300, 5.284104098121282800, 11.49999999999999800 ) ) ;
#912 = LINE ( 'NONE', #4219, #8284 ) ;
#913 = CARTESIAN_POINT ( 'NONE',  ( -3.647001642082515100, -16.29394119793624900, 11.50000000000000000 ) ) ;
#914 = EDGE_CURVE ( 'NONE', #3037, #2468, #2017, .T. ) ;
#915 = EDGE_LOOP ( 'NONE', ( #5911, #6531, #7709, #2130, #961, #6514, #6055, #783 ) ) ;
#916 = DIRECTION ( 'NONE',  ( -0.0000000000000000000, -0.0000000000000000000, 1.000000000000000000 ) ) ;
#917 = DIRECTION ( 'NONE',  ( -0.3225311624017392900, -0.9465588461790334100, 0.0000000000000000000 ) ) ;
#918 = ORIENTED_EDGE ( 'NONE', *, *, #6289, .F. ) ;
#919 = CARTESIAN_POINT ( 'NONE',  ( 1.958422231156919000, 6.610993985802451800, 11.50000000000000200 ) ) ;
#920 = CARTESIAN_POINT ( 'NONE',  ( 0.2702310933616239900, -14.14031162654895400, 11.50000000000000000 ) ) ;
#921 = VERTEX_POINT ( 'NONE', #3743 ) ;
#922 = DIRECTION ( 'NONE',  ( -1.000000000000000000, 0.0000000000000000000, -0.0000000000000000000 ) ) ;
#923 = B_SPLINE_CURVE_WITH_KNOTS ( 'NONE', 3,
 ( #1612, #4174, #8661, #1791, #2706, #3787, #7581, #4780, #1836, #4272, #7669, #3638, #5794, #808, #5636, #8910, #4332, #9107, #1455 ),
 .UNSPECIFIED., .F., .F.,
 ( 4, 1, 1, 1, 1, 1, 1, 1, 1, 1, 1, 1, 1, 1, 1, 1, 4 ),
 ( 0.0000000000000000000, 0.06729945192175856800, 0.1324084119225739100, 0.1956075679245726800, 0.2574134164795636200, 0.3175164342669273300, 0.3770757677786389400, 0.4358114770737936400, 0.4944043203396966100, 0.5532852179490663800, 0.6126529533375778500, 0.6729695542582290200, 0.7344886977347662200, 0.7978265325172404500, 0.8629648512241207000, 0.9303012643021825200, 1.000000000000000000 ),
 .UNSPECIFIED. ) ;
#924 = DIRECTION ( 'NONE',  ( 0.0000000000000000000, 0.0000000000000000000, 1.000000000000000000 ) ) ;
#925 = CARTESIAN_POINT ( 'NONE',  ( 0.9726026752076796200, -9.457627249035223100, 11.50000000000000200 ) ) ;
#926 = FACE_OUTER_BOUND ( 'NONE', #6056, .T. ) ;
#927 = ORIENTED_EDGE ( 'NONE', *, *, #4687, .F. ) ;
#928 = ADVANCED_FACE ( 'NONE', ( #7609 ), #7933, .F. ) ;
#929 = CARTESIAN_POINT ( 'NONE',  ( -0.4715881309652522600, -14.24187700469642000, 11.49999999999999500 ) ) ;
#930 = VERTEX_POINT ( 'NONE', #29 ) ;
#931 = DIRECTION ( 'NONE',  ( -1.000000000000000000, 0.0000000000000000000, -0.0000000000000000000 ) ) ;
#932 = CARTESIAN_POINT ( 'NONE',  ( 0.3153039832286343400, 4.675471698113203600, 11.49999999999999600 ) ) ;
#933 = CARTESIAN_POINT ( 'NONE',  ( -0.8361290322579412200, 9.006451612903223500, 11.50000000000000000 ) ) ;
#934 = CARTESIAN_POINT ( 'NONE',  ( 1.231354059182352200, -9.226374931909239400, 11.50000000000000000 ) ) ;
#935 = CARTESIAN_POINT ( 'NONE',  ( -1.329774016970141300, -16.63794837257539800, 11.49999999999999800 ) ) ;
#936 = CARTESIAN_POINT ( 'NONE',  ( -3.803007693760762200, -16.26142687676640400, 11.50000000000000200 ) ) ;
#937 = VECTOR ( 'NONE', #8711, 1000.000000000000000 ) ;
#938 = VERTEX_POINT ( 'NONE', #7479 ) ;
#939 = ORIENTED_EDGE ( 'NONE', *, *, #6325, .F. ) ;
#940 = ORIENTED_EDGE ( 'NONE', *, *, #4293, .T. ) ;
#941 = ORIENTED_EDGE ( 'NONE', *, *, #6878, .T. ) ;
#942 = AXIS2_PLACEMENT_3D ( 'NONE', #2460, #7735, #2014 ) ;
#943 = EDGE_CURVE ( 'NONE', #4720, #3564, #6102, .T. ) ;
#944 = CARTESIAN_POINT ( 'NONE',  ( -2.339181286549706600, -10.73274853801170200, 11.50000000000000000 ) ) ;
#945 = CARTESIAN_POINT ( 'NONE',  ( -3.557690120989305300, -17.09651172243366400, 11.49999999999999500 ) ) ;
#946 = CARTESIAN_POINT ( 'NONE',  ( 0.1374661296497805000, -16.64269024396654800, 11.49999999999999800 ) ) ;
#947 = ORIENTED_EDGE ( 'NONE', *, *, #6820, .T. ) ;
#948 = ORIENTED_EDGE ( 'NONE', *, *, #581, .T. ) ;
#949 = CARTESIAN_POINT ( 'NONE',  ( 2.336459746355729700, -10.04249107786866600, 11.49999999999999800 ) ) ;
#950 = VERTEX_POINT ( 'NONE', #3337 ) ;
#951 = CARTESIAN_POINT ( 'NONE',  ( 1.835250856538714900, 5.202522488835198200, 11.49999999999999600 ) ) ;
#952 = AXIS2_PLACEMENT_3D ( 'NONE', #6319, #6037, #2388 ) ;
#953 = ORIENTED_EDGE ( 'NONE', *, *, #6930, .F. ) ;
#954 = EDGE_CURVE ( 'NONE', #938, #1321, #2509, .T. ) ;
#955 = CARTESIAN_POINT ( 'NONE',  ( -8.700000000000018800, -24.69999999999999900, -9.500000000000000000 ) ) ;
#956 = B_SPLINE_CURVE_WITH_KNOTS ( 'NONE', 3,
 ( #3283, #8190, #3141, #4565, #984, #2088, #7081, #6550, #2379, #3817, #2126, #792, #7235, #6349, #2392, #1635, #2717, #1278, #4713, #5156, #8044, #769, #899, #7934, #5882, #6437, #8265, #4025, #8489, #7503, #6567, #907, #5283, #5453, #861, #8262, #3431, #2263, #5546, #3977, #6100, #5696, #7226 ),
 .UNSPECIFIED., .F., .F.,
 ( 4, 1, 1, 1, 1, 1, 1, 1, 1, 1, 1, 1, 1, 1, 1, 1, 1, 1, 1, 1, 1, 1, 1, 1, 1, 1, 1, 1, 1, 1, 1, 1, 1, 1, 1, 1, 1, 1, 1, 1, 4 ),
 ( 0.0000000000000000000, 0.03529066429589666800, 0.06921752136309189400, 0.1017993164581616500, 0.1332837489506004700, 0.1632920762072849200, 0.1919363885886649100, 0.2194859243789781800, 0.2456971053449943400, 0.2704356285919020700, 0.2939478247690413500, 0.3161283268536360100, 0.3370856319115512800, 0.3566808366638065700, 0.3750948304338773700, 0.3920497162169658300, 0.4077919324631859000, 0.4372079487251076000, 0.4648271449085691300, 0.4909146875391542400, 0.5152980464018064300, 0.5382323622049877100, 0.5596631351699396000, 0.5797434222116244500, 0.5986130804115501500, 0.6339262085316792500, 0.6666895738180765900, 0.6973205948121498100, 0.7267028934584933700, 0.7546252201674197300, 0.7808579197963403400, 0.8058045475389216100, 0.8298706209035087200, 0.8530529539663698200, 0.8747679089730892000, 0.8952094895264478500, 0.9148210310741162800, 0.9344068943965926400, 0.9550622178805098200, 0.9768934425481632400, 1.000000000000000000 ),
 .UNSPECIFIED. ) ;
#957 = CARTESIAN_POINT ( 'NONE',  ( 3.817115683345241100, -16.15652011943352300, 11.49999999999998900 ) ) ;
#958 = CARTESIAN_POINT ( 'NONE',  ( -3.474020951791870500, -11.30622113015083700, 11.49999999999999800 ) ) ;
#959 = ORIENTED_EDGE ( 'NONE', *, *, #6592, .T. ) ;
#960 = CARTESIAN_POINT ( 'NONE',  ( 3.469275564873172300, 4.967295597484272700, 11.50000000000000000 ) ) ;
#961 = ORIENTED_EDGE ( 'NONE', *, *, #7566, .T. ) ;
#962 = ORIENTED_EDGE ( 'NONE', *, *, #1198, .T. ) ;
#963 = DIRECTION ( 'NONE',  ( 1.000000000000000000, 0.0000000000000000000, 0.0000000000000000000 ) ) ;
#964 = CARTESIAN_POINT ( 'NONE',  ( 4.311589359383925800, -16.53741568349071000, 11.49999999999999800 ) ) ;
#965 = EDGE_CURVE ( 'NONE', #4415, #4402, #5155, .T. ) ;
#966 = CARTESIAN_POINT ( 'NONE',  ( 4.794919486817438100, 5.379874633727670400, 11.50000000000000000 ) ) ;
#967 = ORIENTED_EDGE ( 'NONE', *, *, #7608, .F. ) ;
#968 = DIRECTION ( 'NONE',  ( 1.000000000000000000, 0.0000000000000000000, 0.0000000000000000000 ) ) ;
#969 = LINE ( 'NONE', #130, #5431 ) ;
#970 = CARTESIAN_POINT ( 'NONE',  ( 0.5845795481016840000, 5.349685534591192700, 11.50000000000000000 ) ) ;
#971 = CARTESIAN_POINT ( 'NONE',  ( 6.397379542625474300, -0.7097228931188033200, 11.46447288981246600 ) ) ;
#972 = CARTESIAN_POINT ( 'NONE',  ( 0.9175941348889072900, -16.86836053252745100, 11.50000000000000200 ) ) ;
#973 = CARTESIAN_POINT ( 'NONE',  ( 0.4585612310078637200, -16.47758293532367400, 11.50000000000000400 ) ) ;
#974 = FACE_BOUND ( 'NONE', #318, .T. ) ;
#975 = CARTESIAN_POINT ( 'NONE',  ( 1.941520467836255200, 0.0000000000000000000, 11.50000000000000000 ) ) ;
#976 = CARTESIAN_POINT ( 'NONE',  ( -0.8178029814417135900, 5.375552185414179900, 11.50000000000000200 ) ) ;
#977 = EDGE_CURVE ( 'NONE', #2084, #5609, #1475, .T. ) ;
#978 = DIRECTION ( 'NONE',  ( 0.0000000000000000000, 1.000000000000000000, 0.0000000000000000000 ) ) ;
#979 = CARTESIAN_POINT ( 'NONE',  ( 2.191883637196079700, 5.395519809991864900, 11.50000000000000000 ) ) ;
#980 = CARTESIAN_POINT ( 'NONE',  ( 2.526070816011353000, 7.466230076079686000, 11.50000000000000200 ) ) ;
#981 = CARTESIAN_POINT ( 'NONE',  ( -3.264372501414385400, 5.300890217333297900, 11.50000000000000000 ) ) ;
#982 = CARTESIAN_POINT ( 'NONE',  ( -0.09063539409174904700, 10.47249071839838300, 11.50000000000000000 ) ) ;
#983 = ORIENTED_EDGE ( 'NONE', *, *, #2738, .F. ) ;
#984 = CARTESIAN_POINT ( 'NONE',  ( -1.201496671104349100, -14.44643348004681200, 11.50000000000000000 ) ) ;
#985 = CARTESIAN_POINT ( 'NONE',  ( -3.368704930750783300, 4.656508687664429000, 11.49999999999999600 ) ) ;
#986 = CARTESIAN_POINT ( 'NONE',  ( -1.081838024104560200, 4.637472651390943700, 11.50000000000000000 ) ) ;
#987 = CARTESIAN_POINT ( 'NONE',  ( -1.575777210752566300, -14.67981937357775200, 11.50000000000000000 ) ) ;
#988 = CALENDAR_DATE ( 2018, 24, 1 ) ;
#989 = ORIENTED_EDGE ( 'NONE', *, *, #1508, .F. ) ;
#990 = CARTESIAN_POINT ( 'NONE',  ( 2.323596552527492000, 4.599999999999996100, 11.50000000000000000 ) ) ;
#992 = FACE_BOUND ( 'NONE', #6258, .T. ) ;
#991 = CARTESIAN_POINT ( 'NONE',  ( 2.023718561799667400, 4.703451425604273000, 11.50000000000000400 ) ) ;
#993 = CARTESIAN_POINT ( 'NONE',  ( 2.092598010615002800, 5.319685680124306000, 11.50000000000000000 ) ) ;
#994 = CARTESIAN_POINT ( 'NONE',  ( -1.568199732287471400, -17.15534450584999200, 11.50000000000000200 ) ) ;
#995 = ORIENTED_EDGE ( 'NONE', *, *, #5648, .F. ) ;
#996 = CARTESIAN_POINT ( 'NONE',  ( -1.618201085053078600, -17.01441465763665700, 11.49999999999999600 ) ) ;
#997 = CARTESIAN_POINT ( 'NONE',  ( -2.838001207382832000, -16.33293213062733800, 11.50000000000000000 ) ) ;
#998 = LINE ( 'NONE', #2040, #4601 ) ;
#999 = CARTESIAN_POINT ( 'NONE',  ( 12.89999999999999500, -20.49999999999999600, 0.0000000000000000000 ) ) ;
#1000 = DIRECTION ( 'NONE',  ( 0.5026204573745310900, -0.8645071866841925700, 0.0000000000000000000 ) ) ;
#1001 = CARTESIAN_POINT ( 'NONE',  ( -2.917507957277250400, -17.15823168951685300, 11.50000000000000400 ) ) ;
#1002 =( BOUNDED_CURVE ( )  B_SPLINE_CURVE ( 3, ( #9123, #5739, #1489, #4758 ),
 .UNSPECIFIED., .F., .T. ) 
 B_SPLINE_CURVE_WITH_KNOTS ( ( 4, 4 ),
 ( 4.336808689942021200E-016, 1.044169055361152500 ),
 .UNSPECIFIED. ) 
 CURVE ( )  GEOMETRIC_REPRESENTATION_ITEM ( )  RATIONAL_B_SPLINE_CURVE ( ( 1.000000000000000000, 0.9111876897193858000, 0.9111876897193858000, 1.000000000000000000 ) ) 
 REPRESENTATION_ITEM ( '' )  );
#1003 = ORIENTED_EDGE ( 'NONE', *, *, #2749, .F. ) ;
#1004 = CARTESIAN_POINT ( 'NONE',  ( -4.479006440450452200, 4.705107758779213600, 11.50000000000000400 ) ) ;
#1005 = VERTEX_POINT ( 'NONE', #2681 ) ;
#1006 = B_SPLINE_CURVE_WITH_KNOTS ( 'NONE', 3,
 ( #6687, #7749, #3189, #3177, #7051, #4817, #6140, #8629, #79, #8969, #6163, #5183, #9188, #6809, #7505, #4205, #758, #1123, #8919 ),
 .UNSPECIFIED., .F., .F.,
 ( 4, 1, 1, 1, 1, 1, 1, 1, 1, 1, 1, 1, 1, 1, 1, 1, 4 ),
 ( 0.0000000000000000000, 0.05844178944850309000, 0.1153956587360663900, 0.1710768523219942100, 0.2265864694519846800, 0.2812034477213358800, 0.3362529132951012100, 0.3920790576355660500, 0.4481963411217265700, 0.5057472323014901000, 0.5662386671291266300, 0.6293539189824426400, 0.6954548192464442600, 0.7657517663549263700, 0.8396503377120540000, 0.9175819797773836500, 1.000000000000000000 ),
 .UNSPECIFIED. ) ;
#1007 = CARTESIAN_POINT ( 'NONE',  ( 2.191945190301717100, 5.395191560870037200, 11.50000000000000000 ) ) ;
#1008 = EDGE_CURVE ( 'NONE', #2688, #930, #5825, .T. ) ;
#1009 = VECTOR ( 'NONE', #2257, 1000.000000000000000 ) ;
#1010 = ORIENTED_EDGE ( 'NONE', *, *, #7452, .T. ) ;
#1011 = CARTESIAN_POINT ( 'NONE',  ( 2.193057862312342000, 5.394983079381424900, 11.50000000000000000 ) ) ;
#1012 = DIRECTION ( 'NONE',  ( 1.000000000000000000, 0.0000000000000000000, 0.0000000000000000000 ) ) ;
#1013 = CARTESIAN_POINT ( 'NONE',  ( -1.125730994152046400, -10.16257309941521000, 11.50000000000000000 ) ) ;
#1014 = VERTEX_POINT ( 'NONE', #3487 ) ;
#1015 = DIRECTION ( 'NONE',  ( 0.0000000000000000000, 0.0000000000000000000, 1.000000000000000000 ) ) ;
#1016 = CARTESIAN_POINT ( 'NONE',  ( 3.255666025830090700, -10.32367373669021400, 11.50000000000000200 ) ) ;
#1017 = EDGE_LOOP ( 'NONE', ( #1022, #7450, #7504, #6656 ) ) ;
#1018 = EDGE_CURVE ( 'NONE', #3328, #2752, #7049, .T. ) ;
#1019 = CARTESIAN_POINT ( 'NONE',  ( -4.169205683670968600, 4.670440251572321300, 11.50000000000000000 ) ) ;
#1020 = CARTESIAN_POINT ( 'NONE',  ( -1.434505728555328000, -17.15287214857576400, 11.50000000000000200 ) ) ;
#1021 = CARTESIAN_POINT ( 'NONE',  ( 2.129979035639536700, 5.193710691823895300, 11.50000000000000000 ) ) ;
#1022 = ORIENTED_EDGE ( 'NONE', *, *, #3498, .F. ) ;
#1023 = CARTESIAN_POINT ( 'NONE',  ( -0.3958283073959320000, 5.336153746923940000, 11.50000000000000000 ) ) ;
#1024 = CARTESIAN_POINT ( 'NONE',  ( -0.1612744685871631600, -14.53319157851522900, 11.50000000000000500 ) ) ;
#1025 = ORIENTED_EDGE ( 'NONE', *, *, #2222, .T. ) ;
#1026 = ORIENTED_EDGE ( 'NONE', *, *, #2879, .F. ) ;
#1027 = CARTESIAN_POINT ( 'NONE',  ( 0.4390500281036929200, -14.18053592469530600, 11.49999999999999800 ) ) ;
#1028 = CARTESIAN_POINT ( 'NONE',  ( 3.792219892848947000, 4.599999999999996100, 11.50000000000000000 ) ) ;
#1030 = VERTEX_POINT ( 'NONE', #7295 ) ;
#1029 = CARTESIAN_POINT ( 'NONE',  ( -3.939084830813405000, 4.682083664277772800, 11.49999999999999800 ) ) ;
#1031 = CIRCLE ( 'NONE', #3908, 0.6000000000000000900 ) ;
#1032 = CARTESIAN_POINT ( 'NONE',  ( 2.299989722258839500, -10.69609738524762000, 11.49999999999999800 ) ) ;
#1033 = EDGE_CURVE ( 'NONE', #3790, #6786, #7158, .T. ) ;
#1034 = FACE_OUTER_BOUND ( 'NONE', #4696, .T. ) ;
#1035 = CARTESIAN_POINT ( 'NONE',  ( 3.578947368421051300, -16.64889722408901600, 11.50000000000000000 ) ) ;
#1036 = CARTESIAN_POINT ( 'NONE',  ( 4.665154616956830800, 5.171048264991492600, 11.50000000000000400 ) ) ;
#1037 = ORIENTED_EDGE ( 'NONE', *, *, #867, .T. ) ;
#1038 = CARTESIAN_POINT ( 'NONE',  ( -2.339473163306846600, -10.09271528648347300, 11.49999999999999800 ) ) ;
#1039 = ADVANCED_FACE ( 'NONE', ( #2256 ), #2055, .F. ) ;
#1040 = VERTEX_POINT ( 'NONE', #5782 ) ;
#1041 = CARTESIAN_POINT ( 'NONE',  ( 2.185164351181876400, 5.390510312049421800, 11.49999999999999600 ) ) ;
#1042 = CARTESIAN_POINT ( 'NONE',  ( -5.899999999999999500, -1.574230079803004700, 11.50000000000000000 ) ) ;
#1043 = CARTESIAN_POINT ( 'NONE',  ( -3.278150400294359100, -16.94406688976774000, 11.50000000000000000 ) ) ;
#1044 = DIRECTION ( 'NONE',  ( 0.07124704998790969100, 0.0000000000000000000, -0.9974586998307349800 ) ) ;
#1045 = CARTESIAN_POINT ( 'NONE',  ( -0.2645332152595775100, -10.36939217113827600, 11.50000000000000200 ) ) ;
#1046 = ORIENTED_EDGE ( 'NONE', *, *, #1508, .T. ) ;
#1047 = DIRECTION ( 'NONE',  ( 0.0000000000000000000, -1.000000000000000000, 0.0000000000000000000 ) ) ;
#1048 = CARTESIAN_POINT ( 'NONE',  ( 1.865447137649690600, 5.401737915975973100, 11.50000000000000000 ) ) ;
#1049 = EDGE_CURVE ( 'NONE', #662, #4171, #352, .T. ) ;
#1050 = CARTESIAN_POINT ( 'NONE',  ( 0.3805468702612666000, 4.651589719891717300, 11.49999999999999600 ) ) ;
#1051 = CARTESIAN_POINT ( 'NONE',  ( 1.890686371970273800, 4.878249909022416700, 11.50000000000000200 ) ) ;
#1052 = CARTESIAN_POINT ( 'NONE',  ( -4.547123223852660000, 5.349685534591190000, 11.50000000000000000 ) ) ;
#1053 = CARTESIAN_POINT ( 'NONE',  ( -1.576988623307901300, -13.53130594865979000, 11.49999999999999800 ) ) ;
#1054 = VERTEX_POINT ( 'NONE', #2800 ) ;
#1055 = CARTESIAN_POINT ( 'NONE',  ( 0.6021791070383504300, -16.46871225260503700, 11.49999999999999300 ) ) ;
#1056 = ORIENTED_EDGE ( 'NONE', *, *, #5678, .F. ) ;
#1057 = CARTESIAN_POINT ( 'NONE',  ( 2.192359321390610700, 5.395049832662649300, 11.50000000000000000 ) ) ;
#1058 = CARTESIAN_POINT ( 'NONE',  ( -0.5235737182741981900, 4.769723075160629700, 11.50000000000000000 ) ) ;
#1059 = ORIENTED_EDGE ( 'NONE', *, *, #8219, .F. ) ;
#1060 = CARTESIAN_POINT ( 'NONE',  ( 0.1143674284595038300, -17.15187005526924900, 11.50000000000000000 ) ) ;
#1061 = CARTESIAN_POINT ( 'NONE',  ( -0.5436817920148784300, 4.699749200689447900, 11.49999999999999600 ) ) ;
#1062 = CARTESIAN_POINT ( 'NONE',  ( 1.562559915874143400, 4.619413202055677700, 11.50000000000000000 ) ) ;
#1063 = EDGE_LOOP ( 'NONE', ( #4363, #2270, #2534, #7812, #8172 ) ) ;
#1064 = CARTESIAN_POINT ( 'NONE',  ( -3.833775914278934900, 5.183647798742132600, 11.50000000000000000 ) ) ;
#1065 = CARTESIAN_POINT ( 'NONE',  ( -2.966558533221390200, -17.16321262445138600, 11.50000000000000500 ) ) ;
#1066 = ORIENTED_EDGE ( 'NONE', *, *, #8533, .T. ) ;
#1067 = EDGE_CURVE ( 'NONE', #5836, #3837, #5259, .T. ) ;
#1068 = CARTESIAN_POINT ( 'NONE',  ( -2.058543527754095300, 5.420466660159266100, 11.49999999999999800 ) ) ;
#1069 = CARTESIAN_POINT ( 'NONE',  ( -3.533267784248472300, -17.07192838129213200, 11.50000000000000000 ) ) ;
#1070 = VERTEX_POINT ( 'NONE', #7050 ) ;
#1071 = CARTESIAN_POINT ( 'NONE',  ( 2.966743790569463800, -11.42003932701939900, 11.49999999999999500 ) ) ;
#1072 = B_SPLINE_CURVE_WITH_KNOTS ( 'NONE', 3,
 ( #9022, #7067, #2941, #292, #8461, #3068, #1748, #3907, #8266, #1084, #3284, #6439, #5518, #1473, #6693 ),
 .UNSPECIFIED., .F., .F.,
 ( 4, 1, 1, 1, 1, 1, 1, 1, 1, 1, 1, 1, 4 ),
 ( 0.0000000000000000000, 0.07141093676219156800, 0.1391786071685330300, 0.2041068743753877700, 0.2678529366961306400, 0.3286703318510232300, 0.3901327780298524700, 0.4519494116990254700, 0.5155793659127354500, 0.6405779117598158200, 0.7594869498459238000, 0.8783160052613732100, 0.9999999999999998900 ),
 .UNSPECIFIED. ) ;
#1073 = CARTESIAN_POINT ( 'NONE',  ( -0.5400419287210515000, 4.675471698113203600, 11.50000000000000000 ) ) ;
#1074 = B_SPLINE_CURVE_WITH_KNOTS ( 'NONE', 3,
 ( #3764, #6067, #5216, #5472, #2489, #4525, #8079, #1088, #5420, #6851, #1821, #3032, #359, #4627, #7367, #3074, #8908, #7729, #586, #8195, #7155, #1565, #6645, #5026, #7447, #8361, #6022, #3563, #7088, #5088, #5194, #4900, #1324, #435 ),
 .UNSPECIFIED., .F., .F.,
 ( 4, 1, 1, 1, 1, 1, 1, 1, 1, 1, 1, 1, 1, 1, 1, 1, 1, 1, 1, 1, 1, 1, 1, 1, 1, 1, 1, 1, 1, 1, 1, 4 ),
 ( 0.5000000000008487700, 0.5107438277866780400, 0.5264771951042506200, 0.5430052964863746300, 0.5602367187106345200, 0.5787384598694337300, 0.5987970558513962000, 0.6202896402161479600, 0.6420927214271712200, 0.6625684932390784000, 0.6818077374272424300, 0.7000788760262077700, 0.7175653263864726400, 0.7344457961612482800, 0.7507007750046473800, 0.7665352717663791400, 0.7820579789568207200, 0.7968812612204376800, 0.8114285596290395900, 0.8259114226179495900, 0.8402445498910846600, 0.8548943554871431000, 0.8699645982135637600, 0.8856025627274085600, 0.9013168958200659100, 0.9162766775890866000, 0.9308342591976590500, 0.9448826638149712100, 0.9587963833062933500, 0.9724230230806277800, 0.9862603497744669700, 1.000000000000000000 ),
 .UNSPECIFIED. ) ;
#1075 = VECTOR ( 'NONE', #6158, 1000.000000000000200 ) ;
#1076 = CARTESIAN_POINT ( 'NONE',  ( -3.162181144829869800, -16.47831191446757500, 11.49999999999999800 ) ) ;
#1077 = VERTEX_POINT ( 'NONE', #4943 ) ;
#1078 = DIRECTION ( 'NONE',  ( 0.0000000000000000000, 1.000000000000000000, 0.0000000000000000000 ) ) ;
#1079 = B_SPLINE_CURVE_WITH_KNOTS ( 'NONE', 3,
 ( #4215, #3686, #1695, #681, #6834, #8061, #583, #7764, #307, #3781, #4513, #7383, #8094, #8822, #275, #994, #2422, #4575, #303, #5281, #1020, #6722, #5348, #2777, #5832, #1547, #2277, #7258, #2985, #8710, #159, #880, #2310, #1578, #8740, #190, #1608, #910, #7328, #8046, #8770, #4493, #221, #5207, #935, #5915, #1637 ),
 .UNSPECIFIED., .F., .F.,
 ( 4, 1, 1, 1, 1, 1, 1, 1, 1, 1, 1, 1, 1, 1, 1, 1, 1, 1, 1, 1, 1, 1, 1, 1, 1, 1, 1, 1, 1, 1, 1, 1, 1, 1, 1, 1, 1, 1, 1, 1, 1, 1, 1, 1, 4 ),
 ( 0.0000000000000000000, 0.02607101457328031600, 0.05099196985569931500, 0.07502209870245479800, 0.09805714832568834800, 0.1204291944221882500, 0.1424476801701770600, 0.1641285193382243700, 0.1856781976278154600, 0.2071652758076842900, 0.2280842674579758300, 0.2490638213924868400, 0.2700992960497418100, 0.2910900460469204600, 0.3124762899644563100, 0.3343032945574170300, 0.3566494207220687300, 0.3791304222330085200, 0.4010219169836877200, 0.4226477799596635200, 0.4439937035597192300, 0.4654567122950118400, 0.4872240732800879900, 0.5092318858129455400, 0.5318877853780688000, 0.5544654259889123500, 0.5765052426610255400, 0.5980672738769892100, 0.6197741058014786300, 0.6412261649524817500, 0.6631226676433326100, 0.6854919130329977200, 0.7084793146789185600, 0.7314271616245331400, 0.7530320099683660600, 0.7735754952373312700, 0.7930045472701454700, 0.8116099565022777400, 0.8295292144259826000, 0.8469835327793828700, 0.8640200493391300100, 0.8974376813611872900, 0.9307294602987613600, 0.9646167275455022100, 1.000000000000000000 ),
 .UNSPECIFIED. ) ;
#1080 = CARTESIAN_POINT ( 'NONE',  ( -1.439746842597790200, -13.63148038979828400, 11.50000000000000000 ) ) ;
#1081 = DIRECTION ( 'NONE',  ( 1.000000000000000000, 0.0000000000000000000, 0.0000000000000000000 ) ) ;
#1082 = DIRECTION ( 'NONE',  ( 0.2553911228370326400, -0.9668378221687645700, 0.0000000000000000000 ) ) ;
#1083 = EDGE_LOOP ( 'NONE', ( #4334, #3660, #15, #4313 ) ) ;
#1084 = CARTESIAN_POINT ( 'NONE',  ( 0.8574608096524152200, -16.31355821607228100, 11.50000000000000000 ) ) ;
#1085 = EDGE_CURVE ( 'NONE', #628, #1438, #3804, .T. ) ;
#1086 = B_SPLINE_CURVE_WITH_KNOTS ( 'NONE', 3,
 ( #2730, #4044, #7341, #4200, #7404, #5242, #1043, #2286, #3806, #7464, #529, #4228, #6537, #7256, #7743, #8425, #597, #567, #7904 ),
 .UNSPECIFIED., .F., .F.,
 ( 4, 1, 1, 1, 1, 1, 1, 1, 1, 1, 1, 1, 1, 1, 1, 1, 4 ),
 ( 0.0000000000000000000, 0.09180543258488471600, 0.1776578561766544200, 0.2575278776111407100, 0.3314770923342614800, 0.4009311855928070500, 0.4656630497901206300, 0.5266061250041137500, 0.5850823529092557000, 0.6409512589250933000, 0.6943874905773111900, 0.7464004017341878700, 0.7967049218903181600, 0.8469816701465907600, 0.8970034821437108400, 0.9478179876629263500, 1.000000000000000000 ),
 .UNSPECIFIED. ) ;
#1087 = CARTESIAN_POINT ( 'NONE',  ( 2.416523572427674300, 9.516495934104714400, 11.50000000000000400 ) ) ;
#1088 = CARTESIAN_POINT ( 'NONE',  ( -0.4108617019970897100, -10.80687636770449000, 11.50000000000000500 ) ) ;
#1089 = VERTEX_POINT ( 'NONE', #4010 ) ;
#1090 = CARTESIAN_POINT ( 'NONE',  ( 7.355964699739569600, -4.712414885770650500, 11.50000000000000000 ) ) ;
#1091 = VERTEX_POINT ( 'NONE', #379 ) ;
#1092 = CARTESIAN_POINT ( 'NONE',  ( -3.227090288975258400, -10.04312736922125500, 11.49999999999999600 ) ) ;
#1093 = CARTESIAN_POINT ( 'NONE',  ( -3.419576129833036500, 4.599804870564745400, 11.49999999999999800 ) ) ;
#1094 = CARTESIAN_POINT ( 'NONE',  ( -0.3157894736842116700, -16.80397627975286700, 11.50000000000000000 ) ) ;
#1095 = EDGE_CURVE ( 'NONE', #5440, #3788, #1906, .T. ) ;
#1096 = CARTESIAN_POINT ( 'NONE',  ( -4.010070747157685700, -17.01083010132775500, 11.50000000000000200 ) ) ;
#1097 = CARTESIAN_POINT ( 'NONE',  ( 3.312368972746454700, 5.349685534591191800, 11.50000000000000000 ) ) ;
#1098 = ORIENTED_EDGE ( 'NONE', *, *, #1322, .F. ) ;
#1099 = CARTESIAN_POINT ( 'NONE',  ( -4.008249098426645700, 4.801986009294464200, 11.50000000000000200 ) ) ;
#1100 = CARTESIAN_POINT ( 'NONE',  ( 0.0000000000000000000, -16.68398494338725900, 11.50000000000000000 ) ) ;
#1101 = CARTESIAN_POINT ( 'NONE',  ( 3.713450292397659300, -16.64889722408901600, 11.50000000000000000 ) ) ;
#1102 = CARTESIAN_POINT ( 'NONE',  ( -4.298245614035086400, 0.0000000000000000000, 11.50000000000000000 ) ) ;
#1103 = CARTESIAN_POINT ( 'NONE',  ( 0.6597320756745327400, -10.96150916593656000, 11.50000000000000200 ) ) ;
#1104 = VECTOR ( 'NONE', #5250, 1000.000000000000000 ) ;
#1105 = ORIENTED_EDGE ( 'NONE', *, *, #7036, .F. ) ;
#1106 = CARTESIAN_POINT ( 'NONE',  ( -1.068387096774070100, 10.82580645161290000, 11.50000000000000000 ) ) ;
#1107 = CARTESIAN_POINT ( 'NONE',  ( -0.4427368634039037800, -13.61602177438598600, 11.50000000000000000 ) ) ;
#1108 = CYLINDRICAL_SURFACE ( 'NONE', #4776, 0.6000000000000000900 ) ;
#1109 = B_SPLINE_CURVE_WITH_KNOTS ( 'NONE', 3,
 ( #2426, #5260, #6977, #1788, #6375, #9236, #1657 ),
 .UNSPECIFIED., .F., .F.,
 ( 4, 1, 1, 1, 4 ),
 ( 0.0000000000000000000, 0.1992138518497275100, 0.4220189425125274700, 0.6883465721497399300, 1.000000000000000000 ),
 .UNSPECIFIED. ) ;
#1110 = VERTEX_POINT ( 'NONE', #4118 ) ;
#1111 = CARTESIAN_POINT ( 'NONE',  ( -2.297934719605903000, 4.659396258046688100, 11.50000000000000000 ) ) ;
#1112 = ADVANCED_FACE ( 'NONE', ( #1229 ), #4008, .T. ) ;
#1113 = CARTESIAN_POINT ( 'NONE',  ( 3.396122904306403200, 5.269228569600759500, 11.50000000000000000 ) ) ;
#1114 = CARTESIAN_POINT ( 'NONE',  ( -0.8886392051402171000, 11.04105640395216300, 11.50000000000000200 ) ) ;
#1115 = CARTESIAN_POINT ( 'NONE',  ( 1.906365616509656100, 4.761489846102899800, 11.49999999999999800 ) ) ;
#1116 = CARTESIAN_POINT ( 'NONE',  ( 3.314418821337183500, 5.399999999999995900, 11.50000000000000000 ) ) ;
#1117 = CARTESIAN_POINT ( 'NONE',  ( 0.5026204573745320900, 0.4922211961479792100, 11.00000000000000000 ) ) ;
#1118 = AXIS2_PLACEMENT_3D ( 'NONE', #3371, #4727, #835 ) ;
#1119 =( NAMED_UNIT ( * ) PLANE_ANGLE_UNIT ( ) SI_UNIT ( $, .RADIAN. ) );
#1120 = EDGE_CURVE ( 'NONE', #8078, #51, #6695, .T. ) ;
#1121 = CARTESIAN_POINT ( 'NONE',  ( 0.5026204573745319800, 0.4922211961479791000, 11.00000000000000000 ) ) ;
#1122 = VERTEX_POINT ( 'NONE', #6708 ) ;
#1123 = CARTESIAN_POINT ( 'NONE',  ( 0.1267663146306268200, -9.813744116416156500, 11.50000000000000200 ) ) ;
#1124 = CARTESIAN_POINT ( 'NONE',  ( 4.393751905555507000, -17.15083050666703800, 11.50000000000000200 ) ) ;
#1125 = CARTESIAN_POINT ( 'NONE',  ( 3.578947368421051300, -17.15182120069719900, 11.50000000000000000 ) ) ;
#1126 = CARTESIAN_POINT ( 'NONE',  ( -3.175438596491228600, -16.67228903695451000, 11.49999999999999800 ) ) ;
#1127 = CARTESIAN_POINT ( 'NONE',  ( -2.012903225806328400, 8.632258064516126000, 11.50000000000000200 ) ) ;
#1128 = CARTESIAN_POINT ( 'NONE',  ( -1.344725818533138300, -16.38286634003494100, 11.50000000000000400 ) ) ;
#1129 = CARTESIAN_POINT ( 'NONE',  ( -4.473887724202066700, 5.254088050314459600, 11.50000000000000000 ) ) ;
#1130 = FACE_OUTER_BOUND ( 'NONE', #2703, .T. ) ;
#1131 = ORIENTED_EDGE ( 'NONE', *, *, #408, .T. ) ;
#1132 = CARTESIAN_POINT ( 'NONE',  ( -8.992893218813472700, -24.40710678118654500, -9.500000000000000000 ) ) ;
#1133 = B_SPLINE_CURVE_WITH_KNOTS ( 'NONE', 3,
 ( #5329, #2851, #7396, #8522, #5505, #9057, #3330, #8166, #740, #2092, #925, #70, #8716, #5845, #5408, #4691, #7936, #6116, #266, #5391, #3893, #6736, #1708, #4207, #2171, #5925, #4364, #2815, #4224, #4390, #9092, #4648, #1103, #9013, #7129, #7104, #4329, #7336, #545, #2447, #8844, #8257, #7660, #2860, #3314, #2605, #8107 ),
 .UNSPECIFIED., .F., .F.,
 ( 4, 1, 1, 1, 1, 1, 1, 1, 1, 1, 1, 1, 1, 1, 1, 1, 1, 1, 1, 1, 1, 1, 1, 1, 1, 1, 1, 1, 1, 1, 1, 1, 1, 1, 1, 1, 1, 1, 1, 1, 1, 1, 1, 1, 4 ),
 ( 0.0000000000000000000, 0.02963892207519935900, 0.05714030079054555100, 0.08300234533215822300, 0.1076886911870668100, 0.1315524488387642700, 0.1545151111224365400, 0.1765068983383412100, 0.1984071553879339600, 0.2196847321607587900, 0.2399441772601824700, 0.2601301533804089000, 0.2809126247152025100, 0.3016315155435758100, 0.3216519428165259800, 0.3414556878968543200, 0.3619113097211453800, 0.3838397705906015900, 0.4078984753428996900, 0.4347853230820396500, 0.4647409664058302900, 0.4815721689929924900, 0.5006819433071872900, 0.5219684560147954700, 0.5454536628249511100, 0.5711977834941259800, 0.5992655548299953300, 0.6295781612789314000, 0.6621137017316254300, 0.6948132236587982700, 0.7256112983403301100, 0.7545119634061043800, 0.7815042596847240300, 0.8065106399309811500, 0.8296326936272432300, 0.8507842089976627200, 0.8701951375466660000, 0.8881842029161345400, 0.9053593343801751300, 0.9219207305054280000, 0.9379466872220798600, 0.9536799795452285400, 0.9691358368967421000, 0.9844712571607970900, 1.000000000000000000 ),
 .UNSPECIFIED. ) ;
#1134 = ORIENTED_EDGE ( 'NONE', *, *, #1827, .F. ) ;
#1135 = CARTESIAN_POINT ( 'NONE',  ( -2.340037200470835600, -10.04247514154214300, 11.49999999999999600 ) ) ;
#1136 = AXIS2_PLACEMENT_3D ( 'NONE', #3988, #8519, #7191 ) ;
#1137 = EDGE_CURVE ( 'NONE', #1498, #8958, #3332, .T. ) ;
#1138 = CARTESIAN_POINT ( 'NONE',  ( -0.9538549395634352600, -13.83379826025936200, 11.50000000000000200 ) ) ;
#1139 = CARTESIAN_POINT ( 'NONE',  ( 0.3292802236199688400, 4.776100628930813700, 11.50000000000000000 ) ) ;
#1140 = PLANE ( 'NONE',  #9254 ) ;
#1141 = CARTESIAN_POINT ( 'NONE',  ( -0.1757500757024069700, -16.93397792507060700, 11.49999999999999800 ) ) ;
#1142 = CARTESIAN_POINT ( 'NONE',  ( -0.09399295039936464400, -10.85748238738948000, 11.50000000000000400 ) ) ;
#1143 = B_SPLINE_CURVE_WITH_KNOTS ( 'NONE', 3,
 ( #8443, #8900, #2995, #3111, #6988 ),
 .UNSPECIFIED., .F., .F.,
 ( 4, 1, 4 ),
 ( 0.0000000000000000000, 0.4567150803066910600, 1.000000000000000000 ),
 .UNSPECIFIED. ) ;
#1144 = CARTESIAN_POINT ( 'NONE',  ( -3.613116948446230700, -16.16873847742770600, 11.50000000000000400 ) ) ;
#1145 = CARTESIAN_POINT ( 'NONE',  ( 6.899999999999999500, -1.574230079803000900, 11.00000000000000000 ) ) ;
#1146 = CARTESIAN_POINT ( 'NONE',  ( -2.674712403602912000, -16.80646153504028800, 11.50000000000000000 ) ) ;
#1147 = ORIENTED_EDGE ( 'NONE', *, *, #8807, .T. ) ;
#1148 = EDGE_CURVE ( 'NONE', #7023, #164, #4978, .T. ) ;
#1149 = CARTESIAN_POINT ( 'NONE',  ( -3.611111111111110700, -10.55730994152047400, 11.50000000000000000 ) ) ;
#1150 = CARTESIAN_POINT ( 'NONE',  ( -1.425053349888996100, -13.59408567060078000, 11.49999999999999800 ) ) ;
#1151 = PERSON_AND_ORGANIZATION_ROLE ( 'design_owner' ) ;
#1152 = CARTESIAN_POINT ( 'NONE',  ( 0.2684557197441218600, -16.60881783523438000, 11.49999999999999800 ) ) ;
#1153 = ORIENTED_EDGE ( 'NONE', *, *, #5966, .T. ) ;
#1154 = CARTESIAN_POINT ( 'NONE',  ( -4.075388355742492600, -16.71364662546824700, 11.50000000000000400 ) ) ;
#1155 = B_SPLINE_CURVE_WITH_KNOTS ( 'NONE', 3,
 ( #1157, #842, #2779, #9127, #229 ),
 .UNSPECIFIED., .F., .F.,
 ( 4, 1, 4 ),
 ( 0.0000000000000000000, 0.5048159491876200700, 1.000000000000000000 ),
 .UNSPECIFIED. ) ;
#1156 = CARTESIAN_POINT ( 'NONE',  ( 0.7486924649269350900, -17.16326289139290000, 11.50000000000000400 ) ) ;
#1157 = CARTESIAN_POINT ( 'NONE',  ( 0.1446075005824660800, 4.735849056603770500, 11.50000000000000500 ) ) ;
#1158 = EDGE_CURVE ( 'NONE', #1652, #8065, #956, .T. ) ;
#1159 = CARTESIAN_POINT ( 'NONE',  ( 2.476619043304112200, 5.320689232488653900, 11.49999999999999600 ) ) ;
#1160 = ORIENTED_EDGE ( 'NONE', *, *, #3031, .T. ) ;
#1161 = VECTOR ( 'NONE', #7322, 1000.000000000000000 ) ;
#1162 = CARTESIAN_POINT ( 'NONE',  ( -2.339181286549706600, -10.11871345029240200, 11.50000000000000000 ) ) ;
#1163 = VERTEX_POINT ( 'NONE', #5685 ) ;
#1164 = CARTESIAN_POINT ( 'NONE',  ( -1.785828467779488900, 10.65863736283491100, 11.49999999999999600 ) ) ;
#1165 = ORIENTED_EDGE ( 'NONE', *, *, #473, .F. ) ;
#1166 = CARTESIAN_POINT ( 'NONE',  ( -1.948273743216184500, 8.526879455510762500, 11.49999999999999500 ) ) ;
#1167 = VERTEX_POINT ( 'NONE', #2845 ) ;
#1168 = EDGE_CURVE ( 'NONE', #5717, #7750, #7805, .T. ) ;
#1169 = ORIENTED_EDGE ( 'NONE', *, *, #8198, .T. ) ;
#1170 = CARTESIAN_POINT ( 'NONE',  ( -3.300466901065496600, -11.53786435142602000, 11.49999999999999600 ) ) ;
#1171 = CARTESIAN_POINT ( 'NONE',  ( 4.217159893436418700, 4.687931195007627700, 11.50000000000000000 ) ) ;
#1172 = PLANE ( 'NONE',  #4830 ) ;
#1173 = ORIENTED_EDGE ( 'NONE', *, *, #4977, .F. ) ;
#1174 = CARTESIAN_POINT ( 'NONE',  ( -1.931025016521504400, 5.045022202491280100, 11.50000000000000400 ) ) ;
#1175 = CARTESIAN_POINT ( 'NONE',  ( -1.671300159615479300, -16.35485043551171100, 11.50000000000000500 ) ) ;
#1176 =( LENGTH_UNIT ( ) NAMED_UNIT ( * ) SI_UNIT ( .MILLI., .METRE. ) );
#1177 = CARTESIAN_POINT ( 'NONE',  ( -4.385744234800714700, 5.410062893081755100, 11.50000000000000000 ) ) ;
#1178 = CARTESIAN_POINT ( 'NONE',  ( 4.192308284770460200, -16.68680707244574500, 11.50000000000000000 ) ) ;
#1179 = ORIENTED_EDGE ( 'NONE', *, *, #1953, .T. ) ;
#1180 = ORIENTED_EDGE ( 'NONE', *, *, #5258, .F. ) ;
#1181 = CARTESIAN_POINT ( 'NONE',  ( 0.0000000000000000000, 20.49999999999999600, 11.50000000000000000 ) ) ;
#1182 = CARTESIAN_POINT ( 'NONE',  ( -3.844584206848233900, 5.329559748427668000, 11.50000000000000200 ) ) ;
#1183 = AXIS2_PLACEMENT_3D ( 'NONE', #2477, #2241, #4371 ) ;
#1184 = ORIENTED_EDGE ( 'NONE', *, *, #2303, .T. ) ;
#1185 = DIRECTION ( 'NONE',  ( 0.0000000000000000000, 1.000000000000000000, 0.0000000000000000000 ) ) ;
#1186 = EDGE_CURVE ( 'NONE', #7497, #1670, #7307, .T. ) ;
#1187 = CARTESIAN_POINT ( 'NONE',  ( -4.367858042287658700, 5.411319760123998200, 11.50000000000000000 ) ) ;
#1188 = CARTESIAN_POINT ( 'NONE',  ( -4.179092870702755000, 4.688036094393655900, 11.50000000000000000 ) ) ;
#1189 = CARTESIAN_POINT ( 'NONE',  ( -1.395601717185733600, -13.54346704161074500, 11.50000000000000200 ) ) ;
#1190 = CARTESIAN_POINT ( 'NONE',  ( 0.7836257309941512300, -16.57872178549252600, 11.50000000000000200 ) ) ;
#1191 = CARTESIAN_POINT ( 'NONE',  ( 0.7769134085018041300, 11.15464109124387400, 11.50000000000000000 ) ) ;
#1192 = LINE ( 'NONE', #2741, #5625 ) ;
#1193 = ORIENTED_EDGE ( 'NONE', *, *, #7036, .T. ) ;
#1194 = CARTESIAN_POINT ( 'NONE',  ( -0.4824561403508770800, -13.90981156595192300, 11.50000000000000000 ) ) ;
#1195 = CARTESIAN_POINT ( 'NONE',  ( -8.285786437626924800, -24.69999999999999900, 11.50000000000000000 ) ) ;
#1196 = CARTESIAN_POINT ( 'NONE',  ( -0.2637416274059712900, -13.32423120543535500, 11.50000000000000200 ) ) ;
#1197 = CARTESIAN_POINT ( 'NONE',  ( 3.054682416717883900, -9.235177678858372400, 11.50000000000000200 ) ) ;
#1198 = EDGE_CURVE ( 'NONE', #3561, #1581, #7239, .T. ) ;
#1199 = CARTESIAN_POINT ( 'NONE',  ( 0.4975926750444229500, -16.25671843792684300, 11.49999999999999600 ) ) ;
#1200 = CARTESIAN_POINT ( 'NONE',  ( -2.435173453555109700, 5.402940363979976000, 11.50000000000000400 ) ) ;
#1201 = EDGE_LOOP ( 'NONE', ( #7193, #1378, #2428, #136, #3104, #948 ) ) ;
#1202 = CARTESIAN_POINT ( 'NONE',  ( 1.284353481374933800, 4.695834060024894000, 11.50000000000000000 ) ) ;
#1203 = CARTESIAN_POINT ( 'NONE',  ( -0.4913411529957922300, 4.651544178238953700, 11.49999999999999600 ) ) ;
#1204 = CARTESIAN_POINT ( 'NONE',  ( -0.9873519553155185600, 4.826089273938037200, 11.49999999999999800 ) ) ;
#1205 = CARTESIAN_POINT ( 'NONE',  ( 4.139203354297817900, 5.399999999999995900, 11.50000000000000000 ) ) ;
#1206 = CARTESIAN_POINT ( 'NONE',  ( 4.365274812566465100, -16.50809479033257100, 11.49999999999999800 ) ) ;
#1207 = EDGE_CURVE ( 'NONE', #733, #3428, #5792, .T. ) ;
#1208 = CARTESIAN_POINT ( 'NONE',  ( -3.145093396237109900, -16.40513920915039100, 11.50000000000000000 ) ) ;
#1209 = DATE_AND_TIME ( #3091, #5015 ) ;
#1210 = CARTESIAN_POINT ( 'NONE',  ( 0.7368421052631570800, -16.25708435859193600, 11.50000000000000000 ) ) ;
#1211 = LINE ( 'NONE', #3592, #3092 ) ;
#1212 = CARTESIAN_POINT ( 'NONE',  ( -2.637419354838586500, 6.776774193548384100, 11.50000000000000000 ) ) ;
#1213 = ORIENTED_EDGE ( 'NONE', *, *, #6265, .F. ) ;
#1214 = CARTESIAN_POINT ( 'NONE',  ( 0.0000000000000000000, -14.75614035087719400, 11.50000000000000000 ) ) ;
#1215 = VECTOR ( 'NONE', #7690, 1000.000000000000000 ) ;
#1216 = ORIENTED_EDGE ( 'NONE', *, *, #8864, .T. ) ;
#1217 = CARTESIAN_POINT ( 'NONE',  ( 0.0000000000000000000, 5.193710691823895300, 11.50000000000000000 ) ) ;
#1218 = CARTESIAN_POINT ( 'NONE',  ( -1.969439772718923500, 8.814418202935586400, 11.50000000000000000 ) ) ;
#1219 = VERTEX_POINT ( 'NONE', #3848 ) ;
#1220 = VERTEX_POINT ( 'NONE', #2412 ) ;
#1221 = DIRECTION ( 'NONE',  ( -0.0000000000000000000, 0.0000000000000000000, 1.000000000000000000 ) ) ;
#1222 = CARTESIAN_POINT ( 'NONE',  ( 4.308595387840795400, 5.410062893081756900, 11.50000000000000000 ) ) ;
#1223 = DIRECTION ( 'NONE',  ( 0.0000000000000000000, 0.0000000000000000000, 1.000000000000000000 ) ) ;
#1224 = B_SPLINE_CURVE_WITH_KNOTS ( 'NONE', 3,
 ( #3794, #857, #38, #3193, #3369, #7681, #2691, #8276, #5688, #3060, #8067, #6089, #715, #8226, #2032, #1218, #1875, #8343, #3954 ),
 .UNSPECIFIED., .F., .F.,
 ( 4, 1, 1, 1, 1, 1, 1, 1, 1, 1, 1, 1, 1, 1, 1, 1, 4 ),
 ( 0.0000000000000000000, 0.08176221908826397700, 0.1561005148365743900, 0.2224246997770421600, 0.2813306649654486700, 0.3320109204036338900, 0.3755881385285824200, 0.4117837731751850000, 0.4400547753241181900, 0.4932206883363111600, 0.5562182079921154100, 0.6322197987118525200, 0.7207706310797845600, 0.8095034641515743700, 0.8846690653067441600, 0.9479327803494511700, 1.000000000000000000 ),
 .UNSPECIFIED. ) ;
#1225 = VECTOR ( 'NONE', #3408, 1000.000000000000000 ) ;
#1226 = CARTESIAN_POINT ( 'NONE',  ( 4.842525052965789300, 5.341427795297505600, 11.50000000000000000 ) ) ;
#1227 = CARTESIAN_POINT ( 'NONE',  ( -0.1345029239766093200, -16.99695873589321200, 11.50000000000000000 ) ) ;
#1228 = CARTESIAN_POINT ( 'NONE',  ( 1.565711623573382300, 4.836477987421380600, 11.50000000000000000 ) ) ;
#1229 = FACE_OUTER_BOUND ( 'NONE', #3266, .T. ) ;
#1230 = ORIENTED_EDGE ( 'NONE', *, *, #9001, .F. ) ;
#1231 = CARTESIAN_POINT ( 'NONE',  ( 0.2698852549872384200, -14.14697759944783300, 11.50000000000000200 ) ) ;
#1232 = LINE ( 'NONE', #2144, #3335 ) ;
#1233 = CARTESIAN_POINT ( 'NONE',  ( -2.004798633384657200, -10.77736016658468000, 11.50000000000000000 ) ) ;
#1234 = CARTESIAN_POINT ( 'NONE',  ( 0.0000000000000000000, 0.0000000000000000000, 11.50000000000000000 ) ) ;
#1235 = DIRECTION ( 'NONE',  ( -1.000000000000000000, 0.0000000000000000000, -0.0000000000000000000 ) ) ;
#1236 = EDGE_CURVE ( 'NONE', #2453, #2827, #4532, .T. ) ;
#1237 = CARTESIAN_POINT ( 'NONE',  ( -0.4269005847953228900, -16.68398494338725900, 11.50000000000000000 ) ) ;
#1238 = ORIENTED_EDGE ( 'NONE', *, *, #165, .F. ) ;
#1239 = CARTESIAN_POINT ( 'NONE',  ( -0.1300971089169271600, -14.75150813316111400, 11.50000000000000400 ) ) ;
#1240 = CARTESIAN_POINT ( 'NONE',  ( -0.5400419287210515000, 4.675471698113203600, 11.50000000000000000 ) ) ;
#1242 = EDGE_LOOP ( 'NONE', ( #3642, #8435, #4785, #2499 ) ) ;
#1241 = CARTESIAN_POINT ( 'NONE',  ( -3.924094333546707800, 4.668450901598326700, 11.49999999999999600 ) ) ;
#1243 = CARTESIAN_POINT ( 'NONE',  ( 3.690678012134945600, 4.968250158392008200, 11.50000000000000200 ) ) ;
#1244 = EDGE_LOOP ( 'NONE', ( #273, #3931, #1458 ) ) ;
#1245 = AXIS2_PLACEMENT_3D ( 'NONE', #7606, #4922, #5628 ) ;
#1246 = CARTESIAN_POINT ( 'NONE',  ( -0.6593570335752339000, 10.71064421590021900, 11.49999999999999600 ) ) ;
#1247 = EDGE_CURVE ( 'NONE', #2367, #4051, #216, .T. ) ;
#1248 = ORIENTED_EDGE ( 'NONE', *, *, #3924, .T. ) ;
#1249 = FACE_BOUND ( 'NONE', #730, .T. ) ;
#1250 = CARTESIAN_POINT ( 'NONE',  ( 2.246054914734914900, 12.36883493472026000, 11.49999999999999800 ) ) ;
#1251 = CARTESIAN_POINT ( 'NONE',  ( -1.259130976963408900, 5.317830744960160900, 11.49999999999999800 ) ) ;
#1252 = PLANE ( 'NONE',  #1700 ) ;
#1253 = CARTESIAN_POINT ( 'NONE',  ( 0.3843700734154317800, -13.54187437994217400, 11.49999999999999600 ) ) ;
#1254 = CARTESIAN_POINT ( 'NONE',  ( -2.132544325017376300, 4.704197562720203500, 11.50000000000000400 ) ) ;
#1255 = VERTEX_POINT ( 'NONE', #3373 ) ;
#1256 = CARTESIAN_POINT ( 'NONE',  ( -2.678362573099415400, -16.50854634689603300, 11.50000000000000000 ) ) ;
#1257 = VERTEX_POINT ( 'NONE', #1705 ) ;
#1258 = B_SPLINE_CURVE_WITH_KNOTS ( 'NONE', 3,
 ( #1899, #247, #285, #902, #8732, #1703, #8853 ),
 .UNSPECIFIED., .F., .F.,
 ( 4, 1, 1, 1, 4 ),
 ( 0.0000000000000000000, 0.2474070473126531700, 0.4862283073529909400, 0.7337686591508547600, 1.000000000000000000 ),
 .UNSPECIFIED. ) ;
#1259 = CARTESIAN_POINT ( 'NONE',  ( -3.106237848236198800, -16.32537857407525600, 11.50000000000000000 ) ) ;
#1260 = CARTESIAN_POINT ( 'NONE',  ( -3.156365281369376800, -11.20723729367134100, 11.50000000000000200 ) ) ;
#1261 = ORIENTED_EDGE ( 'NONE', *, *, #7952, .T. ) ;
#1262 = LINE ( 'NONE', #8164, #7956 ) ;
#1263 = EDGE_CURVE ( 'NONE', #2956, #4903, #6747, .T. ) ;
#1264 = VERTEX_POINT ( 'NONE', #3589 ) ;
#1265 = CARTESIAN_POINT ( 'NONE',  ( -3.633420691662677900, 5.037285662195637700, 11.50000000000000400 ) ) ;
#1266 = CARTESIAN_POINT ( 'NONE',  ( -16.73854071274703900, 2.863045229044881800, 13.11703862233907500 ) ) ;
#1267 = CARTESIAN_POINT ( 'NONE',  ( -1.330986071878915700, -11.26603898210311000, 11.50000000000000400 ) ) ;
#1268 = DIRECTION ( 'NONE',  ( 0.0000000000000000000, 0.0000000000000000000, 1.000000000000000000 ) ) ;
#1269 = DIRECTION ( 'NONE',  ( 0.0000000000000000000, 0.0000000000000000000, 1.000000000000000000 ) ) ;
#1270 = B_SPLINE_CURVE_WITH_KNOTS ( 'NONE', 3,
 ( #6094, #5989, #8867, #2528, #2672, #1745, #976, #2614, #7616, #3322, #6053, #3982, #8214, #8405, #416, #3386, #3918, #4650, #2466 ),
 .UNSPECIFIED., .F., .F.,
 ( 4, 1, 1, 1, 1, 1, 1, 1, 1, 1, 1, 1, 1, 1, 1, 1, 4 ),
 ( 0.0000000000000000000, 0.08199992972711966900, 0.1578337567222665200, 0.2280850548472528300, 0.2929964166711932500, 0.3538458323307323000, 0.4103427778974680900, 0.4642783497980101900, 0.5162393544981436200, 0.5674449394901166500, 0.6196855779587122600, 0.6732448929169291300, 0.7297302906623043300, 0.7899409721979913100, 0.8546611050424505200, 0.9245306419782611800, 1.000000000000000000 ),
 .UNSPECIFIED. ) ;
#1271 = CARTESIAN_POINT ( 'NONE',  ( -3.089205642407303600, -11.68592644796242100, 11.49999999999999500 ) ) ;
#1272 = CLOSED_SHELL ( 'NONE', ( #7323, #2513, #5127, #3013, #7635, #8260, #3055, #1985, #7837, #3108, #7143, #7135, #6236, #71, #3477, #2587, #5885, #8018, #5273, #1808, #5640, #4580, #8971, #5163, #7987, #6743, #1887, #3000, #6262, #6790, #3194, #7471, #8878, #4194, #444, #4115, #2530, #3529, #5451, #3295, #2916, #8028, #2790, #6121, #6122, #1992, #8640, #4617, #4150, #7040, #1591, #9239, #5287, #8419, #8048, #5320, #3128, #5052, #888, #6998, #1566, #326, #3675, #2417, #2873, #6191, #5582, #741, #4036, #8084, #5977, #2357, #3107, #2224, #2622, #928, #6811, #8355, #6886, #8665, #6479, #4947, #2324, #2980, #2929, #1476, #4021, #1039, #1519, #1368, #6155, #4085, #7699, #6018, #4424, #2486, #412, #7400, #1112, #8501, #5598 ) ) ;
#1273 = CARTESIAN_POINT ( 'NONE',  ( -1.342464477055548500, 4.589937106918235100, 11.50000000000000200 ) ) ;
#1274 = CARTESIAN_POINT ( 'NONE',  ( 0.0000000000000000000, 0.0000000000000000000, 11.50000000000000000 ) ) ;
#1275 = DIRECTION ( 'NONE',  ( -1.000000000000000000, 0.0000000000000000000, -0.0000000000000000000 ) ) ;
#1276 = DIRECTION ( 'NONE',  ( -0.0000000000000000000, -0.0000000000000000000, -1.000000000000000000 ) ) ;
#1277 = DIRECTION ( 'NONE',  ( 0.4061384660534466700, 0.9138115486202576000, 0.0000000000000000000 ) ) ;
#1278 = CARTESIAN_POINT ( 'NONE',  ( -0.8460457203883289300, -13.99055777315780700, 11.49999999999999600 ) ) ;
#1279 = DIRECTION ( 'NONE',  ( 1.000000000000000000, 0.0000000000000000000, 0.0000000000000000000 ) ) ;
#1280 = VERTEX_POINT ( 'NONE', #6611 ) ;
#1281 = VERTEX_POINT ( 'NONE', #7243 ) ;
#1282 = CARTESIAN_POINT ( 'NONE',  ( -4.251880708677230600, 4.859676388972991900, 11.49999999999999800 ) ) ;
#1283 = ORIENTED_EDGE ( 'NONE', *, *, #1541, .T. ) ;
#1284 = CARTESIAN_POINT ( 'NONE',  ( -2.142929180310108300, 10.65624418310461200, 11.50000000000000000 ) ) ;
#1285 = PLANE ( 'NONE',  #3496 ) ;
#1286 = CARTESIAN_POINT ( 'NONE',  ( 0.9210526315789474600, -14.29122807017544100, 11.50000000000000000 ) ) ;
#1287 = VERTEX_POINT ( 'NONE', #1286 ) ;
#1288 = ORIENTED_EDGE ( 'NONE', *, *, #3145, .F. ) ;
#1289 = CARTESIAN_POINT ( 'NONE',  ( -3.048332364406798300, -11.35942274681384000, 11.49999999999999600 ) ) ;
#1290 = CARTESIAN_POINT ( 'NONE',  ( -3.767182751596583700, -17.05161504608906100, 11.49999999999999500 ) ) ;
#1291 = VECTOR ( 'NONE', #167, 1000.000000000000000 ) ;
#1292 = CARTESIAN_POINT ( 'NONE',  ( 3.212921425359615200, -9.345576300456253100, 11.49999999999999500 ) ) ;
#1293 = CARTESIAN_POINT ( 'NONE',  ( 0.5847953216374260900, -16.39743523578491800, 11.50000000000000000 ) ) ;
#1294 = ORIENTED_EDGE ( 'NONE', *, *, #777, .T. ) ;
#1295 = CARTESIAN_POINT ( 'NONE',  ( -0.2005120308555489200, 12.31202507053590800, 11.49999999999999300 ) ) ;
#1296 = AXIS2_PLACEMENT_3D ( 'NONE', #4803, #5438, #7055 ) ;
#1297 = EDGE_CURVE ( 'NONE', #5572, #4473, #840, .T. ) ;
#1298 = CARTESIAN_POINT ( 'NONE',  ( -4.336808689942017700E-016, -0.8432716171678283900, 11.00000000000000000 ) ) ;
#1299 = CARTESIAN_POINT ( 'NONE',  ( -1.647741935483747900, 8.400000000000000400, 11.49999999999999800 ) ) ;
#1300 = CARTESIAN_POINT ( 'NONE',  ( -4.069994944933869300, 4.602369534139440600, 11.49999999999999800 ) ) ;
#1301 = CARTESIAN_POINT ( 'NONE',  ( -2.001995268941173700, 5.130596987161530000, 11.49999999999999600 ) ) ;
#1302 = CARTESIAN_POINT ( 'NONE',  ( 3.745446075005946600, 4.876729559748424600, 11.50000000000000000 ) ) ;
#1303 = CARTESIAN_POINT ( 'NONE',  ( 0.03910327793527321900, -16.60695157026332000, 11.49999999999999600 ) ) ;
#1304 = CARTESIAN_POINT ( 'NONE',  ( 3.358369318365650000, 11.97991155103961000, 11.49999999999999600 ) ) ;
#1305 = CIRCLE ( 'NONE', #471, 1.000000000000000000 ) ;
#1306 = CARTESIAN_POINT ( 'NONE',  ( 0.0000000000000000000, -2.000000000000004000, 11.00000000000000000 ) ) ;
#1307 = EDGE_CURVE ( 'NONE', #5508, #128, #2101, .T. ) ;
#1308 = CARTESIAN_POINT ( 'NONE',  ( -1.678798723054695000, 4.972192574183376100, 11.50000000000000200 ) ) ;
#1309 = FACE_BOUND ( 'NONE', #7677, .T. ) ;
#1310 = EDGE_LOOP ( 'NONE', ( #3301, #3945 ) ) ;
#1311 = CARTESIAN_POINT ( 'NONE',  ( 4.477242021896234500, 4.781132075471694200, 11.50000000000000000 ) ) ;
#1312 = CARTESIAN_POINT ( 'NONE',  ( 3.904588865595279400, 4.650314465408802000, 11.50000000000000000 ) ) ;
#1313 = ORIENTED_EDGE ( 'NONE', *, *, #5667, .F. ) ;
#1314 = CARTESIAN_POINT ( 'NONE',  ( 0.9998027093716334000, 4.650511087942215100, 11.50000000000000000 ) ) ;
#1315 = CARTESIAN_POINT ( 'NONE',  ( -3.000010677771801400, 5.360016395297275700, 11.50000000000000200 ) ) ;
#1316 = DIRECTION ( 'NONE',  ( -0.3218866140701333000, -0.9467782251839472800, 0.0000000000000000000 ) ) ;
#1317 = VECTOR ( 'NONE', #1434, 999.9999999999998900 ) ;
#1318 = CARTESIAN_POINT ( 'NONE',  ( -0.1235321012957259100, -11.14996983901753700, 11.49999999999999600 ) ) ;
#1319 = CARTESIAN_POINT ( 'NONE',  ( 4.516772517905505600, -17.16261231891572000, 11.50000000000000000 ) ) ;
#1320 = CARTESIAN_POINT ( 'NONE',  ( 0.0000000000000000000, 0.0000000000000000000, 11.50000000000000000 ) ) ;
#1321 = VERTEX_POINT ( 'NONE', #4422 ) ;
#1322 = EDGE_CURVE ( 'NONE', #7019, #4736, #8567, .T. ) ;
#1323 = CARTESIAN_POINT ( 'NONE',  ( -2.595014005355401400, -9.211431146155312900, 11.49999999999999500 ) ) ;
#1324 = CARTESIAN_POINT ( 'NONE',  ( -1.261104912942562400, -11.35112572376324800, 11.50000000000000400 ) ) ;
#1325 = ORIENTED_EDGE ( 'NONE', *, *, #8377, .T. ) ;
#1326 = CARTESIAN_POINT ( 'NONE',  ( 4.516772517850375500, -16.48605932226797700, 11.49999999999999800 ) ) ;
#1327 = DIRECTION ( 'NONE',  ( -0.0000000000000000000, 0.0000000000000000000, 1.000000000000000000 ) ) ;
#1328 = CARTESIAN_POINT ( 'NONE',  ( 0.4940135103658343000, 5.334591194968549400, 11.49999999999999600 ) ) ;
#1329 = CARTESIAN_POINT ( 'NONE',  ( 0.08101822535740678400, 4.656795057375191500, 11.50000000000000200 ) ) ;
#1330 = ORIENTED_EDGE ( 'NONE', *, *, #5790, .F. ) ;
#1331 = EDGE_CURVE ( 'NONE', #6097, #3883, #2743, .T. ) ;
#1332 = CARTESIAN_POINT ( 'NONE',  ( 3.801792225662194500, -2.419322325421394000, 11.50000000000000000 ) ) ;
#1333 = VERTEX_POINT ( 'NONE', #6392 ) ;
#1334 = CARTESIAN_POINT ( 'NONE',  ( 3.329970556592665200, -11.46818476131640100, 11.50000000000000200 ) ) ;
#1335 = CARTESIAN_POINT ( 'NONE',  ( 0.7597484276730796000, 4.650314465408802000, 11.50000000000000000 ) ) ;
#1336 = CYLINDRICAL_SURFACE ( 'NONE', #1746, 1.000000000000000000 ) ;
#1337 = DIRECTION ( 'NONE',  ( -0.0000000000000000000, -0.0000000000000000000, 1.000000000000000000 ) ) ;
#1338 = PLANE ( 'NONE',  #2077 ) ;
#1339 = DIRECTION ( 'NONE',  ( -0.0000000000000000000, -0.0000000000000000000, -1.000000000000000000 ) ) ;
#1340 = ORIENTED_EDGE ( 'NONE', *, *, #6461, .T. ) ;
#1341 = CARTESIAN_POINT ( 'NONE',  ( 4.760913822003863600, 5.394412178830968700, 11.50000000000000400 ) ) ;
#1342 = CARTESIAN_POINT ( 'NONE',  ( 3.807582789988248600, 4.768973841944863100, 11.49999999999999500 ) ) ;
#1343 = CARTESIAN_POINT ( 'NONE',  ( -2.291830413538157500, -11.57707626447804600, 11.49999999999999600 ) ) ;
#1344 = ORIENTED_EDGE ( 'NONE', *, *, #5325, .F. ) ;
#1345 = CARTESIAN_POINT ( 'NONE',  ( -4.386675984160136800, 4.992452830188674400, 11.50000000000000000 ) ) ;
#1346 = CARTESIAN_POINT ( 'NONE',  ( 0.6637226168746590500, 4.667048357147421300, 11.50000000000000000 ) ) ;
#1347 = CARTESIAN_POINT ( 'NONE',  ( 1.618079721868837400, -9.904821435090505900, 11.49999999999999600 ) ) ;
#1348 = CARTESIAN_POINT ( 'NONE',  ( 2.192218474497726400, 5.395072687816183400, 11.49999999999999300 ) ) ;
#1349 = CARTESIAN_POINT ( 'NONE',  ( 4.765136761185882400, -16.99165656345082500, 11.50000000000000000 ) ) ;
#1350 = EDGE_CURVE ( 'NONE', #723, #7046, #8513, .T. ) ;
#1351 = ORIENTED_EDGE ( 'NONE', *, *, #7919, .T. ) ;
#1352 = PLANE ( 'NONE',  #5241 ) ;
#1353 = EDGE_LOOP ( 'NONE', ( #6303, #7691, #751, #2313, #2714, #6702, #4020, #5948, #8814, #1344, #3309, #1982, #787, #8738, #8914, #8594, #5164, #1594, #2157, #6070, #4741, #1313, #8021, #5240, #6696, #3473, #2160, #7715 ) ) ;
#1354 = CARTESIAN_POINT ( 'NONE',  ( 0.2102060493645598900, -13.56895998075034400, 11.50000000000000700 ) ) ;
#1355 = DIRECTION ( 'NONE',  ( 1.000000000000000000, 0.0000000000000000000, 0.0000000000000000000 ) ) ;
#1356 = DIRECTION ( 'NONE',  ( 1.000000000000000000, 0.0000000000000000000, 0.0000000000000000000 ) ) ;
#1357 = VERTEX_POINT ( 'NONE', #7783 ) ;
#1358 = PLANE ( 'NONE',  #5415 ) ;
#1359 = CARTESIAN_POINT ( 'NONE',  ( 3.043147677642547200, -11.35944534299286000, 11.49999999999999800 ) ) ;
#1360 = CARTESIAN_POINT ( 'NONE',  ( 4.577060134719666900, -16.49789417534681800, 11.49999999999999800 ) ) ;
#1361 = CARTESIAN_POINT ( 'NONE',  ( 3.738464404250907900, -16.64854933790266100, 11.49999999999999800 ) ) ;
#1362 = CARTESIAN_POINT ( 'NONE',  ( -12.90000000000000600, 20.49999999999999600, 11.50000000000000000 ) ) ;
#1363 = CARTESIAN_POINT ( 'NONE',  ( -0.1874577332662033000, -16.89701440238943100, 11.50000000000000000 ) ) ;
#1364 = ORIENTED_EDGE ( 'NONE', *, *, #4909, .F. ) ;
#1365 = CARTESIAN_POINT ( 'NONE',  ( -2.138179231863508000, -13.54180180180178900, 11.50000000000000000 ) ) ;
#1366 = DIRECTION ( 'NONE',  ( -1.000000000000000000, 0.0000000000000000000, -0.0000000000000000000 ) ) ;
#1367 = CARTESIAN_POINT ( 'NONE',  ( -1.690780664485775500, 4.899727326346058100, 11.49999999999999600 ) ) ;
#1368 = ADVANCED_FACE ( 'NONE', ( #859 ), #343, .F. ) ;
#1369 = EDGE_CURVE ( 'NONE', #3009, #8421, #6472, .T. ) ;
#1370 = CARTESIAN_POINT ( 'NONE',  ( 3.976927694341219100, -16.67845154255391900, 11.50000000000000200 ) ) ;
#1371 = CARTESIAN_POINT ( 'NONE',  ( -3.179058691302432600, 5.402677966435634400, 11.49999999999999800 ) ) ;
#1372 = LINE ( 'NONE', #2325, #4719 ) ;
#1373 = CARTESIAN_POINT ( 'NONE',  ( -1.414418410874507700, 5.152454653902971400, 11.49999999999999500 ) ) ;
#1374 = CARTESIAN_POINT ( 'NONE',  ( 1.854672514000230300, 7.900754121975245100, 11.49999999999999500 ) ) ;
#1375 = CARTESIAN_POINT ( 'NONE',  ( -1.146163846112636900, 5.413529942792074200, 11.50000000000000000 ) ) ;
#1376 = ORIENTED_EDGE ( 'NONE', *, *, #420, .F. ) ;
#1377 = CARTESIAN_POINT ( 'NONE',  ( -1.022316571640891500, -13.94968579756773200, 11.50000000000000200 ) ) ;
#1378 = ORIENTED_EDGE ( 'NONE', *, *, #4175, .T. ) ;
#1379 = ORIENTED_EDGE ( 'NONE', *, *, #5847, .F. ) ;
#1380 = CARTESIAN_POINT ( 'NONE',  ( 12.90000000000000200, -14.36866448766850700, 11.00000000000000000 ) ) ;
#1381 = ORIENTED_EDGE ( 'NONE', *, *, #1263, .F. ) ;
#1382 = DIRECTION ( 'NONE',  ( -0.0000000000000000000, -0.0000000000000000000, -1.000000000000000000 ) ) ;
#1383 = CARTESIAN_POINT ( 'NONE',  ( 3.884463079431757400, 4.650314465408802000, 11.50000000000000000 ) ) ;
#1384 = EDGE_CURVE ( 'NONE', #4600, #2209, #5897, .T. ) ;
#1385 = ORIENTED_EDGE ( 'NONE', *, *, #2265, .T. ) ;
#1386 = CARTESIAN_POINT ( 'NONE',  ( -4.510846297500004100, 5.405387434488844200, 11.50000000000000400 ) ) ;
#1387 = CARTESIAN_POINT ( 'NONE',  ( 2.177322614691469500, 5.387657113037518800, 11.50000000000000000 ) ) ;
#1388 = CARTESIAN_POINT ( 'NONE',  ( 1.754662574074089100, 4.647351987099386700, 11.50000000000000000 ) ) ;
#1389 = ORIENTED_EDGE ( 'NONE', *, *, #6779, .T. ) ;
#1390 = CARTESIAN_POINT ( 'NONE',  ( 4.391148381085613100, 4.942138364779871100, 11.50000000000000000 ) ) ;
#1391 = APPROVAL_ROLE ( '' ) ;
#1392 = CARTESIAN_POINT ( 'NONE',  ( -1.490900277505703400, -16.57056611521172900, 11.50000000000000200 ) ) ;
#1393 = CARTESIAN_POINT ( 'NONE',  ( 3.359193560542737000, 5.347189525767410200, 11.50000000000000400 ) ) ;
#1394 = EDGE_LOOP ( 'NONE', ( #2180, #4042, #4121, #6525 ) ) ;
#1395 = CARTESIAN_POINT ( 'NONE',  ( 1.751017638876427400, 5.346061505668140000, 11.50000000000000900 ) ) ;
#1396 = CARTESIAN_POINT ( 'NONE',  ( 8.285786437626937200, 24.69999999999999900, 2.000000000000000000 ) ) ;
#1397 = CARTESIAN_POINT ( 'NONE',  ( 1.675061636510444700, 5.037315923821392300, 11.49999999999999800 ) ) ;
#1398 = DIRECTION ( 'NONE',  ( 0.2641801264945090000, 0.9644733592823315800, 0.0000000000000000000 ) ) ;
#1399 = VERTEX_POINT ( 'NONE', #1621 ) ;
#1400 = VECTOR ( 'NONE', #4403, 1000.000000000000000 ) ;
#1401 = PERSON_AND_ORGANIZATION_ROLE ( 'design_supplier' ) ;
#1402 = CARTESIAN_POINT ( 'NONE',  ( 5.900000000000000400, -20.49999999999999600, 11.50000000000000000 ) ) ;
#1403 = ORIENTED_EDGE ( 'NONE', *, *, #1148, .F. ) ;
#1404 = DIRECTION ( 'NONE',  ( 0.0000000000000000000, -0.0000000000000000000, -1.000000000000000000 ) ) ;
#1405 = VECTOR ( 'NONE', #7553, 999.9999999999998900 ) ;
#1406 = CARTESIAN_POINT ( 'NONE',  ( 0.0000000000000000000, 0.0000000000000000000, 11.50000000000000000 ) ) ;
#1407 = CARTESIAN_POINT ( 'NONE',  ( -1.636453294235616000, -16.99906640015849000, 11.49999999999999600 ) ) ;
#1408 = DIRECTION ( 'NONE',  ( -0.0000000000000000000, 0.0000000000000000000, 1.000000000000000000 ) ) ;
#1409 = CARTESIAN_POINT ( 'NONE',  ( -1.388531343250161800, 5.329642939142801500, 11.50000000000000000 ) ) ;
#1410 = CARTESIAN_POINT ( 'NONE',  ( -2.182190477528910500, 4.677137677591614900, 11.50000000000000000 ) ) ;
#1411 = CARTESIAN_POINT ( 'NONE',  ( 5.900000000000000400, 42.00000000000001400, 11.50000000000000000 ) ) ;
#1412 = ORIENTED_EDGE ( 'NONE', *, *, #8774, .F. ) ;
#1413 = B_SPLINE_CURVE_WITH_KNOTS ( 'NONE', 3,
 ( #1222, #3023, #1512, #4815, #3782, #459, #726, #5974, #1898, #8045 ),
 .UNSPECIFIED., .F., .F.,
 ( 4, 3, 3, 4 ),
 ( 0.0000000000000000000, 5.379089492083010000E-005, 0.0001075824601467177700, 0.0002151577805157753300 ),
 .UNSPECIFIED. ) ;
#1414 = AXIS2_PLACEMENT_3D ( 'NONE', #4577, #3771, #3808 ) ;
#1415 = CARTESIAN_POINT ( 'NONE',  ( 0.2017982500616089800, -14.71128204715818600, 11.50000000000000000 ) ) ;
#1416 = EDGE_CURVE ( 'NONE', #8530, #364, #8792, .T. ) ;
#1417 = CYLINDRICAL_SURFACE ( 'NONE', #6568, 1.000000000000000900 ) ;
#1418 = CARTESIAN_POINT ( 'NONE',  ( -4.085720941066728800, 4.605031446540875700, 11.50000000000000000 ) ) ;
#1419 = CARTESIAN_POINT ( 'NONE',  ( -2.324266111938088300, 5.409823315285154700, 11.50000000000000000 ) ) ;
#1420 = CARTESIAN_POINT ( 'NONE',  ( -1.094362508865644600, 10.82637525436448600, 11.50000000000000000 ) ) ;
#1421 = CARTESIAN_POINT ( 'NONE',  ( -2.970760233918129600, -16.25123640537556500, 11.50000000000000000 ) ) ;
#1422 = CARTESIAN_POINT ( 'NONE',  ( 0.4615886326579378700, 5.254088050314463100, 11.50000000000000000 ) ) ;
#1423 = CARTESIAN_POINT ( 'NONE',  ( 4.219004992744526600, 5.334059705604707000, 11.50000000000000200 ) ) ;
#1424 = DIRECTION ( 'NONE',  ( 1.000000000000000000, 0.0000000000000000000, 0.0000000000000000000 ) ) ;
#1425 = LINE ( 'NONE', #2599, #9235 ) ;
#1426 = EDGE_CURVE ( 'NONE', #1789, #5185, #6315, .T. ) ;
#1427 = DIRECTION ( 'NONE',  ( -0.8628636480872842200, -0.5016649116786540100, 0.06163311772052034600 ) ) ;
#1428 = EDGE_LOOP ( 'NONE', ( #7298, #5050, #2137, #8604, #6729, #828 ) ) ;
#1429 = CARTESIAN_POINT ( 'NONE',  ( -4.402329373398432100, 4.650314465408800200, 11.50000000000000000 ) ) ;
#1430 = CARTESIAN_POINT ( 'NONE',  ( -1.998145234475334800, 5.418597250483012200, 11.49999999999999600 ) ) ;
#1431 = CARTESIAN_POINT ( 'NONE',  ( 3.975588166783258400, 5.213836477987418200, 11.50000000000000000 ) ) ;
#1432 = B_SPLINE_CURVE_WITH_KNOTS ( 'NONE', 3,
 ( #5886, #5128, #1530, #717, #2522, #5276, #3150, #2872, #8433, #2663, #3482 ),
 .UNSPECIFIED., .F., .F.,
 ( 4, 1, 1, 1, 1, 1, 1, 1, 4 ),
 ( 0.0000000000000000000, 0.1476839351438614700, 0.2847055373647274800, 0.4119691018396681700, 0.5331286104027901400, 0.6488075993833291000, 0.7639270736495540300, 0.8800811659863166900, 0.9999999999999998900 ),
 .UNSPECIFIED. ) ;
#1433 = CARTESIAN_POINT ( 'NONE',  ( 0.0000000000000000000, 0.0000000000000000000, 11.50000000000000000 ) ) ;
#1434 = DIRECTION ( 'NONE',  ( -0.3218866140701333000, -0.9467782251839472800, 0.0000000000000000000 ) ) ;
#1435 = APPROVAL_DATE_TIME ( #3316, #2671 ) ;
#1436 = PLANE ( 'NONE',  #8238 ) ;
#1437 = FACE_BOUND ( 'NONE', #3546, .T. ) ;
#1438 = VERTEX_POINT ( 'NONE', #2341 ) ;
#1439 = EDGE_CURVE ( 'NONE', #2858, #5264, #6875, .T. ) ;
#1440 = VECTOR ( 'NONE', #1912, 1000.000000000000200 ) ;
#1441 = LINE ( 'NONE', #3383, #9034 ) ;
#1442 = CARTESIAN_POINT ( 'NONE',  ( 3.913671744824944300, 4.650173163748252800, 11.49999999999999800 ) ) ;
#1443 = ORIENTED_EDGE ( 'NONE', *, *, #6752, .T. ) ;
#1444 = ORIENTED_EDGE ( 'NONE', *, *, #473, .T. ) ;
#1445 = CARTESIAN_POINT ( 'NONE',  ( -3.643951636307218000, -17.14738394063223100, 11.49999999999999600 ) ) ;
#1446 = CARTESIAN_POINT ( 'NONE',  ( -4.016829947608547600, 4.821268798244516600, 11.49999999999999800 ) ) ;
#1447 = CARTESIAN_POINT ( 'NONE',  ( -4.461732079564169100, 5.297536904734372800, 11.50000000000000000 ) ) ;
#1448 = CARTESIAN_POINT ( 'NONE',  ( 3.549284601858857500, -10.27782440230870600, 11.50000000000000200 ) ) ;
#1449 = EDGE_CURVE ( 'NONE', #5630, #5508, #5645, .T. ) ;
#1450 = LINE ( 'NONE', #3567, #5036 ) ;
#1451 = CARTESIAN_POINT ( 'NONE',  ( -4.379221989284757500, 4.599999999999994300, 11.50000000000000000 ) ) ;
#1452 = VERTEX_POINT ( 'NONE', #7338 ) ;
#1453 = CARTESIAN_POINT ( 'NONE',  ( 6.397379542625473400, -10.58807119849727000, 11.46447288981246600 ) ) ;
#1454 = CARTESIAN_POINT ( 'NONE',  ( 16.73854071274703200, 2.863045229044888900, 13.11703862233906800 ) ) ;
#1455 = CARTESIAN_POINT ( 'NONE',  ( -3.322245515956083300, 4.589937106918235100, 11.50000000000000000 ) ) ;
#1456 = CARTESIAN_POINT ( 'NONE',  ( 4.849755415793276300, 5.329559748427669800, 11.50000000000000000 ) ) ;
#1458 = ORIENTED_EDGE ( 'NONE', *, *, #5753, .F. ) ;
#1457 = CARTESIAN_POINT ( 'NONE',  ( 0.0000000000000000000, 4.599999999999996100, 11.50000000000000000 ) ) ;
#1459 = DIRECTION ( 'NONE',  ( -0.0000000000000000000, 0.0000000000000000000, 1.000000000000000000 ) ) ;
#1460 = VECTOR ( 'NONE', #8015, 1000.000000000000000 ) ;
#1461 = CARTESIAN_POINT ( 'NONE',  ( 1.573618009927582500, 4.753129314543882000, 11.49999999999999600 ) ) ;
#1463 = ORIENTED_EDGE ( 'NONE', *, *, #1207, .T. ) ;
#1462 = CARTESIAN_POINT ( 'NONE',  ( -0.6365514693433616000, 10.78398362964695200, 11.50000000000000000 ) ) ;
#1464 = CARTESIAN_POINT ( 'NONE',  ( 1.872642718722248500, 4.900753736435810000, 11.50000000000000200 ) ) ;
#1465 = CARTESIAN_POINT ( 'NONE',  ( 4.386275215992269800, -16.62324859202047000, 11.50000000000000400 ) ) ;
#1466 = CARTESIAN_POINT ( 'NONE',  ( -8.000000000000000000, -22.60000000000000100, 0.0000000000000000000 ) ) ;
#1467 = ORIENTED_EDGE ( 'NONE', *, *, #1782, .F. ) ;
#1468 = CARTESIAN_POINT ( 'NONE',  ( -1.463591893780449500, 5.047798742138361700, 11.50000000000000000 ) ) ;
#1469 = CARTESIAN_POINT ( 'NONE',  ( 0.2979313433522506300, -16.99654719764897200, 11.49999999999999600 ) ) ;
#1470 = CARTESIAN_POINT ( 'NONE',  ( -1.653639652762140900, 5.037285662195635900, 11.49999999999999800 ) ) ;
#1471 = CARTESIAN_POINT ( 'NONE',  ( -2.422108379277158700, -0.7000313234905084500, 11.50000000000000000 ) ) ;
#1472 = CARTESIAN_POINT ( 'NONE',  ( -2.542930351735261100, 4.755974842767293400, 11.50000000000000500 ) ) ;
#1473 = CARTESIAN_POINT ( 'NONE',  ( 0.8893112690292301900, -16.41618533098196800, 11.50000000000000200 ) ) ;
#1474 = ORIENTED_EDGE ( 'NONE', *, *, #2437, .F. ) ;
#1475 = LINE ( 'NONE', #347, #3358 ) ;
#1476 = ADVANCED_FACE ( 'NONE', ( #8998 ), #6773, .F. ) ;
#1477 = CARTESIAN_POINT ( 'NONE',  ( 0.9459119496856580600, 4.650314465408802000, 11.50000000000000000 ) ) ;
#1478 = LINE ( 'NONE', #8679, #1914 ) ;
#1479 = DIRECTION ( 'NONE',  ( -0.8645071866841924600, -0.5026204573745309800, 0.0000000000000000000 ) ) ;
#1480 = ORIENTED_EDGE ( 'NONE', *, *, #3593, .F. ) ;
#1481 = CARTESIAN_POINT ( 'NONE',  ( -2.059006844900078900, 4.795382976938033600, 11.50000000000000400 ) ) ;
#1482 = AXIS2_PLACEMENT_3D ( 'NONE', #330, #1753, #561 ) ;
#1483 = EDGE_CURVE ( 'NONE', #8093, #8861, #7319, .T. ) ;
#1484 = CARTESIAN_POINT ( 'NONE',  ( 0.02704743801255673000, -17.05917783828515500, 11.49999999999999800 ) ) ;
#1485 = ORIENTED_EDGE ( 'NONE', *, *, #2673, .T. ) ;
#1486 = LINE ( 'NONE', #6777, #5840 ) ;
#1487 = VERTEX_POINT ( 'NONE', #430 ) ;
#1488 = CARTESIAN_POINT ( 'NONE',  ( -2.446268139845691400, 6.609386379566052100, 11.50000000000000400 ) ) ;
#1489 = CARTESIAN_POINT ( 'NONE',  ( 6.081952832271270800, -0.8931105154177578800, 11.48700336912348000 ) ) ;
#1490 = CARTESIAN_POINT ( 'NONE',  ( 0.0000000000000000000, -16.15182120069719900, 11.50000000000000000 ) ) ;
#1491 = CARTESIAN_POINT ( 'NONE',  ( 0.6993788018122817400, 4.654048220855236700, 11.50000000000000000 ) ) ;
#1492 = CARTESIAN_POINT ( 'NONE',  ( 4.445133427401320800, 4.998620251355206700, 11.50000000000000000 ) ) ;
#1493 = CARTESIAN_POINT ( 'NONE',  ( 1.567030939341481900, 4.792136610290685700, 11.50000000000000200 ) ) ;
#1494 = ORIENTED_EDGE ( 'NONE', *, *, #901, .T. ) ;
#1495 = EDGE_CURVE ( 'NONE', #7716, #5737, #8225, .T. ) ;
#1496 = CARTESIAN_POINT ( 'NONE',  ( -8.285786437626926600, -24.69999999999999900, 0.0000000000000000000 ) ) ;
#1497 = CARTESIAN_POINT ( 'NONE',  ( -0.7448404379220761000, 4.650314465408802900, 11.50000000000000000 ) ) ;
#1498 = VERTEX_POINT ( 'NONE', #4721 ) ;
#1499 = CARTESIAN_POINT ( 'NONE',  ( 1.983017828111885100, 5.364428130830646100, 11.49999999999999600 ) ) ;
#1500 = CARTESIAN_POINT ( 'NONE',  ( -1.867385724390247900, 4.787056143832977300, 11.50000000000000400 ) ) ;
#1501 = CARTESIAN_POINT ( 'NONE',  ( 4.671633504056148700, 5.289685100640855200, 11.49999999999999500 ) ) ;
#1502 = B_SPLINE_CURVE_WITH_KNOTS ( 'NONE', 3,
 ( #9164, #5022, #4531, #263, #982, #3730, #6603, #8039, #7453, #6732, #8464 ),
 .UNSPECIFIED., .F., .F.,
 ( 4, 1, 1, 1, 1, 1, 1, 1, 4 ),
 ( 0.0000000000000000000, 0.1592062738116266600, 0.3092186197764590400, 0.4493615125347773000, 0.5787418683160525700, 0.6989292498166614900, 0.8092593622787357400, 0.9096157650856086000, 1.000000000000000000 ),
 .UNSPECIFIED. ) ;
#1503 = ORIENTED_EDGE ( 'NONE', *, *, #1953, .F. ) ;
#1504 = CARTESIAN_POINT ( 'NONE',  ( 4.485380116959062100, -16.59041769192527500, 11.50000000000000200 ) ) ;
#1505 = ORIENTED_EDGE ( 'NONE', *, *, #3231, .T. ) ;
#1506 = CARTESIAN_POINT ( 'NONE',  ( -2.916857609816515800, -11.44965125648107600, 11.50000000000000000 ) ) ;
#1507 = EDGE_LOOP ( 'NONE', ( #1480, #1945, #1665, #3738, #8749, #1691, #2119, #712, #9140, #4673, #334, #3180, #8950, #8637, #4770, #7213, #7177, #711, #8442, #8290, #7540, #3717 ) ) ;
#1508 = EDGE_CURVE ( 'NONE', #7946, #7033, #8968, .T. ) ;
#1509 = CARTESIAN_POINT ( 'NONE',  ( -2.670421910101850900, 5.106468264299898000, 11.50000000000000200 ) ) ;
#1510 = CARTESIAN_POINT ( 'NONE',  ( -0.001898222015084007400, -16.51100238095766300, 11.49999999999999600 ) ) ;
#1511 = ORIENTED_EDGE ( 'NONE', *, *, #3038, .T. ) ;
#1512 = CARTESIAN_POINT ( 'NONE',  ( 4.344368173689778300, 5.412576099382502700, 11.50000000000000000 ) ) ;
#1513 = CARTESIAN_POINT ( 'NONE',  ( 0.2066007591845481500, -16.75650123051139000, 11.50000000000000700 ) ) ;
#1514 = CARTESIAN_POINT ( 'NONE',  ( 0.09494619372109326700, -14.76128057188609700, 11.50000000000000000 ) ) ;
#1515 = CARTESIAN_POINT ( 'NONE',  ( -8.285786437626924800, -23.69999999999999900, 0.0000000000000000000 ) ) ;
#1516 = VERTEX_POINT ( 'NONE', #5923 ) ;
#1517 = EDGE_CURVE ( 'NONE', #6933, #4131, #3989, .T. ) ;
#1518 = DIRECTION ( 'NONE',  ( -1.000000000000000000, 0.0000000000000000000, 0.0000000000000000000 ) ) ;
#1519 = ADVANCED_FACE ( 'NONE', ( #1614 ), #5851, .T. ) ;
#1520 = CARTESIAN_POINT ( 'NONE',  ( -23.46137096227449700, 11.64033195481074800, 10.24561635983752700 ) ) ;
#1521 = VECTOR ( 'NONE', #7664, 1000.000000000000000 ) ;
#1522 = CARTESIAN_POINT ( 'NONE',  ( 0.2535302895196626700, -16.59365783473880600, 11.50000000000000200 ) ) ;
#1523 = VERTEX_POINT ( 'NONE', #9035 ) ;
#1524 = CARTESIAN_POINT ( 'NONE',  ( -3.935672514619883400, -16.64889722408901600, 11.49999999999999600 ) ) ;
#1525 = CARTESIAN_POINT ( 'NONE',  ( -3.833775914278934900, 5.183647798742132600, 11.50000000000000000 ) ) ;
#1526 = CARTESIAN_POINT ( 'NONE',  ( 2.326828918379968200E-015, 1.499999999999997800, 11.60000000000000000 ) ) ;
#1527 = CARTESIAN_POINT ( 'NONE',  ( 4.679613257970433300, 5.239830071955339000, 11.50000000000000200 ) ) ;
#1528 = CARTESIAN_POINT ( 'NONE',  ( 0.9880234826129725700, -17.06452203235036100, 11.50000000000000200 ) ) ;
#1529 = AXIS2_PLACEMENT_3D ( 'NONE', #4777, #7587, #4012 ) ;
#1530 = CARTESIAN_POINT ( 'NONE',  ( 1.949271901457801500, 5.363023837067860500, 11.49999999999999800 ) ) ;
#1531 = EDGE_CURVE ( 'NONE', #241, #5010, #4887, .T. ) ;
#1532 = LINE ( 'NONE', #4398, #5118 ) ;
#1533 = CARTESIAN_POINT ( 'NONE',  ( -2.537125783830537400, -11.39248682948976000, 11.49999999999999800 ) ) ;
#1534 = FACE_BOUND ( 'NONE', #3489, .T. ) ;
#1535 = ORIENTED_EDGE ( 'NONE', *, *, #487, .T. ) ;
#1536 = CARTESIAN_POINT ( 'NONE',  ( -4.076023391812865900, -16.64889722408901600, 11.50000000000000000 ) ) ;
#1537 = CARTESIAN_POINT ( 'NONE',  ( -2.416640445357665100, -9.679677909620670200, 11.50000000000000000 ) ) ;
#1538 = CARTESIAN_POINT ( 'NONE',  ( -0.9522976151002207100, 4.703742227859883100, 11.50000000000000200 ) ) ;
#1539 = CARTESIAN_POINT ( 'NONE',  ( -4.050336525604264700, 5.327073270907467500, 11.49999999999999800 ) ) ;
#1540 = ORIENTED_EDGE ( 'NONE', *, *, #5212, .F. ) ;
#1541 = EDGE_CURVE ( 'NONE', #2293, #3581, #883, .T. ) ;
#1542 = DIRECTION ( 'NONE',  ( -0.0000000000000000000, 0.0000000000000000000, 1.000000000000000000 ) ) ;
#1543 = CARTESIAN_POINT ( 'NONE',  ( 3.134763863950698500, -11.23048778710569600, 11.49999999999999600 ) ) ;
#1545 = FACE_OUTER_BOUND ( 'NONE', #6251, .T. ) ;
#1544 = CARTESIAN_POINT ( 'NONE',  ( 0.7589761182793236500, -17.05181251517901900, 11.50000000000000400 ) ) ;
#1546 = EDGE_LOOP ( 'NONE', ( #7509, #7862, #2937, #8988, #6083, #1805, #1443 ) ) ;
#1547 = CARTESIAN_POINT ( 'NONE',  ( -1.315604577987720100, -17.09362886215213000, 11.50000000000000500 ) ) ;
#1548 = CARTESIAN_POINT ( 'NONE',  ( -1.323559076963851900, 4.590787484515762400, 11.50000000000000200 ) ) ;
#1549 = DIRECTION ( 'NONE',  ( 0.3218467139341441000, 0.9467917895344218900, 0.0000000000000000000 ) ) ;
#1550 = CARTESIAN_POINT ( 'NONE',  ( -3.652797107712427900, 4.754667203204139300, 11.49999999999999800 ) ) ;
#1551 = VERTEX_POINT ( 'NONE', #6059 ) ;
#1552 = TOROIDAL_SURFACE ( 'NONE', #4761, 0.5000000000000000000, 0.1000000000000000100 ) ;
#1553 = VERTEX_POINT ( 'NONE', #5694 ) ;
#1554 = CARTESIAN_POINT ( 'NONE',  ( -4.042840907298659300, -16.36807981342563800, 11.49999999999999800 ) ) ;
#1555 = EDGE_CURVE ( 'NONE', #4258, #1568, #1980, .T. ) ;
#1556 = ORIENTED_EDGE ( 'NONE', *, *, #6820, .F. ) ;
#1557 = CARTESIAN_POINT ( 'NONE',  ( 4.298245614035084600, -16.82433582058024200, 11.50000000000000000 ) ) ;
#1558 = CARTESIAN_POINT ( 'NONE',  ( 1.585270177354175700, 4.720115170535786200, 11.49999999999999600 ) ) ;
#1559 = VECTOR ( 'NONE', #1577, 1000.000000000000000 ) ;
#1560 = ORIENTED_EDGE ( 'NONE', *, *, #1331, .T. ) ;
#1561 = CARTESIAN_POINT ( 'NONE',  ( 0.8674442297070802400, -16.16207149912640900, 11.49999999999999800 ) ) ;
#1562 = CARTESIAN_POINT ( 'NONE',  ( -3.866351575636990400, -16.30972707457259200, 11.49999999999999800 ) ) ;
#1563 = CARTESIAN_POINT ( 'NONE',  ( -1.573099415204679100, -16.58456973870889700, 11.50000000000000400 ) ) ;
#1564 = CARTESIAN_POINT ( 'NONE',  ( 3.783511603274684300, -16.15250719957430900, 11.49999999999999600 ) ) ;
#1565 = CARTESIAN_POINT ( 'NONE',  ( -0.7667712560189177100, -11.48073925811114300, 11.50000000000000700 ) ) ;
#1566 = ADVANCED_FACE ( 'NONE', ( #3201, #1534, #95, #3422, #8913, #6784, #8805, #2988, #1437, #3317, #8689, #3404, #7330, #1846, #7106, #8786, #3066, #6441, #5976, #4073 ), #4893, .T. ) ;
#1567 = CARTESIAN_POINT ( 'NONE',  ( 0.0000000000000000000, -16.26293231180831400, 11.50000000000000000 ) ) ;
#1568 = VERTEX_POINT ( 'NONE', #1035 ) ;
#1569 = CARTESIAN_POINT ( 'NONE',  ( -0.5999999999999977600, 1.499999999999997800, 11.60000000000000000 ) ) ;
#1570 = CARTESIAN_POINT ( 'NONE',  ( -2.557798343879973400, 4.718510046485103100, 11.50000000000000900 ) ) ;
#1571 = CARTESIAN_POINT ( 'NONE',  ( -1.017750146755864100, -13.41941442690705200, 11.49999999999999800 ) ) ;
#1572 = CARTESIAN_POINT ( 'NONE',  ( 0.7496258090845904200, 4.650423628079922300, 11.50000000000000000 ) ) ;
#1573 = ORIENTED_EDGE ( 'NONE', *, *, #9130, .F. ) ;
#1574 = CARTESIAN_POINT ( 'NONE',  ( 1.941520467836255200, -16.15182120069719900, 11.50000000000000000 ) ) ;
#1575 = ORIENTED_EDGE ( 'NONE', *, *, #5958, .T. ) ;
#1576 = CARTESIAN_POINT ( 'NONE',  ( -2.456836710924638700, 5.349685534591191800, 11.50000000000000000 ) ) ;
#1577 = DIRECTION ( 'NONE',  ( 0.0000000000000000000, 0.0000000000000000000, -1.000000000000000000 ) ) ;
#1578 = CARTESIAN_POINT ( 'NONE',  ( -1.213281791235111000, -16.90928984302024000, 11.49999999999999600 ) ) ;
#1579 = CARTESIAN_POINT ( 'NONE',  ( 1.667894307835724000, 4.651586106452520600, 11.50000000000000000 ) ) ;
#1580 = VERTEX_POINT ( 'NONE', #1117 ) ;
#1581 = VERTEX_POINT ( 'NONE', #5972 ) ;
#1582 = AXIS2_PLACEMENT_3D ( 'NONE', #5932, #3079, #493 ) ;
#1583 = EDGE_CURVE ( 'NONE', #4004, #5249, #3687, .T. ) ;
#1584 = DIRECTION ( 'NONE',  ( -0.3217668006678924800, -0.9468189510080312600, 0.0000000000000000000 ) ) ;
#1585 = CARTESIAN_POINT ( 'NONE',  ( 0.5672360663327463700, 8.463895749728315800, 11.50000000000000000 ) ) ;
#1586 = LINE ( 'NONE', #521, #3263 ) ;
#1587 = ORIENTED_EDGE ( 'NONE', *, *, #7061, .F. ) ;
#1588 = CARTESIAN_POINT ( 'NONE',  ( -3.803011841847644600, -17.04174579528960400, 11.49999999999999600 ) ) ;
#1589 = ORIENTED_EDGE ( 'NONE', *, *, #8038, .T. ) ;
#1590 = CARTESIAN_POINT ( 'NONE',  ( -0.2357509421531626100, -14.69480791635552400, 11.49999999999999600 ) ) ;
#1591 = ADVANCED_FACE ( 'NONE', ( #3174 ), #6430, .T. ) ;
#1592 = EDGE_LOOP ( 'NONE', ( #2488, #3885, #953, #5199, #8951 ) ) ;
#1593 = CARTESIAN_POINT ( 'NONE',  ( 2.309941520467835700, -10.22863331167425100, 11.49999999999999600 ) ) ;
#1594 = ORIENTED_EDGE ( 'NONE', *, *, #5539, .F. ) ;
#1595 = AXIS2_PLACEMENT_3D ( 'NONE', #9008, #304, #770 ) ;
#1596 = CARTESIAN_POINT ( 'NONE',  ( -5.328023241468687700, 1.815474585981892800, 11.50000000000000000 ) ) ;
#1597 = ORIENTED_EDGE ( 'NONE', *, *, #7566, .F. ) ;
#1598 = EDGE_CURVE ( 'NONE', #4051, #5272, #2541, .T. ) ;
#1599 = CARTESIAN_POINT ( 'NONE',  ( 2.588387096774317400, 6.981935483870963700, 11.50000000000000000 ) ) ;
#1600 = ORIENTED_EDGE ( 'NONE', *, *, #7726, .T. ) ;
#1601 = CARTESIAN_POINT ( 'NONE',  ( -1.943990371529989500, 4.698779226288304600, 11.50000000000000000 ) ) ;
#1602 = CARTESIAN_POINT ( 'NONE',  ( 0.4510217707268862100, -16.38540850825034300, 11.49999999999999800 ) ) ;
#1603 = CARTESIAN_POINT ( 'NONE',  ( 3.931059488080327600, 4.649902663950436800, 11.50000000000000000 ) ) ;
#1604 = VECTOR ( 'NONE', #7316, 1000.000000000000000 ) ;
#1605 = ORIENTED_EDGE ( 'NONE', *, *, #6684, .T. ) ;
#1606 = CARTESIAN_POINT ( 'NONE',  ( -1.857288870042769900, 5.394430733853370800, 11.50000000000000000 ) ) ;
#1607 = DIRECTION ( 'NONE',  ( 1.000000000000000000, 0.0000000000000000000, 0.0000000000000000000 ) ) ;
#1608 = CARTESIAN_POINT ( 'NONE',  ( -1.210336340813410700, -16.83017740130519600, 11.50000000000000200 ) ) ;
#1609 = CARTESIAN_POINT ( 'NONE',  ( -3.090677975002486600, -17.00483006550460600, 11.50000000000000200 ) ) ;
#1610 = EDGE_CURVE ( 'NONE', #4449, #2282, #319, .T. ) ;
#1611 = VERTEX_POINT ( 'NONE', #4846 ) ;
#1612 = CARTESIAN_POINT ( 'NONE',  ( -2.688842301420792900, 5.017610062893078600, 11.50000000000000000 ) ) ;
#1613 = CARTESIAN_POINT ( 'NONE',  ( 2.300225037878169200, -10.32668658822017900, 11.49999999999999800 ) ) ;
#1614 = FACE_OUTER_BOUND ( 'NONE', #7924, .T. ) ;
#1615 = ORIENTED_EDGE ( 'NONE', *, *, #5243, .F. ) ;
#1616 = DIRECTION ( 'NONE',  ( -0.2488607836983807400, -0.9685392662855892800, 0.0000000000000000000 ) ) ;
#1617 = CARTESIAN_POINT ( 'NONE',  ( -3.609282658687315700, -10.70572543994088500, 11.49999999999999500 ) ) ;
#1618 = CARTESIAN_POINT ( 'NONE',  ( -0.9125406177952420900, 12.14610582141958900, 11.50000000000000000 ) ) ;
#1619 = FACE_OUTER_BOUND ( 'NONE', #1201, .T. ) ;
#1620 = ORIENTED_EDGE ( 'NONE', *, *, #7900, .F. ) ;
#1621 = CARTESIAN_POINT ( 'NONE',  ( 6.397379542625473400, -0.7097228931188059900, 11.00000000000000000 ) ) ;
#1622 = EDGE_CURVE ( 'NONE', #8662, #2378, #9146, .T. ) ;
#1623 = CARTESIAN_POINT ( 'NONE',  ( -5.900000000000000400, -9.723564011813067500, 11.49999999999999300 ) ) ;
#1624 = CARTESIAN_POINT ( 'NONE',  ( 2.076023391812863700, 0.0000000000000000000, 11.50000000000000000 ) ) ;
#1625 = B_SPLINE_CURVE_WITH_KNOTS ( 'NONE', 3,
 ( #6352, #6524, #4751, #5092, #8703, #3636, #7689, #3224, #244, #5470, #1341, #6490, #966, #739, #3676, #6532, #1226, #3494, #4408 ),
 .UNSPECIFIED., .F., .F.,
 ( 4, 1, 1, 1, 1, 1, 1, 1, 1, 1, 1, 1, 1, 1, 1, 1, 4 ),
 ( 0.0000000000000000000, 0.09469925036336834800, 0.1841207303172485200, 0.2693762896350334600, 0.3494726878674712100, 0.4245457478582673700, 0.4956988783821867400, 0.5619976838288811600, 0.6241005067722587000, 0.6821718986237965700, 0.7366011253415281100, 0.7870043010868015300, 0.8341866465833128700, 0.8788394457139183700, 0.9207971826609633300, 0.9609657543065645000, 0.9999999999999998900 ),
 .UNSPECIFIED. ) ;
#1626 = CARTESIAN_POINT ( 'NONE',  ( 0.0000000000000000000, 4.876729559748424600, 11.50000000000000000 ) ) ;
#1627 = CARTESIAN_POINT ( 'NONE',  ( -0.4631843797413406900, -14.28900298371391000, 11.50000000000001100 ) ) ;
#1628 = FACE_OUTER_BOUND ( 'NONE', #4530, .T. ) ;
#1629 = CARTESIAN_POINT ( 'NONE',  ( 3.726202762031656700, 4.963128047320365600, 11.50000000000000000 ) ) ;
#1630 = EDGE_CURVE ( 'NONE', #9195, #638, #3287, .T. ) ;
#1631 = CARTESIAN_POINT ( 'NONE',  ( 2.129880774600057400, 5.200423320523513300, 11.50000000000000000 ) ) ;
#1632 = CARTESIAN_POINT ( 'NONE',  ( 2.326828918379968200E-015, 1.499999999999997800, 10.49999999999999800 ) ) ;
#1633 = CARTESIAN_POINT ( 'NONE',  ( 4.677821679157990100, 5.220526096494420900, 11.50000000000000200 ) ) ;
#1634 = LINE ( 'NONE', #1849, #8137 ) ;
#1635 = CARTESIAN_POINT ( 'NONE',  ( -0.8854577775332597200, -14.04866423177690700, 11.49999999999999800 ) ) ;
#1636 = CARTESIAN_POINT ( 'NONE',  ( 0.0000000000000000000, 4.599999999999996100, 11.50000000000000000 ) ) ;
#1637 = CARTESIAN_POINT ( 'NONE',  ( -1.368421052631579400, -16.61965745800714300, 11.50000000000000000 ) ) ;
#1638 = VECTOR ( 'NONE', #5446, 1000.000000000000000 ) ;
#1639 = CARTESIAN_POINT ( 'NONE',  ( 0.01632731789872835000, 9.602721444423838900, 11.50000000000000200 ) ) ;
#1640 = ORIENTED_EDGE ( 'NONE', *, *, #3711, .F. ) ;
#1641 = DIRECTION ( 'NONE',  ( -0.0000000000000000000, 0.0000000000000000000, 1.000000000000000000 ) ) ;
#1642 = CARTESIAN_POINT ( 'NONE',  ( 3.748538011695905500, -16.15182120069719900, 11.50000000000000000 ) ) ;
#1643 = CARTESIAN_POINT ( 'NONE',  ( 0.0000000000000000000, -16.64889722408901600, 11.50000000000000000 ) ) ;
#1644 = CARTESIAN_POINT ( 'NONE',  ( 2.051891916694679200, -9.895991094791089200, 11.50000000000000700 ) ) ;
#1645 = CARTESIAN_POINT ( 'NONE',  ( -0.5026204573745290900, 0.4922211961479788800, 11.00000000000000000 ) ) ;
#1646 = APPROVAL_PERSON_ORGANIZATION ( #3553, #2671, #1391 ) ;
#1647 = B_SPLINE_CURVE_WITH_KNOTS ( 'NONE', 3,
 ( #5123, #564, #3606, #5278, #110, #549, #2819, #913, #4212, #627, #7109, #3476, #411, #5587, #2184, #9228, #1886, #7321, #2290 ),
 .UNSPECIFIED., .F., .F.,
 ( 4, 1, 1, 1, 1, 1, 1, 1, 1, 1, 1, 1, 1, 1, 1, 1, 4 ),
 ( 0.0000000000000000000, 0.03843949930334833500, 0.07624441146234328700, 0.1134975523909661500, 0.1516145495194036700, 0.1908461705441123500, 0.2316476224905756900, 0.2752309809963126000, 0.3211024774889669200, 0.3724640197849947700, 0.4319583723150994800, 0.5010356514555467400, 0.5801458572376091400, 0.6693145655157006800, 0.7687369703845771100, 0.8790619114689231000, 1.000000000000000000 ),
 .UNSPECIFIED. ) ;
#1648 = CARTESIAN_POINT ( 'NONE',  ( 4.485380116959061200, -17.16351710712994800, 11.50000000000000000 ) ) ;
#1649 = AXIS2_PLACEMENT_3D ( 'NONE', #2225, #4331, #4337 ) ;
#1650 = CARTESIAN_POINT ( 'NONE',  ( -3.841315788409145800, 5.164595824264262400, 11.49999999999999800 ) ) ;
#1651 = EDGE_CURVE ( 'NONE', #1740, #8723, #2880, .T. ) ;
#1652 = VERTEX_POINT ( 'NONE', #4016 ) ;
#1653 = CARTESIAN_POINT ( 'NONE',  ( -0.8883191907347299800, 5.202478680139898300, 11.50000000000000400 ) ) ;
#1654 = CARTESIAN_POINT ( 'NONE',  ( 0.5026204573745304300, -1.707778803852020700, 11.00000000000000000 ) ) ;
#1655 = CARTESIAN_POINT ( 'NONE',  ( 4.867127312156499700, 4.635860273921655200, 11.49999999999999600 ) ) ;
#1656 = LINE ( 'NONE', #7546, #6483 ) ;
#1657 = CARTESIAN_POINT ( 'NONE',  ( 1.502166317260780400, 4.605031446540877500, 11.50000000000000000 ) ) ;
#1658 = ORIENTED_EDGE ( 'NONE', *, *, #6500, .T. ) ;
#1659 = CARTESIAN_POINT ( 'NONE',  ( 0.2100592686102491800, -16.84194522968133300, 11.50000000000000200 ) ) ;
#1660 = CARTESIAN_POINT ( 'NONE',  ( 2.454218158198120400, 4.663014716226560300, 11.50000000000000200 ) ) ;
#1661 = CARTESIAN_POINT ( 'NONE',  ( -0.4999999999999977200, 1.499999999999997800, 11.50000000000000000 ) ) ;
#1662 = EDGE_CURVE ( 'NONE', #2065, #8628, #6807, .T. ) ;
#1663 = DIRECTION ( 'NONE',  ( -0.0000000000000000000, -0.0000000000000000000, 1.000000000000000000 ) ) ;
#1665 = ORIENTED_EDGE ( 'NONE', *, *, #3402, .F. ) ;
#1664 = CARTESIAN_POINT ( 'NONE',  ( -3.843324072753790500, 4.637096304305345900, 11.49999999999999500 ) ) ;
#1666 = CARTESIAN_POINT ( 'NONE',  ( -2.964105194692130900, -16.25144266257723300, 11.50000000000000200 ) ) ;
#1667 = VECTOR ( 'NONE', #8865, 1000.000000000000000 ) ;
#1668 = CARTESIAN_POINT ( 'NONE',  ( -1.296995108315739600, 4.635220125786159600, 11.50000000000000000 ) ) ;
#1669 = VERTEX_POINT ( 'NONE', #5994 ) ;
#1670 = VERTEX_POINT ( 'NONE', #5275 ) ;
#1671 = DIRECTION ( 'NONE',  ( 0.0000000000000000000, 0.0000000000000000000, 1.000000000000000000 ) ) ;
#1672 = PLANE ( 'NONE',  #8296 ) ;
#1673 = CARTESIAN_POINT ( 'NONE',  ( -2.374049963235588000, 5.335836726803784700, 11.49999999999999600 ) ) ;
#1674 = EDGE_CURVE ( 'NONE', #4708, #2438, #8478, .T. ) ;
#1675 = CARTESIAN_POINT ( 'NONE',  ( 0.0000000000000000000, 4.650314465408802000, 11.50000000000000000 ) ) ;
#1676 = CARTESIAN_POINT ( 'NONE',  ( 2.191864519667062500, 5.395278499603587200, 11.50000000000000000 ) ) ;
#1677 = CARTESIAN_POINT ( 'NONE',  ( -2.931986657524938300, -11.73970979744245500, 11.50000000000000200 ) ) ;
#1678 = ORIENTED_EDGE ( 'NONE', *, *, #8699, .T. ) ;
#1679 = ORIENTED_EDGE ( 'NONE', *, *, #2395, .T. ) ;
#1680 = CARTESIAN_POINT ( 'NONE',  ( 1.910831586303408200, 4.771069182389933200, 11.49999999999999800 ) ) ;
#1681 = CARTESIAN_POINT ( 'NONE',  ( -1.555537196839431400, -17.04483570222636500, 11.49999999999999800 ) ) ;
#1682 = VECTOR ( 'NONE', #5105, 1000.000000000000000 ) ;
#1683 = CARTESIAN_POINT ( 'NONE',  ( 0.5536663297498135600, -17.11777441289890000, 11.50000000000000200 ) ) ;
#1684 = CARTESIAN_POINT ( 'NONE',  ( 3.162585123879278400, -9.301724132752312400, 11.50000000000000400 ) ) ;
#1685 = CARTESIAN_POINT ( 'NONE',  ( 1.565167768492905700, 8.035716025941280100, 11.49999999999999600 ) ) ;
#1686 = CARTESIAN_POINT ( 'NONE',  ( 0.9911949685535828000, 4.650314465408802000, 11.50000000000000000 ) ) ;
#1687 = CARTESIAN_POINT ( 'NONE',  ( 0.2724679776245060900, -14.06981291482455300, 11.50000000000000200 ) ) ;
#1688 = CARTESIAN_POINT ( 'NONE',  ( 3.216212438854071400, 4.740880503144650100, 11.50000000000000000 ) ) ;
#1689 = LINE ( 'NONE', #6746, #3468 ) ;
#1690 = ORIENTED_EDGE ( 'NONE', *, *, #230, .T. ) ;
#1691 = ORIENTED_EDGE ( 'NONE', *, *, #6229, .F. ) ;
#1692 = CARTESIAN_POINT ( 'NONE',  ( 3.841620136247620600, -16.62639694215310000, 11.49999999999999600 ) ) ;
#1693 = CARTESIAN_POINT ( 'NONE',  ( 0.4615886326579378700, 5.254088050314463100, 11.50000000000000000 ) ) ;
#1694 = CARTESIAN_POINT ( 'NONE',  ( -2.822754216057573400, -16.37335240195954700, 11.50000000000000400 ) ) ;
#1695 = CARTESIAN_POINT ( 'NONE',  ( -1.806766427703954100, -16.92536788945684000, 11.50000000000000200 ) ) ;
#1696 = ORIENTED_EDGE ( 'NONE', *, *, #3047, .T. ) ;
#1697 = CARTESIAN_POINT ( 'NONE',  ( -2.283531330072087900, 4.660377358490562100, 11.50000000000000000 ) ) ;
#1698 = EDGE_LOOP ( 'NONE', ( #918, #5215, #5427, #281, #4316, #114, #372, #1059, #691, #8339, #8050, #5673, #8160, #6706, #3041, #6275, #8129, #5290, #995, #5073, #4521, #574, #5087, #1173, #6735, #927, #8957, #2094, #8187, #1403, #1376, #4820 ) ) ;
#1699 = ORIENTED_EDGE ( 'NONE', *, *, #2327, .T. ) ;
#1700 = AXIS2_PLACEMENT_3D ( 'NONE', #462, #1408, #8288 ) ;
#1701 = EDGE_CURVE ( 'NONE', #2584, #7906, #483, .T. ) ;
#1702 = CARTESIAN_POINT ( 'NONE',  ( -4.533517742219621600, 5.350011400601413700, 11.49999999999999800 ) ) ;
#1703 = CARTESIAN_POINT ( 'NONE',  ( 3.197758477012027500, 5.420620765360743200, 11.49999999999999800 ) ) ;
#1704 = CARTESIAN_POINT ( 'NONE',  ( 3.715746174034900500, 4.965743174614154000, 11.50000000000000000 ) ) ;
#1705 = CARTESIAN_POINT ( 'NONE',  ( 3.795760540414751200, 4.876729559748424600, 11.50000000000000000 ) ) ;
#1706 = ORIENTED_EDGE ( 'NONE', *, *, #4680, .F. ) ;
#1707 = CARTESIAN_POINT ( 'NONE',  ( 2.191849642952806900, 5.395319016176412000, 11.50000000000000000 ) ) ;
#1708 = CARTESIAN_POINT ( 'NONE',  ( 1.217259311253924900, -10.18966376709894200, 11.49999999999999600 ) ) ;
#1709 = ORIENTED_EDGE ( 'NONE', *, *, #4651, .T. ) ;
#1710 = CARTESIAN_POINT ( 'NONE',  ( 0.6609702597599551600, 4.697620555028152900, 11.49999999999999800 ) ) ;
#1711 = CARTESIAN_POINT ( 'NONE',  ( -0.9174004192870883800, 4.967295597484273600, 11.50000000000000200 ) ) ;
#1712 = CARTESIAN_POINT ( 'NONE',  ( 0.7997983761688611800, -17.04584157991443000, 11.50000000000000400 ) ) ;
#1713 = CARTESIAN_POINT ( 'NONE',  ( 1.006772300116332500, -16.32492708260565800, 11.50000000000000200 ) ) ;
#1714 = DIRECTION ( 'NONE',  ( 0.3225311624017466200, 0.9465588461790307400, 0.0000000000000000000 ) ) ;
#1715 = CC_DESIGN_PERSON_AND_ORGANIZATION_ASSIGNMENT ( #5444, #1151, ( #5612 ) ) ;
#1716 = DIRECTION ( 'NONE',  ( -0.6142207408536395400, -0.7891342607599838300, 0.0000000000000000000 ) ) ;
#1717 = ORIENTED_EDGE ( 'NONE', *, *, #4007, .T. ) ;
#1718 = EDGE_CURVE ( 'NONE', #7146, #6802, #8905, .T. ) ;
#1719 = VECTOR ( 'NONE', #7495, 1000.000000000000000 ) ;
#1720 = DIRECTION ( 'NONE',  ( 1.000000000000000000, 0.0000000000000000000, 0.0000000000000000000 ) ) ;
#1721 = ORIENTED_EDGE ( 'NONE', *, *, #4731, .F. ) ;
#1722 = CARTESIAN_POINT ( 'NONE',  ( -2.369263660743276700, 4.691978812588540200, 11.50000000000000700 ) ) ;
#1723 = ORIENTED_EDGE ( 'NONE', *, *, #3458, .T. ) ;
#1724 = CARTESIAN_POINT ( 'NONE',  ( -4.087389013403814000, 4.967115414373015600, 11.50000000000000000 ) ) ;
#1725 = DIRECTION ( 'NONE',  ( 1.000000000000000000, 0.0000000000000000000, 0.0000000000000000000 ) ) ;
#1726 = CARTESIAN_POINT ( 'NONE',  ( -1.756694248160818100, 5.301713815698248800, 11.50000000000000400 ) ) ;
#1727 = ORIENTED_EDGE ( 'NONE', *, *, #6176, .T. ) ;
#1728 = CARTESIAN_POINT ( 'NONE',  ( -2.875577580461098100, 5.056100619398373300, 11.50000000000000700 ) ) ;
#1729 = CARTESIAN_POINT ( 'NONE',  ( -27.17330260888545000, 20.49999999999999600, 9.980478385079603500 ) ) ;
#1730 = CARTESIAN_POINT ( 'NONE',  ( -0.4079346264920555300, 5.341784332580626700, 11.50000000000000000 ) ) ;
#1731 = EDGE_CURVE ( 'NONE', #6327, #4827, #2436, .T. ) ;
#1732 = DIRECTION ( 'NONE',  ( 0.3225311624017392900, 0.9465588461790334100, 0.0000000000000000000 ) ) ;
#1733 = ORIENTED_EDGE ( 'NONE', *, *, #5873, .F. ) ;
#1734 = CARTESIAN_POINT ( 'NONE',  ( 0.004199951013413466000, -13.39168120101153600, 11.50000000000000400 ) ) ;
#1735 = DIRECTION ( 'NONE',  ( 0.1263587185602858300, -0.9919846139148543700, 0.0000000000000000000 ) ) ;
#1736 = VECTOR ( 'NONE', #3190, 999.9999999999997700 ) ;
#1737 = CARTESIAN_POINT ( 'NONE',  ( 3.179354838709801200, 10.89806451612902900, 11.50000000000000000 ) ) ;
#1738 = CARTESIAN_POINT ( 'NONE',  ( 3.805237903098699400, -16.63915382947334000, 11.49999999999999800 ) ) ;
#1739 = CARTESIAN_POINT ( 'NONE',  ( -1.831679412137964000, 4.936015194926055100, 11.50000000000000700 ) ) ;
#1740 = VERTEX_POINT ( 'NONE', #1524 ) ;
#1741 = CARTESIAN_POINT ( 'NONE',  ( 0.3153039832286343400, 4.675471698113203600, 11.49999999999999600 ) ) ;
#1742 = VECTOR ( 'NONE', #7125, 999.9999999999998900 ) ;
#1743 = ORIENTED_EDGE ( 'NONE', *, *, #2618, .T. ) ;
#1744 = CARTESIAN_POINT ( 'NONE',  ( -3.133859263964641400, -16.37472024641671800, 11.49999999999999800 ) ) ;
#1745 = CARTESIAN_POINT ( 'NONE',  ( -0.8529138615878778500, 5.391271462865876000, 11.49999999999999800 ) ) ;
#1746 = AXIS2_PLACEMENT_3D ( 'NONE', #7275, #6202, #8345 ) ;
#1747 = ORIENTED_EDGE ( 'NONE', *, *, #3413, .F. ) ;
#1748 = CARTESIAN_POINT ( 'NONE',  ( 0.8182839866791943300, -16.27741130480453400, 11.50000000000000200 ) ) ;
#1749 = CARTESIAN_POINT ( 'NONE',  ( 4.298245614035084600, -16.82433582058024200, 11.50000000000000000 ) ) ;
#1750 = CARTESIAN_POINT ( 'NONE',  ( -1.695906432748538900, -16.41497909543404500, 11.50000000000000000 ) ) ;
#1751 = B_SPLINE_CURVE_WITH_KNOTS ( 'NONE', 3,
 ( #8601, #6035, #8151, #4982, #5159, #6617, #881, #5712, #1342, #8291, #4067 ),
 .UNSPECIFIED., .F., .F.,
 ( 4, 1, 1, 1, 1, 1, 1, 1, 4 ),
 ( 0.0000000000000000000, 0.1164887777234883100, 0.2285311821790870800, 0.3400130191433717900, 0.4552251486824472300, 0.5757192520768362700, 0.7052655628858750500, 0.8461315939910579700, 1.000000000000000000 ),
 .UNSPECIFIED. ) ;
#1752 = B_SPLINE_CURVE_WITH_KNOTS ( 'NONE', 3,
 ( #8930, #4075, #6927, #8311, #8141, #1710, #6700, #3200, #4587, #6740, #383 ),
 .UNSPECIFIED., .F., .F.,
 ( 4, 1, 1, 1, 1, 1, 1, 1, 4 ),
 ( 0.0000000000000000000, 0.2069412954628541100, 0.3889985752520347400, 0.5448263320048000200, 0.6750924356422252100, 0.7823242233092214700, 0.8680887243905414100, 0.9384852140303671100, 0.9999999999999998900 ),
 .UNSPECIFIED. ) ;
#1753 = DIRECTION ( 'NONE',  ( -0.0000000000000000000, 0.0000000000000000000, 1.000000000000000000 ) ) ;
#1754 = LINE ( 'NONE', #5599, #92 ) ;
#1755 = DIRECTION ( 'NONE',  ( -0.0000000000000000000, 0.0000000000000000000, 1.000000000000000000 ) ) ;
#1756 = CARTESIAN_POINT ( 'NONE',  ( 2.706478322660124600, -11.46021085225948100, 11.49999999999999300 ) ) ;
#1757 = LINE ( 'NONE', #2302, #3653 ) ;
#1758 = CARTESIAN_POINT ( 'NONE',  ( 12.90000000000000200, -20.49999999999999600, 11.50000000000000000 ) ) ;
#1759 = VERTEX_POINT ( 'NONE', #7536 ) ;
#1760 = CARTESIAN_POINT ( 'NONE',  ( -1.406032986721841500, -10.78148037021798100, 11.50000000000000700 ) ) ;
#1761 = CARTESIAN_POINT ( 'NONE',  ( 1.541558952071793200, 4.624672939496208300, 11.50000000000000200 ) ) ;
#1762 = ORIENTED_EDGE ( 'NONE', *, *, #838, .F. ) ;
#1763 = CARTESIAN_POINT ( 'NONE',  ( 0.0000000000000000000, -14.75614035087719400, 11.50000000000000000 ) ) ;
#1764 = VECTOR ( 'NONE', #4618, 1000.000000000000000 ) ;
#1765 = VERTEX_POINT ( 'NONE', #4444 ) ;
#1766 = CARTESIAN_POINT ( 'NONE',  ( -2.090659212671668800, 5.420125786163518800, 11.50000000000000000 ) ) ;
#1767 = CARTESIAN_POINT ( 'NONE',  ( -2.271073376878313300, 10.87276215170909300, 11.49999999999999800 ) ) ;
#1768 = DIRECTION ( 'NONE',  ( 1.000000000000000000, 0.0000000000000000000, 0.0000000000000000000 ) ) ;
#1769 = CARTESIAN_POINT ( 'NONE',  ( -12.90000000000000200, 20.49999999999999600, 10.99999999999999300 ) ) ;
#1770 = AXIS2_PLACEMENT_3D ( 'NONE', #7198, #1542, #2245 ) ;
#1771 = ORIENTED_EDGE ( 'NONE', *, *, #9017, .T. ) ;
#1772 = EDGE_CURVE ( 'NONE', #3915, #3493, #7347, .T. ) ;
#1773 = ORIENTED_EDGE ( 'NONE', *, *, #390, .T. ) ;
#1774 = CARTESIAN_POINT ( 'NONE',  ( 0.0000000000000000000, -2.000000000000004000, 11.00000000000000000 ) ) ;
#1775 = CARTESIAN_POINT ( 'NONE',  ( -0.4695969390025804800, -13.74983438908045300, 11.50000000000000400 ) ) ;
#1776 = CARTESIAN_POINT ( 'NONE',  ( 3.710687407364484000, 10.79549673953852100, 11.50000000000000400 ) ) ;
#1777 = CARTESIAN_POINT ( 'NONE',  ( 4.176100628930941900, 5.405031446540876400, 11.50000000000000000 ) ) ;
#1778 = CLOSED_SHELL ( 'NONE', ( #2686, #8794, #5044, #3662, #2554, #3036 ) ) ;
#1779 = ORIENTED_EDGE ( 'NONE', *, *, #6108, .T. ) ;
#1780 = CARTESIAN_POINT ( 'NONE',  ( 3.239322718147179500, -10.07649378683267500, 11.50000000000000400 ) ) ;
#1781 = LINE ( 'NONE', #4349, #6036 ) ;
#1782 = EDGE_CURVE ( 'NONE', #618, #161, #7407, .T. ) ;
#1783 = CARTESIAN_POINT ( 'NONE',  ( -3.932661087303882300, -16.75957317130256300, 11.49999999999999600 ) ) ;
#1784 = DIRECTION ( 'NONE',  ( -0.3225311624017392900, -0.9465588461790334100, 0.0000000000000000000 ) ) ;
#1785 = CARTESIAN_POINT ( 'NONE',  ( -3.184370917493356800, -9.860195605928304000, 11.50000000000000200 ) ) ;
#1786 = CARTESIAN_POINT ( 'NONE',  ( 3.578947368421051300, 0.0000000000000000000, 11.50000000000000000 ) ) ;
#1787 = VECTOR ( 'NONE', #8647, 1000.000000000000000 ) ;
#1788 = CARTESIAN_POINT ( 'NONE',  ( 1.518091635103896000, 4.620055840420160800, 11.50000000000000000 ) ) ;
#1789 = VERTEX_POINT ( 'NONE', #2442 ) ;
#1790 = VECTOR ( 'NONE', #2390, 1000.000000000000000 ) ;
#1791 = CARTESIAN_POINT ( 'NONE',  ( -2.735201851262588900, 4.920855021853137500, 11.49999999999999600 ) ) ;
#1792 = VERTEX_POINT ( 'NONE', #6101 ) ;
#1793 = CARTESIAN_POINT ( 'NONE',  ( 0.01400505738194102200, -0.006224469947529324800, 11.50000000000000000 ) ) ;
#1794 = CARTESIAN_POINT ( 'NONE',  ( -2.362311873680522600, 5.309127692539037800, 11.50000000000000200 ) ) ;
#1795 = CARTESIAN_POINT ( 'NONE',  ( -1.961111887777915700, 5.331197355829313100, 11.50000000000000400 ) ) ;
#1796 = EDGE_CURVE ( 'NONE', #3093, #5574, #7685, .T. ) ;
#1797 = FACE_OUTER_BOUND ( 'NONE', #1698, .T. ) ;
#1798 = CARTESIAN_POINT ( 'NONE',  ( -2.646090364509823700, -11.45731752404243600, 11.50000000000000000 ) ) ;
#1799 = ORIENTED_EDGE ( 'NONE', *, *, #3130, .T. ) ;
#1800 = VERTEX_POINT ( 'NONE', #4886 ) ;
#1801 = CARTESIAN_POINT ( 'NONE',  ( -0.8847724709619531100, 10.69682615801665500, 11.49999999999999800 ) ) ;
#1802 = CARTESIAN_POINT ( 'NONE',  ( 0.8885359570302294700, -16.79977730416834400, 11.49999999999999600 ) ) ;
#1803 = VECTOR ( 'NONE', #1873, 1000.000000000000000 ) ;
#1804 = VERTEX_POINT ( 'NONE', #3296 ) ;
#1805 = ORIENTED_EDGE ( 'NONE', *, *, #3090, .T. ) ;
#1806 = CARTESIAN_POINT ( 'NONE',  ( 2.326828918379968200E-015, 1.499999999999997800, 11.50000000000000000 ) ) ;
#1807 = CARTESIAN_POINT ( 'NONE',  ( -0.1048368988793265500, -11.05303533661004400, 11.50000000000000000 ) ) ;
#1808 = ADVANCED_FACE ( 'NONE', ( #554, #1309, #4786 ), #2748, .T. ) ;
#1809 = EDGE_CURVE ( 'NONE', #5780, #2385, #782, .T. ) ;
#1810 = ORIENTED_EDGE ( 'NONE', *, *, #6942, .T. ) ;
#1811 = DIRECTION ( 'NONE',  ( 1.000000000000000000, 0.0000000000000000000, 0.0000000000000000000 ) ) ;
#1812 = CARTESIAN_POINT ( 'NONE',  ( 1.052391078933488700, -16.88203268961899200, 11.50000000000000400 ) ) ;
#1813 = DIRECTION ( 'NONE',  ( 0.0000000000000000000, 0.0000000000000000000, -1.000000000000000000 ) ) ;
#1814 = ORIENTED_EDGE ( 'NONE', *, *, #4231, .T. ) ;
#1815 = CARTESIAN_POINT ( 'NONE',  ( 1.084202172485504400E-015, 1.356728382832171700, 11.00000000000000000 ) ) ;
#1816 = ORIENTED_EDGE ( 'NONE', *, *, #1598, .T. ) ;
#1817 = CARTESIAN_POINT ( 'NONE',  ( 1.534218495224908100, 4.625157232704398600, 11.50000000000000000 ) ) ;
#1818 = CARTESIAN_POINT ( 'NONE',  ( -0.7727160003576792900, -10.11745461743870000, 11.50000000000000200 ) ) ;
#1819 = CYLINDRICAL_SURFACE ( 'NONE', #4702, 0.9999999999999991100 ) ;
#1820 = CARTESIAN_POINT ( 'NONE',  ( -1.699038109663006900, -10.66360236051721000, 11.50000000000000200 ) ) ;
#1821 = CARTESIAN_POINT ( 'NONE',  ( -0.4175682653476600100, -11.02223253847155400, 11.50000000000000500 ) ) ;
#1822 = ORIENTED_EDGE ( 'NONE', *, *, #7815, .T. ) ;
#1823 = CARTESIAN_POINT ( 'NONE',  ( -3.123602248730040600, -11.26603098181789000, 11.50000000000000000 ) ) ;
#1824 = LINE ( 'NONE', #9200, #8668 ) ;
#1825 = CARTESIAN_POINT ( 'NONE',  ( -2.086383958349249800, 10.65057914591251600, 11.50000000000000000 ) ) ;
#1826 = ORIENTED_EDGE ( 'NONE', *, *, #1297, .F. ) ;
#1827 = EDGE_CURVE ( 'NONE', #6674, #8320, #4557, .T. ) ;
#1828 = ORIENTED_EDGE ( 'NONE', *, *, #8873, .F. ) ;
#1829 = CARTESIAN_POINT ( 'NONE',  ( -1.344345059018753600, -16.40322199261930400, 11.50000000000000000 ) ) ;
#1830 = CARTESIAN_POINT ( 'NONE',  ( 0.6270425283206365600, -16.49871858816307900, 11.49999999999999800 ) ) ;
#1831 = LINE ( 'NONE', #6007, #1604 ) ;
#1832 = CARTESIAN_POINT ( 'NONE',  ( 1.041314206130520100, -16.96401356847170700, 11.50000000000000200 ) ) ;
#1833 = ORIENTED_EDGE ( 'NONE', *, *, #2006, .F. ) ;
#1834 = CARTESIAN_POINT ( 'NONE',  ( -6.899999999999999500, -1.574230079803000400, 11.00000000000000000 ) ) ;
#1835 = ORIENTED_EDGE ( 'NONE', *, *, #7777, .F. ) ;
#1836 = CARTESIAN_POINT ( 'NONE',  ( -2.893616356260992500, 4.732245830038693600, 11.50000000000000400 ) ) ;
#1837 = EDGE_CURVE ( 'NONE', #3168, #7912, #356, .T. ) ;
#1838 = CARTESIAN_POINT ( 'NONE',  ( -1.374082145977618700, -16.15765283504976700, 11.50000000000000200 ) ) ;
#1839 = VECTOR ( 'NONE', #8670, 1000.000000000000000 ) ;
#1840 = CARTESIAN_POINT ( 'NONE',  ( 0.7368421052631570800, -16.14012529426445000, 11.50000000000000000 ) ) ;
#1841 = CARTESIAN_POINT ( 'NONE',  ( 4.262725394569964800, -17.07031316903666600, 11.50000000000000000 ) ) ;
#1842 = VERTEX_POINT ( 'NONE', #7326 ) ;
#1843 = CARTESIAN_POINT ( 'NONE',  ( -0.4849859192486361500, -14.01897292382078100, 11.50000000000000000 ) ) ;
#1844 = CARTESIAN_POINT ( 'NONE',  ( -2.766574527147200900, 5.356943170670956700, 11.50000000000000000 ) ) ;
#1845 = EDGE_LOOP ( 'NONE', ( #6145, #5043, #5277, #1230, #5956, #5865, #8256, #6273, #5746, #6523, #658, #7384, #6064, #2746, #4252, #467, #3245, #1893, #312, #9060, #7841, #2073, #4512, #4622 ) ) ;
#1846 = FACE_BOUND ( 'NONE', #290, .T. ) ;
#1847 = CARTESIAN_POINT ( 'NONE',  ( 4.630513966706136100, 5.336827643153085000, 11.49999999999999600 ) ) ;
#1848 = CARTESIAN_POINT ( 'NONE',  ( 2.410322580645285000, 6.402580645161286600, 11.50000000000000000 ) ) ;
#1849 = CARTESIAN_POINT ( 'NONE',  ( 0.0000000000000000000, -17.15182120069719900, 11.50000000000000000 ) ) ;
#1850 = CARTESIAN_POINT ( 'NONE',  ( 0.9287677614722874600, 4.599999999999996100, 11.50000000000000000 ) ) ;
#1851 = CARTESIAN_POINT ( 'NONE',  ( -0.5419064391986445600, 4.711456120869229400, 11.50000000000000400 ) ) ;
#1852 = CARTESIAN_POINT ( 'NONE',  ( -0.004301166237589191700, -16.60574228816715700, 11.49999999999999600 ) ) ;
#1853 = CARTESIAN_POINT ( 'NONE',  ( -1.573099415204679100, -16.58456973870889700, 11.50000000000000400 ) ) ;
#1854 = APPLICATION_CONTEXT ( 'configuration controlled 3d designs of mechanical parts and assemblies' ) ;
#1855 = CARTESIAN_POINT ( 'NONE',  ( -0.03429912720028895800, -14.60214831118703100, 11.50000000000000200 ) ) ;
#1856 = EDGE_CURVE ( 'NONE', #1399, #6511, #2445, .T. ) ;
#1857 = CARTESIAN_POINT ( 'NONE',  ( -1.286389043844954600, 4.592459417577762400, 11.50000000000000700 ) ) ;
#1858 = CARTESIAN_POINT ( 'NONE',  ( 4.223806196133365300, 4.745911949685530700, 11.50000000000000000 ) ) ;
#1859 = CARTESIAN_POINT ( 'NONE',  ( -0.2046783625731006800, -16.51439430011240700, 11.50000000000000000 ) ) ;
#1860 = CARTESIAN_POINT ( 'NONE',  ( 4.519804719538137200, -16.59379330628270200, 11.49999999999999800 ) ) ;
#1861 = DIRECTION ( 'NONE',  ( 0.2048982700753956000, 0.9787832747447772200, 0.0000000000000000000 ) ) ;
#1862 = CARTESIAN_POINT ( 'NONE',  ( -2.058064516128908800, 10.64774193548386800, 11.50000000000000000 ) ) ;
#1863 = ORIENTED_EDGE ( 'NONE', *, *, #8030, .T. ) ;
#1864 = CARTESIAN_POINT ( 'NONE',  ( 4.800869919977547100, -16.81197809289320200, 11.50000000000000000 ) ) ;
#1865 = DIRECTION ( 'NONE',  ( 1.224646799147353200E-016, 1.000000000000000000, -0.0000000000000000000 ) ) ;
#1866 = CARTESIAN_POINT ( 'NONE',  ( 3.492889052108326000, -9.850700643533395300, 11.49999999999999800 ) ) ;
#1867 = CARTESIAN_POINT ( 'NONE',  ( -3.579841827665869200, -16.85129883507522700, 11.50000000000000000 ) ) ;
#1868 = CARTESIAN_POINT ( 'NONE',  ( 0.07062521117558562300, -14.58574545057460400, 11.50000000000000400 ) ) ;
#1869 = CARTESIAN_POINT ( 'NONE',  ( -2.976608187134503100, -17.05240599601883700, 11.50000000000000000 ) ) ;
#1870 = CARTESIAN_POINT ( 'NONE',  ( -1.435304786076014900, 4.685672932598059500, 11.50000000000000200 ) ) ;
#1871 = B_SPLINE_CURVE_WITH_KNOTS ( 'NONE', 3,
 ( #6957, #8314, #2798, #781, #1284, #1825, #3518 ),
 .UNSPECIFIED., .F., .F.,
 ( 4, 1, 1, 1, 4 ),
 ( 0.0000000000000000000, 0.2375360958801110400, 0.4870562352836538300, 0.7431032931973610100, 1.000000000000000000 ),
 .UNSPECIFIED. ) ;
#1872 = VERTEX_POINT ( 'NONE', #1997 ) ;
#1873 = DIRECTION ( 'NONE',  ( -1.000000000000000000, -0.0000000000000000000, -0.0000000000000000000 ) ) ;
#1874 = CARTESIAN_POINT ( 'NONE',  ( 0.0000000000000000000, 0.0000000000000000000, 11.50000000000000000 ) ) ;
#1875 = CARTESIAN_POINT ( 'NONE',  ( -2.005493340630913700, 8.720130242310032600, 11.50000000000000400 ) ) ;
#1876 = DESIGN_CONTEXT ( 'detailed design', #1854, 'design' ) ;
#1877 = CARTESIAN_POINT ( 'NONE',  ( -1.150015325845233000, 4.671535115608910400, 11.50000000000000200 ) ) ;
#1878 = EDGE_CURVE ( 'NONE', #6949, #431, #9138, .T. ) ;
#1879 = CARTESIAN_POINT ( 'NONE',  ( -5.900000000000000400, -20.49999999999999600, 11.49999999999999300 ) ) ;
#1880 = VERTEX_POINT ( 'NONE', #5627 ) ;
#1881 = CARTESIAN_POINT ( 'NONE',  ( 3.848803815246514500, -16.16274629466456500, 11.49999999999999800 ) ) ;
#1882 = CARTESIAN_POINT ( 'NONE',  ( 0.1825771567154515200, -16.68877952440167800, 11.50000000000000200 ) ) ;
#1883 = CARTESIAN_POINT ( 'NONE',  ( -12.90000000000000600, 20.49999999999999600, 0.0000000000000000000 ) ) ;
#1884 = CARTESIAN_POINT ( 'NONE',  ( -1.681816921756707600, 8.412237305270201300, 11.49999999999999800 ) ) ;
#1885 = ORIENTED_EDGE ( 'NONE', *, *, #5815, .F. ) ;
#1886 = CARTESIAN_POINT ( 'NONE',  ( -3.567752015151317600, -16.59191094940433300, 11.50000000000000000 ) ) ;
#1887 = ADVANCED_FACE ( 'NONE', ( #3875, #4566 ), #7631, .T. ) ;
#1888 = LINE ( 'NONE', #9097, #2906 ) ;
#1889 = CARTESIAN_POINT ( 'NONE',  ( 0.6699214949200353900, -11.36730266580255300, 11.50000000000000400 ) ) ;
#1890 = CARTESIAN_POINT ( 'NONE',  ( 2.007118373360818000, -10.22365221686569500, 11.50000000000000500 ) ) ;
#1891 = CARTESIAN_POINT ( 'NONE',  ( -1.102819834901406900, 10.68650118778157300, 11.49999999999999500 ) ) ;
#1892 = EDGE_CURVE ( 'NONE', #2610, #7532, #2657, .T. ) ;
#1893 = ORIENTED_EDGE ( 'NONE', *, *, #6741, .F. ) ;
#1894 = CARTESIAN_POINT ( 'NONE',  ( 2.191857095452084200, 5.395298719374005200, 11.50000000000000000 ) ) ;
#1895 = LINE ( 'NONE', #6987, #6488 ) ;
#1896 = ORIENTED_EDGE ( 'NONE', *, *, #5648, .T. ) ;
#1897 = CARTESIAN_POINT ( 'NONE',  ( -0.1038519862421028000, -13.24168364253756500, 11.50000000000000500 ) ) ;
#1898 = CARTESIAN_POINT ( 'NONE',  ( 4.487611181086847100, 5.419785521154537400, 11.50000000000000000 ) ) ;
#1899 = CARTESIAN_POINT ( 'NONE',  ( 3.133845795481138300, 5.399999999999996800, 11.50000000000000000 ) ) ;
#1900 = DIRECTION ( 'NONE',  ( 0.0000000000000000000, 0.0000000000000000000, 1.000000000000000000 ) ) ;
#1901 = CARTESIAN_POINT ( 'NONE',  ( 0.05644669770891005300, -13.40065566338536700, 11.50000000000000400 ) ) ;
#1902 = ORIENTED_EDGE ( 'NONE', *, *, #4494, .F. ) ;
#1903 = CARTESIAN_POINT ( 'NONE',  ( 3.257402699462355500, -10.70051937758158500, 11.50000000000000000 ) ) ;
#1904 = ORIENTED_EDGE ( 'NONE', *, *, #3641, .T. ) ;
#1905 = EDGE_CURVE ( 'NONE', #5787, #7865, #8680, .T. ) ;
#1906 = LINE ( 'NONE', #7785, #2122 ) ;
#1907 = CARTESIAN_POINT ( 'NONE',  ( 9.000000000000000000, -22.60000000000000100, 2.000000000000000000 ) ) ;
#1908 = CARTESIAN_POINT ( 'NONE',  ( 2.057973006494291800, 4.745713773258859900, 11.50000000000000200 ) ) ;
#1909 = PLANE ( 'NONE',  #2236 ) ;
#1910 = CARTESIAN_POINT ( 'NONE',  ( -0.9500170878908621400, 4.892077410040974100, 11.49999999999999600 ) ) ;
#1911 = CARTESIAN_POINT ( 'NONE',  ( 1.026315789473684100, -13.23859649122807300, 11.50000000000000000 ) ) ;
#1912 = DIRECTION ( 'NONE',  ( 0.2553911228370329100, 0.9668378221687644600, 0.0000000000000000000 ) ) ;
#1913 = ORIENTED_EDGE ( 'NONE', *, *, #3402, .T. ) ;
#1914 = VECTOR ( 'NONE', #6723, 1000.000000000000000 ) ;
#1915 = CARTESIAN_POINT ( 'NONE',  ( 22.50906044749596900, 13.28666305086976100, 10.31363853946457200 ) ) ;
#1916 = DIRECTION ( 'NONE',  ( 1.000000000000000000, 0.0000000000000000000, 0.0000000000000000000 ) ) ;
#1917 = DIRECTION ( 'NONE',  ( -0.0000000000000000000, -0.0000000000000000000, 1.000000000000000000 ) ) ;
#1918 = ORIENTED_EDGE ( 'NONE', *, *, #3145, .T. ) ;
#1919 = CARTESIAN_POINT ( 'NONE',  ( 3.528584968295591200, -10.86457517572309000, 11.50000000000000400 ) ) ;
#1920 = CARTESIAN_POINT ( 'NONE',  ( -2.477269114441301000, -11.69915822855120000, 11.50000000000000400 ) ) ;
#1921 = CARTESIAN_POINT ( 'NONE',  ( -1.751046362084915700, 5.243542700279926200, 11.50000000000000000 ) ) ;
#1922 = CARTESIAN_POINT ( 'NONE',  ( -0.9079003967305402400, -13.54755385249000100, 11.50000000000000200 ) ) ;
#1923 = CARTESIAN_POINT ( 'NONE',  ( 2.338262159941698400, -10.94401774625800200, 11.50000000000000000 ) ) ;
#1924 = EDGE_CURVE ( 'NONE', #1553, #4726, #6246, .T. ) ;
#1925 = ORIENTED_EDGE ( 'NONE', *, *, #5619, .F. ) ;
#1926 = DIRECTION ( 'NONE',  ( 1.000000000000000000, 0.0000000000000000000, 0.0000000000000000000 ) ) ;
#1927 = LINE ( 'NONE', #5237, #4170 ) ;
#1928 = VERTEX_POINT ( 'NONE', #3763 ) ;
#1929 = CARTESIAN_POINT ( 'NONE',  ( 3.040935672514618400, 0.0000000000000000000, 11.50000000000000000 ) ) ;
#1930 = VECTOR ( 'NONE', #2651, 1000.000000000000000 ) ;
#1931 = DIRECTION ( 'NONE',  ( 1.000000000000000000, 0.0000000000000000000, 0.0000000000000000000 ) ) ;
#1932 = CARTESIAN_POINT ( 'NONE',  ( 2.159739991378855500, 5.385446290491404200, 11.49999999999999800 ) ) ;
#1933 = ORIENTED_EDGE ( 'NONE', *, *, #1583, .F. ) ;
#1934 = CARTESIAN_POINT ( 'NONE',  ( -2.380466982136046500, 5.407483100195934300, 11.50000000000000000 ) ) ;
#1935 = ORIENTED_EDGE ( 'NONE', *, *, #8064, .T. ) ;
#1936 = ORIENTED_EDGE ( 'NONE', *, *, #178, .F. ) ;
#1937 = CARTESIAN_POINT ( 'NONE',  ( 4.365274815447341100, -17.14057684961503400, 11.49999999999999800 ) ) ;
#1938 = CARTESIAN_POINT ( 'NONE',  ( 0.4247342380644074100, -14.29398791085347600, 11.50000000000000000 ) ) ;
#1939 = DIRECTION ( 'NONE',  ( -0.8645071866841930200, 0.5026204573745302100, 0.0000000000000000000 ) ) ;
#1940 = ORIENTED_EDGE ( 'NONE', *, *, #1598, .F. ) ;
#1941 = CARTESIAN_POINT ( 'NONE',  ( -0.6383553172435021400, 4.681814610273253400, 11.50000000000000500 ) ) ;
#1942 = CARTESIAN_POINT ( 'NONE',  ( 0.0000000000000000000, 5.349685534591191800, 11.50000000000000000 ) ) ;
#1943 = CARTESIAN_POINT ( 'NONE',  ( 6.899999999999999500, -1.574230079803000900, 11.00000000000000000 ) ) ;
#1944 = CARTESIAN_POINT ( 'NONE',  ( 2.588632982780273700, 7.108046884601967500, 11.49999999999999800 ) ) ;
#1945 = ORIENTED_EDGE ( 'NONE', *, *, #6344, .F. ) ;
#1946 = CARTESIAN_POINT ( 'NONE',  ( 4.473243148201515100, 4.790776459582357200, 11.50000000000000200 ) ) ;
#1947 = CARTESIAN_POINT ( 'NONE',  ( -0.5026204573745307600, -1.707778803852021200, 11.50000000000000000 ) ) ;
#1948 = CARTESIAN_POINT ( 'NONE',  ( 3.904588865595279400, 4.650314465408802000, 11.50000000000000000 ) ) ;
#1949 = CARTESIAN_POINT ( 'NONE',  ( 0.0000000000000000000, 0.0000000000000000000, 11.50000000000000000 ) ) ;
#1950 = CARTESIAN_POINT ( 'NONE',  ( -2.667709439791769600, 5.147458851963946800, 11.49999999999999800 ) ) ;
#1951 = AXIS2_PLACEMENT_3D ( 'NONE', #1907, #9219, #5863 ) ;
#1952 = ORIENTED_EDGE ( 'NONE', *, *, #8324, .T. ) ;
#1953 = EDGE_CURVE ( 'NONE', #7836, #1516, #5806, .T. ) ;
#1954 = DIRECTION ( 'NONE',  ( 0.0000000000000000000, 1.000000000000000000, 0.0000000000000000000 ) ) ;
#1955 = CARTESIAN_POINT ( 'NONE',  ( 0.7368421052631570800, -16.14012529426445000, 11.50000000000000000 ) ) ;
#1956 = B_SPLINE_CURVE_WITH_KNOTS ( 'NONE', 3,
 ( #3769, #8677, #7592, #400, #6937, #5206, #4132, #3751, #146, #354, #2294 ),
 .UNSPECIFIED., .F., .F.,
 ( 4, 1, 1, 1, 1, 1, 1, 1, 4 ),
 ( 0.0000000000000000000, 0.1177091441626824100, 0.2332993246781848200, 0.3500248365855268600, 0.4691277900998092100, 0.5919009081332951000, 0.7201674350572718800, 0.8554787029917853000, 1.000000000000000000 ),
 .UNSPECIFIED. ) ;
#1957 = CARTESIAN_POINT ( 'NONE',  ( 1.048702878111354800, -16.82553205973212900, 11.50000000000000000 ) ) ;
#1958 = FACE_OUTER_BOUND ( 'NONE', #9155, .T. ) ;
#1959 = ORIENTED_EDGE ( 'NONE', *, *, #9017, .F. ) ;
#1960 = DIRECTION ( 'NONE',  ( -0.5026204573745307600, 0.8645071866841926900, 0.0000000000000000000 ) ) ;
#1961 = CARTESIAN_POINT ( 'NONE',  ( 4.315117633356751800, 4.599999999999996100, 11.50000000000000000 ) ) ;
#1962 = CARTESIAN_POINT ( 'NONE',  ( -4.139674266630772900, 5.360933948634443200, 11.50000000000000000 ) ) ;
#1963 = EDGE_CURVE ( 'NONE', #30, #470, #5339, .T. ) ;
#1964 = ORIENTED_EDGE ( 'NONE', *, *, #8807, .F. ) ;
#1965 = B_SPLINE_CURVE_WITH_KNOTS ( 'NONE', 3,
 ( #3427, #5898, #4100, #9081, #2142, #5876, #488 ),
 .UNSPECIFIED., .F., .F.,
 ( 4, 1, 1, 1, 4 ),
 ( 0.0000000000000000000, 0.2257511944287318200, 0.4578168029955438400, 0.7105226774062383100, 1.000000000000000000 ),
 .UNSPECIFIED. ) ;
#1966 = CARTESIAN_POINT ( 'NONE',  ( -3.184429557778459600, 5.344589483892439000, 11.49999999999999600 ) ) ;
#1967 = DIRECTION ( 'NONE',  ( 1.000000000000000000, 0.0000000000000000000, 0.0000000000000000000 ) ) ;
#1968 = CARTESIAN_POINT ( 'NONE',  ( -3.443372932680984100, 5.047798742138361700, 11.49999999999999800 ) ) ;
#1969 = CARTESIAN_POINT ( 'NONE',  ( -3.262757006729007300, -16.35116487858910300, 11.50000000000000200 ) ) ;
#1970 = CARTESIAN_POINT ( 'NONE',  ( 0.8069618791352765100, -16.14500992890994300, 11.50000000000000200 ) ) ;
#1971 = CARTESIAN_POINT ( 'NONE',  ( 4.530350670159228000, 4.663200045646371800, 11.50000000000000000 ) ) ;
#1972 = CARTESIAN_POINT ( 'NONE',  ( 0.0000000000000000000, 0.0000000000000000000, 0.0000000000000000000 ) ) ;
#1973 = CARTESIAN_POINT ( 'NONE',  ( -1.610708272246957900, -16.15653226896595400, 11.50000000000000200 ) ) ;
#1974 = CARTESIAN_POINT ( 'NONE',  ( 9.999999999999998200, -22.60000000000000100, 2.000000000000000000 ) ) ;
#1975 = CARTESIAN_POINT ( 'NONE',  ( 1.565711623573382300, 4.836477987421380600, 11.50000000000000000 ) ) ;
#1976 = EDGE_CURVE ( 'NONE', #8462, #577, #1086, .T. ) ;
#1977 = CARTESIAN_POINT ( 'NONE',  ( -2.388529085358473700, -9.290927147417264100, 11.49999999999999800 ) ) ;
#1978 = CARTESIAN_POINT ( 'NONE',  ( -1.129596959212189300, 4.621694840353243600, 11.50000000000000400 ) ) ;
#1979 = VECTOR ( 'NONE', #2581, 1000.000000000000000 ) ;
#1980 = LINE ( 'NONE', #1643, #5119 ) ;
#1981 = CARTESIAN_POINT ( 'NONE',  ( -4.026648031679354000, 5.178616352201252900, 11.50000000000000200 ) ) ;
#1982 = ORIENTED_EDGE ( 'NONE', *, *, #2520, .F. ) ;
#1983 = CARTESIAN_POINT ( 'NONE',  ( -2.734684369904373900, 4.650314465408802000, 11.50000000000000000 ) ) ;
#1984 = CARTESIAN_POINT ( 'NONE',  ( -2.365057124408654200, 5.286336842661199900, 11.49999999999999800 ) ) ;
#1985 = ADVANCED_FACE ( 'NONE', ( #7007, #6905 ), #2801, .T. ) ;
#1986 = EDGE_CURVE ( 'NONE', #2497, #6489, #6012, .T. ) ;
#1987 = VECTOR ( 'NONE', #1616, 1000.000000000000100 ) ;
#1988 = ORIENTED_EDGE ( 'NONE', *, *, #5904, .F. ) ;
#1989 = CARTESIAN_POINT ( 'NONE',  ( 2.191852172095755800, 5.395421399473138800, 11.50000000000000000 ) ) ;
#1990 = ORIENTED_EDGE ( 'NONE', *, *, #4562, .F. ) ;
#1991 = CARTESIAN_POINT ( 'NONE',  ( 0.4453602347995262400, -13.88669464138522600, 11.50000000000000400 ) ) ;
#1992 = ADVANCED_FACE ( 'NONE', ( #1545, #438 ), #5536, .T. ) ;
#1993 = EDGE_LOOP ( 'NONE', ( #6023, #3033, #8552, #6435 ) ) ;
#1994 = ORIENTED_EDGE ( 'NONE', *, *, #612, .F. ) ;
#1995 = VERTEX_POINT ( 'NONE', #3978 ) ;
#1996 = CARTESIAN_POINT ( 'NONE',  ( -3.884782512736280500, -16.16866615867048300, 11.50000000000000000 ) ) ;
#1997 = CARTESIAN_POINT ( 'NONE',  ( 2.923976608187133200, -16.15766915391357700, 11.50000000000000000 ) ) ;
#1998 = ORIENTED_EDGE ( 'NONE', *, *, #7741, .F. ) ;
#1999 = CARTESIAN_POINT ( 'NONE',  ( 1.023391812865496000, -16.42667500186679100, 11.50000000000000000 ) ) ;
#2000 = CARTESIAN_POINT ( 'NONE',  ( 2.369505102205006000, 7.612678687378016600, 11.50000000000000000 ) ) ;
#2001 = AXIS2_PLACEMENT_3D ( 'NONE', #1834, #2556, #5482 ) ;
#2002 = CARTESIAN_POINT ( 'NONE',  ( -2.091491003971677600, 4.743632277091559300, 11.50000000000000000 ) ) ;
#2003 = VERTEX_POINT ( 'NONE', #8490 ) ;
#2004 = DIRECTION ( 'NONE',  ( -0.0000000000000000000, -0.0000000000000000000, 1.000000000000000000 ) ) ;
#2005 = CARTESIAN_POINT ( 'NONE',  ( 2.042535654733823600, 6.561649679639223200, 11.50000000000000000 ) ) ;
#2006 = EDGE_CURVE ( 'NONE', #4410, #695, #5789, .T. ) ;
#2007 = CARTESIAN_POINT ( 'NONE',  ( -1.381655085134764000, -16.50695140478470800, 11.50000000000000500 ) ) ;
#2008 = CIRCLE ( 'NONE', #321, 0.9999999999999991100 ) ;
#2009 = CARTESIAN_POINT ( 'NONE',  ( 0.2027139583118433600, -16.89609490524509300, 11.50000000000000000 ) ) ;
#2010 = CARTESIAN_POINT ( 'NONE',  ( -4.073875541823130500, 4.945373489926342200, 11.50000000000000000 ) ) ;
#2011 = CARTESIAN_POINT ( 'NONE',  ( -2.412887005272419800, -11.66526249268425600, 11.49999999999999800 ) ) ;
#2012 = CARTESIAN_POINT ( 'NONE',  ( -0.7090612625202585800, 5.017610062893078600, 11.50000000000000000 ) ) ;
#2013 = CARTESIAN_POINT ( 'NONE',  ( 4.304992192362586700, 5.410090790405869900, 11.50000000000000000 ) ) ;
#2014 = DIRECTION ( 'NONE',  ( 0.0000000000000000000, 0.0000000000000000000, -1.000000000000000000 ) ) ;
#2015 = CARTESIAN_POINT ( 'NONE',  ( 2.196361649005384600, 5.398274825466836900, 11.50000000000000400 ) ) ;
#2016 = ORIENTED_EDGE ( 'NONE', *, *, #1008, .F. ) ;
#2017 = LINE ( 'NONE', #8556, #1787 ) ;
#2018 = ORIENTED_EDGE ( 'NONE', *, *, #4703, .T. ) ;
#2019 = LINE ( 'NONE', #5115, #5701 ) ;
#2020 = EDGE_CURVE ( 'NONE', #2349, #2003, #2268, .T. ) ;
#2021 = CARTESIAN_POINT ( 'NONE',  ( -2.234923894645166600, -11.52260977156958400, 11.50000000000000400 ) ) ;
#2022 = CARTESIAN_POINT ( 'NONE',  ( 0.1189900832988445200, -16.63202169337732900, 11.50000000000000200 ) ) ;
#2023 = CARTESIAN_POINT ( 'NONE',  ( 0.7940572936284305800, -16.58311747504963000, 11.50000000000000200 ) ) ;
#2024 = ORIENTED_EDGE ( 'NONE', *, *, #5098, .F. ) ;
#2025 = ORIENTED_EDGE ( 'NONE', *, *, #4879, .F. ) ;
#2026 = CARTESIAN_POINT ( 'NONE',  ( -8.285786437626924800, 24.69999999999999900, 11.50000000000000000 ) ) ;
#2027 = CARTESIAN_POINT ( 'NONE',  ( -1.187701204538361300, -13.23081199236029300, 11.50000000000000000 ) ) ;
#2028 = VERTEX_POINT ( 'NONE', #8227 ) ;
#2029 = ORIENTED_EDGE ( 'NONE', *, *, #1168, .F. ) ;
#2030 = EDGE_CURVE ( 'NONE', #135, #3721, #5558, .T. ) ;
#2031 = CARTESIAN_POINT ( 'NONE',  ( -4.303191241555897100, 4.942138364779869300, 11.50000000000000000 ) ) ;
#2032 = CARTESIAN_POINT ( 'NONE',  ( -1.915684719368224900, 8.920683885501498300, 11.50000000000000700 ) ) ;
#2033 = CARTESIAN_POINT ( 'NONE',  ( 4.577060135501060500, -17.15077746614263500, 11.50000000000000000 ) ) ;
#2034 = CARTESIAN_POINT ( 'NONE',  ( 1.815607178546678500, 5.383852824120522100, 11.50000000000000000 ) ) ;
#2035 = CARTESIAN_POINT ( 'NONE',  ( -2.425134382928892500, 1.912238187716170000, 11.50000000000000000 ) ) ;
#2036 = ORIENTED_EDGE ( 'NONE', *, *, #390, .F. ) ;
#2037 = CARTESIAN_POINT ( 'NONE',  ( 4.284277966803430500, 4.650536527821044400, 11.50000000000000000 ) ) ;
#2038 = CARTESIAN_POINT ( 'NONE',  ( 2.076023391812863700, -17.04071008958608900, 11.50000000000000000 ) ) ;
#2039 = VERTEX_POINT ( 'NONE', #7480 ) ;
#2040 = CARTESIAN_POINT ( 'NONE',  ( 0.0000000000000000000, 4.967295597484272700, 11.50000000000000000 ) ) ;
#2041 = ORIENTED_EDGE ( 'NONE', *, *, #7022, .T. ) ;
#2042 = CARTESIAN_POINT ( 'NONE',  ( -1.563188259357720900, -16.58355774117325900, 11.50000000000000400 ) ) ;
#2043 = CARTESIAN_POINT ( 'NONE',  ( 4.554665356010738200, 5.360933948634446700, 11.50000000000000000 ) ) ;
#2044 = CARTESIAN_POINT ( 'NONE',  ( -0.9501910713463535000, -13.47379863882394700, 11.49999999999999600 ) ) ;
#2045 = AXIS2_PLACEMENT_3D ( 'NONE', #616, #2600, #8941 ) ;
#2046 = CARTESIAN_POINT ( 'NONE',  ( 1.363522012578740000, 4.650314465408802000, 11.50000000000000000 ) ) ;
#2047 = CARTESIAN_POINT ( 'NONE',  ( -3.502145740682979500, 4.621400235629488800, 11.50000000000000200 ) ) ;
#2048 = ORIENTED_EDGE ( 'NONE', *, *, #1963, .F. ) ;
#2049 = CIRCLE ( 'NONE', #2264, 1.000000000000000000 ) ;
#2050 = CARTESIAN_POINT ( 'NONE',  ( -5.611493995523556300, 1.907537562834744600, 11.50000000000000000 ) ) ;
#2051 = VERTEX_POINT ( 'NONE', #3125 ) ;
#2052 = CARTESIAN_POINT ( 'NONE',  ( 3.906237469699094200, -16.72861884138075800, 11.49999999999999800 ) ) ;
#2053 = CARTESIAN_POINT ( 'NONE',  ( -2.411569370371608600, -11.22879616361568500, 11.50000000000000400 ) ) ;
#2054 = CARTESIAN_POINT ( 'NONE',  ( 2.563242487770911500, 5.334591194968549400, 11.50000000000000000 ) ) ;
#2055 = PLANE ( 'NONE',  #7982 ) ;
#2056 = CARTESIAN_POINT ( 'NONE',  ( -9.000000000000000000, -22.60000000000000100, 0.0000000000000000000 ) ) ;
#2057 = B_SPLINE_CURVE_WITH_KNOTS ( 'NONE', 3,
 ( #3024, #4644, #6255, #5224, #1984, #2751, #1794, #2984, #6456, #2111, #5345 ),
 .UNSPECIFIED., .F., .F.,
 ( 4, 1, 1, 1, 1, 1, 1, 1, 4 ),
 ( 0.0000000000000000000, 0.2002161551632039000, 0.3774198915790160100, 0.5324279039394306200, 0.6649114124957149500, 0.7763363333624517800, 0.8658449209569759600, 0.9399984695811539600, 1.000000000000000000 ),
 .UNSPECIFIED. ) ;
#2058 = ORIENTED_EDGE ( 'NONE', *, *, #8055, .F. ) ;
#2059 = CARTESIAN_POINT ( 'NONE',  ( 3.996260671127537900, -16.25465711361756900, 11.49999999999999600 ) ) ;
#2060 = AXIS2_PLACEMENT_3D ( 'NONE', #4145, #2886, #8768 ) ;
#2061 = VERTEX_POINT ( 'NONE', #8329 ) ;
#2062 = CARTESIAN_POINT ( 'NONE',  ( -2.826811584920442900, -16.92815012835594900, 11.50000000000000200 ) ) ;
#2063 = EDGE_CURVE ( 'NONE', #5192, #8591, #1450, .T. ) ;
#2064 = VECTOR ( 'NONE', #931, 1000.000000000000000 ) ;
#2065 = VERTEX_POINT ( 'NONE', #7242 ) ;
#2066 = CARTESIAN_POINT ( 'NONE',  ( -0.9161450490701985600, -13.74324969519453900, 11.50000000000000400 ) ) ;
#2067 = CARTESIAN_POINT ( 'NONE',  ( -2.040462908372183900, -11.10163521196761100, 11.49999999999999800 ) ) ;
#2068 = CARTESIAN_POINT ( 'NONE',  ( 4.778351296513290200, -16.96175316119237000, 11.50000000000000000 ) ) ;
#2069 = CARTESIAN_POINT ( 'NONE',  ( 1.941520467836255200, -17.15182120069719900, 11.50000000000000000 ) ) ;
#2070 = LINE ( 'NONE', #5035, #5877 ) ;
#2071 = CARTESIAN_POINT ( 'NONE',  ( 4.170477536948507000, -16.78776236755905100, 11.49999999999999600 ) ) ;
#2072 = CARTESIAN_POINT ( 'NONE',  ( -3.473453515462886300, -16.32629898043417800, 11.50000000000000400 ) ) ;
#2073 = ORIENTED_EDGE ( 'NONE', *, *, #8299, .F. ) ;
#2074 = CARTESIAN_POINT ( 'NONE',  ( 0.2702310933616239900, -14.14031162654895400, 11.50000000000000000 ) ) ;
#2075 = CARTESIAN_POINT ( 'NONE',  ( -1.434929623056214700, -13.33067654057543000, 11.49999999999999600 ) ) ;
#2076 = CARTESIAN_POINT ( 'NONE',  ( -6.899999999999999500, -9.723564011813067500, 11.00000000000000000 ) ) ;
#2077 = AXIS2_PLACEMENT_3D ( 'NONE', #8060, #4921, #3241 ) ;
#2078 = EDGE_CURVE ( 'NONE', #8848, #8650, #7469, .T. ) ;
#2079 = CARTESIAN_POINT ( 'NONE',  ( 4.708035827019630300, -16.57835743564508100, 11.50000000000000000 ) ) ;
#2080 = CARTESIAN_POINT ( 'NONE',  ( 1.263157894736841800, -14.12456140350877700, 11.50000000000000000 ) ) ;
#2081 = CARTESIAN_POINT ( 'NONE',  ( 3.261265784790055500, -9.395015001242956700, 11.50000000000000500 ) ) ;
#2082 = CARTESIAN_POINT ( 'NONE',  ( -2.084265569266375200, 5.007178465094694900, 11.49999999999999800 ) ) ;
#2083 = CARTESIAN_POINT ( 'NONE',  ( 4.453986715127578900, -16.48605674486058700, 11.50000000000000000 ) ) ;
#2084 = VERTEX_POINT ( 'NONE', #9062 ) ;
#2085 = CARTESIAN_POINT ( 'NONE',  ( -2.212594152586744300, 5.027285241879699400, 11.50000000000000500 ) ) ;
#2086 = CARTESIAN_POINT ( 'NONE',  ( 4.659395254748269500, 4.865140858098660800, 11.50000000000000000 ) ) ;
#2087 = CARTESIAN_POINT ( 'NONE',  ( -4.660818713450290800, -17.15182120069719900, 11.50000000000000000 ) ) ;
#2088 = CARTESIAN_POINT ( 'NONE',  ( -1.163961397606729300, -14.40177816347791200, 11.49999999999999800 ) ) ;
#2089 = EDGE_CURVE ( 'NONE', #5389, #5644, #2680, .T. ) ;
#2090 = LINE ( 'NONE', #1362, #3979 ) ;
#2091 = ORIENTED_EDGE ( 'NONE', *, *, #4831, .F. ) ;
#2092 = CARTESIAN_POINT ( 'NONE',  ( 0.8978861210784977500, -9.458884603515805600, 11.49999999999999600 ) ) ;
#2093 = DIRECTION ( 'NONE',  ( 0.7071067811865440200, -0.7071067811865511300, 0.0000000000000000000 ) ) ;
#2094 = ORIENTED_EDGE ( 'NONE', *, *, #4651, .F. ) ;
#2095 = CARTESIAN_POINT ( 'NONE',  ( -1.242546058125252800, 10.90989820348398500, 11.50000000000000200 ) ) ;
#2096 = CARTESIAN_POINT ( 'NONE',  ( 1.361195144767464400, -10.50425766070164000, 11.49999999999999800 ) ) ;
#2097 = CARTESIAN_POINT ( 'NONE',  ( 0.03202645296344169800, -17.16376501312392500, 11.49999999999999800 ) ) ;
#2099 = CARTESIAN_POINT ( 'NONE',  ( -0.3942053895040432100, 5.267927276659793100, 11.50000000000000200 ) ) ;
#2098 = FACE_BOUND ( 'NONE', #7614, .T. ) ;
#2100 = CARTESIAN_POINT ( 'NONE',  ( 4.357978103890177500, 4.992452830188676100, 11.50000000000000000 ) ) ;
#2101 = LINE ( 'NONE', #1569, #4877 ) ;
#2102 = ORIENTED_EDGE ( 'NONE', *, *, #1718, .T. ) ;
#2103 = EDGE_CURVE ( 'NONE', #7695, #8005, #8130, .T. ) ;
#2104 = DIRECTION ( 'NONE',  ( -0.7071067811865462400, 0.7071067811865489100, -0.0000000000000000000 ) ) ;
#2105 = B_SPLINE_CURVE_WITH_KNOTS ( 'NONE', 3,
 ( #9059, #7907, #5217, #8037, #7693, #9043, #5773, #3619, #72, #6433 ),
 .UNSPECIFIED., .F., .F.,
 ( 4, 3, 3, 4 ),
 ( 0.0000000000000000000, 3.025118989062834000E-005, 6.046176987920016800E-005, 0.0001207109719921723800 ),
 .UNSPECIFIED. ) ;
#2106 = CARTESIAN_POINT ( 'NONE',  ( 4.875471698113331700, 4.635220125786159600, 11.49999999999999600 ) ) ;
#2107 = DIRECTION ( 'NONE',  ( 0.05234977240669693600, -0.9986288105842766600, 0.0000000000000000000 ) ) ;
#2108 = FACE_OUTER_BOUND ( 'NONE', #381, .T. ) ;
#2109 = CARTESIAN_POINT ( 'NONE',  ( -2.872006438094299300, 5.404107095749859400, 11.50000000000000000 ) ) ;
#2110 = CARTESIAN_POINT ( 'NONE',  ( -2.220566124549784100, 7.581766829939295100, 11.49999999999999800 ) ) ;
#2111 = CARTESIAN_POINT ( 'NONE',  ( -2.366964293811517200, 5.328064600956968100, 11.50000000000000400 ) ) ;
#2112 = ORIENTED_EDGE ( 'NONE', *, *, #668, .F. ) ;
#2113 = CARTESIAN_POINT ( 'NONE',  ( 0.02304505071645549700, 4.649748707035176800, 11.50000000000000000 ) ) ;
#2114 = CARTESIAN_POINT ( 'NONE',  ( 1.607471913635701000, -0.6668031641748074500, 11.50000000000000000 ) ) ;
#2115 = CARTESIAN_POINT ( 'NONE',  ( -1.692832569784938500, 4.859383587775005800, 11.49999999999999800 ) ) ;
#2116 = EDGE_CURVE ( 'NONE', #5509, #7523, #4596, .T. ) ;
#2117 = CARTESIAN_POINT ( 'NONE',  ( 0.6705867232343829500, -17.04176737717520100, 11.49999999999999600 ) ) ;
#2118 = CARTESIAN_POINT ( 'NONE',  ( 4.298376268121354600, -16.81486908220415400, 11.50000000000000200 ) ) ;
#2119 = ORIENTED_EDGE ( 'NONE', *, *, #1610, .F. ) ;
#2120 = CARTESIAN_POINT ( 'NONE',  ( 0.7082791091185860500, -16.14059656896453600, 11.49999999999999800 ) ) ;
#2121 = CARTESIAN_POINT ( 'NONE',  ( 3.399940965576623100, -11.34619239834964900, 11.50000000000000700 ) ) ;
#2122 = VECTOR ( 'NONE', #3723, 1000.000000000000000 ) ;
#2123 = VERTEX_POINT ( 'NONE', #8248 ) ;
#2124 = CARTESIAN_POINT ( 'NONE',  ( 1.725196497095723400, 11.38698077381877200, 11.50000000000000000 ) ) ;
#2125 = CARTESIAN_POINT ( 'NONE',  ( 4.650485315380207000, 5.135041180204927600, 11.50000000000000500 ) ) ;
#2126 = CARTESIAN_POINT ( 'NONE',  ( -1.002400917711848700, -14.20412132610017900, 11.49999999999999600 ) ) ;
#2127 = B_SPLINE_CURVE_WITH_KNOTS ( 'NONE', 3,
 ( #3765, #2853, #7971, #8572, #2288, #588, #7787, #3678, #6965, #3304, #3440, #1969, #4138, #6522, #8717, #5965, #9264, #892, #9230 ),
 .UNSPECIFIED., .F., .F.,
 ( 4, 1, 1, 1, 1, 1, 1, 1, 1, 1, 1, 1, 1, 1, 1, 1, 4 ),
 ( 0.0000000000000000000, 0.05143286111102518500, 0.1014401110021392300, 0.1501615840739188900, 0.1990668340032691900, 0.2484645926620382400, 0.2992970753361752200, 0.3521682666383063600, 0.4081592459683909300, 0.4667230381341154200, 0.5288979851538790900, 0.5948276400110945600, 0.6652745853425374700, 0.7405325024492635000, 0.8213888574338466000, 0.9077950006466913900, 0.9999999999999998900 ),
 .UNSPECIFIED. ) ;
#2128 = ORIENTED_EDGE ( 'NONE', *, *, #3090, .F. ) ;
#2129 = DIRECTION ( 'NONE',  ( -1.000000000000000000, 0.0000000000000000000, -0.0000000000000000000 ) ) ;
#2130 = ORIENTED_EDGE ( 'NONE', *, *, #1049, .T. ) ;
#2131 = CARTESIAN_POINT ( 'NONE',  ( -2.929798126791396800, 4.892077410040975000, 11.50000000000000200 ) ) ;
#2132 = CARTESIAN_POINT ( 'NONE',  ( 2.153304408679648200, 5.387964471390900700, 11.49999999999999800 ) ) ;
#2133 = AXIS2_PLACEMENT_3D ( 'NONE', #5321, #5793, #1424 ) ;
#2134 = CARTESIAN_POINT ( 'NONE',  ( 3.480894474803926600, 11.87367440818854900, 11.49999999999999600 ) ) ;
#2135 = DIRECTION ( 'NONE',  ( -1.000000000000000000, 0.0000000000000000000, -0.0000000000000000000 ) ) ;
#2136 = EDGE_CURVE ( 'NONE', #8650, #7533, #2226, .T. ) ;
#2137 = ORIENTED_EDGE ( 'NONE', *, *, #2938, .F. ) ;
#2138 = VERTEX_POINT ( 'NONE', #254 ) ;
#2139 = CARTESIAN_POINT ( 'NONE',  ( 4.057802638854820300, -16.42223527844838300, 11.49999999999999500 ) ) ;
#2140 = ORIENTED_EDGE ( 'NONE', *, *, #3983, .F. ) ;
#2141 = CARTESIAN_POINT ( 'NONE',  ( 0.0000000000000000000, -13.23859649122807300, 11.50000000000000000 ) ) ;
#2142 = CARTESIAN_POINT ( 'NONE',  ( 1.087535770221306200, 4.725455046778287200, 11.50000000000000000 ) ) ;
#2143 = PLANE ( 'NONE',  #2852 ) ;
#2144 = CARTESIAN_POINT ( 'NONE',  ( -8.992893218813472700, 24.40710678118654500, -9.500000000000000000 ) ) ;
#2145 = CARTESIAN_POINT ( 'NONE',  ( 3.257402699462355500, -10.70051937758158500, 11.50000000000000000 ) ) ;
#2146 = VERTEX_POINT ( 'NONE', #633 ) ;
#2147 = LINE ( 'NONE', #7742, #7169 ) ;
#2148 = CARTESIAN_POINT ( 'NONE',  ( -2.041973733053140900, 4.964792726551368500, 11.50000000000000400 ) ) ;
#2149 = EDGE_CURVE ( 'NONE', #8705, #7519, #5239, .T. ) ;
#2150 = CARTESIAN_POINT ( 'NONE',  ( -1.498076511227229400, 4.841897585701431700, 11.49999999999999800 ) ) ;
#2151 = EDGE_LOOP ( 'NONE', ( #906, #2902 ) ) ;
#2152 = CARTESIAN_POINT ( 'NONE',  ( 3.040935672514618400, -16.30971593753930500, 11.50000000000000000 ) ) ;
#2153 = CARTESIAN_POINT ( 'NONE',  ( -2.738033759954056700, -11.75537914418079000, 11.50000000000000000 ) ) ;
#2154 = CARTESIAN_POINT ( 'NONE',  ( 2.469714507248533100, -11.65921931656152600, 11.50000000000000000 ) ) ;
#2155 = CARTESIAN_POINT ( 'NONE',  ( -0.03303576269773225000, -13.23057814145490400, 11.50000000000000400 ) ) ;
#2156 = CARTESIAN_POINT ( 'NONE',  ( -0.5187613467735140400, 4.658356406660551000, 11.49999999999999600 ) ) ;
#2157 = ORIENTED_EDGE ( 'NONE', *, *, #1426, .F. ) ;
#2158 = LINE ( 'NONE', #5, #7473 ) ;
#2159 = B_SPLINE_CURVE_WITH_KNOTS ( 'NONE', 3,
 ( #5002, #841, #2875, #2117, #4451, #7315, #3540, #3507, #6328, #4868, #9042, #4030, #6177, #2604, #403 ),
 .UNSPECIFIED., .F., .F.,
 ( 4, 1, 1, 1, 1, 1, 1, 1, 1, 1, 1, 1, 4 ),
 ( 0.0000000000000000000, 0.1205210476528980600, 0.2370064789229310300, 0.3532683512004637400, 0.4740801033102253200, 0.5357159336680448200, 0.5967416820211262100, 0.6585054319154215500, 0.7207735379711335300, 0.7860575989588913800, 0.8534002630823879200, 0.9250052375717180400, 1.000000000000000000 ),
 .UNSPECIFIED. ) ;
#2160 = ORIENTED_EDGE ( 'NONE', *, *, #568, .F. ) ;
#2161 = CARTESIAN_POINT ( 'NONE',  ( 8.992893218813483400, -24.40710678118654500, 2.000000000000000000 ) ) ;
#2162 = CARTESIAN_POINT ( 'NONE',  ( 3.084835779175525000, 4.650314465408802000, 11.50000000000000000 ) ) ;
#2163 = EDGE_CURVE ( 'NONE', #1670, #9075, #7541, .T. ) ;
#2164 = VECTOR ( 'NONE', #7876, 999.9999999999998900 ) ;
#2165 = CARTESIAN_POINT ( 'NONE',  ( 4.391148381085613100, 4.942138364779871100, 11.50000000000000000 ) ) ;
#2166 = VERTEX_POINT ( 'NONE', #6894 ) ;
#2167 = CARTESIAN_POINT ( 'NONE',  ( -3.409722776269790600, 5.303676645975152800, 11.50000000000000400 ) ) ;
#2168 = CARTESIAN_POINT ( 'NONE',  ( -2.684460055884057500, -11.46921176379311400, 11.50000000000000200 ) ) ;
#2169 = CARTESIAN_POINT ( 'NONE',  ( -1.250729742372730400, -16.50160981336818700, 11.50000000000000000 ) ) ;
#2170 = EDGE_LOOP ( 'NONE', ( #6093, #2545, #5532, #4984, #8555, #8911, #4295, #4490, #2560, #8516, #1340, #9218 ) ) ;
#2171 = CARTESIAN_POINT ( 'NONE',  ( 1.146884455154837600, -10.31276696355056400, 11.50000000000000000 ) ) ;
#2172 = CARTESIAN_POINT ( 'NONE',  ( -4.298245614035086400, -16.70152880303638200, 11.50000000000000000 ) ) ;
#2173 = ORIENTED_EDGE ( 'NONE', *, *, #5177, .F. ) ;
#2174 = ORIENTED_EDGE ( 'NONE', *, *, #1541, .F. ) ;
#2175 = CARTESIAN_POINT ( 'NONE',  ( -2.029871540117049300, 5.364810294909725400, 11.50000000000000500 ) ) ;
#2176 = CARTESIAN_POINT ( 'NONE',  ( -0.2993548387095539800, 9.541935483870965100, 11.50000000000000000 ) ) ;
#2177 = CARTESIAN_POINT ( 'NONE',  ( -0.4773190882440122000, 4.650806313650750900, 11.49999999999999600 ) ) ;
#2178 = CARTESIAN_POINT ( 'NONE',  ( 3.398281567386233000, 5.319074517700546100, 11.50000000000000400 ) ) ;
#2179 = CARTESIAN_POINT ( 'NONE',  ( -0.7126065439094005900, 4.651572652402180100, 11.50000000000000200 ) ) ;
#2180 = ORIENTED_EDGE ( 'NONE', *, *, #2136, .F. ) ;
#2181 = CYLINDRICAL_SURFACE ( 'NONE', #4649, 1.000000000000000900 ) ;
#2182 = CARTESIAN_POINT ( 'NONE',  ( 0.0000000000000000000, -17.15182120069719900, 11.50000000000000000 ) ) ;
#2183 = CARTESIAN_POINT ( 'NONE',  ( -8.992893218813472700, -24.40710678118654500, 2.000000000000000000 ) ) ;
#2184 = CARTESIAN_POINT ( 'NONE',  ( -3.574036653836104400, -16.49022526031136900, 11.50000000000000200 ) ) ;
#2185 = CARTESIAN_POINT ( 'NONE',  ( -0.9344548582438201300, -13.79174646882141500, 11.49999999999999600 ) ) ;
#2186 = CIRCLE ( 'NONE', #1582, 1.000000000000000000 ) ;
#2187 = EDGE_LOOP ( 'NONE', ( #6267, #4278, #6737, #7314 ) ) ;
#2188 = CARTESIAN_POINT ( 'NONE',  ( -1.476813094934423400, 5.002086571231394900, 11.49999999999999800 ) ) ;
#2189 = B_SPLINE_CURVE_WITH_KNOTS ( 'NONE', 3,
 ( #5113, #8776, #6595, #1633, #1527, #10, #5153, #1501, #8040, #2974, #4722, #1847, #4241, #5740, #4294, #2043, #5605, #76, #3749 ),
 .UNSPECIFIED., .F., .F.,
 ( 4, 1, 1, 1, 1, 1, 1, 1, 1, 1, 1, 1, 1, 1, 1, 1, 4 ),
 ( 0.0000000000000000000, 0.07430086362716381600, 0.1423571741066215200, 0.2051906622399957100, 0.2635600992703169800, 0.3177118582826903300, 0.3694107940898389000, 0.4196900733315949200, 0.4696451093721205600, 0.5203595568597811900, 0.5743337014496462400, 0.6319612925940389900, 0.6937008065525835900, 0.7612341439568891500, 0.8340716609357495800, 0.9135992116454815200, 1.000000000000000000 ),
 .UNSPECIFIED. ) ;
#2190 = CARTESIAN_POINT ( 'NONE',  ( 0.08639776133181395500, -17.04684538774494500, 11.49999999999999800 ) ) ;
#2191 = AXIS2_PLACEMENT_3D ( 'NONE', #4964, #2666, #440 ) ;
#2192 = CARTESIAN_POINT ( 'NONE',  ( -0.7163814683395473000, 5.000871457658856700, 11.50000000000000200 ) ) ;
#2193 = EDGE_CURVE ( 'NONE', #2780, #374, #2568, .T. ) ;
#2194 = FACE_OUTER_BOUND ( 'NONE', #7151, .T. ) ;
#2195 = LINE ( 'NONE', #4889, #8327 ) ;
#2196 = LINE ( 'NONE', #2740, #7899 ) ;
#2197 = DIRECTION ( 'NONE',  ( 0.3225311624017411800, 0.9465588461790327400, 0.0000000000000000000 ) ) ;
#2198 = VERTEX_POINT ( 'NONE', #5592 ) ;
#2199 = CARTESIAN_POINT ( 'NONE',  ( 3.784524500048093800, -16.26853011993354100, 11.50000000000000200 ) ) ;
#2200 = CARTESIAN_POINT ( 'NONE',  ( -3.438084720170785600, -16.46636556131925000, 11.50000000000000200 ) ) ;
#2201 = CARTESIAN_POINT ( 'NONE',  ( -0.01530911705041934600, -17.05651473281443500, 11.49999999999999800 ) ) ;
#2202 = CARTESIAN_POINT ( 'NONE',  ( -1.268537162151117000, 8.136452051889234500, 11.50000000000000400 ) ) ;
#2203 = CARTESIAN_POINT ( 'NONE',  ( -0.5372538555376754600, -10.49828363695692300, 11.50000000000000200 ) ) ;
#2204 = VECTOR ( 'NONE', #896, 1000.000000000000000 ) ;
#2205 = PRODUCT_DEFINITION ( '未知', '', #4593, #1876 ) ;
#2206 = EDGE_CURVE ( 'NONE', #1167, #4438, #6339, .T. ) ;
#2207 = ORIENTED_EDGE ( 'NONE', *, *, #2922, .T. ) ;
#2208 = CARTESIAN_POINT ( 'NONE',  ( 4.626750275188237000, 5.097096656835177900, 11.50000000000000000 ) ) ;
#2209 = VERTEX_POINT ( 'NONE', #6161 ) ;
#2210 = CALENDAR_DATE ( 2018, 24, 1 ) ;
#2211 = DIRECTION ( 'NONE',  ( -0.0000000000000000000, -1.000000000000000000, -0.0000000000000000000 ) ) ;
#2212 = EDGE_LOOP ( 'NONE', ( #6829, #4572, #8505, #7154, #2331, #6380, #5267, #1066, #4835, #1216, #2102, #3857, #2207, #3732, #7659, #6069, #4621, #5352, #1779 ) ) ;
#2213 = VECTOR ( 'NONE', #3898, 1000.000000000000000 ) ;
#2214 = CARTESIAN_POINT ( 'NONE',  ( -1.194784225076406200, 10.94553360834034500, 11.49999999999999800 ) ) ;
#2215 = ORIENTED_EDGE ( 'NONE', *, *, #1369, .F. ) ;
#2216 = CARTESIAN_POINT ( 'NONE',  ( 0.7272254904534968300, -16.14028396344738100, 11.50000000000000000 ) ) ;
#2217 = CARTESIAN_POINT ( 'NONE',  ( -0.08740374520218513500, -16.62530898857751200, 11.50000000000000400 ) ) ;
#2218 = CARTESIAN_POINT ( 'NONE',  ( -3.851745426058926100, -17.00804802098349500, 11.49999999999999500 ) ) ;
#2220 = CARTESIAN_POINT ( 'NONE',  ( -0.5904078297910236900, 4.778930634909804600, 11.50000000000000200 ) ) ;
#2219 = CARTESIAN_POINT ( 'NONE',  ( 1.055485674353722200, 5.269182389937102900, 11.50000000000000000 ) ) ;
#2221 = VECTOR ( 'NONE', #3375, 1000.000000000000000 ) ;
#2222 = EDGE_CURVE ( 'NONE', #5609, #7405, #5700, .T. ) ;
#2223 = CARTESIAN_POINT ( 'NONE',  ( 3.547314814810987200, -10.62036558027998900, 11.50000000000000200 ) ) ;
#2224 = ADVANCED_FACE ( 'NONE', ( #5916 ), #3757, .F. ) ;
#2225 = CARTESIAN_POINT ( 'NONE',  ( -8.285786437626924800, 23.69999999999999900, 11.50000000000000000 ) ) ;
#2226 = LINE ( 'NONE', #1306, #8615 ) ;
#2227 = ORIENTED_EDGE ( 'NONE', *, *, #5667, .T. ) ;
#2228 = ORIENTED_EDGE ( 'NONE', *, *, #84, .F. ) ;
#2229 = CARTESIAN_POINT ( 'NONE',  ( -4.191638359903268300, 4.715546344880065600, 11.50000000000000000 ) ) ;
#2230 = CARTESIAN_POINT ( 'NONE',  ( -2.797584020342248400, 5.375552185414179000, 11.50000000000000000 ) ) ;
#2231 = VERTEX_POINT ( 'NONE', #1645 ) ;
#2232 = CARTESIAN_POINT ( 'NONE',  ( -1.175438596491229100, -13.22982456140350900, 11.49999999999999800 ) ) ;
#2233 = DIRECTION ( 'NONE',  ( -0.0000000000000000000, -0.0000000000000000000, 1.000000000000000000 ) ) ;
#2234 = DIRECTION ( 'NONE',  ( 1.000000000000000000, 0.0000000000000000000, 0.0000000000000000000 ) ) ;
#2235 = CARTESIAN_POINT ( 'NONE',  ( -3.748538011695906800, -16.25123640537556100, 11.49999999999999800 ) ) ;
#2236 = AXIS2_PLACEMENT_3D ( 'NONE', #5971, #2727, #4161 ) ;
#2237 = VECTOR ( 'NONE', #6749, 1000.000000000000100 ) ;
#2238 = B_SPLINE_CURVE_WITH_KNOTS ( 'NONE', 3,
 ( #3254, #2027, #710, #6543, #7522, #8235, #3972, #3865, #5765, #2075, #6283, #6947, #6412, #4602, #6485, #1053, #8381, #4821, #6008 ),
 .UNSPECIFIED., .F., .F.,
 ( 4, 1, 1, 1, 1, 1, 1, 1, 1, 1, 1, 1, 1, 1, 1, 1, 4 ),
 ( 0.0000000000000000000, 0.05844178944850286800, 0.1153956587360663900, 0.1710768523219939900, 0.2265864694519853500, 0.2812034477213366500, 0.3362529132951023200, 0.3920790576355672700, 0.4481963411217271300, 0.5057472323014906600, 0.5662386671291284000, 0.6293539189824439700, 0.6954548192464452500, 0.7657517663549275900, 0.8396503377120562200, 0.9175819797773855400, 1.000000000000000000 ),
 .UNSPECIFIED. ) ;
#2239 = VERTEX_POINT ( 'NONE', #2918 ) ;
#2240 = CARTESIAN_POINT ( 'NONE',  ( -2.978363324025333500, -16.25152011329919300, 11.50000000000000000 ) ) ;
#2241 = DIRECTION ( 'NONE',  ( -0.0000000000000000000, -0.0000000000000000000, 1.000000000000000000 ) ) ;
#2242 = ORIENTED_EDGE ( 'NONE', *, *, #5430, .T. ) ;
#2243 = CARTESIAN_POINT ( 'NONE',  ( -1.897537491186205700, 5.405531890241862300, 11.49999999999999600 ) ) ;
#2244 = ORIENTED_EDGE ( 'NONE', *, *, #7545, .F. ) ;
#2245 = DIRECTION ( 'NONE',  ( 1.000000000000000000, 0.0000000000000000000, 0.0000000000000000000 ) ) ;
#2247 = EDGE_LOOP ( 'NONE', ( #8983, #1037, #3625, #55, #789, #7, #4104, #6959, #2227, #7961, #8875, #542, #4599, #1494, #6165, #1169, #2552, #7901, #2405, #8780, #8123, #4551, #8708, #1560, #2041, #8432, #4270, #1131 ) ) ;
#2246 = CARTESIAN_POINT ( 'NONE',  ( 1.346377824365369200, 4.599999999999996100, 11.50000000000000000 ) ) ;
#2248 = CARTESIAN_POINT ( 'NONE',  ( -4.076023391812865900, -16.64889722408901600, 11.50000000000000000 ) ) ;
#2249 = DIRECTION ( 'NONE',  ( -1.000000000000000000, 0.0000000000000000000, -0.0000000000000000000 ) ) ;
#2250 = VECTOR ( 'NONE', #4471, 1000.000000000000100 ) ;
#2251 = CARTESIAN_POINT ( 'NONE',  ( -0.6999999999999978500, 1.499999999999997800, 10.49999999999999800 ) ) ;
#2252 = ORIENTED_EDGE ( 'NONE', *, *, #3582, .T. ) ;
#2253 = CARTESIAN_POINT ( 'NONE',  ( 0.0000000000000000000, 4.650314465408802000, 11.50000000000000000 ) ) ;
#2254 = ORIENTED_EDGE ( 'NONE', *, *, #762, .T. ) ;
#2255 = CARTESIAN_POINT ( 'NONE',  ( 0.5115495749214739000, -16.56760453591613900, 11.49999999999999600 ) ) ;
#2256 = FACE_OUTER_BOUND ( 'NONE', #845, .T. ) ;
#2257 = DIRECTION ( 'NONE',  ( 0.0000000000000000000, 1.000000000000000000, 0.0000000000000000000 ) ) ;
#2258 = CARTESIAN_POINT ( 'NONE',  ( 1.005356687250994500, -17.04196737963914300, 11.50000000000000500 ) ) ;
#2259 = FACE_OUTER_BOUND ( 'NONE', #340, .T. ) ;
#2260 = CIRCLE ( 'NONE', #4583, 0.9999999999999991100 ) ;
#2261 = CARTESIAN_POINT ( 'NONE',  ( 3.040935672514618400, -16.15766915391357700, 11.50000000000000000 ) ) ;
#2262 = CARTESIAN_POINT ( 'NONE',  ( 0.3248561653296613300, -16.92104890238608700, 11.50000000000000000 ) ) ;
#2263 = CARTESIAN_POINT ( 'NONE',  ( -1.017410374397912200, -13.23373626554474700, 11.49999999999999800 ) ) ;
#2264 = AXIS2_PLACEMENT_3D ( 'NONE', #1815, #7454, #1518 ) ;
#2265 = EDGE_CURVE ( 'NONE', #9213, #6126, #7823, .T. ) ;
#2266 = CARTESIAN_POINT ( 'NONE',  ( -1.349067909408836900, -16.44175717288040800, 11.50000000000000200 ) ) ;
#2267 = CARTESIAN_POINT ( 'NONE',  ( 0.0000000000000000000, -16.15766915391357700, 11.50000000000000000 ) ) ;
#2268 = B_SPLINE_CURVE_WITH_KNOTS ( 'NONE', 3,
 ( #11, #1011, #48, #3035, #1057, #1348, #8993, #6058, #509, #1007, #6458, #4812, #6171, #4934, #1676, #1894, #1707, #604, #4883, #9142, #1989, #9084, #979, #5270, #6705, #6843, #5166, #6620, #8031, #8145, #5412, #4725, #2015, #4547, #3818, #8999, #7573 ),
 .UNSPECIFIED., .F., .F.,
 ( 4, 3, 3, 3, 3, 3, 3, 3, 3, 3, 3, 3, 4 ),
 ( 0.0000000000000000000, 8.415183917204010100E-007, 1.264457526264129900E-006, 1.422158435248029900E-006, 1.497431040181783200E-006, 1.561840016466226800E-006, 1.626592576969306200E-006, 1.714409872540342300E-006, 1.937639829436903700E-006, 2.789724249780315900E-006, 5.448945551686557700E-006, 8.051844408253639700E-006, 1.130284728078661700E-005 ),
 .UNSPECIFIED. ) ;
#2269 = ORIENTED_EDGE ( 'NONE', *, *, #2557, .T. ) ;
#2270 = ORIENTED_EDGE ( 'NONE', *, *, #7846, .T. ) ;
#2271 = CARTESIAN_POINT ( 'NONE',  ( -0.9932324234261223900, 4.678568008551086300, 11.50000000000000000 ) ) ;
#2272 = CARTESIAN_POINT ( 'NONE',  ( 2.317434949730780700, -11.54695949043972500, 11.50000000000000900 ) ) ;
#2273 = ORIENTED_EDGE ( 'NONE', *, *, #6975, .F. ) ;
#2274 = DIRECTION ( 'NONE',  ( -1.000000000000000000, 0.0000000000000000000, -0.0000000000000000000 ) ) ;
#2275 = CARTESIAN_POINT ( 'NONE',  ( -1.812865497076024700, -16.89451125917673500, 11.50000000000000000 ) ) ;
#2276 = CARTESIAN_POINT ( 'NONE',  ( -2.865760518098370700, 5.134873103854471500, 11.50000000000000700 ) ) ;
#2277 = CARTESIAN_POINT ( 'NONE',  ( -1.294795712274963800, -17.07567110174915800, 11.50000000000000000 ) ) ;
#2278 = DIRECTION ( 'NONE',  ( 1.000000000000000000, 0.0000000000000000000, 0.0000000000000000000 ) ) ;
#2279 = ORIENTED_EDGE ( 'NONE', *, *, #8975, .T. ) ;
#2280 = EDGE_CURVE ( 'NONE', #1792, #7431, #4251, .T. ) ;
#2281 = CARTESIAN_POINT ( 'NONE',  ( 1.913576489353225400, 4.800266476159277900, 11.50000000000000400 ) ) ;
#2282 = VERTEX_POINT ( 'NONE', #1850 ) ;
#2283 = CARTESIAN_POINT ( 'NONE',  ( 1.892182316366309600, 10.04254069751145200, 11.50000000000000400 ) ) ;
#2284 = CARTESIAN_POINT ( 'NONE',  ( 0.3784811564232138900, 9.104264878460014600, 11.50000000000000200 ) ) ;
#2285 = VERTEX_POINT ( 'NONE', #8315 ) ;
#2286 = CARTESIAN_POINT ( 'NONE',  ( -3.260953409956515200, -16.98354941883940200, 11.50000000000000200 ) ) ;
#2287 = EDGE_LOOP ( 'NONE', ( #2720, #1902, #533, #6976, #6168, #1885, #7806, #601 ) ) ;
#2288 = CARTESIAN_POINT ( 'NONE',  ( -3.077195571096318800, -16.15826496971443000, 11.50000000000000400 ) ) ;
#2289 = EDGE_CURVE ( 'NONE', #3519, #456, #1888, .T. ) ;
#2290 = CARTESIAN_POINT ( 'NONE',  ( -3.567251461988304700, -16.64889722408901600, 11.50000000000000000 ) ) ;
#2291 = CARTESIAN_POINT ( 'NONE',  ( 1.939816840789426500, 4.638659188407965300, 11.50000000000000400 ) ) ;
#2292 = PLANE ( 'NONE',  #2060 ) ;
#2293 = VERTEX_POINT ( 'NONE', #6277 ) ;
#2294 = CARTESIAN_POINT ( 'NONE',  ( 4.860563708362574800, 5.183647798742134300, 11.50000000000000000 ) ) ;
#2295 = PLANE ( 'NONE',  #457 ) ;
#2296 = CARTESIAN_POINT ( 'NONE',  ( -0.08610623363559276300, -14.58627801018555400, 11.49999999999999800 ) ) ;
#2297 = ORIENTED_EDGE ( 'NONE', *, *, #8430, .F. ) ;
#2298 = CARTESIAN_POINT ( 'NONE',  ( -4.027693974362372300, -16.97320260328658700, 11.49999999999999600 ) ) ;
#2299 = CARTESIAN_POINT ( 'NONE',  ( -3.611111111111110700, -10.55730994152047400, 11.50000000000000000 ) ) ;
#2300 = CARTESIAN_POINT ( 'NONE',  ( 3.392649743560426600, 5.328179235116706100, 11.50000000000000400 ) ) ;
#2301 = CARTESIAN_POINT ( 'NONE',  ( -1.105176133724881800, 10.98178100958296200, 11.49999999999999600 ) ) ;
#2302 = CARTESIAN_POINT ( 'NONE',  ( 0.0000000000000000000, -16.59041769192527100, 11.50000000000000000 ) ) ;
#2303 = EDGE_CURVE ( 'NONE', #826, #7331, #1143, .T. ) ;
#2304 = CARTESIAN_POINT ( 'NONE',  ( 3.139331330203019500, 5.307351475329226400, 11.49999999999999600 ) ) ;
#2305 = VECTOR ( 'NONE', #6227, 1000.000000000000000 ) ;
#2306 = CARTESIAN_POINT ( 'NONE',  ( 2.692627196255807000, 4.671583961592223700, 11.50000000000000000 ) ) ;
#2307 = DIRECTION ( 'NONE',  ( 1.000000000000000000, 0.0000000000000000000, 0.0000000000000000000 ) ) ;
#2308 = CARTESIAN_POINT ( 'NONE',  ( 1.767096399739919200, 4.965354559483896100, 11.50000000000000000 ) ) ;
#2309 = LINE ( 'NONE', #6824, #7895 ) ;
#2310 = CARTESIAN_POINT ( 'NONE',  ( -1.217797628231702000, -16.93681771724807900, 11.50000000000000700 ) ) ;
#2311 = CARTESIAN_POINT ( 'NONE',  ( -2.116619638673022100, 5.019941654463642600, 11.50000000000000000 ) ) ;
#2312 = ORIENTED_EDGE ( 'NONE', *, *, #2772, .T. ) ;
#2313 = ORIENTED_EDGE ( 'NONE', *, *, #5527, .F. ) ;
#2314 = CARTESIAN_POINT ( 'NONE',  ( 2.013330954532193100, -10.80540905313713100, 11.50000000000000200 ) ) ;
#2315 = CARTESIAN_POINT ( 'NONE',  ( 1.015873810018257800, 4.650878192457872400, 11.50000000000000400 ) ) ;
#2316 = CARTESIAN_POINT ( 'NONE',  ( 4.301598067559004900, -16.87868387816763900, 11.50000000000000400 ) ) ;
#2317 = CARTESIAN_POINT ( 'NONE',  ( -1.413738972668628000, -17.02312342689399600, 11.49999999999999800 ) ) ;
#2318 = CARTESIAN_POINT ( 'NONE',  ( -2.032904193311008400, 4.879606726192748500, 11.49999999999999800 ) ) ;
#2319 = EDGE_CURVE ( 'NONE', #638, #9195, #8382, .T. ) ;
#2320 = CARTESIAN_POINT ( 'NONE',  ( -2.807017543859649400, -16.75416038198375200, 11.50000000000000000 ) ) ;
#2321 = ORIENTED_EDGE ( 'NONE', *, *, #720, .T. ) ;
#2322 = CARTESIAN_POINT ( 'NONE',  ( -3.676950947931144900, -16.14683852584394300, 11.50000000000000400 ) ) ;
#2323 = CARTESIAN_POINT ( 'NONE',  ( 4.222109466130552500, 5.258107615098543500, 11.49999999999999800 ) ) ;
#2324 = ADVANCED_FACE ( 'NONE', ( #8142 ), #5280, .F. ) ;
#2325 = CARTESIAN_POINT ( 'NONE',  ( 0.0000000000000000000, 5.334591194968549400, 11.50000000000000000 ) ) ;
#2326 = DIRECTION ( 'NONE',  ( -0.0000000000000000000, 0.0000000000000000000, 1.000000000000000000 ) ) ;
#2327 = EDGE_CURVE ( 'NONE', #3618, #6688, #6151, .T. ) ;
#2328 = ORIENTED_EDGE ( 'NONE', *, *, #3333, .F. ) ;
#2329 = CARTESIAN_POINT ( 'NONE',  ( -1.675285348241199600, 4.987421383647795600, 11.50000000000000000 ) ) ;
#2330 = CIRCLE ( 'NONE', #5298, 1.000000000000000900 ) ;
#2331 = ORIENTED_EDGE ( 'NONE', *, *, #1186, .T. ) ;
#2332 = CARTESIAN_POINT ( 'NONE',  ( 3.498986252737338100, -11.04422206495284600, 11.50000000000000200 ) ) ;
#2333 = CIRCLE ( 'NONE', #8960, 0.6000000000000000900 ) ;
#2334 = ORIENTED_EDGE ( 'NONE', *, *, #8377, .F. ) ;
#2335 = CARTESIAN_POINT ( 'NONE',  ( -1.067209611779189600, -11.74839037149726000, 11.50000000000000000 ) ) ;
#2336 = EDGE_CURVE ( 'NONE', #6051, #7362, #7493, .T. ) ;
#2337 = B_SPLINE_CURVE_WITH_KNOTS ( 'NONE', 3,
 ( #8903, #6833, #8801, #3273, #9028, #1867, #6203, #3816, #455, #8989, #5423, #6826, #355, #7502, #313, #325, #5305, #6707, #6950 ),
 .UNSPECIFIED., .F., .F.,
 ( 4, 1, 1, 1, 1, 1, 1, 1, 1, 1, 1, 1, 1, 1, 1, 1, 4 ),
 ( 0.0000000000000000000, 0.1198100412602836100, 0.2295475483338304000, 0.3284830453221941900, 0.4176961179744547200, 0.4965023209714746200, 0.5657866488263483300, 0.6263740359441418700, 0.6784127914998561200, 0.7249211292386940100, 0.7687537621959887900, 0.8100569665183651200, 0.8494222349774259700, 0.8873875561243995700, 0.9244385436829908300, 0.9618908313834591000, 1.000000000000000000 ),
 .UNSPECIFIED. ) ;
#2338 = CARTESIAN_POINT ( 'NONE',  ( -3.597104558833293300, -10.84712902539070700, 11.49999999999999500 ) ) ;
#2339 = VERTEX_POINT ( 'NONE', #1116 ) ;
#2340 = CARTESIAN_POINT ( 'NONE',  ( 7.999999999999992900, 22.60000000000000100, 2.000000000000000000 ) ) ;
#2341 = CARTESIAN_POINT ( 'NONE',  ( -4.795321637426899200, -17.15182120069719900, 11.50000000000000000 ) ) ;
#2342 = VECTOR ( 'NONE', #908, 1000.000000000000000 ) ;
#2343 = VERTEX_POINT ( 'NONE', #204 ) ;
#2344 = CARTESIAN_POINT ( 'NONE',  ( -3.935520038533491000, -16.66846563042453900, 11.49999999999999600 ) ) ;
#2345 = CARTESIAN_POINT ( 'NONE',  ( -2.572821995108213400, -11.41830885625267600, 11.50000000000000200 ) ) ;
#2346 = CARTESIAN_POINT ( 'NONE',  ( -2.371103241061777800, 5.407972488300164700, 11.50000000000000000 ) ) ;
#2347 = CARTESIAN_POINT ( 'NONE',  ( -0.6038709677418119300, 10.74580645161290000, 11.49999999999999600 ) ) ;
#2348 = CARTESIAN_POINT ( 'NONE',  ( -1.902240974835530500, 4.739370949586505500, 11.50000000000000400 ) ) ;
#2349 = VERTEX_POINT ( 'NONE', #9180 ) ;
#2350 = CARTESIAN_POINT ( 'NONE',  ( 4.686090524214864500, 4.801986009294465100, 11.50000000000000200 ) ) ;
#2351 = CARTESIAN_POINT ( 'NONE',  ( 12.90000000000000200, -20.49999999999999600, 2.000000000000000000 ) ) ;
#2352 = CARTESIAN_POINT ( 'NONE',  ( 3.176437050306609100, 10.85741260875749600, 11.49999999999999800 ) ) ;
#2353 = ORIENTED_EDGE ( 'NONE', *, *, #3539, .F. ) ;
#2354 = CARTESIAN_POINT ( 'NONE',  ( -4.079622973377061300, 5.344988480027822700, 11.49999999999999800 ) ) ;
#2355 = CARTESIAN_POINT ( 'NONE',  ( 3.144432213733364900, 5.266998894752617000, 11.49999999999999800 ) ) ;
#2356 = CARTESIAN_POINT ( 'NONE',  ( 3.046261355695439700, 5.334591194968549400, 11.50000000000000000 ) ) ;
#2357 = ADVANCED_FACE ( 'NONE', ( #7598 ), #2292, .F. ) ;
#2358 = EDGE_LOOP ( 'NONE', ( #813, #837, #624, #8165 ) ) ;
#2359 = ORIENTED_EDGE ( 'NONE', *, *, #874, .F. ) ;
#2360 = CARTESIAN_POINT ( 'NONE',  ( 0.0000000000000000000, 5.399999999999996800, 11.50000000000000000 ) ) ;
#2361 = LINE ( 'NONE', #8162, #2478 ) ;
#2362 = VERTEX_POINT ( 'NONE', #225 ) ;
#2363 = CARTESIAN_POINT ( 'NONE',  ( 3.878472623562980300, -16.73999345680491000, 11.50000000000000000 ) ) ;
#2364 = EDGE_CURVE ( 'NONE', #9194, #8512, #7180, .T. ) ;
#2365 = CARTESIAN_POINT ( 'NONE',  ( -0.9131261524974109100, 4.982718785754658900, 11.49999999999999800 ) ) ;
#2366 = CARTESIAN_POINT ( 'NONE',  ( -0.8915718416548176200, -10.36112713409767800, 11.50000000000000000 ) ) ;
#2367 = VERTEX_POINT ( 'NONE', #1576 ) ;
#2368 = CARTESIAN_POINT ( 'NONE',  ( 0.4528301886793688100, 4.650314465408802000, 11.50000000000000000 ) ) ;
#2369 = LINE ( 'NONE', #1121, #522 ) ;
#2370 = CARTESIAN_POINT ( 'NONE',  ( 4.650315051178915300, -16.70097934428453700, 11.49999999999999500 ) ) ;
#2371 = CARTESIAN_POINT ( 'NONE',  ( -0.1345029239766093200, -16.99695873589321200, 11.50000000000000000 ) ) ;
#2372 = CARTESIAN_POINT ( 'NONE',  ( 2.641322695188349300, -9.494759369526949700, 11.49999999999999800 ) ) ;
#2373 = ORIENTED_EDGE ( 'NONE', *, *, #8521, .T. ) ;
#2374 = AXIS2_PLACEMENT_3D ( 'NONE', #8644, #8247, #5931 ) ;
#2375 = ORIENTED_EDGE ( 'NONE', *, *, #2973, .T. ) ;
#2376 = EDGE_CURVE ( 'NONE', #8325, #830, #565, .T. ) ;
#2377 = CARTESIAN_POINT ( 'NONE',  ( -0.02532486644940858100, -17.16310530405210200, 11.50000000000000000 ) ) ;
#2378 = VERTEX_POINT ( 'NONE', #90 ) ;
#2379 = CARTESIAN_POINT ( 'NONE',  ( -1.061533321406927100, -14.27828251216694100, 11.49999999999999800 ) ) ;
#2380 = CARTESIAN_POINT ( 'NONE',  ( -1.676949283442643400, -10.57734773319059200, 11.50000000000000200 ) ) ;
#2381 = CARTESIAN_POINT ( 'NONE',  ( 4.212566080772776700, 5.339082508353254000, 11.50000000000000400 ) ) ;
#2382 = CARTESIAN_POINT ( 'NONE',  ( 0.0000000000000000000, 5.183647798742134300, 11.50000000000000000 ) ) ;
#2383 = CARTESIAN_POINT ( 'NONE',  ( -1.544241983097076400, -14.58677624809127800, 11.49999999999999800 ) ) ;
#2384 = ORIENTED_EDGE ( 'NONE', *, *, #8918, .T. ) ;
#2385 = VERTEX_POINT ( 'NONE', #6445 ) ;
#2386 = CARTESIAN_POINT ( 'NONE',  ( -3.818867924528178000, 4.635220125786157800, 11.49999999999999800 ) ) ;
#2387 = CARTESIAN_POINT ( 'NONE',  ( -1.835328934313093000, 4.952134748547540400, 11.50000000000000200 ) ) ;
#2388 = DIRECTION ( 'NONE',  ( 1.000000000000000000, 0.0000000000000000000, 0.0000000000000000000 ) ) ;
#2389 = CARTESIAN_POINT ( 'NONE',  ( 4.599662553936823900, -16.63524300363586100, 11.49999999999999800 ) ) ;
#2390 = DIRECTION ( 'NONE',  ( -0.0000000000000000000, -1.000000000000000000, -0.0000000000000000000 ) ) ;
#2391 = ORIENTED_EDGE ( 'NONE', *, *, #526, .F. ) ;
#2392 = CARTESIAN_POINT ( 'NONE',  ( -0.9050828131835196900, -14.07653505696023500, 11.49999999999999600 ) ) ;
#2393 = CARTESIAN_POINT ( 'NONE',  ( 0.9989186165304005900, -16.72273405953390200, 11.50000000000000400 ) ) ;
#2394 = CARTESIAN_POINT ( 'NONE',  ( 4.394300900960088200, 4.938386607458928000, 11.49999999999999800 ) ) ;
#2395 = EDGE_CURVE ( 'NONE', #6217, #8120, #2186, .T. ) ;
#2396 = CARTESIAN_POINT ( 'NONE',  ( 1.793644488154489300, 4.954492657142340700, 11.50000000000000000 ) ) ;
#2397 = B_SPLINE_CURVE_WITH_KNOTS ( 'NONE', 3,
 ( #5084, #5114, #9045, #3453, #8852, #8766, #3663, #3218, #293, #7880, #1712, #8586, #1544, #3096, #869 ),
 .UNSPECIFIED., .F., .F.,
 ( 4, 1, 1, 1, 1, 1, 1, 1, 1, 1, 1, 1, 4 ),
 ( 0.0000000000000000000, 0.1206052150297023400, 0.2353464460053187300, 0.3487294368111147900, 0.4644545279122263000, 0.5232911175367727100, 0.5821529232039655000, 0.6436000289391912200, 0.7064227727346030800, 0.7732070651975692100, 0.8439198454524738900, 0.9198150136578677700, 1.000000000000000000 ),
 .UNSPECIFIED. ) ;
#2398 = ORIENTED_EDGE ( 'NONE', *, *, #1049, .F. ) ;
#2399 = LINE ( 'NONE', #4420, #6647 ) ;
#2400 = CARTESIAN_POINT ( 'NONE',  ( -2.687530192588640800, -16.90171505156611800, 11.50000000000000400 ) ) ;
#2401 = CARTESIAN_POINT ( 'NONE',  ( 0.4955159260868755600, 5.335853368752107300, 11.49999999999999800 ) ) ;
#2402 = PLANE ( 'NONE',  #8675 ) ;
#2403 = CARTESIAN_POINT ( 'NONE',  ( 2.578978243488642800, -11.39081975587526300, 11.49999999999999800 ) ) ;
#2404 = CARTESIAN_POINT ( 'NONE',  ( 2.082275366908255400, 5.329772247378943300, 11.50000000000000200 ) ) ;
#2405 = ORIENTED_EDGE ( 'NONE', *, *, #2520, .T. ) ;
#2406 = VECTOR ( 'NONE', #394, 1000.000000000000000 ) ;
#2407 = VECTOR ( 'NONE', #267, 1000.000000000000000 ) ;
#2408 = CARTESIAN_POINT ( 'NONE',  ( 0.8056219013912363500, -17.15903201352247000, 11.50000000000000400 ) ) ;
#2409 = ORIENTED_EDGE ( 'NONE', *, *, #8210, .F. ) ;
#2410 = EDGE_CURVE ( 'NONE', #7595, #7705, #5200, .T. ) ;
#2411 = CARTESIAN_POINT ( 'NONE',  ( 3.661753320339559400, 11.62602651445132400, 11.49999999999999300 ) ) ;
#2412 = CARTESIAN_POINT ( 'NONE',  ( 0.4155602143024761900, 4.599999999999996100, 11.50000000000000000 ) ) ;
#2413 = CARTESIAN_POINT ( 'NONE',  ( 1.397818506900647200, 8.112285184464934000, 11.50000000000000200 ) ) ;
#2414 = B_SPLINE_CURVE_WITH_KNOTS ( 'NONE', 3,
 ( #8688, #20, #3161, #7751, #4628, #7148, #7487, #5908, #7238, #2791, #4801 ),
 .UNSPECIFIED., .F., .F.,
 ( 4, 1, 1, 1, 1, 1, 1, 1, 4 ),
 ( 0.0000000000000000000, 0.1923372385234252100, 0.3501168986041033300, 0.4754227350696448300, 0.5758106014950867800, 0.6628235368855024400, 0.7540530416139424900, 0.8628989612006238200, 1.000000000000000000 ),
 .UNSPECIFIED. ) ;
#2415 = CARTESIAN_POINT ( 'NONE',  ( -29.63398815701183500, -20.49999999999999600, 2.000000000000000000 ) ) ;
#2416 = ORIENTED_EDGE ( 'NONE', *, *, #295, .T. ) ;
#2417 = ADVANCED_FACE ( 'NONE', ( #1958 ), #1285, .F. ) ;
#2418 = CARTESIAN_POINT ( 'NONE',  ( -3.259849369902741800, -10.57031404415624800, 11.50000000000000400 ) ) ;
#2419 = VECTOR ( 'NONE', #6079, 1000.000000000000000 ) ;
#2420 = CARTESIAN_POINT ( 'NONE',  ( -0.5026204573745290900, 0.4922211961479788800, 11.00000000000000000 ) ) ;
#2421 = ORIENTED_EDGE ( 'NONE', *, *, #3157, .F. ) ;
#2422 = CARTESIAN_POINT ( 'NONE',  ( -1.541745822161245900, -17.15940710418738700, 11.50000000000000000 ) ) ;
#2423 = CARTESIAN_POINT ( 'NONE',  ( 0.5847953216374260900, -16.39743523578491800, 11.50000000000000000 ) ) ;
#2424 = CARTESIAN_POINT ( 'NONE',  ( -2.812595257010234400, -16.42167951808857400, 11.50000000000000400 ) ) ;
#2425 = ORIENTED_EDGE ( 'NONE', *, *, #5162, .T. ) ;
#2426 = CARTESIAN_POINT ( 'NONE',  ( 1.534218495224908100, 4.625157232704398600, 11.50000000000000000 ) ) ;
#2427 = CARTESIAN_POINT ( 'NONE',  ( -4.081508770075365600, 5.080119676242453000, 11.50000000000000200 ) ) ;
#2428 = ORIENTED_EDGE ( 'NONE', *, *, #8575, .F. ) ;
#2429 = CARTESIAN_POINT ( 'NONE',  ( -4.470323605299555900, 4.673720578805452800, 11.50000000000000000 ) ) ;
#2430 = DIRECTION ( 'NONE',  ( -1.000000000000000000, 0.0000000000000000000, -0.0000000000000000000 ) ) ;
#2431 = B_SPLINE_CURVE_WITH_KNOTS ( 'NONE', 3,
 ( #376, #6720, #8484, #5848, #7039, #8170, #6071, #6576, #5096, #2452, #8752 ),
 .UNSPECIFIED., .F., .F.,
 ( 4, 1, 1, 1, 1, 1, 1, 1, 4 ),
 ( 0.0000000000000000000, 0.1138878914474822400, 0.2262893372312732000, 0.3385118275486394000, 0.4544423533330238500, 0.5765019879042623300, 0.7070150214347266100, 0.8476039473052462400, 1.000000000000000000 ),
 .UNSPECIFIED. ) ;
#2432 = DATE_AND_TIME ( #4338, #6238 ) ;
#2433 = EDGE_LOOP ( 'NONE', ( #7065, #1918, #772, #4392, #2993, #2279, #2574, #2384, #6282, #5963 ) ) ;
#2434 = CARTESIAN_POINT ( 'NONE',  ( -2.369352045463676100, 4.747308270505142100, 11.50000000000000000 ) ) ;
#2435 = AXIS2_PLACEMENT_3D ( 'NONE', #503, #6910, #1479 ) ;
#2436 = LINE ( 'NONE', #3311, #6676 ) ;
#2437 = EDGE_CURVE ( 'NONE', #7929, #6619, #4805, .T. ) ;
#2438 = VERTEX_POINT ( 'NONE', #4103 ) ;
#2439 = FACE_BOUND ( 'NONE', #1083, .T. ) ;
#2440 = CARTESIAN_POINT ( 'NONE',  ( -3.030568009926590400, 4.745146047079339600, 11.50000000000000200 ) ) ;
#2441 = CARTESIAN_POINT ( 'NONE',  ( 0.5085908428409958700, -17.08197680341368500, 11.50000000000000200 ) ) ;
#2442 = CARTESIAN_POINT ( 'NONE',  ( 4.147216398788850200, 5.349685534591191800, 11.50000000000000000 ) ) ;
#2443 = CARTESIAN_POINT ( 'NONE',  ( -0.06321091327992652000, -16.52295018410685400, 11.49999999999999800 ) ) ;
#2444 = B_SPLINE_CURVE_WITH_KNOTS ( 'NONE', 3,
 ( #2547, #8168, #9098, #5500, #1202, #7465, #8386, #238, #5228, #8250, #2643 ),
 .UNSPECIFIED., .F., .F.,
 ( 4, 1, 1, 1, 1, 1, 1, 1, 4 ),
 ( 0.0000000000000000000, 0.1622387692721623000, 0.3045003238642566300, 0.4293932458890806800, 0.5439067758090606600, 0.6513540341299874900, 0.7586580866584709000, 0.8730748945144327600, 1.000000000000000000 ),
 .UNSPECIFIED. ) ;
#2445 = LINE ( 'NONE', #6680, #4112 ) ;
#2446 = VERTEX_POINT ( 'NONE', #8595 ) ;
#2447 = CARTESIAN_POINT ( 'NONE',  ( 0.2961947690087889400, -11.34858614998670000, 11.49999999999999600 ) ) ;
#2448 = CARTESIAN_POINT ( 'NONE',  ( -8.992893218813472700, 24.40710678118654200, 0.0000000000000000000 ) ) ;
#2449 = ORIENTED_EDGE ( 'NONE', *, *, #8521, .F. ) ;
#2450 = EDGE_CURVE ( 'NONE', #1122, #5839, #8779, .T. ) ;
#2451 = VERTEX_POINT ( 'NONE', #3630 ) ;
#2452 = CARTESIAN_POINT ( 'NONE',  ( -1.956982881337178100, 5.065612061013481200, 11.49999999999999800 ) ) ;
#2453 = VERTEX_POINT ( 'NONE', #7867 ) ;
#2454 = CARTESIAN_POINT ( 'NONE',  ( -1.425457586045972600, -14.44657065398303100, 11.50000000000000200 ) ) ;
#2455 = CARTESIAN_POINT ( 'NONE',  ( -4.489683297693064300, 5.342876777261254900, 11.49999999999999600 ) ) ;
#2456 = CARTESIAN_POINT ( 'NONE',  ( -0.4213519417100889400, 5.344936617028468900, 11.50000000000000000 ) ) ;
#2457 = VECTOR ( 'NONE', #4849, 1000.000000000000000 ) ;
#2458 = CARTESIAN_POINT ( 'NONE',  ( 0.6000000000000023100, 1.499999999999997800, 11.50000000000000000 ) ) ;
#2459 = ORIENTED_EDGE ( 'NONE', *, *, #2973, .F. ) ;
#2460 = CARTESIAN_POINT ( 'NONE',  ( 0.5000000000000023300, 1.499999999999997800, 11.50000000000000000 ) ) ;
#2461 = CARTESIAN_POINT ( 'NONE',  ( 3.917119490672507100, -16.52887373074794700, 11.50000000000000000 ) ) ;
#2462 = EDGE_CURVE ( 'NONE', #7533, #4168, #6872, .T. ) ;
#2463 = LINE ( 'NONE', #7654, #7942 ) ;
#2464 = B_SPLINE_CURVE_WITH_KNOTS ( 'NONE', 3,
 ( #1094, #7372, #7883, #2603, #821, #5095, #5336, #9086, #2507, #3887, #4624, #2590, #6415, #2823, #7095, #8609, #3596, #7978, #4188, #2377, #4317, #2097, #6385, #5662, #1060, #218, #89, #4283, #3209, #3925, #6403, #2563, #1469, #5819, #2262, #112, #7538, #7418, #5524, #3502, #4951, #4227, #101, #4375, #1152, #1522, #5085, #2960, #4080, #4656, #5368, #8488, #9182, #7756, #7214, #1510, #4326, #2443, #4974 ),
 .UNSPECIFIED., .F., .F.,
 ( 4, 1, 1, 1, 1, 1, 1, 1, 1, 1, 1, 1, 1, 1, 1, 1, 1, 1, 1, 1, 1, 1, 1, 1, 1, 1, 1, 1, 1, 1, 1, 1, 1, 1, 1, 1, 1, 1, 1, 1, 1, 1, 1, 1, 1, 1, 1, 1, 1, 1, 1, 1, 1, 1, 1, 1, 4 ),
 ( 0.0000000000000000000, 0.02522971697334575000, 0.05109583199718648000, 0.07774138288724297100, 0.1055717263483395600, 0.1196490186415686300, 0.1333371104883591700, 0.1469109173694256300, 0.1604338903769607600, 0.1739404832940887300, 0.1876279761389831900, 0.2015882967970367100, 0.2158685582037652700, 0.2304746642364542400, 0.2451032066971650100, 0.2601271490542492700, 0.2753144677815999600, 0.2910407211729029200, 0.3072612743659647300, 0.3239261172423449900, 0.3413458041717625200, 0.3586904923038513000, 0.3751344415855205600, 0.3907324391836622900, 0.4057585643015243500, 0.4201697063126788000, 0.4342032484981538400, 0.4478066207482868100, 0.4612676088320615300, 0.4875272706427569200, 0.5126289477556240600, 0.5368529730643680800, 0.5606122256875469800, 0.5841495863685028900, 0.6073797967857033100, 0.6305577123090353500, 0.6537359815721591700, 0.6767381280928479500, 0.6991414942577105500, 0.7213053319179956200, 0.7432322595761586800, 0.7544031586777632000, 0.7659117148611005500, 0.7779311416085885600, 0.7904281336760902200, 0.8035829191433524500, 0.8174649080232830900, 0.8320271635944211900, 0.8475318428320941500, 0.8635693942695479300, 0.8800506964030450100, 0.8971784722659941200, 0.9151832660459174900, 0.9343914833304469700, 0.9548201345681406300, 0.9766093998278071500, 1.000000000000000000 ),
 .UNSPECIFIED. ) ;
#2465 = CARTESIAN_POINT ( 'NONE',  ( 0.7718742709761297100, -17.16276559172622000, 11.50000000000000500 ) ) ;
#2466 = CARTESIAN_POINT ( 'NONE',  ( -0.7090612625202585800, 5.017610062893078600, 11.50000000000000000 ) ) ;
#2467 = ORIENTED_EDGE ( 'NONE', *, *, #3057, .T. ) ;
#2468 = VERTEX_POINT ( 'NONE', #36 ) ;
#2469 = CARTESIAN_POINT ( 'NONE',  ( -4.063825655935372300, 5.336827643153084100, 11.49999999999999600 ) ) ;
#2470 = ORIENTED_EDGE ( 'NONE', *, *, #2089, .F. ) ;
#2471 = DIRECTION ( 'NONE',  ( 1.000000000000000000, 0.0000000000000000000, 0.0000000000000000000 ) ) ;
#2472 = CARTESIAN_POINT ( 'NONE',  ( 0.09870465448171061900, 4.666165320077870300, 11.50000000000000000 ) ) ;
#2473 = EDGE_CURVE ( 'NONE', #6167, #4615, #7279, .T. ) ;
#2474 = B_SPLINE_CURVE_WITH_KNOTS ( 'NONE', 3,
 ( #1064, #4616, #1650, #9240, #8949, #32, #4674, #5846, #5109, #8224, #4753, #2883, #4098, #4259, #4692, #7186, #4790, #5222, #8627 ),
 .UNSPECIFIED., .F., .F.,
 ( 4, 1, 1, 1, 1, 1, 1, 1, 1, 1, 1, 1, 1, 1, 1, 1, 4 ),
 ( 0.0000000000000000000, 0.05916694400868149900, 0.1176983492431840100, 0.1758450970453180300, 0.2334175357661304500, 0.2914701989242845000, 0.3491998340128053000, 0.4076131529026098000, 0.4670178817740701100, 0.5276307710784566800, 0.5892206861109372500, 0.6526243518042171800, 0.7178707248393061400, 0.7849199012885352800, 0.8541643921952053500, 0.9260948268842501600, 1.000000000000000000 ),
 .UNSPECIFIED. ) ;
#2475 = CARTESIAN_POINT ( 'NONE',  ( 0.0000000000000000000, -16.50854634689603300, 11.50000000000000000 ) ) ;
#2476 = FACE_OUTER_BOUND ( 'NONE', #7414, .T. ) ;
#2477 = CARTESIAN_POINT ( 'NONE',  ( -9.000000000000005300, 22.60000000000000100, 0.0000000000000000000 ) ) ;
#2478 = VECTOR ( 'NONE', #322, 999.9999999999998900 ) ;
#2479 = ORIENTED_EDGE ( 'NONE', *, *, #349, .T. ) ;
#2480 = CARTESIAN_POINT ( 'NONE',  ( 0.3249941765666266600, 5.399999999999996800, 11.50000000000000000 ) ) ;
#2481 = DIRECTION ( 'NONE',  ( 1.000000000000000000, 0.0000000000000000000, 0.0000000000000000000 ) ) ;
#2482 = LINE ( 'NONE', #1520, #1075 ) ;
#2483 = CARTESIAN_POINT ( 'NONE',  ( 3.159114035032589500, -11.17745340790660300, 11.50000000000000000 ) ) ;
#2484 = CARTESIAN_POINT ( 'NONE',  ( 4.672123095318239500, -16.79654259678888600, 11.50000000000000200 ) ) ;
#2485 = CARTESIAN_POINT ( 'NONE',  ( 1.534218495224908100, 4.625157232704398600, 11.50000000000000000 ) ) ;
#2486 = ADVANCED_FACE ( 'NONE', ( #5203 ), #4447, .F. ) ;
#2487 = EDGE_LOOP ( 'NONE', ( #4114, #3290 ) ) ;
#2488 = ORIENTED_EDGE ( 'NONE', *, *, #434, .F. ) ;
#2489 = CARTESIAN_POINT ( 'NONE',  ( -0.4531671579075862200, -10.61976212769387800, 11.50000000000000500 ) ) ;
#2490 = VERTEX_POINT ( 'NONE', #4845 ) ;
#2491 = CARTESIAN_POINT ( 'NONE',  ( 4.235177058731173900, 4.662594233517635800, 11.50000000000000200 ) ) ;
#2492 = ORIENTED_EDGE ( 'NONE', *, *, #4731, .T. ) ;
#2493 = AXIS2_PLACEMENT_3D ( 'NONE', #6857, #4006, #5829 ) ;
#2494 = EDGE_CURVE ( 'NONE', #8806, #5398, #3850, .T. ) ;
#2495 = CARTESIAN_POINT ( 'NONE',  ( -1.750471863859411900, 5.272928504617945900, 11.50000000000000000 ) ) ;
#2496 = B_SPLINE_CURVE_WITH_KNOTS ( 'NONE', 3,
 ( #6219, #7643, #8282, #6895, #4807, #6244, #5513, #3359, #8371, #3136, #2588, #472, #1191, #9019, #7534 ),
 .UNSPECIFIED., .F., .F.,
 ( 4, 1, 1, 1, 1, 1, 1, 1, 1, 1, 1, 1, 4 ),
 ( 0.0000000000000000000, 0.1785099968103719400, 0.3441313130745722300, 0.4949970785046057300, 0.6330813003739632600, 0.6963068984092506400, 0.7538666076040352300, 0.8066085148144568300, 0.8544332050436613800, 0.8974840944476855100, 0.9357603476493683300, 0.9697950641025496800, 1.000000000000000000 ),
 .UNSPECIFIED. ) ;
#2497 = VERTEX_POINT ( 'NONE', #3545 ) ;
#2498 = CARTESIAN_POINT ( 'NONE',  ( 4.491167892771802200, -17.05810526034870700, 11.50000000000000400 ) ) ;
#2499 = ORIENTED_EDGE ( 'NONE', *, *, #2570, .F. ) ;
#2500 = ORIENTED_EDGE ( 'NONE', *, *, #9144, .F. ) ;
#2501 = ORIENTED_EDGE ( 'NONE', *, *, #4896, .T. ) ;
#2502 = CARTESIAN_POINT ( 'NONE',  ( 3.086538208062120000, -11.68515250313625100, 11.50000000000000500 ) ) ;
#2503 = CARTESIAN_POINT ( 'NONE',  ( -2.763157894736841600, -11.47836257309942100, 11.50000000000000000 ) ) ;
#2504 = CARTESIAN_POINT ( 'NONE',  ( 1.777621658402348800, 12.42414157530860500, 11.49999999999999800 ) ) ;
#2505 = ORIENTED_EDGE ( 'NONE', *, *, #1297, .T. ) ;
#2506 = EDGE_CURVE ( 'NONE', #6132, #3799, #116, .T. ) ;
#2507 = CARTESIAN_POINT ( 'NONE',  ( -0.2583080204409279300, -17.04177998162563800, 11.50000000000000200 ) ) ;
#2508 = CARTESIAN_POINT ( 'NONE',  ( 4.423270749271869900, -16.49045686054053000, 11.50000000000000000 ) ) ;
#2509 = B_SPLINE_CURVE_WITH_KNOTS ( 'NONE', 3,
 ( #756, #8906, #2099, #4597, #5198, #7181, #8547, #3030, #8978, #2531, #6482 ),
 .UNSPECIFIED., .F., .F.,
 ( 4, 1, 1, 1, 1, 1, 1, 1, 4 ),
 ( 0.0000000000000000000, 0.1939710348566690000, 0.3684012028615194500, 0.5206922408795338100, 0.6522751042665495500, 0.7652933786364285500, 0.8587367009989928000, 0.9367442435961090800, 0.9999999999999998900 ),
 .UNSPECIFIED. ) ;
#2510 = VERTEX_POINT ( 'NONE', #9258 ) ;
#2511 = CARTESIAN_POINT ( 'NONE',  ( -0.04808494117794744800, -16.61134838326962200, 11.50000000000000400 ) ) ;
#2512 = CARTESIAN_POINT ( 'NONE',  ( 0.4830394630036753400, -16.27954808647924900, 11.50000000000000200 ) ) ;
#2513 = ADVANCED_FACE ( 'NONE', ( #6569 ), #8244, .F. ) ;
#2514 = CARTESIAN_POINT ( 'NONE',  ( 1.569384154058196500, 4.771843068611803000, 11.50000000000000200 ) ) ;
#2515 = EDGE_LOOP ( 'NONE', ( #8051, #8458, #576, #3480, #1935, #4391 ) ) ;
#2516 = CIRCLE ( 'NONE', #3199, 0.1000000000000000500 ) ;
#2517 = ORIENTED_EDGE ( 'NONE', *, *, #2149, .F. ) ;
#2518 = CARTESIAN_POINT ( 'NONE',  ( -3.123667799264578700, -9.717957401539759800, 11.50000000000000000 ) ) ;
#2519 = PLANE ( 'NONE',  #8099 ) ;
#2520 = EDGE_CURVE ( 'NONE', #3039, #6946, #6685, .T. ) ;
#2521 = CARTESIAN_POINT ( 'NONE',  ( -4.029185005684679400, 5.171048264991490800, 11.50000000000000400 ) ) ;
#2522 = CARTESIAN_POINT ( 'NONE',  ( 1.900019433081241700, 5.350290132460775000, 11.50000000000000000 ) ) ;
#2523 = FACE_OUTER_BOUND ( 'NONE', #2487, .T. ) ;
#2524 = LINE ( 'NONE', #7220, #1521 ) ;
#2525 = CARTESIAN_POINT ( 'NONE',  ( -3.260233918128654400, -10.52807017543860200, 11.50000000000000000 ) ) ;
#2526 = EDGE_LOOP ( 'NONE', ( #4980, #941, #5621, #7529, #2613, #1600 ) ) ;
#2527 = DIRECTION ( 'NONE',  ( -1.000000000000000000, 0.0000000000000000000, -0.0000000000000000000 ) ) ;
#2528 = CARTESIAN_POINT ( 'NONE',  ( -0.9356047980398452000, 5.413934168721357100, 11.49999999999999600 ) ) ;
#2529 = AXIS2_PLACEMENT_3D ( 'NONE', #1943, #8008, #3715 ) ;
#2530 = ADVANCED_FACE ( 'NONE', ( #7090 ), #1358, .T. ) ;
#2531 = CARTESIAN_POINT ( 'NONE',  ( -0.3875946011661399700, 5.328096345501731600, 11.50000000000000000 ) ) ;
#2532 = CARTESIAN_POINT ( 'NONE',  ( -1.374045997779935300, -16.98539969719738700, 11.49999999999999600 ) ) ;
#2533 = CARTESIAN_POINT ( 'NONE',  ( -1.830115400348466800, 0.6235948771557695600, 11.50000000000000000 ) ) ;
#2534 = ORIENTED_EDGE ( 'NONE', *, *, #2689, .T. ) ;
#2535 = CARTESIAN_POINT ( 'NONE',  ( 3.976928917298677500, -16.23337617079207000, 11.49999999999999800 ) ) ;
#2536 = CARTESIAN_POINT ( 'NONE',  ( -0.07303607460050162700, -17.04031024015546300, 11.50000000000000400 ) ) ;
#2537 =( BOUNDED_CURVE ( )  B_SPLINE_CURVE ( 3, ( #1453, #3044, #9004, #300 ),
 .UNSPECIFIED., .F., .T. ) 
 B_SPLINE_CURVE_WITH_KNOTS ( ( 4, 4 ),
 ( 5.239016251818435800, 6.283185307179586200 ),
 .UNSPECIFIED. ) 
 CURVE ( )  GEOMETRIC_REPRESENTATION_ITEM ( )  RATIONAL_B_SPLINE_CURVE ( ( 1.000000000000000000, 0.9111876897193861300, 0.9111876897193861300, 1.000000000000000000 ) ) 
 REPRESENTATION_ITEM ( '' )  );
#2538 = CARTESIAN_POINT ( 'NONE',  ( 1.637797250733876100, 4.663555929429415800, 11.50000000000000400 ) ) ;
#2539 = ORIENTED_EDGE ( 'NONE', *, *, #692, .F. ) ;
#2540 = CARTESIAN_POINT ( 'NONE',  ( -4.010196355693136800, -16.28917859749224200, 11.49999999999999600 ) ) ;
#2541 = LINE ( 'NONE', #6660, #9112 ) ;
#2542 = VECTOR ( 'NONE', #2696, 1000.000000000000000 ) ;
#2543 = CARTESIAN_POINT ( 'NONE',  ( -1.360769419089180400, -14.37918571715606800, 11.50000000000000500 ) ) ;
#2544 = CARTESIAN_POINT ( 'NONE',  ( 2.070752566562314100, 5.338630789445034900, 11.49999999999999500 ) ) ;
#2545 = ORIENTED_EDGE ( 'NONE', *, *, #8055, .T. ) ;
#2546 = EDGE_CURVE ( 'NONE', #7520, #4549, #4667, .T. ) ;
#2547 = CARTESIAN_POINT ( 'NONE',  ( 1.272024225483468800, 4.766037735849053500, 11.50000000000000000 ) ) ;
#2548 = PLANE ( 'NONE',  #4093 ) ;
#2549 = CARTESIAN_POINT ( 'NONE',  ( 4.519795753004425300, -17.05485661673586500, 11.50000000000000000 ) ) ;
#2550 = ORIENTED_EDGE ( 'NONE', *, *, #1095, .T. ) ;
#2551 = CARTESIAN_POINT ( 'NONE',  ( 4.014549067017138200, 4.684947907853485900, 11.50000000000000500 ) ) ;
#2552 = ORIENTED_EDGE ( 'NONE', *, *, #3994, .T. ) ;
#2553 = CARTESIAN_POINT ( 'NONE',  ( 4.525133938970541600, 4.670440251572323100, 11.50000000000000000 ) ) ;
#2554 = ADVANCED_FACE ( 'NONE', ( #3520 ), #5358, .F. ) ;
#2555 = CARTESIAN_POINT ( 'NONE',  ( 3.578947368421051300, -16.26293231180831400, 11.50000000000000000 ) ) ;
#2556 = DIRECTION ( 'NONE',  ( -0.0000000000000000000, -0.0000000000000000000, 1.000000000000000000 ) ) ;
#2557 = EDGE_CURVE ( 'NONE', #382, #3637, #3882, .T. ) ;
#2558 = B_SPLINE_CURVE_WITH_KNOTS ( 'NONE', 3,
 ( #8855, #4578, #5285, #1023, #6005, #1730, #6724, #2456, #7445, #3156, #8161, #3872, #8885 ),
 .UNSPECIFIED., .F., .F.,
 ( 4, 3, 3, 3, 4 ),
 ( 0.0000000000000000000, 9.967900897996764700E-006, 2.966258436968399200E-005, 5.073603672329223000E-005, 7.191896535502786100E-005 ),
 .UNSPECIFIED. ) ;
#2559 = VECTOR ( 'NONE', #922, 1000.000000000000000 ) ;
#2560 = ORIENTED_EDGE ( 'NONE', *, *, #3753, .T. ) ;
#2561 = CARTESIAN_POINT ( 'NONE',  ( -0.6287015963913753500, 9.018693643820194300, 11.50000000000000000 ) ) ;
#2562 = CARTESIAN_POINT ( 'NONE',  ( -1.912794276438519100, 5.036913594128421300, 11.50000000000000400 ) ) ;
#2563 = CARTESIAN_POINT ( 'NONE',  ( 0.2768012300870691900, -17.03208220868465300, 11.50000000000000000 ) ) ;
#2564 = ORIENTED_EDGE ( 'NONE', *, *, #4778, .F. ) ;
#2565 = CARTESIAN_POINT ( 'NONE',  ( -3.941110438680274000, -17.09654884674110100, 11.50000000000000200 ) ) ;
#2566 = CARTESIAN_POINT ( 'NONE',  ( 0.1524555166997019200, -16.99995798350669700, 11.49999999999999600 ) ) ;
#2567 = CARTESIAN_POINT ( 'NONE',  ( 0.0000000000000000000, -2.000000000000004000, 11.50000000000000000 ) ) ;
#2568 = LINE ( 'NONE', #8374, #4 ) ;
#2569 = FACE_BOUND ( 'NONE', #4028, .T. ) ;
#2570 = EDGE_CURVE ( 'NONE', #5257, #2051, #7229, .T. ) ;
#2571 = CARTESIAN_POINT ( 'NONE',  ( -2.272258064516005300, 10.85290322580644900, 11.49999999999999600 ) ) ;
#2572 = CARTESIAN_POINT ( 'NONE',  ( 1.743675751223044500, 4.589937106918235100, 11.50000000000000200 ) ) ;
#2573 = CARTESIAN_POINT ( 'NONE',  ( -2.598602782973032700, 6.646558507349420900, 11.50000000000000000 ) ) ;
#2574 = ORIENTED_EDGE ( 'NONE', *, *, #5258, .T. ) ;
#2575 = CARTESIAN_POINT ( 'NONE',  ( -2.748538011695905500, -9.475438596491233800, 11.50000000000000000 ) ) ;
#2576 = CARTESIAN_POINT ( 'NONE',  ( -1.590102223362570100, -16.25966401412860700, 11.50000000000000400 ) ) ;
#2577 = CARTESIAN_POINT ( 'NONE',  ( -0.1681122202155258500, -13.47541744499999600, 11.50000000000000500 ) ) ;
#2578 = CARTESIAN_POINT ( 'NONE',  ( 3.399319051605234500, 5.279702022144006100, 11.50000000000000000 ) ) ;
#2579 = CARTESIAN_POINT ( 'NONE',  ( 1.976262340287871600, 7.839832040198916600, 11.50000000000000400 ) ) ;
#2580 = VERTEX_POINT ( 'NONE', #7399 ) ;
#2581 = DIRECTION ( 'NONE',  ( 1.000000000000000000, 0.0000000000000000000, 0.0000000000000000000 ) ) ;
#2582 = ORIENTED_EDGE ( 'NONE', *, *, #5437, .F. ) ;
#2583 = EDGE_CURVE ( 'NONE', #5961, #1077, #1757, .T. ) ;
#2584 = VERTEX_POINT ( 'NONE', #944 ) ;
#2585 = ORIENTED_EDGE ( 'NONE', *, *, #7952, .F. ) ;
#2586 = DIRECTION ( 'NONE',  ( -0.9974586998307349800, 0.0000000000000000000, 0.07124704998790969100 ) ) ;
#2587 = ADVANCED_FACE ( 'NONE', ( #4901 ), #196, .T. ) ;
#2588 = CARTESIAN_POINT ( 'NONE',  ( 0.7382843865286179400, 11.01328322458677700, 11.49999999999999800 ) ) ;
#2589 = CARTESIAN_POINT ( 'NONE',  ( 0.6804824026896921800, -16.14454662272290300, 11.50000000000000000 ) ) ;
#2590 = CARTESIAN_POINT ( 'NONE',  ( -0.2116517023902554400, -17.09254837988598300, 11.49999999999999300 ) ) ;
#2591 = EDGE_CURVE ( 'NONE', #1928, #6745, #8927, .T. ) ;
#2592 = ORIENTED_EDGE ( 'NONE', *, *, #8312, .F. ) ;
#2593 = CARTESIAN_POINT ( 'NONE',  ( -3.643954029938037300, -16.15579136342419600, 11.50000000000000400 ) ) ;
#2594 = B_SPLINE_CURVE_WITH_KNOTS ( 'NONE', 3,
 ( #9049, #3169, #8181, #3884, #348 ),
 .UNSPECIFIED., .F., .F.,
 ( 4, 1, 4 ),
 ( 0.0000000000000000000, 0.4511153358646519100, 1.000000000000000000 ),
 .UNSPECIFIED. ) ;
#2595 = CARTESIAN_POINT ( 'NONE',  ( -3.364915548827906100, -11.47147810525621000, 11.49999999999999800 ) ) ;
#2596 = CARTESIAN_POINT ( 'NONE',  ( -0.4762119535964736100, -14.20324543188228500, 11.50000000000000700 ) ) ;
#2597 = ORIENTED_EDGE ( 'NONE', *, *, #6220, .T. ) ;
#2598 = ORIENTED_EDGE ( 'NONE', *, *, #558, .T. ) ;
#2599 = CARTESIAN_POINT ( 'NONE',  ( 12.89999999999999500, 20.49999999999999600, 11.50000000000000000 ) ) ;
#2600 = DIRECTION ( 'NONE',  ( -0.0000000000000000000, -0.0000000000000000000, 1.000000000000000000 ) ) ;
#2601 = VERTEX_POINT ( 'NONE', #1981 ) ;
#2602 = CARTESIAN_POINT ( 'NONE',  ( -1.098300469702216500, 4.703536362388556200, 11.50000000000000200 ) ) ;
#2603 = CARTESIAN_POINT ( 'NONE',  ( -0.3126803772342625100, -16.89073091447250300, 11.49999999999999800 ) ) ;
#2604 = CARTESIAN_POINT ( 'NONE',  ( 0.5615845275829313100, -16.87820057024385900, 11.49999999999999800 ) ) ;
#2605 = CARTESIAN_POINT ( 'NONE',  ( 0.1772071342375927100, -11.63569194910986200, 11.50000000000000400 ) ) ;
#2606 = ORIENTED_EDGE ( 'NONE', *, *, #7359, .F. ) ;
#2607 = CARTESIAN_POINT ( 'NONE',  ( -2.914816716577191400, -17.03730687199663100, 11.50000000000000000 ) ) ;
#2608 = CARTESIAN_POINT ( 'NONE',  ( 1.722245515956331200, 4.645283018867921500, 11.50000000000000000 ) ) ;
#2609 = EDGE_CURVE ( 'NONE', #1089, #2138, #9212, .T. ) ;
#2610 = VERTEX_POINT ( 'NONE', #8218 ) ;
#2611 = CARTESIAN_POINT ( 'NONE',  ( -1.235353098608737500, -16.30330738652521600, 11.50000000000000400 ) ) ;
#2612 = CARTESIAN_POINT ( 'NONE',  ( -8.285786437626924800, 23.69999999999999900, 0.0000000000000000000 ) ) ;
#2613 = ORIENTED_EDGE ( 'NONE', *, *, #3109, .F. ) ;
#2614 = CARTESIAN_POINT ( 'NONE',  ( -0.7867934882466666200, 5.356943170670958500, 11.50000000000000200 ) ) ;
#2615 = EDGE_LOOP ( 'NONE', ( #4400, #7885, #4809, #9096 ) ) ;
#2616 = CARTESIAN_POINT ( 'NONE',  ( 0.0000000000000000000, -16.83603172701299000, 11.50000000000000000 ) ) ;
#2617 = CARTESIAN_POINT ( 'NONE',  ( 2.876659191053803100, -9.185139124076064500, 11.50000000000000000 ) ) ;
#2618 = EDGE_CURVE ( 'NONE', #6157, #78, #2444, .T. ) ;
#2619 = VERTEX_POINT ( 'NONE', #6231 ) ;
#2620 = CARTESIAN_POINT ( 'NONE',  ( -2.359934777544717900, 4.776100628930813700, 11.50000000000000000 ) ) ;
#2621 = CARTESIAN_POINT ( 'NONE',  ( -4.170882832517929000, 5.420125786163517000, 11.50000000000000000 ) ) ;
#2622 = ADVANCED_FACE ( 'NONE', ( #7675 ), #1672, .F. ) ;
#2623 = CARTESIAN_POINT ( 'NONE',  ( 3.081541313312588400, 5.333382487245392800, 11.50000000000000200 ) ) ;
#2624 = CARTESIAN_POINT ( 'NONE',  ( -25.76315032462148800, 20.49999999999999600, 13.76165359461582200 ) ) ;
#2625 = CARTESIAN_POINT ( 'NONE',  ( -1.829667311655224200, 4.918969140782910400, 11.50000000000000200 ) ) ;
#2626 = CARTESIAN_POINT ( 'NONE',  ( 1.805804566259418400, 4.595381235343674000, 11.49999999999999600 ) ) ;
#2627 = CARTESIAN_POINT ( 'NONE',  ( 2.862610968830166000, 12.21614290610778200, 11.49999999999999600 ) ) ;
#2628 = CARTESIAN_POINT ( 'NONE',  ( 2.463077578455338000, 12.32750223689267300, 11.49999999999998800 ) ) ;
#2629 = CARTESIAN_POINT ( 'NONE',  ( -0.9226148752735743300, 4.954258666213822200, 11.50000000000000200 ) ) ;
#2630 = CIRCLE ( 'NONE', #5130, 1.000000000000000000 ) ;
#2631 = CARTESIAN_POINT ( 'NONE',  ( 0.5861822911898296700, -16.36752328452251600, 11.49999999999999600 ) ) ;
#2632 = ORIENTED_EDGE ( 'NONE', *, *, #6556, .F. ) ;
#2633 = EDGE_CURVE ( 'NONE', #7663, #3603, #9129, .T. ) ;
#2634 = FACE_BOUND ( 'NONE', #5483, .T. ) ;
#2635 = CARTESIAN_POINT ( 'NONE',  ( -2.368134171907634800, 5.329559748427670700, 11.50000000000000200 ) ) ;
#2636 = ORIENTED_EDGE ( 'NONE', *, *, #6146, .T. ) ;
#2637 = CARTESIAN_POINT ( 'NONE',  ( -3.966190715693512100, -16.22947890923634500, 11.50000000000000000 ) ) ;
#2638 = DIRECTION ( 'NONE',  ( 0.3225311624017466200, 0.9465588461790307400, 0.0000000000000000000 ) ) ;
#2639 = CARTESIAN_POINT ( 'NONE',  ( 4.450968618791263200, -17.05484673831332600, 11.49999999999999800 ) ) ;
#2640 = CARTESIAN_POINT ( 'NONE',  ( -2.240337000672192300, 4.662941309741663400, 11.50000000000000200 ) ) ;
#2641 = VERTEX_POINT ( 'NONE', #2087 ) ;
#2642 = ORIENTED_EDGE ( 'NONE', *, *, #3633, .T. ) ;
#2643 = CARTESIAN_POINT ( 'NONE',  ( 1.363522012578740000, 4.650314465408802000, 11.50000000000000000 ) ) ;
#2644 = CARTESIAN_POINT ( 'NONE',  ( 0.7021583299006104500, -16.67958065037674900, 11.50000000000000000 ) ) ;
#2645 = PERSON_AND_ORGANIZATION ( #2876, #7351 ) ;
#2646 = ORIENTED_EDGE ( 'NONE', *, *, #1384, .F. ) ;
#2647 = B_SPLINE_CURVE_WITH_KNOTS ( 'NONE', 3,
 ( #6413, #4585, #4693, #8819, #2461, #7071, #2917, #3444, #3105, #8305, #3575, #1692, #3549, #1738, #7223, #6444, #1361, #3002, #5294 ),
 .UNSPECIFIED., .F., .F.,
 ( 4, 1, 1, 1, 1, 1, 1, 1, 1, 1, 1, 1, 1, 1, 1, 1, 4 ),
 ( 0.0000000000000000000, 0.08020198071471740200, 0.1541926428583977300, 0.2224506758508662000, 0.2855617496297212500, 0.3440156478967623100, 0.3983382243803279500, 0.4503522145598897200, 0.5006348921861173400, 0.5517884752738371200, 0.6051526559950128900, 0.6607006352307753800, 0.7206892810595136900, 0.7839583050024657700, 0.8511470700523742200, 0.9230740667497435700, 1.000000000000000000 ),
 .UNSPECIFIED. ) ;
#2648 = VECTOR ( 'NONE', #8925, 1000.000000000000000 ) ;
#2649 = CARTESIAN_POINT ( 'NONE',  ( -3.760906839573054100, -17.16314985319507600, 11.50000000000000200 ) ) ;
#2650 = ORIENTED_EDGE ( 'NONE', *, *, #7710, .T. ) ;
#2651 = DIRECTION ( 'NONE',  ( -0.0000000000000000000, 1.000000000000000000, -0.0000000000000000000 ) ) ;
#2652 = CARTESIAN_POINT ( 'NONE',  ( -3.928444489231551500, -16.49022331609115000, 11.49999999999999500 ) ) ;
#2653 = CARTESIAN_POINT ( 'NONE',  ( -1.404562404217916300, -16.26983607565146500, 11.50000000000000200 ) ) ;
#2654 = AXIS2_PLACEMENT_3D ( 'NONE', #7153, #5349, #8254 ) ;
#2655 = CARTESIAN_POINT ( 'NONE',  ( -4.520678711949163800, 5.349533849356546100, 11.50000000000000200 ) ) ;
#2656 =( NAMED_UNIT ( * ) SI_UNIT ( $, .STERADIAN. ) SOLID_ANGLE_UNIT ( ) );
#2657 = LINE ( 'NONE', #803, #107 ) ;
#2658 = EDGE_CURVE ( 'NONE', #2685, #3535, #2337, .T. ) ;
#2660 = ORIENTED_EDGE ( 'NONE', *, *, #8747, .F. ) ;
#2659 = CARTESIAN_POINT ( 'NONE',  ( 0.09583574802588958100, -14.57202359621164300, 11.50000000000000500 ) ) ;
#2661 = CARTESIAN_POINT ( 'NONE',  ( -1.330128934232928100, 4.638797320766226300, 11.50000000000000400 ) ) ;
#2662 = CARTESIAN_POINT ( 'NONE',  ( 0.1373247994633903500, -17.01472989740959500, 11.50000000000000200 ) ) ;
#2663 = CARTESIAN_POINT ( 'NONE',  ( 1.823728636246535900, 5.281041766207828800, 11.50000000000000200 ) ) ;
#2664 = ORIENTED_EDGE ( 'NONE', *, *, #7940, .T. ) ;
#2665 = VERTEX_POINT ( 'NONE', #2553 ) ;
#2666 = DIRECTION ( 'NONE',  ( 0.0000000000000000000, 0.0000000000000000000, 1.000000000000000000 ) ) ;
#2667 = CARTESIAN_POINT ( 'NONE',  ( 4.660279210967901900, 4.598737294932419700, 11.50000000000000000 ) ) ;
#2668 = LINE ( 'NONE', #7784, #2457 ) ;
#2669 = ORIENTED_EDGE ( 'NONE', *, *, #5452, .F. ) ;
#2670 = CARTESIAN_POINT ( 'NONE',  ( -3.355316789864297300, 5.210990646816312300, 11.49999999999999800 ) ) ;
#2671 = APPROVAL ( #678, '未指定' ) ;
#2672 = CARTESIAN_POINT ( 'NONE',  ( -0.8922253991937652000, 5.404107095749862000, 11.50000000000000500 ) ) ;
#2673 = EDGE_CURVE ( 'NONE', #5398, #6024, #8700, .T. ) ;
#2674 = CARTESIAN_POINT ( 'NONE',  ( 3.179354838709801200, 10.89806451612902900, 11.50000000000000000 ) ) ;
#2675 = CARTESIAN_POINT ( 'NONE',  ( 1.747827465746491600, 4.975153216715845000, 11.50000000000000000 ) ) ;
#2676 = LINE ( 'NONE', #2533, #2250 ) ;
#2677 = CARTESIAN_POINT ( 'NONE',  ( 0.3992293861896877800, -13.58512756543368000, 11.50000000000000000 ) ) ;
#2678 = CARTESIAN_POINT ( 'NONE',  ( -1.093699797819696100, -10.15472304331946800, 11.49999999999999800 ) ) ;
#2679 = DIRECTION ( 'NONE',  ( 0.3225311624017420700, 0.9465588461790323000, 0.0000000000000000000 ) ) ;
#2680 = B_SPLINE_CURVE_WITH_KNOTS ( 'NONE', 3,
 ( #5522, #3526, #637, #6299, #2199, #5664, #7979, #5190, #7215, #8840, #4920, #259, #8058, #6643, #158, #7780, #5146, #6402, #4281 ),
 .UNSPECIFIED., .F., .F.,
 ( 4, 1, 1, 1, 1, 1, 1, 1, 1, 1, 1, 1, 1, 1, 1, 1, 4 ),
 ( 0.0000000000000000000, 0.07692593325025642900, 0.1488529299476260000, 0.2160416949975362300, 0.2793107189404864200, 0.3392993647692248400, 0.3948473440049876700, 0.4482115247261686500, 0.4993651078138885400, 0.5496477854401092800, 0.6016617756196711600, 0.6559843521032460200, 0.7144382503702776400, 0.7775493241491329100, 0.8458073571416016000, 0.9197980192852925900, 1.000000000000000000 ),
 .UNSPECIFIED. ) ;
#2681 = CARTESIAN_POINT ( 'NONE',  ( 12.89999999999999500, 7.699999999999998400, 11.00000000000000000 ) ) ;
#2682 = CARTESIAN_POINT ( 'NONE',  ( -4.064415133768934900, -16.83186926361017700, 11.50000000000000400 ) ) ;
#2683 = CARTESIAN_POINT ( 'NONE',  ( -2.017017661985400800, -10.08314711918282600, 11.49999999999999500 ) ) ;
#2684 = ORIENTED_EDGE ( 'NONE', *, *, #4494, .T. ) ;
#2685 = VERTEX_POINT ( 'NONE', #4105 ) ;
#2686 = ADVANCED_FACE ( 'NONE', ( #6002 ), #7913, .T. ) ;
#2687 = CARTESIAN_POINT ( 'NONE',  ( -2.469881201956551900, 5.399999999999996800, 11.50000000000000000 ) ) ;
#2688 = VERTEX_POINT ( 'NONE', #3259 ) ;
#2689 = EDGE_CURVE ( 'NONE', #4310, #388, #5039, .T. ) ;
#2690 = CARTESIAN_POINT ( 'NONE',  ( 1.056520281619400800, 4.663275870901126800, 11.49999999999999600 ) ) ;
#2691 = CARTESIAN_POINT ( 'NONE',  ( -1.359083623532109300, 9.373173528977522700, 11.50000000000000400 ) ) ;
#2692 = CARTESIAN_POINT ( 'NONE',  ( -1.944341686521593900, 5.232093511029799700, 11.50000000000000000 ) ) ;
#2693 = DIRECTION ( 'NONE',  ( -0.8628636480872843300, 0.5016649116786536800, 0.06163311772052035300 ) ) ;
#2694 = DIRECTION ( 'NONE',  ( 1.000000000000000000, 0.0000000000000000000, 0.0000000000000000000 ) ) ;
#2695 = CARTESIAN_POINT ( 'NONE',  ( 3.347782753557542600, -9.507759876811263700, 11.50000000000000200 ) ) ;
#2696 = DIRECTION ( 'NONE',  ( -0.0000000000000000000, -0.0000000000000000000, 1.000000000000000000 ) ) ;
#2697 = ORIENTED_EDGE ( 'NONE', *, *, #977, .T. ) ;
#2698 = ORIENTED_EDGE ( 'NONE', *, *, #9064, .F. ) ;
#2699 = VECTOR ( 'NONE', #876, 1000.000000000000000 ) ;
#2700 = LINE ( 'NONE', #52, #8412 ) ;
#2701 = CARTESIAN_POINT ( 'NONE',  ( 1.897744838505740100, 4.866288676876801700, 11.49999999999999600 ) ) ;
#2702 = CARTESIAN_POINT ( 'NONE',  ( 0.005797308359346233500, -17.05845966925882000, 11.50000000000000000 ) ) ;
#2703 = EDGE_LOOP ( 'NONE', ( #3451, #7966, #6994, #1998 ) ) ;
#2704 = CARTESIAN_POINT ( 'NONE',  ( 0.2882288413835519800, 12.38445291020336800, 11.50000000000000000 ) ) ;
#2705 = ORIENTED_EDGE ( 'NONE', *, *, #7468, .F. ) ;
#2706 = CARTESIAN_POINT ( 'NONE',  ( -2.762291357870891000, 4.876893307121381600, 11.50000000000000500 ) ) ;
#2707 = CARTESIAN_POINT ( 'NONE',  ( 1.668661367198461800, 4.596257279238205500, 11.49999999999999600 ) ) ;
#2708 = CARTESIAN_POINT ( 'NONE',  ( -3.510760059152708400, -17.04358266166231300, 11.49999999999999500 ) ) ;
#2709 = AXIS2_PLACEMENT_3D ( 'NONE', #6212, #1223, #5729 ) ;
#2710 = DIRECTION ( 'NONE',  ( -0.0000000000000000000, 0.0000000000000000000, 1.000000000000000000 ) ) ;
#2711 = EDGE_LOOP ( 'NONE', ( #2839, #590, #1952, #2421, #8947 ) ) ;
#2712 = ORIENTED_EDGE ( 'NONE', *, *, #2786, .F. ) ;
#2713 = LINE ( 'NONE', #6406, #3368 ) ;
#2714 = ORIENTED_EDGE ( 'NONE', *, *, #461, .F. ) ;
#2715 = CARTESIAN_POINT ( 'NONE',  ( 0.6742795252956552700, -16.26557122187256600, 11.50000000000000000 ) ) ;
#2716 = CARTESIAN_POINT ( 'NONE',  ( 0.4441783625708039000, -14.09221934816799600, 11.50000000000000000 ) ) ;
#2717 = CARTESIAN_POINT ( 'NONE',  ( -0.8674934394553114300, -14.02255459642098500, 11.50000000000000200 ) ) ;
#2718 = ORIENTED_EDGE ( 'NONE', *, *, #6344, .T. ) ;
#2719 = CARTESIAN_POINT ( 'NONE',  ( -1.424391483693475500, 0.4853482092585156300, 11.50000000000000000 ) ) ;
#2720 = ORIENTED_EDGE ( 'NONE', *, *, #8635, .F. ) ;
#2721 = CARTESIAN_POINT ( 'NONE',  ( -1.923870967741812000, 7.070967741935480600, 11.50000000000000000 ) ) ;
#2722 = LINE ( 'NONE', #5289, #4167 ) ;
#2723 = DIRECTION ( 'NONE',  ( -1.000000000000000000, 0.0000000000000000000, -0.0000000000000000000 ) ) ;
#2724 = ORIENTED_EDGE ( 'NONE', *, *, #1018, .T. ) ;
#2725 = CARTESIAN_POINT ( 'NONE',  ( -0.9960798532228870600, -13.90766017813033400, 11.49999999999999600 ) ) ;
#2726 = CARTESIAN_POINT ( 'NONE',  ( -1.420455017694205500, -10.97157360638865200, 11.50000000000000200 ) ) ;
#2727 = DIRECTION ( 'NONE',  ( -0.0000000000000000000, 0.0000000000000000000, 1.000000000000000000 ) ) ;
#2728 = CARTESIAN_POINT ( 'NONE',  ( -3.553495963454774900, -9.960283028752037600, 11.49999999999999800 ) ) ;
#2729 = CARTESIAN_POINT ( 'NONE',  ( -1.233608984380512300, -16.45610599387027800, 11.49999999999999600 ) ) ;
#2730 = CARTESIAN_POINT ( 'NONE',  ( -3.315789473684210600, -16.68398494338725900, 11.50000000000000200 ) ) ;
#2731 = CARTESIAN_POINT ( 'NONE',  ( 1.516185511992778300, -9.459311660691890100, 11.49999999999999800 ) ) ;
#2732 = APPLICATION_PROTOCOL_DEFINITION ( 'international standard', 'config_control_design', 1994, #4201 ) ;
#2733 = CARTESIAN_POINT ( 'NONE',  ( -1.370585553480404800, -16.49215598764049400, 11.50000000000000200 ) ) ;
#2734 = CARTESIAN_POINT ( 'NONE',  ( -0.6024956844873503600, 12.22649203363520000, 11.49999999999999600 ) ) ;
#2735 = CARTESIAN_POINT ( 'NONE',  ( 3.760390915733820000, -16.75977834136022400, 11.50000000000000000 ) ) ;
#2736 = FACE_OUTER_BOUND ( 'NONE', #4407, .T. ) ;
#2737 = ORIENTED_EDGE ( 'NONE', *, *, #7000, .T. ) ;
#2738 = EDGE_CURVE ( 'NONE', #2822, #6132, #7711, .T. ) ;
#2739 = CARTESIAN_POINT ( 'NONE',  ( 4.197783035108182400, 5.406075541288210200, 11.49999999999999800 ) ) ;
#2740 = CARTESIAN_POINT ( 'NONE',  ( 2.923976608187133200, 0.0000000000000000000, 11.50000000000000000 ) ) ;
#2741 = CARTESIAN_POINT ( 'NONE',  ( -2.087073880896627400, 0.7111511001573620500, 11.50000000000000000 ) ) ;
#2742 = CARTESIAN_POINT ( 'NONE',  ( 2.466938371712373600, 5.315887218742747500, 11.50000000000000400 ) ) ;
#2743 = LINE ( 'NONE', #4366, #4637 ) ;
#2744 = ORIENTED_EDGE ( 'NONE', *, *, #3791, .F. ) ;
#2745 = B_SPLINE_CURVE_WITH_KNOTS ( 'NONE', 3,
 ( #1256, #6939, #9205, #127, #9056, #8587, #7898, #573, #8317, #6460, #4389, #5008, #6006, #7101, #851, #4898, #6624, #9145, #3785 ),
 .UNSPECIFIED., .F., .F.,
 ( 4, 1, 1, 1, 1, 1, 1, 1, 1, 1, 1, 1, 1, 1, 1, 1, 4 ),
 ( 0.0000000000000000000, 0.08023128605942253500, 0.1557611793358624200, 0.2274121182774816500, 0.2956700928372348900, 0.3607115393751489900, 0.4235743771563723600, 0.4848336477646081300, 0.5451996695391115900, 0.6045347598233391500, 0.6614776886253115300, 0.7175044439173199300, 0.7727020553185327500, 0.8276149663467492500, 0.8836254367275719900, 0.9408777415730753500, 1.000000000000000000 ),
 .UNSPECIFIED. ) ;
#2746 = ORIENTED_EDGE ( 'NONE', *, *, #7593, .F. ) ;
#2747 = DIRECTION ( 'NONE',  ( -0.0000000000000000000, -1.000000000000000000, -0.0000000000000000000 ) ) ;
#2748 = PLANE ( 'NONE',  #4152 ) ;
#2749 = EDGE_CURVE ( 'NONE', #1219, #2339, #4102, .T. ) ;
#2750 = CARTESIAN_POINT ( 'NONE',  ( -2.426529351301236900, 5.403973418968534200, 11.50000000000000000 ) ) ;
#2751 = CARTESIAN_POINT ( 'NONE',  ( -2.363266689624445000, 5.298697003275047600, 11.50000000000000000 ) ) ;
#2752 = VERTEX_POINT ( 'NONE', #7665 ) ;
#2753 = CARTESIAN_POINT ( 'NONE',  ( 0.6069326730463704400, -16.31509091744341700, 11.49999999999999800 ) ) ;
#2754 = CARTESIAN_POINT ( 'NONE',  ( 3.418113300648435900, -9.634727589043258400, 11.50000000000000200 ) ) ;
#2755 = CARTESIAN_POINT ( 'NONE',  ( 4.632822012184335300, -17.12718817260643400, 11.49999999999999800 ) ) ;
#2756 = CARTESIAN_POINT ( 'NONE',  ( 1.840039661592145900, 5.393179540379399800, 11.50000000000000000 ) ) ;
#2757 = CARTESIAN_POINT ( 'NONE',  ( 4.337977094243336200, -16.52141346121425500, 11.50000000000000200 ) ) ;
#2758 = EDGE_CURVE ( 'NONE', #8676, #9206, #5245, .T. ) ;
#2759 = CARTESIAN_POINT ( 'NONE',  ( -1.716878109975852300, -10.75741854717344000, 11.50000000000000000 ) ) ;
#2760 = CARTESIAN_POINT ( 'NONE',  ( 0.01997994215281963900, -14.77518325779970900, 11.50000000000000200 ) ) ;
#2761 = VECTOR ( 'NONE', #5478, 1000.000000000000000 ) ;
#2762 = CARTESIAN_POINT ( 'NONE',  ( -4.048459960041108200, 5.416661897490442400, 11.50000000000000200 ) ) ;
#2763 = CARTESIAN_POINT ( 'NONE',  ( 4.495934663678887900, -16.48545873598554600, 11.49999999999999800 ) ) ;
#2764 = EDGE_LOOP ( 'NONE', ( #8881, #8408, #4376, #544 ) ) ;
#2765 = CARTESIAN_POINT ( 'NONE',  ( -1.516433026396816400, -16.57640988776088900, 11.50000000000000400 ) ) ;
#2766 = CARTESIAN_POINT ( 'NONE',  ( 1.924807826694743000, 5.123270440251570100, 11.50000000000000000 ) ) ;
#2767 = CARTESIAN_POINT ( 'NONE',  ( 1.733274475784528000, 4.645986925046814000, 11.49999999999999600 ) ) ;
#2768 = CARTESIAN_POINT ( 'NONE',  ( -1.399246561489635200, -17.01255592513546600, 11.50000000000000000 ) ) ;
#2769 = CARTESIAN_POINT ( 'NONE',  ( -3.172403928068029600, -16.76846209372999400, 11.49999999999999800 ) ) ;
#2770 = CARTESIAN_POINT ( 'NONE',  ( -3.462851818089799100, 4.609203201838351300, 11.50000000000000000 ) ) ;
#2771 = VERTEX_POINT ( 'NONE', #5653 ) ;
#2772 = EDGE_CURVE ( 'NONE', #3493, #6506, #6240, .T. ) ;
#2773 = CARTESIAN_POINT ( 'NONE',  ( -0.6628524655833234500, 4.664194370703533800, 11.50000000000000200 ) ) ;
#2774 = ORIENTED_EDGE ( 'NONE', *, *, #6229, .T. ) ;
#2775 = CARTESIAN_POINT ( 'NONE',  ( 2.840317447447682200, -11.75863876299951700, 11.50000000000000500 ) ) ;
#2776 = DIRECTION ( 'NONE',  ( 0.5026204573745306500, -0.8645071866841928000, 0.0000000000000000000 ) ) ;
#2777 = CARTESIAN_POINT ( 'NONE',  ( -1.360788444783697100, -17.12416247292414800, 11.50000000000000200 ) ) ;
#2778 = CARTESIAN_POINT ( 'NONE',  ( -12.90000000000000200, 7.699999999999987700, 11.00000000000000000 ) ) ;
#2779 = CARTESIAN_POINT ( 'NONE',  ( 0.1540711689260402000, 4.765698463205194600, 11.50000000000000000 ) ) ;
#2780 = VERTEX_POINT ( 'NONE', #4765 ) ;
#2781 = DIRECTION ( 'NONE',  ( 0.0000000000000000000, 0.0000000000000000000, 1.000000000000000000 ) ) ;
#2782 = LINE ( 'NONE', #8479, #5375 ) ;
#2783 = AXIS2_PLACEMENT_3D ( 'NONE', #8729, #1382, #8179 ) ;
#2784 = ORIENTED_EDGE ( 'NONE', *, *, #3231, .F. ) ;
#2785 = CARTESIAN_POINT ( 'NONE',  ( 4.795916770761980500, -16.89637522554368900, 11.50000000000000200 ) ) ;
#2786 = EDGE_CURVE ( 'NONE', #3672, #8085, #316, .T. ) ;
#2787 = VECTOR ( 'NONE', #689, 1000.000000000000000 ) ;
#2788 = CARTESIAN_POINT ( 'NONE',  ( 4.026963658092778800, -16.30319861080440800, 11.49999999999999300 ) ) ;
#2789 = CARTESIAN_POINT ( 'NONE',  ( 4.584478518836939500, -17.02540944882565600, 11.49999999999999800 ) ) ;
#2790 = ADVANCED_FACE ( 'NONE', ( #8364, #4343 ), #2295, .T. ) ;
#2791 = CARTESIAN_POINT ( 'NONE',  ( 3.414184901113029200, 4.669860535066526100, 11.50000000000000000 ) ) ;
#2792 = CARTESIAN_POINT ( 'NONE',  ( -1.044550639949537200, 11.00121312138673200, 11.49999999999999600 ) ) ;
#2793 = CARTESIAN_POINT ( 'NONE',  ( 0.7806451612904462500, 11.21806451612902800, 11.49999999999999800 ) ) ;
#2794 = CARTESIAN_POINT ( 'NONE',  ( 4.788555359099724700, -16.71866383082938200, 11.49999999999999800 ) ) ;
#2795 = CARTESIAN_POINT ( 'NONE',  ( -6.397379542625473400, -10.58807119849726200, 11.00000000000000000 ) ) ;
#2796 = EDGE_LOOP ( 'NONE', ( #6190, #175, #8929, #4700, #1721 ) ) ;
#2797 = CARTESIAN_POINT ( 'NONE',  ( 2.688180358421584400, 4.678000380152730600, 11.50000000000000200 ) ) ;
#2798 = CARTESIAN_POINT ( 'NONE',  ( -2.262929257515973200, 10.77318794692050500, 11.49999999999999800 ) ) ;
#2799 = CARTESIAN_POINT ( 'NONE',  ( 1.548528762003786400, -10.17196109427796500, 11.50000000000000200 ) ) ;
#2800 = CARTESIAN_POINT ( 'NONE',  ( 5.900000000000000400, -1.574230079803000400, 11.50000000000000000 ) ) ;
#2801 = PLANE ( 'NONE',  #6076 ) ;
#2802 = CARTESIAN_POINT ( 'NONE',  ( 12.89999999999999500, 20.49999999999999600, 2.000000000000000000 ) ) ;
#2804 = ORIENTED_EDGE ( 'NONE', *, *, #8533, .F. ) ;
#2803 = CARTESIAN_POINT ( 'NONE',  ( -0.7246841075389475200, 10.80856217954429300, 11.50000000000000200 ) ) ;
#2805 = EDGE_CURVE ( 'NONE', #634, #6574, #771, .T. ) ;
#2806 = CARTESIAN_POINT ( 'NONE',  ( 3.832657815047875200, 5.133333333333330200, 11.50000000000000000 ) ) ;
#2807 = CARTESIAN_POINT ( 'NONE',  ( 4.342678423202775300, -16.66431302938256200, 11.50000000000000200 ) ) ;
#2808 = CARTESIAN_POINT ( 'NONE',  ( -4.303191241555897100, 4.942138364779869300, 11.50000000000000000 ) ) ;
#2809 = ORIENTED_EDGE ( 'NONE', *, *, #4792, .F. ) ;
#2810 = CARTESIAN_POINT ( 'NONE',  ( -1.344646426032465300, 5.352388660022230100, 11.50000000000000400 ) ) ;
#2811 = DIRECTION ( 'NONE',  ( 0.0000000000000000000, -1.000000000000000000, 0.0000000000000000000 ) ) ;
#2812 = CARTESIAN_POINT ( 'NONE',  ( -0.3091830917326746100, -11.51187891610121900, 11.50000000000000200 ) ) ;
#2813 = CARTESIAN_POINT ( 'NONE',  ( -1.896411229556143900, 5.027699205893386900, 11.50000000000000000 ) ) ;
#2814 = B_SPLINE_CURVE_WITH_KNOTS ( 'NONE', 3,
 ( #2423, #5145, #2631, #157, #2753, #6322, #5591, #2715, #3418, #7436, #5049 ),
 .UNSPECIFIED., .F., .F.,
 ( 4, 1, 1, 1, 1, 1, 1, 1, 4 ),
 ( 0.0000000000000000000, 0.1312465264053749300, 0.2525329832737544000, 0.3683038326305939600, 0.4853052795599861500, 0.6045785285453858500, 0.7270085566307034100, 0.8568051647998851100, 1.000000000000000000 ),
 .UNSPECIFIED. ) ;
#2815 = CARTESIAN_POINT ( 'NONE',  ( 0.9944038823826656400, -10.53735912911852200, 11.50000000000000000 ) ) ;
#2816 = CARTESIAN_POINT ( 'NONE',  ( 0.1318656479480881700, -14.74790175368622900, 11.50000000000000000 ) ) ;
#2817 = ORIENTED_EDGE ( 'NONE', *, *, #4989, .F. ) ;
#2818 = EDGE_CURVE ( 'NONE', #7085, #3217, #6510, .T. ) ;
#2819 = CARTESIAN_POINT ( 'NONE',  ( -3.662090770886806900, -16.28071827723010800, 11.50000000000000200 ) ) ;
#2820 = DIRECTION ( 'NONE',  ( 1.000000000000000000, 0.0000000000000000000, 0.0000000000000000000 ) ) ;
#2821 = CARTESIAN_POINT ( 'NONE',  ( 2.044135714132824700, 5.352655916961012400, 11.50000000000000200 ) ) ;
#2822 = VERTEX_POINT ( 'NONE', #5417 ) ;
#2823 = CARTESIAN_POINT ( 'NONE',  ( -0.1726264213567362800, -17.12014499444923000, 11.50000000000000000 ) ) ;
#2824 = CARTESIAN_POINT ( 'NONE',  ( -5.900000000000000400, 42.00000000000001400, 11.49999999999999300 ) ) ;
#2825 = B_SPLINE_CURVE_WITH_KNOTS ( 'NONE', 3,
 ( #8866, #8321, #4899, #1882, #6712, #4672, #1513, #3904, #6081, #1659, #6226, #2009, #5622, #4717, #3291, #8117, #2566, #2662, #5937, #234, #2190, #7185, #8636, #1484, #2702, #2201, #6104, #7543, #2536, #3617, #211, #6675, #7376, #1227 ),
 .UNSPECIFIED., .F., .F.,
 ( 4, 1, 1, 1, 1, 1, 1, 1, 1, 1, 1, 1, 1, 1, 1, 1, 1, 1, 1, 1, 1, 1, 1, 1, 1, 1, 1, 1, 1, 1, 1, 4 ),
 ( 0.5000000000008478800, 0.5107438277866779300, 0.5264771951042496200, 0.5430052964863736300, 0.5602367187106329600, 0.5787384598694342900, 0.5987970558513946400, 0.6202896402161464100, 0.6420927214271716600, 0.6625684932390784000, 0.6818077374272424300, 0.7000788760262073300, 0.7175653263864716400, 0.7344457961612469400, 0.7507007750046477100, 0.7665352717663790300, 0.7820579789568206100, 0.7968812612204375600, 0.8114285596290397000, 0.8259114226179490300, 0.8402445498910845500, 0.8548943554871429900, 0.8699645982135636400, 0.8856025627274084500, 0.9013168958200659100, 0.9162766775890863700, 0.9308342591976590500, 0.9448826638149705500, 0.9587963833062930200, 0.9724230230806268900, 0.9862603497744673000, 1.000000000000000000 ),
 .UNSPECIFIED. ) ;
#2826 = CARTESIAN_POINT ( 'NONE',  ( 4.286657502905665500, -17.09187677865060500, 11.50000000000000200 ) ) ;
#2827 = VERTEX_POINT ( 'NONE', #4095 ) ;
#2828 = CARTESIAN_POINT ( 'NONE',  ( 1.593096133588328700, 4.705826430205557500, 11.49999999999999600 ) ) ;
#2829 = CARTESIAN_POINT ( 'NONE',  ( -1.155971737506780000, 10.96500521695465100, 11.50000000000000000 ) ) ;
#2830 = ORIENTED_EDGE ( 'NONE', *, *, #7100, .F. ) ;
#2831 = CARTESIAN_POINT ( 'NONE',  ( -0.8379143197816970600, -10.36472650871065000, 11.50000000000000700 ) ) ;
#2832 = DIRECTION ( 'NONE',  ( -0.0000000000000000000, -0.0000000000000000000, 1.000000000000000000 ) ) ;
#2833 = CARTESIAN_POINT ( 'NONE',  ( 3.178375963172833000, 10.91766762252235000, 11.50000000000000000 ) ) ;
#2834 = CARTESIAN_POINT ( 'NONE',  ( -1.934152320894774600, 7.037710595690979800, 11.50000000000000000 ) ) ;
#2835 = CARTESIAN_POINT ( 'NONE',  ( 1.818901451667376000, 5.268721588638833000, 11.50000000000000200 ) ) ;
#2836 = APPROVAL_ROLE ( '' ) ;
#2837 = CARTESIAN_POINT ( 'NONE',  ( -1.219354838709554300, 8.203870967741933000, 11.50000000000000200 ) ) ;
#2838 = CARTESIAN_POINT ( 'NONE',  ( -3.663352084212783100, 4.786852923604198100, 11.50000000000000400 ) ) ;
#2839 = ORIENTED_EDGE ( 'NONE', *, *, #7900, .T. ) ;
#2840 = CARTESIAN_POINT ( 'NONE',  ( 4.356315374911472900, -16.64879014821637800, 11.50000000000000400 ) ) ;
#2841 = ORIENTED_EDGE ( 'NONE', *, *, #2395, .F. ) ;
#2842 = CARTESIAN_POINT ( 'NONE',  ( 4.803811808134190300, 5.081409188060270300, 11.50000000000000200 ) ) ;
#2843 = CARTESIAN_POINT ( 'NONE',  ( -1.317151775238850400, -16.18758052549641500, 11.49999999999999800 ) ) ;
#2844 = CARTESIAN_POINT ( 'NONE',  ( -1.429941737369255100, 5.303676645975149200, 11.50000000000000000 ) ) ;
#2845 = CARTESIAN_POINT ( 'NONE',  ( 3.925273701374454300, 5.213836477987418200, 11.50000000000000000 ) ) ;
#2846 = CARTESIAN_POINT ( 'NONE',  ( 1.914875538758042100, 5.130131950833458600, 11.50000000000000200 ) ) ;
#2847 = CARTESIAN_POINT ( 'NONE',  ( -0.06032353271971398900, -14.59612651135569500, 11.50000000000000700 ) ) ;
#2848 = VERTEX_POINT ( 'NONE', #704 ) ;
#2849 = LINE ( 'NONE', #6134, #6310 ) ;
#2850 = VECTOR ( 'NONE', #9032, 1000.000000000000200 ) ;
#2851 = CARTESIAN_POINT ( 'NONE',  ( 0.4074394728633337600, -9.852467316330477200, 11.50000000000000200 ) ) ;
#2852 = AXIS2_PLACEMENT_3D ( 'NONE', #875, #8580, #4298 ) ;
#2853 = CARTESIAN_POINT ( 'NONE',  ( -2.983132679064229600, -16.14054599884028800, 11.50000000000000400 ) ) ;
#2854 = EDGE_CURVE ( 'NONE', #8658, #7642, #1258, .T. ) ;
#2855 = ORIENTED_EDGE ( 'NONE', *, *, #6379, .T. ) ;
#2856 = CARTESIAN_POINT ( 'NONE',  ( -4.064404679790953000, -16.46635990197566500, 11.50000000000000200 ) ) ;
#2857 = CARTESIAN_POINT ( 'NONE',  ( 0.9564261449946264100, -16.23055130250633500, 11.49999999999999800 ) ) ;
#2858 = VERTEX_POINT ( 'NONE', #1021 ) ;
#2859 = CARTESIAN_POINT ( 'NONE',  ( -3.748538011695906800, -17.16351710712994800, 11.50000000000000000 ) ) ;
#2860 = CARTESIAN_POINT ( 'NONE',  ( 0.1930650220667416400, -11.54674856651433900, 11.50000000000000200 ) ) ;
#2861 = CARTESIAN_POINT ( 'NONE',  ( -0.3829269625634589300, -14.52686641399449900, 11.49999999999999600 ) ) ;
#2862 = EDGE_LOOP ( 'NONE', ( #1925, #1679, #3255, #7704, #4195, #3025, #1640, #2228, #694, #9089 ) ) ;
#2863 = CARTESIAN_POINT ( 'NONE',  ( -0.5920071904954262700, -10.45407319296870300, 11.50000000000000700 ) ) ;
#2864 = AXIS2_PLACEMENT_3D ( 'NONE', #8607, #5641, #7111 ) ;
#2865 = EDGE_CURVE ( 'NONE', #2952, #8400, #5369, .T. ) ;
#2866 = CARTESIAN_POINT ( 'NONE',  ( 2.581563917594151400, 7.220818024742946800, 11.50000000000000200 ) ) ;
#2867 = CARTESIAN_POINT ( 'NONE',  ( 2.722933449671602900, 4.654131211064364700, 11.50000000000000000 ) ) ;
#2868 = CARTESIAN_POINT ( 'NONE',  ( 1.699315917869761900, 5.009608251888145100, 11.50000000000000900 ) ) ;
#2869 = CARTESIAN_POINT ( 'NONE',  ( 4.614051751844253400, 4.956433159568461200, 11.50000000000000000 ) ) ;
#2870 = B_SPLINE_CURVE_WITH_KNOTS ( 'NONE', 3,
 ( #5170, #4268, #2894, #7960, #7825, #797, #2380, #1820, #2759, #5843, #2969 ),
 .UNSPECIFIED., .F., .F.,
 ( 4, 1, 1, 1, 1, 1, 1, 1, 4 ),
 ( 0.0000000000000000000, 0.1552536449830654900, 0.2951829311329449100, 0.4201605882721796100, 0.5297114218973589800, 0.6354230627419464900, 0.7475572731990338700, 0.8696251617779503500, 0.9999999999999998900 ),
 .UNSPECIFIED. ) ;
#2871 = DIRECTION ( 'NONE',  ( 0.8628636480872845500, -0.5016649116786534600, 0.06163311772052037400 ) ) ;
#2872 = CARTESIAN_POINT ( 'NONE',  ( 1.844178185336668300, 5.312415466971979000, 11.50000000000000500 ) ) ;
#2873 = ADVANCED_FACE ( 'NONE', ( #5226, #992, #2890 ), #6652, .T. ) ;
#2874 = FACE_BOUND ( 'NONE', #4018, .T. ) ;
#2875 = CARTESIAN_POINT ( 'NONE',  ( 0.7030621217879525800, -17.05062529024191400, 11.50000000000000200 ) ) ;
#2876 = PERSON ( '未指定', '未指定', '未指定', ('未指定'), ('未指定'), ('未指定') ) ;
#2877 = CARTESIAN_POINT ( 'NONE',  ( -1.601457837131486700, 5.128464278885892300, 11.49999999999999800 ) ) ;
#2878 = CARTESIAN_POINT ( 'NONE',  ( 0.5691335484322954700, -16.61421578115624000, 11.50000000000000200 ) ) ;
#2879 = EDGE_CURVE ( 'NONE', #5630, #638, #4825, .T. ) ;
#2880 = B_SPLINE_CURVE_WITH_KNOTS ( 'NONE', 3,
 ( #7337, #5090, #8581, #5895, #2652, #6932, #6312, #177, #8724, #8448, #1562, #7192, #5761, #4564, #936, #7387, #3655, #3188, #2235 ),
 .UNSPECIFIED., .F., .F.,
 ( 4, 1, 1, 1, 1, 1, 1, 1, 1, 1, 1, 1, 1, 1, 1, 1, 4 ),
 ( 0.0000000000000000000, 0.1201627808441140300, 0.2298010725526132800, 0.3286248961218191100, 0.4172829549611293300, 0.4960608593204075500, 0.5649411580130825300, 0.6245557518761192300, 0.6762595956526820100, 0.7229280327372636900, 0.7668360276378225500, 0.8083887555335195200, 0.8481081806635328800, 0.8863758059630468800, 0.9238099307607192700, 0.9618069279360340600, 1.000000000000000000 ),
 .UNSPECIFIED. ) ;
#2881 = CARTESIAN_POINT ( 'NONE',  ( -3.712010982463283400, -16.14092960725462300, 11.50000000000000500 ) ) ;
#2882 = ORIENTED_EDGE ( 'NONE', *, *, #3214, .F. ) ;
#2883 = CARTESIAN_POINT ( 'NONE',  ( -3.962946516160790600, 5.029553671309427500, 11.49999999999999600 ) ) ;
#2884 = CARTESIAN_POINT ( 'NONE',  ( -0.2287000529587132900, -16.55494485107748700, 11.49999999999999600 ) ) ;
#2885 = LOCAL_TIME ( 19, 43, 38.00000000000000000, #4784 ) ;
#2886 = DIRECTION ( 'NONE',  ( 0.7071067811865489100, -0.7071067811865462400, 0.0000000000000000000 ) ) ;
#2887 = CARTESIAN_POINT ( 'NONE',  ( 3.179354838709801200, 10.89806451612902900, 11.50000000000000000 ) ) ;
#2888 = VERTEX_POINT ( 'NONE', #8980 ) ;
#2889 = DIRECTION ( 'NONE',  ( 1.000000000000000000, 0.0000000000000000000, 0.0000000000000000000 ) ) ;
#2890 = FACE_BOUND ( 'NONE', #3952, .T. ) ;
#2891 = CARTESIAN_POINT ( 'NONE',  ( 2.270948182609114200, 7.677160945820469700, 11.49999999999999600 ) ) ;
#2892 = VERTEX_POINT ( 'NONE', #433 ) ;
#2893 = EDGE_CURVE ( 'NONE', #380, #866, #4436, .T. ) ;
#2894 = CARTESIAN_POINT ( 'NONE',  ( -1.507422647016666100, -10.23470971074604600, 11.50000000000000000 ) ) ;
#2895 = CARTESIAN_POINT ( 'NONE',  ( -4.153243680711236500, 5.027667777123969700, 11.50000000000000000 ) ) ;
#2896 = CARTESIAN_POINT ( 'NONE',  ( -2.835972777388407400, -16.95257943222534200, 11.49999999999999800 ) ) ;
#2897 = CARTESIAN_POINT ( 'NONE',  ( -2.976608187134503100, -17.16351710712994800, 11.50000000000000200 ) ) ;
#2898 = ORIENTED_EDGE ( 'NONE', *, *, #3353, .T. ) ;
#2899 = CARTESIAN_POINT ( 'NONE',  ( 1.924807826694743000, 5.123270440251570100, 11.50000000000000000 ) ) ;
#2900 = CARTESIAN_POINT ( 'NONE',  ( -1.920190482548455000, 5.409922923590444900, 11.50000000000000400 ) ) ;
#2901 = CARTESIAN_POINT ( 'NONE',  ( -3.485438043569526900, 5.242686235021457400, 11.50000000000000400 ) ) ;
#2902 = ORIENTED_EDGE ( 'NONE', *, *, #893, .F. ) ;
#2903 = CARTESIAN_POINT ( 'NONE',  ( 3.395252235546491400, 5.323971902848540200, 11.50000000000000400 ) ) ;
#2904 = CARTESIAN_POINT ( 'NONE',  ( 0.4502923976608178000, -16.41497909543404200, 11.49999999999999800 ) ) ;
#2905 = LINE ( 'NONE', #7527, #7810 ) ;
#2906 = VECTOR ( 'NONE', #9229, 1000.000000000000000 ) ;
#2907 = VERTEX_POINT ( 'NONE', #6297 ) ;
#2908 = CARTESIAN_POINT ( 'NONE',  ( -0.7254777737684502400, 0.2471998340248043300, 11.50000000000000000 ) ) ;
#2909 = CARTESIAN_POINT ( 'NONE',  ( 4.495999709318829800, 5.010472524253914100, 11.50000000000000200 ) ) ;
#2910 = CARTESIAN_POINT ( 'NONE',  ( -4.183415731365197800, 4.697146225329637700, 11.50000000000000000 ) ) ;
#2911 = CARTESIAN_POINT ( 'NONE',  ( 2.997467224032934800, -9.211781313402555700, 11.50000000000000500 ) ) ;
#2912 = CARTESIAN_POINT ( 'NONE',  ( -3.584321816990516200, -16.18525637921522900, 11.50000000000000400 ) ) ;
#2913 = VERTEX_POINT ( 'NONE', #3407 ) ;
#2914 = CARTESIAN_POINT ( 'NONE',  ( 3.248226433244428200, -10.19713312541871300, 11.49999999999999600 ) ) ;
#2915 = VECTOR ( 'NONE', #4724, 1000.000000000000000 ) ;
#2916 = ADVANCED_FACE ( 'NONE', ( #6717, #1249 ), #2143, .T. ) ;
#2917 = CARTESIAN_POINT ( 'NONE',  ( 3.904044554977907900, -16.56726564117700600, 11.50000000000000000 ) ) ;
#2918 = CARTESIAN_POINT ( 'NONE',  ( -4.660818713450290800, -16.70152880303638200, 11.50000000000000000 ) ) ;
#2919 = CARTESIAN_POINT ( 'NONE',  ( -4.472230156510955900, 5.258107615098540900, 11.49999999999999800 ) ) ;
#2920 = CARTESIAN_POINT ( 'NONE',  ( 2.740331479096338900, 9.643253515527103300, 11.50000000000000200 ) ) ;
#2921 = CARTESIAN_POINT ( 'NONE',  ( -2.976608187134503100, -17.16351710712994800, 11.50000000000000200 ) ) ;
#2922 = EDGE_CURVE ( 'NONE', #1110, #5808, #1502, .T. ) ;
#2923 = CARTESIAN_POINT ( 'NONE',  ( 5.899999999999999500, -9.723564011813074600, 11.50000000000000000 ) ) ;
#2924 = ORIENTED_EDGE ( 'NONE', *, *, #6129, .F. ) ;
#2925 = CARTESIAN_POINT ( 'NONE',  ( -1.469062977795530200, 4.726426858748147300, 11.50000000000000000 ) ) ;
#2926 = CARTESIAN_POINT ( 'NONE',  ( 0.1631649366040731100, -13.48423955544303600, 11.50000000000000500 ) ) ;
#2927 = VERTEX_POINT ( 'NONE', #5992 ) ;
#2928 = PLANE ( 'NONE',  #7884 ) ;
#2929 = ADVANCED_FACE ( 'NONE', ( #6943 ), #3361, .F. ) ;
#2930 = CARTESIAN_POINT ( 'NONE',  ( 0.7525382731009467900, -16.56622459346422000, 11.49999999999999800 ) ) ;
#2931 = CIRCLE ( 'NONE', #9183, 1.000000000000000900 ) ;
#2932 = EDGE_LOOP ( 'NONE', ( #490, #7638, #6770, #2018 ) ) ;
#2933 = ORIENTED_EDGE ( 'NONE', *, *, #943, .F. ) ;
#2934 = LINE ( 'NONE', #7232, #3668 ) ;
#2935 = VECTOR ( 'NONE', #17, 1000.000000000000000 ) ;
#2936 = CARTESIAN_POINT ( 'NONE',  ( 3.978175409022985900, 4.660461072929718900, 11.49999999999999800 ) ) ;
#2937 = ORIENTED_EDGE ( 'NONE', *, *, #9256, .T. ) ;
#2938 = EDGE_CURVE ( 'NONE', #2907, #2771, #8639, .T. ) ;
#2939 = ORIENTED_EDGE ( 'NONE', *, *, #3272, .T. ) ;
#2940 = CARTESIAN_POINT ( 'NONE',  ( -0.6457023060795419300, 4.675471698113203600, 11.50000000000000000 ) ) ;
#2941 = CARTESIAN_POINT ( 'NONE',  ( 0.7549600557131889200, -16.25760937219748200, 11.50000000000000200 ) ) ;
#2942 = ORIENTED_EDGE ( 'NONE', *, *, #7288, .T. ) ;
#2943 = CARTESIAN_POINT ( 'NONE',  ( -4.055115766522312100, -16.41477576671874800, 11.50000000000000200 ) ) ;
#2944 = LINE ( 'NONE', #514, #4836 ) ;
#2945 = ORIENTED_EDGE ( 'NONE', *, *, #5631, .F. ) ;
#2946 = ORIENTED_EDGE ( 'NONE', *, *, #295, .F. ) ;
#2947 = CARTESIAN_POINT ( 'NONE',  ( 0.0000000000000000000, 4.599999999999996100, 11.50000000000000000 ) ) ;
#2948 = CARTESIAN_POINT ( 'NONE',  ( -2.963327812592387600, -11.42616324177245900, 11.50000000000000000 ) ) ;
#2949 = EDGE_CURVE ( 'NONE', #4402, #7497, #5077, .T. ) ;
#2950 = ORIENTED_EDGE ( 'NONE', *, *, #5071, .T. ) ;
#2951 = VERTEX_POINT ( 'NONE', #2320 ) ;
#2952 = VERTEX_POINT ( 'NONE', #8759 ) ;
#2953 = CARTESIAN_POINT ( 'NONE',  ( -1.868781153150814700, 5.006640993465749600, 11.49999999999999800 ) ) ;
#2954 = CARTESIAN_POINT ( 'NONE',  ( -3.748538011695906800, -17.05240599601883700, 11.49999999999999600 ) ) ;
#2955 = CARTESIAN_POINT ( 'NONE',  ( -3.184371430522225000, -11.13884863501190900, 11.50000000000000000 ) ) ;
#2956 = VERTEX_POINT ( 'NONE', #4481 ) ;
#2957 = EDGE_CURVE ( 'NONE', #7253, #7374, #4912, .T. ) ;
#2958 = ORIENTED_EDGE ( 'NONE', *, *, #8182, .T. ) ;
#2959 = CARTESIAN_POINT ( 'NONE',  ( 0.6754828229674780800, -16.53044161976277200, 11.49999999999999600 ) ) ;
#2960 = CARTESIAN_POINT ( 'NONE',  ( 0.2181367291460279400, -16.56467674875565200, 11.50000000000000000 ) ) ;
#2961 = CARTESIAN_POINT ( 'NONE',  ( 0.1593674636328828700, -16.66037442156183700, 11.50000000000000000 ) ) ;
#2962 = CARTESIAN_POINT ( 'NONE',  ( 0.7000000000000024000, 1.499999999999997800, 10.49999999999999800 ) ) ;
#2963 = ORIENTED_EDGE ( 'NONE', *, *, #5337, .T. ) ;
#2964 = CARTESIAN_POINT ( 'NONE',  ( 0.2895422817832555300, -14.63314573547782300, 11.50000000000000200 ) ) ;
#2965 = LINE ( 'NONE', #8704, #6713 ) ;
#2966 = ORIENTED_EDGE ( 'NONE', *, *, #5983, .T. ) ;
#2967 = LINE ( 'NONE', #3623, #7432 ) ;
#2968 = CARTESIAN_POINT ( 'NONE',  ( -2.432699818232845900, 5.349226875745813500, 11.49999999999999600 ) ) ;
#2969 = CARTESIAN_POINT ( 'NONE',  ( -1.725146198830409100, -10.85728828243448700, 11.50000000000000000 ) ) ;
#2970 = B_SPLINE_CURVE_WITH_KNOTS ( 'NONE', 3,
 ( #2608, #2767, #1388, #3647, #8754, #3768, #258, #7199, #8357, #1115, #1680 ),
 .UNSPECIFIED., .F., .F.,
 ( 4, 1, 1, 1, 1, 1, 1, 1, 4 ),
 ( 0.0000000000000000000, 0.1374352115882581100, 0.2665235760838582400, 0.3888935132537906200, 0.5072691298346185800, 0.6245408154018303700, 0.7443949764787403100, 0.8685816018711569600, 0.9999999999999998900 ),
 .UNSPECIFIED. ) ;
#2971 = FACE_OUTER_BOUND ( 'NONE', #342, .T. ) ;
#2972 = CARTESIAN_POINT ( 'NONE',  ( -0.4269005847953228900, -16.59041769192527100, 11.50000000000000000 ) ) ;
#2973 = EDGE_CURVE ( 'NONE', #3780, #6854, #1478, .T. ) ;
#2974 = CARTESIAN_POINT ( 'NONE',  ( 4.655471775690926100, 5.316117088202566300, 11.50000000000000000 ) ) ;
#2975 = CARTESIAN_POINT ( 'NONE',  ( 2.326828918379968200E-015, 1.499999999999997800, 11.50000000000000000 ) ) ;
#2976 = CARTESIAN_POINT ( 'NONE',  ( 9.000000000000000000, -22.60000000000000100, 2.000000000000000000 ) ) ;
#2977 = CARTESIAN_POINT ( 'NONE',  ( 4.286657665301014200, -16.55679493087967900, 11.50000000000000200 ) ) ;
#2978 = CARTESIAN_POINT ( 'NONE',  ( 1.903566045064293700, 4.853941960728462000, 11.50000000000000200 ) ) ;
#2979 = PLANE ( 'NONE',  #407 ) ;
#2980 = ADVANCED_FACE ( 'NONE', ( #647 ), #6266, .F. ) ;
#2981 = CARTESIAN_POINT ( 'NONE',  ( -1.123992763045565900, 12.07571810505286100, 11.49999999999999800 ) ) ;
#2982 = CARTESIAN_POINT ( 'NONE',  ( -0.3551237768649653200, 11.14525938273938400, 11.50000000000000500 ) ) ;
#2983 = EDGE_CURVE ( 'NONE', #7861, #7187, #94, .T. ) ;
#2984 = CARTESIAN_POINT ( 'NONE',  ( -2.362835508268586800, 5.317703898588765900, 11.49999999999999800 ) ) ;
#2985 = CARTESIAN_POINT ( 'NONE',  ( -1.259909250475426800, -17.03488317968025400, 11.50000000000000200 ) ) ;
#2986 = CARTESIAN_POINT ( 'NONE',  ( -2.036379099097284800, 4.950465086290273900, 11.49999999999999500 ) ) ;
#2987 = VECTOR ( 'NONE', #8623, 999.9999999999998900 ) ;
#2988 = FACE_BOUND ( 'NONE', #2358, .T. ) ;
#2989 = CARTESIAN_POINT ( 'NONE',  ( -3.964873347021176600, 4.719306729763682800, 11.50000000000000000 ) ) ;
#2990 = ORIENTED_EDGE ( 'NONE', *, *, #8962, .T. ) ;
#2991 = DIRECTION ( 'NONE',  ( 1.000000000000000000, -0.0000000000000000000, 0.0000000000000000000 ) ) ;
#2992 = EDGE_CURVE ( 'NONE', #8367, #1030, #5262, .T. ) ;
#2993 = ORIENTED_EDGE ( 'NONE', *, *, #5313, .T. ) ;
#2994 = CARTESIAN_POINT ( 'NONE',  ( 3.549518360229382700, -10.56851461368077400, 11.50000000000000200 ) ) ;
#2995 = CARTESIAN_POINT ( 'NONE',  ( 2.502413727261668000, 5.400430340998650700, 11.50000000000000000 ) ) ;
#2996 = LINE ( 'NONE', #5544, #8922 ) ;
#2997 = CARTESIAN_POINT ( 'NONE',  ( 4.664753867490220300, -16.90341218949310300, 11.50000000000000500 ) ) ;
#2998 = PLANE ( 'NONE',  #4033 ) ;
#2999 = VERTEX_POINT ( 'NONE', #9039 ) ;
#3000 = ADVANCED_FACE ( 'NONE', ( #6465 ), #8632, .T. ) ;
#3001 = CARTESIAN_POINT ( 'NONE',  ( 4.401798920294528000, -17.03576235885760000, 11.50000000000000000 ) ) ;
#3002 = CARTESIAN_POINT ( 'NONE',  ( 3.721972940937398700, -16.64877869452796200, 11.49999999999999800 ) ) ;
#3003 = DIRECTION ( 'NONE',  ( 0.0000000000000000000, -0.0000000000000000000, 1.000000000000000000 ) ) ;
#3004 = CARTESIAN_POINT ( 'NONE',  ( -4.461971973968895000, 5.306433186604930800, 11.50000000000000000 ) ) ;
#3005 = B_SPLINE_CURVE_WITH_KNOTS ( 'NONE', 3,
 ( #314, #7953, #6381, #5424, #9018, #1996, #4470, #7879, #2637, #3012, #2540, #8576, #1554, #2943, #2856, #3334, #3132, #3429, #7601 ),
 .UNSPECIFIED., .F., .F.,
 ( 4, 1, 1, 1, 1, 1, 1, 1, 1, 1, 1, 1, 1, 1, 1, 1, 4 ),
 ( 0.0000000000000000000, 0.05412298248994174000, 0.1056846773628668000, 0.1558470818453350200, 0.2047553412701608200, 0.2531860848632682100, 0.3024446244392540200, 0.3525402287708395700, 0.4048410591381558200, 0.4599124193266762600, 0.5195860138439607500, 0.5841978229683479900, 0.6542155853142359600, 0.7307374495002604300, 0.8135600518632297700, 0.9032355674019764100, 1.000000000000000000 ),
 .UNSPECIFIED. ) ;
#3006 = B_SPLINE_CURVE_WITH_KNOTS ( 'NONE', 3,
 ( #2674, #2352, #6636, #3122, #3947, #7600, #8098, #9044, #5735, #9113, #7611, #2283, #6536, #9178, #3803, #363, #1639, #3129 ),
 .UNSPECIFIED., .F., .F.,
 ( 4, 2, 2, 2, 2, 2, 2, 2, 4 ),
 ( 1.788112030672749000E-018, 0.0001210500856004863100, 0.0002421001712009708300, 0.0004842003424019357500, 0.0009684006848038645600, 0.001452601027205793400, 0.001936801369607722600, 0.002905202054411582000, 0.003873602739215440900 ),
 .UNSPECIFIED. ) ;
#3007 = VERTEX_POINT ( 'NONE', #207 ) ;
#3008 = CARTESIAN_POINT ( 'NONE',  ( -3.475359679578015700, 4.808858429169255500, 11.50000000000000200 ) ) ;
#3009 = VERTEX_POINT ( 'NONE', #6235 ) ;
#3010 = CARTESIAN_POINT ( 'NONE',  ( 2.164640111810046900, 5.384905660377355300, 11.49999999999999800 ) ) ;
#3011 = CARTESIAN_POINT ( 'NONE',  ( 3.144236025387363600, 5.281377780858896600, 11.49999999999999800 ) ) ;
#3012 = CARTESIAN_POINT ( 'NONE',  ( -3.989243930433667500, -16.25716997357729800, 11.50000000000000500 ) ) ;
#3013 = ADVANCED_FACE ( 'NONE', ( #6260 ), #679, .F. ) ;
#3014 = CARTESIAN_POINT ( 'NONE',  ( 1.916888067752087600, -0.6514913694320844100, 11.50000000000000000 ) ) ;
#3015 = CARTESIAN_POINT ( 'NONE',  ( -4.509092197451894700, 5.348032645891269300, 11.50000000000000200 ) ) ;
#3016 = CARTESIAN_POINT ( 'NONE',  ( -1.297374054286817700, -16.56443223778597600, 11.49999999999999500 ) ) ;
#3017 = LINE ( 'NONE', #9047, #5361 ) ;
#3018 = CARTESIAN_POINT ( 'NONE',  ( 3.224212281922567600, -9.961217099281059400, 11.50000000000000000 ) ) ;
#3019 = VERTEX_POINT ( 'NONE', #2248 ) ;
#3020 = ORIENTED_EDGE ( 'NONE', *, *, #5601, .F. ) ;
#3021 = CARTESIAN_POINT ( 'NONE',  ( -0.6657968213053808700, 11.08643996075862700, 11.50000000000000200 ) ) ;
#3022 = EDGE_CURVE ( 'NONE', #3225, #1287, #9137, .T. ) ;
#3024 = CARTESIAN_POINT ( 'NONE',  ( -2.378756114605048700, 5.238993710691820700, 11.50000000000000000 ) ) ;
#3023 = CARTESIAN_POINT ( 'NONE',  ( 4.326481580353850600, 5.411319760123999100, 11.50000000000000000 ) ) ;
#3025 = ORIENTED_EDGE ( 'NONE', *, *, #8390, .T. ) ;
#3026 = CARTESIAN_POINT ( 'NONE',  ( -2.503473536300269100, -11.36045677118087700, 11.50000000000000200 ) ) ;
#3027 = CARTESIAN_POINT ( 'NONE',  ( 3.380436315846774500, 5.338680084416478300, 11.50000000000000000 ) ) ;
#3028 = ORIENTED_EDGE ( 'NONE', *, *, #8559, .T. ) ;
#3029 = CARTESIAN_POINT ( 'NONE',  ( 1.646960167715008300, 5.208805031446537700, 11.50000000000000000 ) ) ;
#3030 = CARTESIAN_POINT ( 'NONE',  ( -0.3849567359080728300, 5.318717368191881800, 11.49999999999999800 ) ) ;
#3031 = EDGE_CURVE ( 'NONE', #482, #7202, #3166, .T. ) ;
#3032 = CARTESIAN_POINT ( 'NONE',  ( -0.4288876188402714900, -11.08758484616505400, 11.50000000000000400 ) ) ;
#3033 = ORIENTED_EDGE ( 'NONE', *, *, #2149, .T. ) ;
#3034 = CARTESIAN_POINT ( 'NONE',  ( -2.858965734156491600, -16.99105625218643200, 11.50000000000000000 ) ) ;
#3035 = CARTESIAN_POINT ( 'NONE',  ( 2.192498841137119100, 5.395031631967653700, 11.50000000000000000 ) ) ;
#3036 = ADVANCED_FACE ( 'NONE', ( #7478 ), #1552, .T. ) ;
#3037 = VERTEX_POINT ( 'NONE', #4368 ) ;
#3038 = EDGE_CURVE ( 'NONE', #2123, #5399, #3134, .T. ) ;
#3039 = VERTEX_POINT ( 'NONE', #3229 ) ;
#3040 = ORIENTED_EDGE ( 'NONE', *, *, #1731, .T. ) ;
#3041 = ORIENTED_EDGE ( 'NONE', *, *, #2557, .F. ) ;
#3042 = CARTESIAN_POINT ( 'NONE',  ( -2.551611278252992500, 4.730082492855125900, 11.50000000000000400 ) ) ;
#3043 = ORIENTED_EDGE ( 'NONE', *, *, #5474, .F. ) ;
#3044 = CARTESIAN_POINT ( 'NONE',  ( 6.081952832271270800, -10.40468357619831800, 11.48700336912348200 ) ) ;
#3045 = CARTESIAN_POINT ( 'NONE',  ( 1.201754385964912200, -13.23859649122807300, 11.50000000000000000 ) ) ;
#3046 = ORIENTED_EDGE ( 'NONE', *, *, #7608, .T. ) ;
#3047 = EDGE_CURVE ( 'NONE', #866, #6646, #3306, .T. ) ;
#3048 = LINE ( 'NONE', #5003, #3488 ) ;
#3049 = ORIENTED_EDGE ( 'NONE', *, *, #646, .F. ) ;
#3050 = VECTOR ( 'NONE', #8763, 1000.000000000000000 ) ;
#3051 = CARTESIAN_POINT ( 'NONE',  ( -2.343010065541833800, 5.409266814957589100, 11.50000000000000000 ) ) ;
#3052 = CARTESIAN_POINT ( 'NONE',  ( -0.5331123811975156900, 4.666385064749289500, 11.50000000000000000 ) ) ;
#3053 = CARTESIAN_POINT ( 'NONE',  ( -3.175284662523289600, -16.65394778593841000, 11.50000000000000000 ) ) ;
#3054 = ORIENTED_EDGE ( 'NONE', *, *, #6123, .F. ) ;
#3055 = ADVANCED_FACE ( 'NONE', ( #2098, #8718, #3341, #8348, #2874, #974, #301, #8105, #749, #6443, #2634, #4539, #6223 ), #7526, .T. ) ;
#3056 = CARTESIAN_POINT ( 'NONE',  ( -3.823213130198782400, 5.224427025663193700, 11.49999999999999800 ) ) ;
#3057 = EDGE_CURVE ( 'NONE', #1765, #4518, #4321, .T. ) ;
#3058 = CARTESIAN_POINT ( 'NONE',  ( -2.430939891763820500, 7.229053043107048100, 11.50000000000000200 ) ) ;
#3059 = ORIENTED_EDGE ( 'NONE', *, *, #192, .F. ) ;
#3060 = CARTESIAN_POINT ( 'NONE',  ( -1.540619116476415800, 9.328891979183577400, 11.50000000000000400 ) ) ;
#3061 = FACE_OUTER_BOUND ( 'NONE', #1507, .T. ) ;
#3062 = CARTESIAN_POINT ( 'NONE',  ( -3.243054890128951800, -9.385915218268740600, 11.50000000000000200 ) ) ;
#3063 = CARTESIAN_POINT ( 'NONE',  ( 0.0000000000000000000, 4.650314465408802000, 11.50000000000000000 ) ) ;
#3064 = CARTESIAN_POINT ( 'NONE',  ( 1.171278943019016900, -9.204431531385779400, 11.50000000000000000 ) ) ;
#3065 = DIRECTION ( 'NONE',  ( 1.000000000000000000, 0.0000000000000000000, 0.0000000000000000000 ) ) ;
#3066 = FACE_BOUND ( 'NONE', #9052, .T. ) ;
#3067 = VERTEX_POINT ( 'NONE', #4211 ) ;
#3068 = CARTESIAN_POINT ( 'NONE',  ( 0.8041136668978686700, -16.26987730771848800, 11.50000000000000000 ) ) ;
#3069 = LINE ( 'NONE', #6558, #4431 ) ;
#3070 = VECTOR ( 'NONE', #6011, 1000.000000000000100 ) ;
#3071 = CARTESIAN_POINT ( 'NONE',  ( 0.5673018330484321800, 5.349653114671707700, 11.49999999999999600 ) ) ;
#3072 = ORIENTED_EDGE ( 'NONE', *, *, #4764, .F. ) ;
#3073 = CARTESIAN_POINT ( 'NONE',  ( -0.5283735918665784000, 4.757668837957827400, 11.50000000000000200 ) ) ;
#3074 = CARTESIAN_POINT ( 'NONE',  ( -0.5202831989141190000, -11.30477944908141700, 11.50000000000000400 ) ) ;
#3075 = AXIS2_PLACEMENT_3D ( 'NONE', #5670, #9193, #1355 ) ;
#3076 = EDGE_CURVE ( 'NONE', #1872, #3891, #2196, .T. ) ;
#3077 = DIRECTION ( 'NONE',  ( -1.000000000000000000, 0.0000000000000000000, 0.0000000000000000000 ) ) ;
#3078 = CARTESIAN_POINT ( 'NONE',  ( -2.967132994216053800, 4.826089273938039900, 11.50000000000000700 ) ) ;
#3079 = DIRECTION ( 'NONE',  ( 0.0000000000000000000, -0.0000000000000000000, -1.000000000000000000 ) ) ;
#3080 = CARTESIAN_POINT ( 'NONE',  ( 2.751957939363428400, -9.184296902424833300, 11.50000000000000000 ) ) ;
#3081 = DIRECTION ( 'NONE',  ( 1.000000000000000000, 0.0000000000000000000, 0.0000000000000000000 ) ) ;
#3082 = CARTESIAN_POINT ( 'NONE',  ( -1.286229869659722300, -16.21428460121609300, 11.49999999999999600 ) ) ;
#3084 = VERTEX_POINT ( 'NONE', #494 ) ;
#3083 = CARTESIAN_POINT ( 'NONE',  ( -0.3040755035888876300, -13.91601195293210000, 11.49999999999999800 ) ) ;
#3085 = CARTESIAN_POINT ( 'NONE',  ( 5.899999999999999500, -9.723564011813074600, 11.00000000000000000 ) ) ;
#3086 = DIRECTION ( 'NONE',  ( 0.8983472015826423600, -0.4392861315915122000, 0.0000000000000000000 ) ) ;
#3087 = CARTESIAN_POINT ( 'NONE',  ( -0.7825103189703548300, 4.876893307121379800, 11.50000000000000000 ) ) ;
#3088 = CARTESIAN_POINT ( 'NONE',  ( -0.6861118768906939700, -10.40511133749659000, 11.50000000000000500 ) ) ;
#3089 = CARTESIAN_POINT ( 'NONE',  ( -0.9221074821685092400, 0.2552422270329984300, 11.50000000000000000 ) ) ;
#3090 = EDGE_CURVE ( 'NONE', #5395, #8416, #4082, .T. ) ;
#3091 = CALENDAR_DATE ( 2018, 24, 1 ) ;
#3092 = VECTOR ( 'NONE', #43, 1000.000000000000000 ) ;
#3093 = VERTEX_POINT ( 'NONE', #9157 ) ;
#3094 = CARTESIAN_POINT ( 'NONE',  ( -2.972963497949055800, 5.350228492007863300, 11.50000000000000500 ) ) ;
#3096 = CARTESIAN_POINT ( 'NONE',  ( 0.7443540705269061600, -17.05220457716857400, 11.50000000000000400 ) ) ;
#3095 = VECTOR ( 'NONE', #1235, 1000.000000000000000 ) ;
#3097 = CARTESIAN_POINT ( 'NONE',  ( 1.002098896189862500, -0.2181624516547025500, 11.50000000000000000 ) ) ;
#3098 = ORIENTED_EDGE ( 'NONE', *, *, #8219, .T. ) ;
#3099 = CARTESIAN_POINT ( 'NONE',  ( -2.932550780475397600, -16.25497665602661400, 11.50000000000000000 ) ) ;
#3100 = CARTESIAN_POINT ( 'NONE',  ( 0.6802318737734829300, -16.67102850211277600, 11.50000000000000200 ) ) ;
#3101 = CARTESIAN_POINT ( 'NONE',  ( -2.697863684090484600, -16.94332070385050300, 11.50000000000000200 ) ) ;
#3102 = FACE_OUTER_BOUND ( 'NONE', #2212, .T. ) ;
#3103 = DIRECTION ( 'NONE',  ( -1.000000000000000000, 0.0000000000000000000, -0.0000000000000000000 ) ) ;
#3104 = ORIENTED_EDGE ( 'NONE', *, *, #8619, .F. ) ;
#3105 = CARTESIAN_POINT ( 'NONE',  ( 3.884222630786809700, -16.59691866619979100, 11.49999999999999600 ) ) ;
#3106 = DIRECTION ( 'NONE',  ( 1.000000000000000000, 0.0000000000000000000, 0.0000000000000000000 ) ) ;
#3107 = ADVANCED_FACE ( 'NONE', ( #531 ), #2519, .F. ) ;
#3108 = ADVANCED_FACE ( 'NONE', ( #5985 ), #5307, .T. ) ;
#3109 = EDGE_CURVE ( 'NONE', #7519, #5839, #912, .T. ) ;
#3110 = VERTEX_POINT ( 'NONE', #6885 ) ;
#3111 = CARTESIAN_POINT ( 'NONE',  ( 2.513815115305779300, 5.400151493591304000, 11.50000000000000200 ) ) ;
#3112 = CARTESIAN_POINT ( 'NONE',  ( 0.8375425721802419700, -17.15305896929446700, 11.50000000000000200 ) ) ;
#3113 = LINE ( 'NONE', #824, #1979 ) ;
#3114 = CARTESIAN_POINT ( 'NONE',  ( 0.3153039832286343400, 4.675471698113203600, 11.49999999999999600 ) ) ;
#3115 = FACE_OUTER_BOUND ( 'NONE', #2187, .T. ) ;
#3116 = B_SPLINE_CURVE_WITH_KNOTS ( 'NONE', 3,
 ( #4902, #4210, #2739, #3514, #6332, #4929, #5603, #7008, #3442, #2013, #625 ),
 .UNSPECIFIED., .F., .F.,
 ( 4, 1, 1, 1, 1, 1, 1, 1, 4 ),
 ( 0.0000000000000000000, 0.1674443455452414600, 0.3236614984912636900, 0.4671133158773878000, 0.5979279945369070400, 0.7174537362591586500, 0.8242942861031108400, 0.9184920090125722200, 1.000000000000000000 ),
 .UNSPECIFIED. ) ;
#3117 = VERTEX_POINT ( 'NONE', #7607 ) ;
#3118 = CARTESIAN_POINT ( 'NONE',  ( 3.472399854175792100, -9.775212609056128000, 11.50000000000000000 ) ) ;
#3119 = CARTESIAN_POINT ( 'NONE',  ( -4.789750757046230800, 4.650314465408800200, 11.50000000000000000 ) ) ;
#3120 = CARTESIAN_POINT ( 'NONE',  ( -3.456594133834957300, 5.002086571231395800, 11.49999999999999800 ) ) ;
#3121 = CARTESIAN_POINT ( 'NONE',  ( -3.252647247070657800, -10.76850281737731800, 11.49999999999999600 ) ) ;
#3122 = CARTESIAN_POINT ( 'NONE',  ( 3.138693033571723600, 10.74172696449176300, 11.50000000000000500 ) ) ;
#3123 = CARTESIAN_POINT ( 'NONE',  ( -2.894633120523847600, 5.282948588232968300, 11.50000000000000400 ) ) ;
#3124 = CARTESIAN_POINT ( 'NONE',  ( -1.377303949564191200, -16.29490965376482200, 11.50000000000000200 ) ) ;
#3125 = CARTESIAN_POINT ( 'NONE',  ( -8.000000000000000000, -22.60000000000000100, 2.000000000000000000 ) ) ;
#3126 = VERTEX_POINT ( 'NONE', #5767 ) ;
#3127 = CARTESIAN_POINT ( 'NONE',  ( -2.807359909428101200, -16.47805102339592400, 11.50000000000000000 ) ) ;
#3128 = ADVANCED_FACE ( 'NONE', ( #4029 ), #8148, .F. ) ;
#3129 = CARTESIAN_POINT ( 'NONE',  ( -0.2993548387095539800, 9.541935483870965100, 11.50000000000000000 ) ) ;
#3130 = EDGE_CURVE ( 'NONE', #2771, #1580, #2369, .T. ) ;
#3131 = VECTOR ( 'NONE', #4217, 1000.000000000000000 ) ;
#3132 = CARTESIAN_POINT ( 'NONE',  ( -4.075392425734913000, -16.58421991338010300, 11.50000000000000000 ) ) ;
#3133 = CYLINDRICAL_SURFACE ( 'NONE', #1529, 0.9999999999999991100 ) ;
#3134 = LINE ( 'NONE', #132, #4768 ) ;
#3135 = EDGE_LOOP ( 'NONE', ( #5754, #6507 ) ) ;
#3136 = CARTESIAN_POINT ( 'NONE',  ( 0.7038973504235871400, 10.93350175532400900, 11.49999999999999600 ) ) ;
#3137 = VERTEX_POINT ( 'NONE', #8946 ) ;
#3138 = LINE ( 'NONE', #6832, #584 ) ;
#3139 = CARTESIAN_POINT ( 'NONE',  ( -3.185606564111349100, 4.649396786075254100, 11.50000000000000200 ) ) ;
#3140 = CARTESIAN_POINT ( 'NONE',  ( -1.409776623756992400, -16.53325383303787500, 11.50000000000000200 ) ) ;
#3141 = CARTESIAN_POINT ( 'NONE',  ( -1.282257629363769300, -14.54038159948152800, 11.49999999999999800 ) ) ;
#3142 = CC_DESIGN_APPROVAL ( #2671, ( #2205 ) ) ;
#3143 = CARTESIAN_POINT ( 'NONE',  ( -1.394892583579359700, -16.72171368164698900, 11.49999999999999800 ) ) ;
#3144 = ORIENTED_EDGE ( 'NONE', *, *, #1307, .T. ) ;
#3145 = EDGE_CURVE ( 'NONE', #9016, #2951, #478, .T. ) ;
#3146 = CARTESIAN_POINT ( 'NONE',  ( 6.397379542625473400, -10.58807119849727000, 11.00000000000000000 ) ) ;
#3147 = B_SPLINE_CURVE_WITH_KNOTS ( 'NONE', 3,
 ( #5578, #8228, #4712, #2573, #4282, #6278, #5486 ),
 .UNSPECIFIED., .F., .F.,
 ( 4, 1, 1, 1, 4 ),
 ( 0.0000000000000000000, 0.2725844917901068000, 0.5000000000000011100, 0.7274155082098945300, 1.000000000000000000 ),
 .UNSPECIFIED. ) ;
#3148 = CARTESIAN_POINT ( 'NONE',  ( 1.821065332524155500, 4.940413740463413600, 11.50000000000000000 ) ) ;
#3149 = CARTESIAN_POINT ( 'NONE',  ( 0.9217151476211819000, -17.11961886238021400, 11.50000000000000200 ) ) ;
#3150 = CARTESIAN_POINT ( 'NONE',  ( 1.860375773863040200, 5.327600942844539700, 11.50000000000000500 ) ) ;
#3151 = CARTESIAN_POINT ( 'NONE',  ( 1.189497771832160000, 11.38246733338908700, 11.50000000000000000 ) ) ;
#3152 = VERTEX_POINT ( 'NONE', #402 ) ;
#3153 = CARTESIAN_POINT ( 'NONE',  ( -0.5210342417888366200, 4.776100628930813700, 11.50000000000000000 ) ) ;
#3154 = ORIENTED_EDGE ( 'NONE', *, *, #6325, .T. ) ;
#3155 = PLANE ( 'NONE',  #1136 ) ;
#3156 = CARTESIAN_POINT ( 'NONE',  ( -0.4354808253744748600, 5.347252113614389100, 11.50000000000000000 ) ) ;
#3157 = EDGE_CURVE ( 'NONE', #7474, #695, #5774, .T. ) ;
#3158 = PLANE ( 'NONE',  #579 ) ;
#3159 = CARTESIAN_POINT ( 'NONE',  ( -2.086278740018482100, -9.648018123679580800, 11.50000000000000000 ) ) ;
#3160 = VERTEX_POINT ( 'NONE', #1983 ) ;
#3161 = CARTESIAN_POINT ( 'NONE',  ( 3.384214139475728800, 4.719529922421813200, 11.50000000000000200 ) ) ;
#3162 = LINE ( 'NONE', #2182, #6301 ) ;
#3163 = CARTESIAN_POINT ( 'NONE',  ( 2.164640111810046900, 5.384905660377355300, 11.49999999999999800 ) ) ;
#3164 = CARTESIAN_POINT ( 'NONE',  ( -2.159795015140805000, 5.364779874213834200, 11.50000000000000400 ) ) ;
#3165 = EDGE_LOOP ( 'NONE', ( #1863, #6852, #5295, #5697, #8839, #6873, #6351, #8631, #4750, #1160, #7981, #621, #366, #513, #6844, #4878, #4890, #3499, #37, #7284, #4754, #6313, #8358, #5942 ) ) ;
#3166 = B_SPLINE_CURVE_WITH_KNOTS ( 'NONE', 3,
 ( #4091, #3336, #5017, #2132, #1932, #502, #3163 ),
 .UNSPECIFIED., .F., .F.,
 ( 4, 1, 1, 1, 4 ),
 ( 0.0000000000000000000, 0.3823874277678919200, 0.6760792098833976500, 0.8813252173944149400, 1.000000000000000000 ),
 .UNSPECIFIED. ) ;
#3167 = CARTESIAN_POINT ( 'NONE',  ( -3.154473209173692900, -16.43966028224338800, 11.50000000000000000 ) ) ;
#3168 = VERTEX_POINT ( 'NONE', #8389 ) ;
#3169 = CARTESIAN_POINT ( 'NONE',  ( -4.549528435796702300, 5.400302588295611300, 11.50000000000000000 ) ) ;
#3170 = ORIENTED_EDGE ( 'NONE', *, *, #308, .F. ) ;
#3171 = AXIS2_PLACEMENT_3D ( 'NONE', #2612, #8174, #3622 ) ;
#3172 = CARTESIAN_POINT ( 'NONE',  ( 2.193337992080254000, 5.394968553459116300, 11.50000000000000000 ) ) ;
#3174 = FACE_OUTER_BOUND ( 'NONE', #6954, .T. ) ;
#3173 = CARTESIAN_POINT ( 'NONE',  ( 1.962568609476306600, 4.652679770142910300, 11.49999999999999500 ) ) ;
#3175 = CARTESIAN_POINT ( 'NONE',  ( -1.363258636185212600, -16.96988647991040700, 11.50000000000000200 ) ) ;
#3176 = CIRCLE ( 'NONE', #8180, 0.7000000000000000700 ) ;
#3177 = CARTESIAN_POINT ( 'NONE',  ( 0.7280622220746653100, -9.198644149622511500, 11.49999999999999800 ) ) ;
#3178 = B_SPLINE_CURVE_WITH_KNOTS ( 'NONE', 3,
 ( #8482, #3426, #6422, #7834, #1171, #7170, #2491, #7766, #4208, #2037, #3666 ),
 .UNSPECIFIED., .F., .F.,
 ( 4, 1, 1, 1, 1, 1, 1, 1, 4 ),
 ( 0.0000000000000000000, 0.1561702883027569200, 0.2875510172805718600, 0.4004791350580518800, 0.5011479693229600200, 0.6007350332765029100, 0.7132071574129412700, 0.8437487315060046000, 1.000000000000000000 ),
 .UNSPECIFIED. ) ;
#3179 = DIRECTION ( 'NONE',  ( 1.000000000000000000, 0.0000000000000000000, 0.0000000000000000000 ) ) ;
#3180 = ORIENTED_EDGE ( 'NONE', *, *, #8790, .F. ) ;
#3181 = CARTESIAN_POINT ( 'NONE',  ( 2.601723016800737500, -9.521193368880016500, 11.50000000000000200 ) ) ;
#3182 = CARTESIAN_POINT ( 'NONE',  ( -0.07602339181286658900, -16.52609020654515600, 11.50000000000000000 ) ) ;
#3183 = CARTESIAN_POINT ( 'NONE',  ( 1.729917855748972500, 4.985489777896620300, 11.50000000000000000 ) ) ;
#3184 = CARTESIAN_POINT ( 'NONE',  ( 4.431578921176794400, 4.881122000375230900, 11.50000000000000400 ) ) ;
#3185 = CARTESIAN_POINT ( 'NONE',  ( -1.208617180832391600, -14.19962296850756400, 11.49999999999999600 ) ) ;
#3186 = CARTESIAN_POINT ( 'NONE',  ( 2.121199443432090900, 5.266563253297650100, 11.49999999999999600 ) ) ;
#3187 = CARTESIAN_POINT ( 'NONE',  ( -2.672514619883041000, -16.75416038198375200, 11.50000000000000200 ) ) ;
#3188 = CARTESIAN_POINT ( 'NONE',  ( -3.754767935526694500, -16.25140421902553500, 11.50000000000000000 ) ) ;
#3189 = CARTESIAN_POINT ( 'NONE',  ( 0.7871605167462228900, -9.187936190689104200, 11.50000000000000000 ) ) ;
#3190 = DIRECTION ( 'NONE',  ( 0.2537126883649394300, 0.9672796243913315300, 0.0000000000000000000 ) ) ;
#3191 = CARTESIAN_POINT ( 'NONE',  ( 1.646960167715008300, 5.208805031446537700, 11.50000000000000000 ) ) ;
#3192 = DIRECTION ( 'NONE',  ( -0.9974586998307349800, 0.0000000000000000000, -0.07124704998790969100 ) ) ;
#3193 = CARTESIAN_POINT ( 'NONE',  ( -1.084973522541979900, 9.415557674887887500, 11.50000000000000200 ) ) ;
#3194 = ADVANCED_FACE ( 'NONE', ( #3812 ), #1252, .T. ) ;
#3195 = CARTESIAN_POINT ( 'NONE',  ( 3.927189107059086700, 5.223557326035169100, 11.50000000000000000 ) ) ;
#3196 = VECTOR ( 'NONE', #623, 1000.000000000000000 ) ;
#3197 = LINE ( 'NONE', #27, #7458 ) ;
#3198 = CARTESIAN_POINT ( 'NONE',  ( 0.7368421052631570800, -17.16351710712994800, 11.50000000000000000 ) ) ;
#3199 = AXIS2_PLACEMENT_3D ( 'NONE', #1661, #1865, #5531 ) ;
#3200 = CARTESIAN_POINT ( 'NONE',  ( 0.6567457085879854200, 4.681378929871251600, 11.49999999999999800 ) ) ;
#3201 = FACE_BOUND ( 'NONE', #3366, .T. ) ;
#3202 = EDGE_CURVE ( 'NONE', #8582, #7422, #5723, .T. ) ;
#3203 = ORIENTED_EDGE ( 'NONE', *, *, #5738, .F. ) ;
#3204 = CARTESIAN_POINT ( 'NONE',  ( 0.8975994319115910800, -16.81290117281059800, 11.50000000000000000 ) ) ;
#3205 = CARTESIAN_POINT ( 'NONE',  ( 3.195709057921345000, -11.61334545323554200, 11.50000000000000400 ) ) ;
#3206 = CARTESIAN_POINT ( 'NONE',  ( 2.087100377998112300, 4.794584256368914100, 11.50000000000000000 ) ) ;
#3207 = CARTESIAN_POINT ( 'NONE',  ( -0.4530753762989824800, -13.65759465687465000, 11.50000000000000000 ) ) ;
#3208 = ORIENTED_EDGE ( 'NONE', *, *, #4124, .F. ) ;
#3209 = CARTESIAN_POINT ( 'NONE',  ( 0.2018897246684157300, -17.11134637086085400, 11.50000000000000000 ) ) ;
#3210 = B_SPLINE_CURVE_WITH_KNOTS ( 'NONE', 3,
 ( #3153, #1058, #3073, #7667, #3280, #1851, #1061, #7165, #6859, #9153, #131 ),
 .UNSPECIFIED., .F., .F.,
 ( 4, 1, 1, 1, 1, 1, 1, 1, 4 ),
 ( 0.0000000000000000000, 0.1965343057030402000, 0.3714701944981196900, 0.5234408553547987800, 0.6563668475543877900, 0.7678009585076350800, 0.8621382032874392900, 0.9378733069206904900, 0.9999999999999998900 ),
 .UNSPECIFIED. ) ;
#3211 = ORIENTED_EDGE ( 'NONE', *, *, #6893, .T. ) ;
#3212 = CARTESIAN_POINT ( 'NONE',  ( 4.474825233691174000, -17.16321377174171700, 11.50000000000000000 ) ) ;
#3213 = CARTESIAN_POINT ( 'NONE',  ( -2.915385836940379800, 5.413934168721358900, 11.50000000000000200 ) ) ;
#3214 = EDGE_CURVE ( 'NONE', #2239, #3425, #2147, .T. ) ;
#3215 = CARTESIAN_POINT ( 'NONE',  ( 4.727811439369030900, 4.595365154411029900, 11.50000000000000000 ) ) ;
#3216 = CARTESIAN_POINT ( 'NONE',  ( -1.962691712147067300, 5.182162256175900000, 11.49999999999999800 ) ) ;
#3217 = VERTEX_POINT ( 'NONE', #7016 ) ;
#3218 = CARTESIAN_POINT ( 'NONE',  ( 0.8492178700966551700, -17.02486089995646500, 11.50000000000000500 ) ) ;
#3219 = CARTESIAN_POINT ( 'NONE',  ( 1.355710675302872900, 12.43880615908521700, 11.49999999999999300 ) ) ;
#3220 = CARTESIAN_POINT ( 'NONE',  ( -4.221096474439995900, 4.790776459582354500, 11.50000000000000200 ) ) ;
#3221 = CARTESIAN_POINT ( 'NONE',  ( -3.618878862797802100, 4.698732191453771600, 11.50000000000000000 ) ) ;
#3222 = CARTESIAN_POINT ( 'NONE',  ( 0.0000000000000000000, -14.74736842105263300, 11.50000000000000000 ) ) ;
#3223 = ORIENTED_EDGE ( 'NONE', *, *, #7452, .F. ) ;
#3224 = CARTESIAN_POINT ( 'NONE',  ( 4.696975601250685800, 5.409965736228850900, 11.49999999999999800 ) ) ;
#3225 = VERTEX_POINT ( 'NONE', #8597 ) ;
#3226 = CARTESIAN_POINT ( 'NONE',  ( 4.552845767873179700, -17.04373788731749800, 11.50000000000000000 ) ) ;
#3227 = CARTESIAN_POINT ( 'NONE',  ( -3.841459132370155200, 5.324481410193775400, 11.50000000000000000 ) ) ;
#3228 = CARTESIAN_POINT ( 'NONE',  ( 1.686256153814411400, 5.022900808246978600, 11.49999999999999600 ) ) ;
#3229 = CARTESIAN_POINT ( 'NONE',  ( 4.860563708362574800, 5.183647798742134300, 11.50000000000000000 ) ) ;
#3230 = CARTESIAN_POINT ( 'NONE',  ( 4.641391501144148900, 4.600433221741997900, 11.50000000000000200 ) ) ;
#3231 = EDGE_CURVE ( 'NONE', #2446, #8757, #1689, .T. ) ;
#3232 = VECTOR ( 'NONE', #2693, 1000.000000000000200 ) ;
#3233 = VERTEX_POINT ( 'NONE', #6527 ) ;
#3234 = CARTESIAN_POINT ( 'NONE',  ( -3.448844016696064300, 4.726426858748144600, 11.49999999999999600 ) ) ;
#3235 = CARTESIAN_POINT ( 'NONE',  ( 0.8608507042489773600, -16.76975705541363800, 11.49999999999999600 ) ) ;
#3236 = CARTESIAN_POINT ( 'NONE',  ( -2.684342553109051000, 5.254151996689886400, 11.50000000000000000 ) ) ;
#3237 = PLANE ( 'NONE',  #6862 ) ;
#3238 = CARTESIAN_POINT ( 'NONE',  ( -1.391163109751803100, -11.13705872184287500, 11.50000000000000200 ) ) ;
#3239 = CARTESIAN_POINT ( 'NONE',  ( 1.111333586529797700, -9.189560442574586900, 11.50000000000000400 ) ) ;
#3240 = VERTEX_POINT ( 'NONE', #7406 ) ;
#3241 = DIRECTION ( 'NONE',  ( 1.000000000000000000, 0.0000000000000000000, 0.0000000000000000000 ) ) ;
#3242 = DIRECTION ( 'NONE',  ( 1.000000000000000000, 0.0000000000000000000, 0.0000000000000000000 ) ) ;
#3243 = EDGE_CURVE ( 'NONE', #5709, #2999, #7619, .T. ) ;
#3244 = CARTESIAN_POINT ( 'NONE',  ( -0.06844516501279734900, -16.61748663925056100, 11.49999999999999800 ) ) ;
#3245 = ORIENTED_EDGE ( 'NONE', *, *, #3031, .F. ) ;
#3246 = FACE_OUTER_BOUND ( 'NONE', #2526, .T. ) ;
#3247 = CARTESIAN_POINT ( 'NONE',  ( 0.03508771929824444600, -16.14012529426445000, 11.50000000000000000 ) ) ;
#3248 = CARTESIAN_POINT ( 'NONE',  ( 2.695178197065111600, 4.745911949685530700, 11.50000000000000000 ) ) ;
#3249 = CARTESIAN_POINT ( 'NONE',  ( 1.787840670859662400, 4.957232704402512600, 11.50000000000000000 ) ) ;
#3250 = CARTESIAN_POINT ( 'NONE',  ( -1.345421319814207300, -16.42299773219060200, 11.50000000000000500 ) ) ;
#3251 = LINE ( 'NONE', #2050, #7506 ) ;
#3252 = ORIENTED_EDGE ( 'NONE', *, *, #4680, .T. ) ;
#3253 = CARTESIAN_POINT ( 'NONE',  ( 4.677509675032961700, 4.821268798244518400, 11.49999999999999800 ) ) ;
#3254 = CARTESIAN_POINT ( 'NONE',  ( -1.175438596491229100, -13.22982456140350900, 11.49999999999999800 ) ) ;
#3255 = ORIENTED_EDGE ( 'NONE', *, *, #7000, .F. ) ;
#3256 = AXIS2_PLACEMENT_3D ( 'NONE', #4954, #6822, #3917 ) ;
#3257 = CARTESIAN_POINT ( 'NONE',  ( 0.2798795779262324700, 11.25063092987574500, 11.50000000000000000 ) ) ;
#3258 = EDGE_CURVE ( 'NONE', #560, #7859, #3594, .T. ) ;
#3259 = CARTESIAN_POINT ( 'NONE',  ( 8.000000000000000000, -22.60000000000000100, 0.0000000000000000000 ) ) ;
#3260 = CARTESIAN_POINT ( 'NONE',  ( -1.752743658026218800, 5.287434063652538500, 11.50000000000000400 ) ) ;
#3261 = CARTESIAN_POINT ( 'NONE',  ( 0.9151094235477345000, -16.85403745712713800, 11.49999999999999800 ) ) ;
#3262 = CARTESIAN_POINT ( 'NONE',  ( 0.7490527707507244100, -16.14044478766390300, 11.50000000000000000 ) ) ;
#3263 = VECTOR ( 'NONE', #4682, 999.9999999999998900 ) ;
#3264 = VERTEX_POINT ( 'NONE', #4941 ) ;
#3265 = CARTESIAN_POINT ( 'NONE',  ( -2.164530686644960500, -9.502023305491460900, 11.50000000000000000 ) ) ;
#3266 = EDGE_LOOP ( 'NONE', ( #2705, #34, #817, #2517 ) ) ;
#3267 = CARTESIAN_POINT ( 'NONE',  ( -0.8037808253316725000, 10.69981350277803100, 11.49999999999999600 ) ) ;
#3268 = CARTESIAN_POINT ( 'NONE',  ( 0.7590934442918397800, -16.70367585678023700, 11.49999999999999800 ) ) ;
#3269 = CARTESIAN_POINT ( 'NONE',  ( -0.3490771144157598900, -13.41688621332130200, 11.49999999999999800 ) ) ;
#3270 = EDGE_LOOP ( 'NONE', ( #8857, #1833, #8888, #486 ) ) ;
#3271 = CARTESIAN_POINT ( 'NONE',  ( -1.464801770595516300, -11.57871853276729500, 11.50000000000000200 ) ) ;
#3272 = EDGE_CURVE ( 'NONE', #271, #7091, #2464, .T. ) ;
#3273 = CARTESIAN_POINT ( 'NONE',  ( -3.570052375093188500, -16.75956678618564100, 11.49999999999999800 ) ) ;
#3274 = CARTESIAN_POINT ( 'NONE',  ( -0.6057890894277936400, 10.75272287208054000, 11.50000000000000200 ) ) ;
#3275 = EDGE_LOOP ( 'NONE', ( #7488, #8387, #8169, #7013, #2598 ) ) ;
#3276 = CARTESIAN_POINT ( 'NONE',  ( 0.0000000000000000000, 0.0000000000000000000, 11.50000000000000000 ) ) ;
#3277 = CARTESIAN_POINT ( 'NONE',  ( -3.928423552566958000, -16.80807323820389600, 11.50000000000000200 ) ) ;
#3278 = ORIENTED_EDGE ( 'NONE', *, *, #914, .F. ) ;
#3279 = CARTESIAN_POINT ( 'NONE',  ( 1.369227989023679100, 0.08282984131130924400, 11.50000000000000000 ) ) ;
#3280 = CARTESIAN_POINT ( 'NONE',  ( -0.5389424819053494400, 4.724987899632142600, 11.49999999999999800 ) ) ;
#3281 = LINE ( 'NONE', #5030, #5528 ) ;
#3282 = CARTESIAN_POINT ( 'NONE',  ( 0.9383634964257836500, -16.20931048042279300, 11.50000000000000000 ) ) ;
#3283 = CARTESIAN_POINT ( 'NONE',  ( -1.324561403508772900, -14.58947368421052600, 11.50000000000000000 ) ) ;
#3284 = CARTESIAN_POINT ( 'NONE',  ( 0.8719482429369586100, -16.33588528879248600, 11.50000000000000000 ) ) ;
#3285 = CARTESIAN_POINT ( 'NONE',  ( -2.408536418092146500, 5.405680418211081100, 11.50000000000000000 ) ) ;
#3286 = ORIENTED_EDGE ( 'NONE', *, *, #2063, .F. ) ;
#3287 = CIRCLE ( 'NONE', #3953, 0.5000000000000000000 ) ;
#3288 = EDGE_CURVE ( 'NONE', #9104, #3414, #2814, .T. ) ;
#3289 = CARTESIAN_POINT ( 'NONE',  ( 0.0000000000000000000, -20.49999999999999600, 11.50000000000000000 ) ) ;
#3290 = ORIENTED_EDGE ( 'NONE', *, *, #8690, .F. ) ;
#3291 = CARTESIAN_POINT ( 'NONE',  ( 0.1780986407337597500, -16.96398381041748800, 11.50000000000000000 ) ) ;
#3292 = DIRECTION ( 'NONE',  ( -0.0000000000000000000, 0.0000000000000000000, 1.000000000000000000 ) ) ;
#3293 = VERTEX_POINT ( 'NONE', #3650 ) ;
#3294 = DIRECTION ( 'NONE',  ( 1.000000000000000000, 0.0000000000000000000, 0.0000000000000000000 ) ) ;
#3295 = ADVANCED_FACE ( 'NONE', ( #31 ), #4427, .T. ) ;
#3296 = CARTESIAN_POINT ( 'NONE',  ( -8.000000000000003600, 22.60000000000000100, 0.0000000000000000000 ) ) ;
#3297 = CARTESIAN_POINT ( 'NONE',  ( -0.1231767162353461600, -13.43271602132801100, 11.50000000000000500 ) ) ;
#3298 = FACE_OUTER_BOUND ( 'NONE', #3706, .T. ) ;
#3299 = CARTESIAN_POINT ( 'NONE',  ( 1.851084601817160300, 5.183360565340898100, 11.50000000000000000 ) ) ;
#3301 = ORIENTED_EDGE ( 'NONE', *, *, #2319, .T. ) ;
#3300 = CARTESIAN_POINT ( 'NONE',  ( -1.483070779189264800, 4.609203201838352200, 11.50000000000000200 ) ) ;
#3302 = CARTESIAN_POINT ( 'NONE',  ( -1.480927449774465300, 4.751177155443115500, 11.49999999999999600 ) ) ;
#3303 = CARTESIAN_POINT ( 'NONE',  ( -2.371709299417283000, 4.701064075417113100, 11.49999999999999800 ) ) ;
#3304 = CARTESIAN_POINT ( 'NONE',  ( -3.220405688287267600, -16.27467268967943400, 11.50000000000000700 ) ) ;
#3305 = DIRECTION ( 'NONE',  ( 1.000000000000000000, 0.0000000000000000000, 0.0000000000000000000 ) ) ;
#3306 = LINE ( 'NONE', #7870, #7661 ) ;
#3307 = CARTESIAN_POINT ( 'NONE',  ( 0.6561459824872407600, -16.51942783262662200, 11.50000000000000200 ) ) ;
#3308 = CARTESIAN_POINT ( 'NONE',  ( 3.706126252038324700, 5.042767295597480300, 11.50000000000000000 ) ) ;
#3309 = ORIENTED_EDGE ( 'NONE', *, *, #250, .F. ) ;
#3310 = CARTESIAN_POINT ( 'NONE',  ( 3.454559912538640400, 10.24678748613274200, 11.49999999999999500 ) ) ;
#3311 = CARTESIAN_POINT ( 'NONE',  ( 8.700000000000029500, -24.69999999999999900, 2.000000000000000000 ) ) ;
#3312 = CARTESIAN_POINT ( 'NONE',  ( -1.074083109059817500, 4.723214354023532700, 11.50000000000000000 ) ) ;
#3313 = EDGE_CURVE ( 'NONE', #1264, #8042, #7944, .T. ) ;
#3314 = CARTESIAN_POINT ( 'NONE',  ( 0.1807221926053741200, -11.59969895596292300, 11.50000000000000000 ) ) ;
#3315 = CARTESIAN_POINT ( 'NONE',  ( 2.309941520467835700, -10.22863331167425100, 11.49999999999999600 ) ) ;
#3316 = DATE_AND_TIME ( #5223, #7124 ) ;
#3317 = FACE_BOUND ( 'NONE', #5853, .T. ) ;
#3318 = ORIENTED_EDGE ( 'NONE', *, *, #8430, .T. ) ;
#3319 = CARTESIAN_POINT ( 'NONE',  ( -1.242526640564553900, -16.28348224951211500, 11.50000000000000200 ) ) ;
#3320 = CARTESIAN_POINT ( 'NONE',  ( 4.608618681574781400, 4.605031446540877500, 11.50000000000000000 ) ) ;
#3321 = DIRECTION ( 'NONE',  ( -1.000000000000000000, 0.0000000000000000000, -0.0000000000000000000 ) ) ;
#3322 = CARTESIAN_POINT ( 'NONE',  ( -0.7371631706284770300, 5.311409568336717500, 11.50000000000000000 ) ) ;
#3323 = EDGE_CURVE ( 'NONE', #6489, #8139, #7393, .T. ) ;
#3324 = ORIENTED_EDGE ( 'NONE', *, *, #236, .T. ) ;
#3325 = CARTESIAN_POINT ( 'NONE',  ( -4.240478229991010700, 4.835768711501804900, 11.49999999999999800 ) ) ;
#3326 = CARTESIAN_POINT ( 'NONE',  ( -3.215179153938784400, 4.642335446138033300, 11.49999999999999600 ) ) ;
#3327 = CARTESIAN_POINT ( 'NONE',  ( 0.5247558635136593300, 5.346192069430637500, 11.49999999999999100 ) ) ;
#3328 = VERTEX_POINT ( 'NONE', #3430 ) ;
#3329 = B_SPLINE_CURVE_WITH_KNOTS ( 'NONE', 3,
 ( #6484, #721, #6916, #2281, #8418, #8728, #7712, #2978, #2701, #1051, #3840, #1464, #61, #8590, #5371, #3148, #3824, #2396, #41 ),
 .UNSPECIFIED., .F., .F.,
 ( 4, 1, 1, 1, 1, 1, 1, 1, 1, 1, 1, 1, 1, 1, 1, 1, 4 ),
 ( 0.0000000000000000000, 0.06193645682490001000, 0.1210394334192574900, 0.1793760099093272300, 0.2351293206293666400, 0.2911247864208931200, 0.3464331652613637000, 0.4023603022101234200, 0.4594482116561707800, 0.5175878154629307600, 0.5774031402212471700, 0.6403243101664788400, 0.7051383025338273700, 0.7738812486238383400, 0.8455896130997715400, 0.9207584692676813500, 0.9999999999999998900 ),
 .UNSPECIFIED. ) ;
#3330 = CARTESIAN_POINT ( 'NONE',  ( 0.6752220612030538400, -9.531583141065967300, 11.50000000000000000 ) ) ;
#3331 = CARTESIAN_POINT ( 'NONE',  ( 0.3361369650323452500, -14.56592494599056700, 11.50000000000000000 ) ) ;
#3332 = LINE ( 'NONE', #7648, #1009 ) ;
#3333 = EDGE_CURVE ( 'NONE', #302, #596, #3800, .T. ) ;
#3334 = CARTESIAN_POINT ( 'NONE',  ( -4.071292636273360800, -16.52283088337937000, 11.50000000000000000 ) ) ;
#3335 = VECTOR ( 'NONE', #6213, 1000.000000000000000 ) ;
#3336 = CARTESIAN_POINT ( 'NONE',  ( 2.136911368397883800, 5.393399664573863100, 11.50000000000000000 ) ) ;
#3337 = CARTESIAN_POINT ( 'NONE',  ( -3.013277428371643000, 5.425157232704399300, 11.50000000000000000 ) ) ;
#3338 = ORIENTED_EDGE ( 'NONE', *, *, #8312, .T. ) ;
#3339 = CARTESIAN_POINT ( 'NONE',  ( -1.507997103810019700, -11.53989830173997100, 11.50000000000000000 ) ) ;
#3340 = CARTESIAN_POINT ( 'NONE',  ( -0.9174004192870883800, 4.967295597484273600, 11.50000000000000200 ) ) ;
#3341 = FACE_BOUND ( 'NONE', #3825, .T. ) ;
#3342 = CARTESIAN_POINT ( 'NONE',  ( -1.251114949412163200, -16.26433782981051100, 11.50000000000000200 ) ) ;
#3343 = VECTOR ( 'NONE', #1954, 1000.000000000000000 ) ;
#3344 = CARTESIAN_POINT ( 'NONE',  ( 3.931726833017562800, -16.19753787447426800, 11.49999999999999800 ) ) ;
#3345 = VERTEX_POINT ( 'NONE', #8208 ) ;
#3346 = CARTESIAN_POINT ( 'NONE',  ( 4.710044348845568300, 4.752608202528712400, 11.50000000000000000 ) ) ;
#3347 = CARTESIAN_POINT ( 'NONE',  ( 0.7597484276730796000, 4.650314465408802000, 11.50000000000000000 ) ) ;
#3348 = CARTESIAN_POINT ( 'NONE',  ( 2.170744418470607100, 5.385249270457717500, 11.49999999999999800 ) ) ;
#3349 = CARTESIAN_POINT ( 'NONE',  ( -2.468387096774070400, 6.607741935483868000, 11.50000000000000000 ) ) ;
#3351 = VERTEX_POINT ( 'NONE', #8328 ) ;
#3350 = CARTESIAN_POINT ( 'NONE',  ( -3.030158564153439600, 5.366640084750193800, 11.50000000000000200 ) ) ;
#3352 = CARTESIAN_POINT ( 'NONE',  ( -1.972327044025034200, 5.057861635220122700, 11.50000000000000000 ) ) ;
#3353 = EDGE_CURVE ( 'NONE', #6805, #7417, #7957, .T. ) ;
#3354 = CARTESIAN_POINT ( 'NONE',  ( -1.332413053889448800, 5.260560982749860900, 11.49999999999999800 ) ) ;
#3355 = CARTESIAN_POINT ( 'NONE',  ( 4.485380116959061200, -17.05825394923521200, 11.50000000000000000 ) ) ;
#3356 = CARTESIAN_POINT ( 'NONE',  ( 4.639657469005614500, 5.115167240898471400, 11.50000000000000200 ) ) ;
#3357 = ORIENTED_EDGE ( 'NONE', *, *, #8511, .T. ) ;
#3358 = VECTOR ( 'NONE', #1398, 999.9999999999998900 ) ;
#3359 = CARTESIAN_POINT ( 'NONE',  ( 0.6097586089274931200, 10.75398082217682100, 11.49999999999999500 ) ) ;
#3360 = PLANE ( 'NONE',  #4411 ) ;
#3361 = CYLINDRICAL_SURFACE ( 'NONE', #3789, 0.9999999999999991100 ) ;
#3362 = CARTESIAN_POINT ( 'NONE',  ( -1.346234835159698900, -16.93687807786347600, 11.49999999999999600 ) ) ;
#3363 = CARTESIAN_POINT ( 'NONE',  ( -3.846971205914535600, 5.333477811389798300, 11.50000000000000400 ) ) ;
#3364 = CARTESIAN_POINT ( 'NONE',  ( 0.3238595683622307300, 4.665830245208252500, 11.49999999999999800 ) ) ;
#3365 = ORIENTED_EDGE ( 'NONE', *, *, #1555, .T. ) ;
#3366 = EDGE_LOOP ( 'NONE', ( #5023, #8373, #2173, #1828 ) ) ;
#3367 = ORIENTED_EDGE ( 'NONE', *, *, #5892, .F. ) ;
#3368 = VECTOR ( 'NONE', #2249, 1000.000000000000000 ) ;
#3369 = CARTESIAN_POINT ( 'NONE',  ( -1.188415422607631100, 9.399285621171275200, 11.50000000000000200 ) ) ;
#3370 = VERTEX_POINT ( 'NONE', #7329 ) ;
#3371 = CARTESIAN_POINT ( 'NONE',  ( 0.0000000000000000000, 0.0000000000000000000, 11.00000000000000000 ) ) ;
#3372 = CARTESIAN_POINT ( 'NONE',  ( 2.833861658732516300, 11.23212420477504000, 11.50000000000000000 ) ) ;
#3373 = CARTESIAN_POINT ( 'NONE',  ( -0.2588399720473966200, 4.599999999999996100, 11.50000000000000000 ) ) ;
#3374 = CARTESIAN_POINT ( 'NONE',  ( 7.999999999999992900, 22.60000000000000100, 0.0000000000000000000 ) ) ;
#3375 = DIRECTION ( 'NONE',  ( -0.0000000000000000000, -0.0000000000000000000, 1.000000000000000000 ) ) ;
#3376 = ORIENTED_EDGE ( 'NONE', *, *, #5437, .T. ) ;
#3377 = CARTESIAN_POINT ( 'NONE',  ( 2.394431570264713200, 4.650573427221812200, 11.50000000000000000 ) ) ;
#3378 = CARTESIAN_POINT ( 'NONE',  ( 2.002923976608186800, -10.31635260991986600, 11.50000000000000400 ) ) ;
#3379 = EDGE_CURVE ( 'NONE', #2285, #8667, #2361, .T. ) ;
#3380 = CARTESIAN_POINT ( 'NONE',  ( 1.576147216398912300, 4.615094339622638500, 11.50000000000000000 ) ) ;
#3381 = EDGE_LOOP ( 'NONE', ( #5406, #6187, #5332, #3615 ) ) ;
#3382 = CARTESIAN_POINT ( 'NONE',  ( 1.698275872612630400, 5.295701750693075000, 11.50000000000000200 ) ) ;
#3383 = CARTESIAN_POINT ( 'NONE',  ( -4.833341402908201800, 1.633490381538420500, 11.50000000000000000 ) ) ;
#3384 = APPROVAL_STATUS ( 'not_yet_approved' ) ;
#3385 = EDGE_LOOP ( 'NONE', ( #4873, #8403, #2492, #6295, #2425 ) ) ;
#3386 = CARTESIAN_POINT ( 'NONE',  ( -0.6906408712013151200, 5.106468264299898000, 11.49999999999999800 ) ) ;
#3387 = LINE ( 'NONE', #6678, #3839 ) ;
#3388 = ORIENTED_EDGE ( 'NONE', *, *, #3313, .T. ) ;
#3389 = DIRECTION ( 'NONE',  ( -0.0000000000000000000, 0.0000000000000000000, 1.000000000000000000 ) ) ;
#3390 = CARTESIAN_POINT ( 'NONE',  ( 0.05999894422655150500, -16.61041950343021200, 11.50000000000000000 ) ) ;
#3391 = EDGE_CURVE ( 'NONE', #6446, #6345, #5434, .T. ) ;
#3392 = ORIENTED_EDGE ( 'NONE', *, *, #1878, .F. ) ;
#3393 = CARTESIAN_POINT ( 'NONE',  ( -3.610488162187348600, -10.60787471083435200, 11.49999999999999600 ) ) ;
#3394 = CARTESIAN_POINT ( 'NONE',  ( -3.611111111111110700, -10.55730994152047400, 11.50000000000000000 ) ) ;
#3395 = CARTESIAN_POINT ( 'NONE',  ( -4.336361518751331800, 4.992452830188674400, 11.50000000000000000 ) ) ;
#3396 = CARTESIAN_POINT ( 'NONE',  ( 0.7729283217695472900, -16.57442141530000500, 11.50000000000000200 ) ) ;
#3397 = CARTESIAN_POINT ( 'NONE',  ( 4.600009403500556500, 4.608579834705600400, 11.50000000000000200 ) ) ;
#3398 = VECTOR ( 'NONE', #5784, 1000.000000000000000 ) ;
#3399 = CARTESIAN_POINT ( 'NONE',  ( 9.000000000000000000, -22.60000000000000100, 0.0000000000000000000 ) ) ;
#3400 = CARTESIAN_POINT ( 'NONE',  ( 2.326828918379968200E-015, 1.499999999999997800, 10.49999999999999800 ) ) ;
#3401 = CARTESIAN_POINT ( 'NONE',  ( -4.476918044793954700, 4.724898781496086100, 11.49999999999999800 ) ) ;
#3402 = EDGE_CURVE ( 'NONE', #3441, #1014, #1965, .T. ) ;
#3403 = CARTESIAN_POINT ( 'NONE',  ( 1.268387096774317400, 12.43999999999999600, 11.49999999999999500 ) ) ;
#3404 = FACE_BOUND ( 'NONE', #3511, .T. ) ;
#3405 = DIRECTION ( 'NONE',  ( -0.0000000000000000000, 1.000000000000000000, 0.0000000000000000000 ) ) ;
#3406 = CARTESIAN_POINT ( 'NONE',  ( 1.732272201515753700, 6.739277652295909200, 11.49999999999999800 ) ) ;
#3407 = CARTESIAN_POINT ( 'NONE',  ( 4.608618681574781400, 4.605031446540877500, 11.50000000000000000 ) ) ;
#3408 = DIRECTION ( 'NONE',  ( -0.0000000000000000000, -0.0000000000000000000, 1.000000000000000000 ) ) ;
#3409 = DIRECTION ( 'NONE',  ( 1.000000000000000000, 0.0000000000000000000, -0.0000000000000000000 ) ) ;
#3410 = LINE ( 'NONE', #2420, #5318 ) ;
#3411 = CARTESIAN_POINT ( 'NONE',  ( -3.609103792467773800, -10.39450370910527100, 11.50000000000000200 ) ) ;
#3412 = VECTOR ( 'NONE', #396, 1000.000000000000100 ) ;
#3413 = EDGE_CURVE ( 'NONE', #3621, #6601, #795, .T. ) ;
#3414 = VERTEX_POINT ( 'NONE', #1210 ) ;
#3415 = CARTESIAN_POINT ( 'NONE',  ( -1.106785427151873600, -10.39106418117873400, 11.50000000000000400 ) ) ;
#3416 = CARTESIAN_POINT ( 'NONE',  ( 4.649394218656883700, 4.888565919839411600, 11.50000000000000000 ) ) ;
#3417 = CARTESIAN_POINT ( 'NONE',  ( -3.339349056186351900, 4.591008621794886200, 11.49999999999999800 ) ) ;
#3418 = CARTESIAN_POINT ( 'NONE',  ( 0.7043969495414192900, -16.25824851390577000, 11.50000000000000000 ) ) ;
#3419 = CARTESIAN_POINT ( 'NONE',  ( 0.4455004898218407600, -14.06110876820846800, 11.50000000000000000 ) ) ;
#3420 = CARTESIAN_POINT ( 'NONE',  ( -2.983773177783259500, -17.05216368684364500, 11.49999999999999800 ) ) ;
#3421 = CARTESIAN_POINT ( 'NONE',  ( 2.510719950881220400, 6.445002351826315300, 11.49999999999999800 ) ) ;
#3422 = FACE_BOUND ( 'NONE', #5733, .T. ) ;
#3423 = CARTESIAN_POINT ( 'NONE',  ( -1.493493714074270800, 4.916403594581831600, 11.50000000000000200 ) ) ;
#3424 = B_SPLINE_CURVE_WITH_KNOTS ( 'NONE', 3,
 ( #5053, #516, #5834, #1843, #7897, #4393, #5356, #2596, #929, #1627, #7349, #373, #3776, #2861, #6512, #5247, #690, #4292, #3842, #1590, #8395, #9106, #1239, #6909, #4956, #5117, #2760, #5291, #1514, #2816, #700, #1415, #873, #685, #2964, #485, #3331, #6876, #3521, #3600, #7472, #7662, #1938, #9122, #1027, #6475, #3608, #212 ),
 .UNSPECIFIED., .F., .F.,
 ( 4, 1, 1, 1, 1, 1, 1, 1, 1, 1, 1, 1, 1, 1, 1, 1, 1, 1, 1, 1, 1, 1, 1, 1, 1, 1, 1, 1, 1, 1, 1, 1, 1, 1, 1, 1, 1, 1, 1, 1, 1, 1, 1, 1, 1, 4 ),
 ( 0.0000000000000000000, 0.01403981994201652900, 0.02734892653472720300, 0.03993219157836935800, 0.05171477274814206800, 0.06278337574277437200, 0.07315252699492180700, 0.08282646022093764800, 0.09175045371428525200, 0.1087924109443039200, 0.1258114494721722700, 0.1427090773835052500, 0.1597439713016656200, 0.1682281296679158900, 0.1768185846504822800, 0.1855241307585757700, 0.1943642636951175000, 0.2034540152988890700, 0.2127940275589846900, 0.2225062150668174500, 0.2326831788396552800, 0.2428297344060572600, 0.2525733519415041000, 0.2619865577439822700, 0.2713042554737410400, 0.2805799687706487200, 0.2899339005798387000, 0.2993829742269024100, 0.3092301936618771000, 0.3191166419187315700, 0.3288412129434157300, 0.3385366408399552700, 0.3481954319848213900, 0.3579560596310935600, 0.3679735681606469700, 0.3781989969765042800, 0.3888412221311806600, 0.3999297897309923600, 0.4114860404290260300, 0.4235299091476166800, 0.4362258877467473100, 0.4494349060039560800, 0.4632937820522784500, 0.4778121890268290900, 0.4930115993041132000, 0.4999999999999996100 ),
 .UNSPECIFIED. ) ;
#3425 = VERTEX_POINT ( 'NONE', #2172 ) ;
#3426 = CARTESIAN_POINT ( 'NONE',  ( 4.221559092679345100, 4.738516243207146600, 11.49999999999999800 ) ) ;
#3427 = CARTESIAN_POINT ( 'NONE',  ( 1.070207314232595000, 4.675471698113203600, 11.50000000000000000 ) ) ;
#3428 = VERTEX_POINT ( 'NONE', #4065 ) ;
#3429 = CARTESIAN_POINT ( 'NONE',  ( -4.075807805195303500, -16.62679847245079800, 11.50000000000000000 ) ) ;
#3430 = CARTESIAN_POINT ( 'NONE',  ( -1.839645935243296800, 4.841509433962261100, 11.50000000000000400 ) ) ;
#3431 = CARTESIAN_POINT ( 'NONE',  ( -0.9814431605043799600, -13.24265891883146300, 11.49999999999999600 ) ) ;
#3432 = AXIS2_PLACEMENT_3D ( 'NONE', #5781, #5497, #905 ) ;
#3433 = DIRECTION ( 'NONE',  ( 1.000000000000000000, 0.0000000000000000000, 0.0000000000000000000 ) ) ;
#3434 = VECTOR ( 'NONE', #6787, 1000.000000000000000 ) ;
#3435 = EDGE_CURVE ( 'NONE', #1995, #4032, #2159, .T. ) ;
#3436 = CARTESIAN_POINT ( 'NONE',  ( -1.361355666924690200, -16.47642065874923000, 11.50000000000000400 ) ) ;
#3437 = ORIENTED_EDGE ( 'NONE', *, *, #8864, .F. ) ;
#3438 = CARTESIAN_POINT ( 'NONE',  ( -2.156627067318769100, 5.077987421383646400, 11.50000000000000000 ) ) ;
#3439 = CARTESIAN_POINT ( 'NONE',  ( -9.000000000000005300, 22.60000000000000100, 0.0000000000000000000 ) ) ;
#3440 = CARTESIAN_POINT ( 'NONE',  ( -3.243028179028737000, -16.31075234030661000, 11.50000000000000000 ) ) ;
#3441 = VERTEX_POINT ( 'NONE', #6114 ) ;
#3442 = CARTESIAN_POINT ( 'NONE',  ( 4.297224830829819100, 5.410150928303881600, 11.50000000000000400 ) ) ;
#3443 = CARTESIAN_POINT ( 'NONE',  ( 0.0000000000000000000, 4.670440251572323100, 11.50000000000000000 ) ) ;
#3444 = CARTESIAN_POINT ( 'NONE',  ( 3.894726018698757100, -16.58302491471852100, 11.50000000000000000 ) ) ;
#3445 = CARTESIAN_POINT ( 'NONE',  ( -1.232304378441569300, 5.332071747671567300, 11.50000000000000400 ) ) ;
#3446 = ORIENTED_EDGE ( 'NONE', *, *, #5390, .F. ) ;
#3447 = CARTESIAN_POINT ( 'NONE',  ( 4.169890313927370000, -16.81197809286463100, 11.50000000000000000 ) ) ;
#3448 = ORIENTED_EDGE ( 'NONE', *, *, #3323, .F. ) ;
#3449 = EDGE_CURVE ( 'NONE', #6284, #560, #585, .T. ) ;
#3450 = CARTESIAN_POINT ( 'NONE',  ( 4.305955855154617300, -16.74515186822938900, 11.50000000000000000 ) ) ;
#3451 = ORIENTED_EDGE ( 'NONE', *, *, #7161, .F. ) ;
#3452 = CARTESIAN_POINT ( 'NONE',  ( 1.014157753990809800, -16.34968332708677300, 11.50000000000000400 ) ) ;
#3453 = CARTESIAN_POINT ( 'NONE',  ( 0.9080026115109807200, -16.94800811098864200, 11.49999999999999800 ) ) ;
#3454 = LINE ( 'NONE', #6470, #125 ) ;
#3455 = ORIENTED_EDGE ( 'NONE', *, *, #5958, .F. ) ;
#3456 = ORIENTED_EDGE ( 'NONE', *, *, #8406, .T. ) ;
#3457 = CARTESIAN_POINT ( 'NONE',  ( -4.034944367893237100, 4.865140858098657300, 11.50000000000000000 ) ) ;
#3458 = EDGE_CURVE ( 'NONE', #5717, #9213, #7272, .T. ) ;
#3459 = CARTESIAN_POINT ( 'NONE',  ( 2.745822900258694700, 4.650475298737069000, 11.50000000000000000 ) ) ;
#3460 = CARTESIAN_POINT ( 'NONE',  ( 0.1800090242658588800, -14.48693511351965000, 11.50000000000000400 ) ) ;
#3461 = CARTESIAN_POINT ( 'NONE',  ( 0.9838007049750244800, -10.99633356809837700, 11.49999999999999600 ) ) ;
#3462 = CARTESIAN_POINT ( 'NONE',  ( 4.418037729332463700, -17.04362505728102700, 11.50000000000000000 ) ) ;
#3463 = CARTESIAN_POINT ( 'NONE',  ( 3.919078585915921000, 5.318454927205365800, 11.49999999999999800 ) ) ;
#3464 = CARTESIAN_POINT ( 'NONE',  ( 4.684101429032410600, -17.09187396162048200, 11.49999999999999500 ) ) ;
#3465 = DIRECTION ( 'NONE',  ( -0.3217113876610897500, -0.9468377807466156200, 0.0000000000000000000 ) ) ;
#3466 = CARTESIAN_POINT ( 'NONE',  ( 1.023391812865496000, -16.42667500186679100, 11.50000000000000000 ) ) ;
#3467 = VECTOR ( 'NONE', #5150, 1000.000000000000000 ) ;
#3468 = VECTOR ( 'NONE', #4715, 1000.000000000000000 ) ;
#3469 = B_SPLINE_CURVE_WITH_KNOTS ( 'NONE', 3,
 ( #3843, #6143, #7589, #5978, #5445, #4250, #5613, #245, #7115, #3777, #1539, #2469, #2354, #6995, #8239, #1962, #8818, #5777, #5028 ),
 .UNSPECIFIED., .F., .F.,
 ( 4, 1, 1, 1, 1, 1, 1, 1, 1, 1, 1, 1, 1, 1, 1, 1, 4 ),
 ( 0.0000000000000000000, 0.07430086362716381600, 0.1423571741066215200, 0.2051906622399957100, 0.2635600992703169800, 0.3177118582826903300, 0.3694107940898389000, 0.4196900733315949200, 0.4696451093721205600, 0.5203595568597811900, 0.5743337014496462400, 0.6319612925940389900, 0.6937008065525835900, 0.7612341439568891500, 0.8340716609357495800, 0.9135992116454815200, 1.000000000000000000 ),
 .UNSPECIFIED. ) ;
#3470 = DIRECTION ( 'NONE',  ( -0.0000000000000000000, 0.0000000000000000000, 1.000000000000000000 ) ) ;
#3471 = ORIENTED_EDGE ( 'NONE', *, *, #6684, .F. ) ;
#3472 = CARTESIAN_POINT ( 'NONE',  ( 3.117326757597731900, -9.666453238700455600, 11.50000000000000000 ) ) ;
#3473 = ORIENTED_EDGE ( 'NONE', *, *, #7076, .F. ) ;
#3474 = CARTESIAN_POINT ( 'NONE',  ( 4.749011068629576100, -16.62880553484501800, 11.49999999999999600 ) ) ;
#3475 = CARTESIAN_POINT ( 'NONE',  ( -1.544002968769140800, -16.58159879036106300, 11.50000000000000400 ) ) ;
#3476 = CARTESIAN_POINT ( 'NONE',  ( -3.595986891987166300, -16.37711061328752700, 11.50000000000000000 ) ) ;
#3477 = ADVANCED_FACE ( 'NONE', ( #1797 ), #2548, .T. ) ;
#3478 = CARTESIAN_POINT ( 'NONE',  ( 4.827891242670833800, 4.641622212495794200, 11.49999999999999600 ) ) ;
#3479 = AXIS2_PLACEMENT_3D ( 'NONE', #4522, #8202, #7476 ) ;
#3480 = ORIENTED_EDGE ( 'NONE', *, *, #2983, .T. ) ;
#3481 = DIRECTION ( 'NONE',  ( 0.8645071866841925700, 0.5026204573745310900, 0.0000000000000000000 ) ) ;
#3482 = CARTESIAN_POINT ( 'NONE',  ( 1.820265548567559000, 5.274213836477984300, 11.50000000000000400 ) ) ;
#3483 = CARTESIAN_POINT ( 'NONE',  ( -3.174988772698377200, -16.72170363822110100, 11.50000000000000200 ) ) ;
#3484 = CARTESIAN_POINT ( 'NONE',  ( -0.6482518652596026600, 4.673397053170702100, 11.50000000000000000 ) ) ;
#3485 = CARTESIAN_POINT ( 'NONE',  ( -3.245607344551414600, 4.637027378954983600, 11.50000000000000400 ) ) ;
#3486 = CIRCLE ( 'NONE', #7580, 0.7000000000000000700 ) ;
#3487 = CARTESIAN_POINT ( 'NONE',  ( 1.083997204752045600, 4.745911949685531500, 11.50000000000000400 ) ) ;
#3488 = VECTOR ( 'NONE', #93, 1000.000000000000000 ) ;
#3489 = EDGE_LOOP ( 'NONE', ( #3868, #7470, #5748, #2128, #6589, #5076, #5996 ) ) ;
#3490 = DIRECTION ( 'NONE',  ( 0.0000000000000000000, -0.0000000000000000000, -1.000000000000000000 ) ) ;
#3491 = CARTESIAN_POINT ( 'NONE',  ( -2.383717914301682200, 5.341165572592255600, 11.49999999999999600 ) ) ;
#3492 = ORIENTED_EDGE ( 'NONE', *, *, #3569, .F. ) ;
#3493 = VERTEX_POINT ( 'NONE', #8669 ) ;
#3494 = CARTESIAN_POINT ( 'NONE',  ( 4.847368416726973300, 5.333477811389798300, 11.49999999999999800 ) ) ;
#3495 = CARTESIAN_POINT ( 'NONE',  ( -4.114457604714560000, 5.051043146345805600, 11.50000000000000500 ) ) ;
#3496 = AXIS2_PLACEMENT_3D ( 'NONE', #572, #3405, #7999 ) ;
#3497 = CARTESIAN_POINT ( 'NONE',  ( -1.316327359062357600, 12.00221006600346700, 11.49999999999999600 ) ) ;
#3498 = EDGE_CURVE ( 'NONE', #9050, #7431, #3913, .T. ) ;
#3499 = ORIENTED_EDGE ( 'NONE', *, *, #2336, .T. ) ;
#3500 = CARTESIAN_POINT ( 'NONE',  ( 2.056287800455385700, -11.04222487968065300, 11.49999999999999800 ) ) ;
#3501 = CARTESIAN_POINT ( 'NONE',  ( -2.912626894197392100, 4.928679663583717600, 11.50000000000000200 ) ) ;
#3502 = CARTESIAN_POINT ( 'NONE',  ( 0.3266151041965427700, -16.72793888348512700, 11.50000000000000200 ) ) ;
#3503 = CARTESIAN_POINT ( 'NONE',  ( 4.176100628930941900, 5.405031446540876400, 11.50000000000000000 ) ) ;
#3504 = ORIENTED_EDGE ( 'NONE', *, *, #9167, .T. ) ;
#3505 = CARTESIAN_POINT ( 'NONE',  ( 4.800870809864392200, -16.83669386079868200, 11.50000000000000000 ) ) ;
#3506 = VERTEX_POINT ( 'NONE', #2806 ) ;
#3507 = CARTESIAN_POINT ( 'NONE',  ( 0.5907780637068051900, -16.97975032129706500, 11.49999999999999800 ) ) ;
#3508 = DIRECTION ( 'NONE',  ( 0.0000000000000000000, 0.0000000000000000000, 1.000000000000000000 ) ) ;
#3509 = CARTESIAN_POINT ( 'NONE',  ( 3.048712984464522400, -9.567218746332839500, 11.50000000000000000 ) ) ;
#3510 = AXIS2_PLACEMENT_3D ( 'NONE', #8350, #8789, #6580 ) ;
#3511 = EDGE_LOOP ( 'NONE', ( #4526, #1330, #3278, #8758, #353, #2882, #5476, #5129, #7066, #3471 ) ) ;
#3512 = EDGE_CURVE ( 'NONE', #4353, #8154, #6047, .T. ) ;
#3513 = VECTOR ( 'NONE', #6142, 1000.000000000000100 ) ;
#3514 = CARTESIAN_POINT ( 'NONE',  ( 4.218392935113760300, 5.407338971710998100, 11.50000000000000000 ) ) ;
#3515 = CARTESIAN_POINT ( 'NONE',  ( 6.899999999999999500, -9.723564011813074600, 11.00000000000000000 ) ) ;
#3516 = CARTESIAN_POINT ( 'NONE',  ( 8.285786437626933700, -23.69999999999999900, 2.000000000000000000 ) ) ;
#3517 = DIRECTION ( 'NONE',  ( -0.2509621587837259600, -0.9679968981658009200, 0.0000000000000000000 ) ) ;
#3518 = CARTESIAN_POINT ( 'NONE',  ( -2.058064516128908800, 10.64774193548386800, 11.50000000000000000 ) ) ;
#3519 = VERTEX_POINT ( 'NONE', #6290 ) ;
#3520 = FACE_OUTER_BOUND ( 'NONE', #5354, .T. ) ;
#3521 = CARTESIAN_POINT ( 'NONE',  ( 0.3737653124402770000, -14.48677178180192000, 11.49999999999999800 ) ) ;
#3522 = CARTESIAN_POINT ( 'NONE',  ( -3.154446614015888900, -16.88537719132208500, 11.50000000000000400 ) ) ;
#3523 = CARTESIAN_POINT ( 'NONE',  ( -8.992893218813472700, -24.40710678118654200, 0.0000000000000000000 ) ) ;
#3524 = DIRECTION ( 'NONE',  ( -0.0000000000000000000, 0.0000000000000000000, 1.000000000000000000 ) ) ;
#3525 = ORIENTED_EDGE ( 'NONE', *, *, #5474, .T. ) ;
#3526 = CARTESIAN_POINT ( 'NONE',  ( 3.721972940937399200, -16.26305084136936300, 11.50000000000000000 ) ) ;
#3527 = EDGE_CURVE ( 'NONE', #9058, #3881, #6625, .T. ) ;
#3528 = CARTESIAN_POINT ( 'NONE',  ( -4.306132764991288800, 4.992834097856213100, 11.50000000000000000 ) ) ;
#3529 = ADVANCED_FACE ( 'NONE', ( #1034, #4144 ), #4096, .T. ) ;
#3530 = DIRECTION ( 'NONE',  ( 0.0000000000000000000, -1.000000000000000000, 0.0000000000000000000 ) ) ;
#3531 = VECTOR ( 'NONE', #3826, 1000.000000000000000 ) ;
#3532 = CARTESIAN_POINT ( 'NONE',  ( -0.9048849700432612900, 5.012456121961168500, 11.49999999999999800 ) ) ;
#3533 = CARTESIAN_POINT ( 'NONE',  ( 0.6141049662047578500, -16.48589344492103900, 11.50000000000000000 ) ) ;
#3534 = CARTESIAN_POINT ( 'NONE',  ( 0.1966477920546297300, -14.45829267226341500, 11.50000000000000500 ) ) ;
#3535 = VERTEX_POINT ( 'NONE', #2954 ) ;
#3536 = CARTESIAN_POINT ( 'NONE',  ( -0.1523528963492989900, -11.24526693358452800, 11.50000000000000000 ) ) ;
#3537 = PERSON_AND_ORGANIZATION_ROLE ( 'creator' ) ;
#3538 = CARTESIAN_POINT ( 'NONE',  ( -4.518238993710567400, 5.405031446540874600, 11.50000000000000000 ) ) ;
#3539 = EDGE_CURVE ( 'NONE', #2051, #2209, #2260, .T. ) ;
#3540 = CARTESIAN_POINT ( 'NONE',  ( 0.6014352494620063300, -16.99357910520262400, 11.49999999999999600 ) ) ;
#3541 = CARTESIAN_POINT ( 'NONE',  ( -2.339181286549706600, -10.73274853801170200, 11.50000000000000000 ) ) ;
#3542 = B_SPLINE_CURVE_WITH_KNOTS ( 'NONE', 3,
 ( #5935, #4122, #2139, #5775, #3554, #7195, #2788, #5435, #2059, #2535, #149, #3344, #4800, #309, #1881, #957, #1564, #5632, #7217 ),
 .UNSPECIFIED., .F., .F.,
 ( 4, 1, 1, 1, 1, 1, 1, 1, 1, 1, 1, 1, 1, 1, 1, 1, 4 ),
 ( 0.0000000000000000000, 0.06959494976824154300, 0.1356551858180307100, 0.1990164094939930200, 0.2602757802821280600, 0.3198061140799888200, 0.3779501852240394500, 0.4357181858464059800, 0.4943136619663769400, 0.5529091380863527800, 0.6113970584925372300, 0.6703090909794700000, 0.7310523668865688300, 0.7939963725836478600, 0.8590830936529807400, 0.9277659402167258700, 1.000000000000000000 ),
 .UNSPECIFIED. ) ;
#3543 = CARTESIAN_POINT ( 'NONE',  ( -3.073589710950334300, -16.28874954630043300, 11.49999999999999800 ) ) ;
#3544 = CARTESIAN_POINT ( 'NONE',  ( 1.715715815910722400, 4.645412381279059300, 11.50000000000000200 ) ) ;
#3545 = CARTESIAN_POINT ( 'NONE',  ( 0.7000000000000024000, 1.499999999999997800, 10.49999999999999800 ) ) ;
#3546 = EDGE_LOOP ( 'NONE', ( #4156, #8237, #6241, #3455, #2712, #3223, #5917 ) ) ;
#3547 = CARTESIAN_POINT ( 'NONE',  ( 0.3194759109809354200, 8.565369248289275800, 11.50000000000000200 ) ) ;
#3548 = CARTESIAN_POINT ( 'NONE',  ( -2.008531543115929600, 6.883117635572814300, 11.50000000000000000 ) ) ;
#3549 = CARTESIAN_POINT ( 'NONE',  ( 3.824171671711948100, -16.63325222261772400, 11.50000000000000000 ) ) ;
#3550 = CARTESIAN_POINT ( 'NONE',  ( 0.0000000000000000000, 0.0000000000000000000, 11.50000000000000000 ) ) ;
#3551 = PERSON_AND_ORGANIZATION_ROLE ( 'classification_officer' ) ;
#3552 = ORIENTED_EDGE ( 'NONE', *, *, #3435, .F. ) ;
#3553 = PERSON_AND_ORGANIZATION ( #2876, #7351 ) ;
#3554 = CARTESIAN_POINT ( 'NONE',  ( 4.047563180368894300, -16.35910245131436700, 11.50000000000000000 ) ) ;
#3555 = LINE ( 'NONE', #5730, #5447 ) ;
#3556 = DIRECTION ( 'NONE',  ( 0.0000000000000000000, 1.000000000000000000, 0.0000000000000000000 ) ) ;
#3557 = VERTEX_POINT ( 'NONE', #818 ) ;
#3558 = CARTESIAN_POINT ( 'NONE',  ( 4.710551004898425400, 5.013134087609890900, 11.49999999999999600 ) ) ;
#3559 = DIRECTION ( 'NONE',  ( 1.000000000000000000, 0.0000000000000000000, 0.0000000000000000000 ) ) ;
#3560 = B_SPLINE_CURVE_WITH_KNOTS ( 'NONE', 3,
 ( #1228, #4055, #6329, #1493, #2514, #1461, #7377, #1558, #2828, #4235, #7250, #8302, #2538, #9150, #1579, #7130, #5392, #3544, #7157 ),
 .UNSPECIFIED., .F., .F.,
 ( 4, 1, 1, 1, 1, 1, 1, 1, 1, 1, 1, 1, 1, 1, 1, 1, 4 ),
 ( 0.0000000000000000000, 0.08125094924663689400, 0.1574404458522568100, 0.2294493648785833600, 0.2965412916786501800, 0.3595543660162229300, 0.4191820787698039600, 0.4760794800889769400, 0.5309994034631813100, 0.5852586592914877900, 0.6387849712346552700, 0.6929610771347036700, 0.7486572923440914000, 0.8060543140120144400, 0.8671051529797781900, 0.9311488872981038600, 0.9999999999999998900 ),
 .UNSPECIFIED. ) ;
#3561 = VERTEX_POINT ( 'NONE', #8569 ) ;
#3562 = DIRECTION ( 'NONE',  ( 1.000000000000000000, 0.0000000000000000000, 0.0000000000000000000 ) ) ;
#3563 = CARTESIAN_POINT ( 'NONE',  ( -1.072965205529105700, -11.46597998694884700, 11.50000000000000400 ) ) ;
#3564 = VERTEX_POINT ( 'NONE', #4787 ) ;
#3565 = CARTESIAN_POINT ( 'NONE',  ( 2.466169306159473600, -11.26591074513957800, 11.49999999999999800 ) ) ;
#3566 = CARTESIAN_POINT ( 'NONE',  ( 3.186023759608787500, 5.183647798742134300, 11.50000000000000000 ) ) ;
#3567 = CARTESIAN_POINT ( 'NONE',  ( -12.90000000000000200, 42.00000000000001400, 10.99999999999999300 ) ) ;
#3568 = CARTESIAN_POINT ( 'NONE',  ( -1.416837853097143500, -16.14461791158611700, 11.49999999999999800 ) ) ;
#3569 = EDGE_CURVE ( 'NONE', #6933, #5709, #5377, .T. ) ;
#3570 = CARTESIAN_POINT ( 'NONE',  ( 0.6365247205916357800, -17.15268241556720600, 11.50000000000000500 ) ) ;
#3571 = VECTOR ( 'NONE', #1427, 1000.000000000000100 ) ;
#3572 = CARTESIAN_POINT ( 'NONE',  ( -4.034171283303657600, 5.156173621501522100, 11.50000000000000200 ) ) ;
#3573 = FACE_OUTER_BOUND ( 'NONE', #4838, .T. ) ;
#3574 = CARTESIAN_POINT ( 'NONE',  ( 2.573366720143081700, 7.313484110676545100, 11.49999999999999800 ) ) ;
#3575 = CARTESIAN_POINT ( 'NONE',  ( 3.857174762335058700, -16.61781142056646500, 11.49999999999999800 ) ) ;
#3577 = ORIENTED_EDGE ( 'NONE', *, *, #3983, .T. ) ;
#3576 = CARTESIAN_POINT ( 'NONE',  ( 0.4811093347789170400, 5.318534887855259200, 11.50000000000000700 ) ) ;
#3578 = CARTESIAN_POINT ( 'NONE',  ( 4.386287057897039400, -17.02539848243307900, 11.49999999999999800 ) ) ;
#3579 = CARTESIAN_POINT ( 'NONE',  ( -1.404316847785386900, -11.08988358902590800, 11.49999999999999800 ) ) ;
#3580 = CARTESIAN_POINT ( 'NONE',  ( 3.713450292397659300, -16.26293231180831400, 11.50000000000000000 ) ) ;
#3581 = VERTEX_POINT ( 'NONE', #1380 ) ;
#3582 = EDGE_CURVE ( 'NONE', #3890, #2362, #6504, .T. ) ;
#3583 = DIRECTION ( 'NONE',  ( -1.000000000000000000, 0.0000000000000000000, -0.0000000000000000000 ) ) ;
#3584 = EDGE_LOOP ( 'NONE', ( #4149, #6632, #6180, #5102 ) ) ;
#3585 = VECTOR ( 'NONE', #537, 999.9999999999998900 ) ;
#3586 = CARTESIAN_POINT ( 'NONE',  ( -1.671436797890073500, -16.19040508130281400, 11.50000000000000400 ) ) ;
#3587 = CARTESIAN_POINT ( 'NONE',  ( 0.1815671853722393700, -13.27914346515692200, 11.50000000000000400 ) ) ;
#3588 = ORIENTED_EDGE ( 'NONE', *, *, #3527, .F. ) ;
#3589 = CARTESIAN_POINT ( 'NONE',  ( -1.368421052631579400, -16.61965745800714300, 11.50000000000000000 ) ) ;
#3590 = PLANE ( 'NONE',  #6498 ) ;
#3591 = CARTESIAN_POINT ( 'NONE',  ( 0.2702310933616239900, -14.14031162654895400, 11.50000000000000000 ) ) ;
#3592 = CARTESIAN_POINT ( 'NONE',  ( 0.0000000000000000000, 4.650314465408802000, 11.50000000000000000 ) ) ;
#3593 = EDGE_CURVE ( 'NONE', #6879, #6330, #2700, .T. ) ;
#3594 = LINE ( 'NONE', #6778, #3585 ) ;
#3595 = CARTESIAN_POINT ( 'NONE',  ( 4.420869942786772800, 4.899936923852818500, 11.50000000000000200 ) ) ;
#3596 = CARTESIAN_POINT ( 'NONE',  ( -0.1039826124140833400, -17.14960988684451200, 11.49999999999999800 ) ) ;
#3597 = CARTESIAN_POINT ( 'NONE',  ( 0.5932774099921515100, -16.62881264989842100, 11.49999999999999800 ) ) ;
#3598 = DIRECTION ( 'NONE',  ( 1.000000000000000000, 0.0000000000000000000, 0.0000000000000000000 ) ) ;
#3599 = VERTEX_POINT ( 'NONE', #3438 ) ;
#3600 = CARTESIAN_POINT ( 'NONE',  ( 0.3890672947279122400, -14.44274626103801600, 11.50000000000000000 ) ) ;
#3601 = LINE ( 'NONE', #3718, #9077 ) ;
#3602 = ORIENTED_EDGE ( 'NONE', *, *, #2506, .F. ) ;
#3603 = VERTEX_POINT ( 'NONE', #1237 ) ;
#3604 = CARTESIAN_POINT ( 'NONE',  ( -2.398269248050462800, 6.612954879374585800, 11.50000000000000200 ) ) ;
#3605 = CARTESIAN_POINT ( 'NONE',  ( -2.929623464081192500, -9.216868228715414400, 11.49999999999999600 ) ) ;
#3606 = CARTESIAN_POINT ( 'NONE',  ( -3.729949251787715500, -16.25172428313386800, 11.50000000000000000 ) ) ;
#3607 = DIRECTION ( 'NONE',  ( -1.000000000000000000, 0.0000000000000000000, -0.0000000000000000000 ) ) ;
#3608 = CARTESIAN_POINT ( 'NONE',  ( 0.4437799296182129400, -14.10159475452194000, 11.50000000000000000 ) ) ;
#3609 = ORIENTED_EDGE ( 'NONE', *, *, #8975, .F. ) ;
#3610 = CARTESIAN_POINT ( 'NONE',  ( -2.227257141823218800, 5.026991364732588800, 11.50000000000000000 ) ) ;
#3611 = ORIENTED_EDGE ( 'NONE', *, *, #5021, .F. ) ;
#3612 = CARTESIAN_POINT ( 'NONE',  ( 3.758525919420743200, 4.928557680474371600, 11.49999999999999800 ) ) ;
#3613 = CARTESIAN_POINT ( 'NONE',  ( 0.1485989237149415200, -13.26110660731501800, 11.49999999999999600 ) ) ;
#3614 = CARTESIAN_POINT ( 'NONE',  ( -1.949592359655130100, 5.213836477987418200, 11.50000000000000200 ) ) ;
#3615 = ORIENTED_EDGE ( 'NONE', *, *, #7857, .F. ) ;
#3616 = LINE ( 'NONE', #7301, #5514 ) ;
#3617 = CARTESIAN_POINT ( 'NONE',  ( -0.09015529107327240100, -17.03198457404965500, 11.50000000000000200 ) ) ;
#3618 = VERTEX_POINT ( 'NONE', #8271 ) ;
#3619 = CARTESIAN_POINT ( 'NONE',  ( 4.491296396523454200, 4.743476158292973600, 11.50000000000000400 ) ) ;
#3620 = EDGE_CURVE ( 'NONE', #3957, #8057, #3329, .T. ) ;
#3621 = VERTEX_POINT ( 'NONE', #1840 ) ;
#3622 = DIRECTION ( 'NONE',  ( 1.000000000000000000, 6.938893903907228400E-015, 0.0000000000000000000 ) ) ;
#3623 = CARTESIAN_POINT ( 'NONE',  ( -2.707723810955732900, -16.24634286573282800, 11.50000000000000000 ) ) ;
#3624 = DIRECTION ( 'NONE',  ( 0.0000000000000000000, 0.0000000000000000000, 1.000000000000000000 ) ) ;
#3625 = ORIENTED_EDGE ( 'NONE', *, *, #5928, .T. ) ;
#3626 = DIRECTION ( 'NONE',  ( -1.000000000000000000, 0.0000000000000000000, -0.0000000000000000000 ) ) ;
#3627 = CARTESIAN_POINT ( 'NONE',  ( 2.620774815690294800, -11.42063247790955100, 11.50000000000000000 ) ) ;
#3628 = CARTESIAN_POINT ( 'NONE',  ( -3.172397205330451900, -16.56774831354211800, 11.50000000000000000 ) ) ;
#3629 = PLANE ( 'NONE',  #525 ) ;
#3630 = CARTESIAN_POINT ( 'NONE',  ( -4.518238993710567400, 5.405031446540874600, 11.50000000000000000 ) ) ;
#3631 = CC_DESIGN_PERSON_AND_ORGANIZATION_ASSIGNMENT ( #8803, #3537, ( #2205 ) ) ;
#3632 = CARTESIAN_POINT ( 'NONE',  ( 3.444444444444443800, -16.15182120069719900, 11.50000000000000000 ) ) ;
#3633 = EDGE_CURVE ( 'NONE', #2285, #7289, #8175, .T. ) ;
#3634 = PLANE ( 'NONE',  #6738 ) ;
#3635 = CARTESIAN_POINT ( 'NONE',  ( -2.049676543748245400, 4.977575609025676900, 11.49999999999999800 ) ) ;
#3636 = CARTESIAN_POINT ( 'NONE',  ( 4.645879662600402900, 5.416661897490443200, 11.50000000000000000 ) ) ;
#3637 = VERTEX_POINT ( 'NONE', #7183 ) ;
#3638 = CARTESIAN_POINT ( 'NONE',  ( -3.016244041551777500, 4.656567440518067300, 11.49999999999999300 ) ) ;
#3639 = CARTESIAN_POINT ( 'NONE',  ( 2.588387096774317400, 6.981935483870963700, 11.50000000000000000 ) ) ;
#3640 = CARTESIAN_POINT ( 'NONE',  ( -3.894458144440685400, -16.95032395799255200, 11.49999999999999100 ) ) ;
#3641 = EDGE_CURVE ( 'NONE', #7024, #7167, #4603, .T. ) ;
#3642 = ORIENTED_EDGE ( 'NONE', *, *, #8076, .F. ) ;
#3643 = CARTESIAN_POINT ( 'NONE',  ( -0.1897351308537296200, -13.50195325643606000, 11.50000000000000400 ) ) ;
#3644 = CARTESIAN_POINT ( 'NONE',  ( 2.858379318721522300, -9.457741604276259700, 11.49999999999999800 ) ) ;
#3645 = CARTESIAN_POINT ( 'NONE',  ( -2.645623633705850100, 4.658341716544083700, 11.50000000000000400 ) ) ;
#3646 = CARTESIAN_POINT ( 'NONE',  ( 2.309171780297743400, -10.78157098015294200, 11.50000000000000000 ) ) ;
#3647 = CARTESIAN_POINT ( 'NONE',  ( 1.785305723109189100, 4.654117211802896400, 11.49999999999999600 ) ) ;
#3648 = CARTESIAN_POINT ( 'NONE',  ( -1.236762096355585000, 10.85641088583559200, 11.50000000000000000 ) ) ;
#3649 = LINE ( 'NONE', #742, #5543 ) ;
#3650 = CARTESIAN_POINT ( 'NONE',  ( -0.6038709677418119300, 10.74580645161290000, 11.49999999999999600 ) ) ;
#3651 = CARTESIAN_POINT ( 'NONE',  ( 3.583881276191168500, 11.75725721934499100, 11.49999999999999500 ) ) ;
#3652 = CARTESIAN_POINT ( 'NONE',  ( -0.6248378508864669300, -10.13874699914471100, 11.49999999999999800 ) ) ;
#3653 = VECTOR ( 'NONE', #5981, 1000.000000000000000 ) ;
#3654 = ORIENTED_EDGE ( 'NONE', *, *, #3527, .T. ) ;
#3655 = CARTESIAN_POINT ( 'NONE',  ( -3.767195800120255900, -16.25173898480684900, 11.49999999999999800 ) ) ;
#3656 = AXIS2_PLACEMENT_3D ( 'NONE', #68, #5666, #4262 ) ;
#3657 = CARTESIAN_POINT ( 'NONE',  ( -3.288125083258726500, 4.636445379915931800, 11.50000000000000200 ) ) ;
#3658 = PLANE ( 'NONE',  #6920 ) ;
#3659 = CARTESIAN_POINT ( 'NONE',  ( 0.7836257309941512300, -16.57872178549252600, 11.50000000000000200 ) ) ;
#3660 = ORIENTED_EDGE ( 'NONE', *, *, #1236, .F. ) ;
#3661 = CARTESIAN_POINT ( 'NONE',  ( 3.783514004388428100, -16.75932966077249400, 11.49999999999999800 ) ) ;
#3662 = ADVANCED_FACE ( 'NONE', ( #5161 ), #3590, .T. ) ;
#3664 = VECTOR ( 'NONE', #5363, 1000.000000000000000 ) ;
#3663 = CARTESIAN_POINT ( 'NONE',  ( 0.8627531628578006800, -17.01483299107993100, 11.49999999999999800 ) ) ;
#3665 = ORIENTED_EDGE ( 'NONE', *, *, #2591, .T. ) ;
#3666 = CARTESIAN_POINT ( 'NONE',  ( 4.292010249243078100, 4.650314465408802000, 11.50000000000000000 ) ) ;
#3667 = DIRECTION ( 'NONE',  ( 0.0000000000000000000, 1.000000000000000000, 0.0000000000000000000 ) ) ;
#3668 = VECTOR ( 'NONE', #4679, 1000.000000000000000 ) ;
#3669 = CARTESIAN_POINT ( 'NONE',  ( -3.276776147216274200, 4.635220125786159600, 11.50000000000000000 ) ) ;
#3670 = ORIENTED_EDGE ( 'NONE', *, *, #9186, .F. ) ;
#3671 = EDGE_CURVE ( 'NONE', #3019, #3801, #6291, .T. ) ;
#3672 = VERTEX_POINT ( 'NONE', #233 ) ;
#3673 = CARTESIAN_POINT ( 'NONE',  ( 0.0000000000000000000, 0.0000000000000000000, 11.50000000000000000 ) ) ;
#3674 = CARTESIAN_POINT ( 'NONE',  ( -3.990874282936626400, 4.596412289359326700, 11.50000000000000000 ) ) ;
#3675 = ADVANCED_FACE ( 'NONE', ( #3246, #4810, #4686 ), #8047, .T. ) ;
#3676 = CARTESIAN_POINT ( 'NONE',  ( 4.822057835378154200, 5.362157052293644800, 11.50000000000000000 ) ) ;
#3677 = ORIENTED_EDGE ( 'NONE', *, *, #777, .F. ) ;
#3678 = CARTESIAN_POINT ( 'NONE',  ( -3.168566985291347400, -16.21542705408656100, 11.50000000000000000 ) ) ;
#3679 = CIRCLE ( 'NONE', #5763, 0.6000000000000000900 ) ;
#3680 = ORIENTED_EDGE ( 'NONE', *, *, #7270, .F. ) ;
#3681 = CARTESIAN_POINT ( 'NONE',  ( 2.685223700704736600, 4.685390223570160600, 11.50000000000000000 ) ) ;
#3682 = CARTESIAN_POINT ( 'NONE',  ( 3.755394164559091600, 11.10387892735194300, 11.50000000000000000 ) ) ;
#3683 = AXIS2_PLACEMENT_3D ( 'NONE', #8397, #7261, #6718 ) ;
#3684 = CARTESIAN_POINT ( 'NONE',  ( -2.749941161935045600, -11.47803955348654400, 11.50000000000000000 ) ) ;
#3685 = EDGE_CURVE ( 'NONE', #1452, #4387, #3542, .T. ) ;
#3686 = CARTESIAN_POINT ( 'NONE',  ( -1.810802133871745000, -16.90495030022446700, 11.50000000000000000 ) ) ;
#3687 = B_SPLINE_CURVE_WITH_KNOTS ( 'NONE', 3,
 ( #5252, #8821, #8630, #1860, #65, #398, #6111, #8158, #2389, #790, #6492, #5061, #2370, #7366, #8230, #253, #2484, #6003, #4546 ),
 .UNSPECIFIED., .F., .F.,
 ( 4, 1, 1, 1, 1, 1, 1, 1, 1, 1, 1, 1, 1, 1, 1, 1, 4 ),
 ( 0.0000000000000000000, 0.05179036824878136000, 0.1035565146387665800, 0.1545373861109025100, 0.2071327408587800800, 0.2603444684590339200, 0.3159383726747695400, 0.3734977990009010800, 0.4334340020916741500, 0.4952923835765841200, 0.5580631600392926800, 0.6225682259638047900, 0.6899266198072422400, 0.7609818997043646900, 0.8359312685492403800, 0.9152596059428302900, 1.000000000000000000 ),
 .UNSPECIFIED. ) ;
#3688 = CARTESIAN_POINT ( 'NONE',  ( 4.028818634755828600, 4.702075108809295600, 11.49999999999999600 ) ) ;
#3689 = VECTOR ( 'NONE', #9133, 1000.000000000000000 ) ;
#3690 = ORIENTED_EDGE ( 'NONE', *, *, #9130, .T. ) ;
#3691 = VECTOR ( 'NONE', #7789, 1000.000000000000000 ) ;
#3692 = CARTESIAN_POINT ( 'NONE',  ( 0.6128814151653181300, 4.761133499678604300, 11.50000000000000000 ) ) ;
#3693 = CARTESIAN_POINT ( 'NONE',  ( 5.900000000000000400, 42.00000000000001400, 11.50000000000000000 ) ) ;
#3694 = CARTESIAN_POINT ( 'NONE',  ( -3.519879931779388700, 5.207780677256123700, 11.50000000000000200 ) ) ;
#3695 = ORIENTED_EDGE ( 'NONE', *, *, #9217, .T. ) ;
#3696 = ORIENTED_EDGE ( 'NONE', *, *, #3288, .T. ) ;
#3697 = DIRECTION ( 'NONE',  ( 0.9877629653290682700, -0.1559625734730157300, 0.0000000000000000000 ) ) ;
#3698 = CARTESIAN_POINT ( 'NONE',  ( 3.320896040296714700, 5.349897511146812300, 11.50000000000000000 ) ) ;
#3699 = CARTESIAN_POINT ( 'NONE',  ( -3.372300212471288600, 4.593072969508097200, 11.50000000000000000 ) ) ;
#3700 = EDGE_CURVE ( 'NONE', #456, #8777, #4824, .T. ) ;
#3701 = ORIENTED_EDGE ( 'NONE', *, *, #84, .T. ) ;
#3702 = CARTESIAN_POINT ( 'NONE',  ( 2.166519203289797100, 5.385011434023777400, 11.50000000000000000 ) ) ;
#3703 = DIRECTION ( 'NONE',  ( 0.0000000000000000000, 0.0000000000000000000, -1.000000000000000000 ) ) ;
#3704 = ORIENTED_EDGE ( 'NONE', *, *, #6041, .F. ) ;
#3706 = EDGE_LOOP ( 'NONE', ( #5610, #2391, #9068, #3059 ) ) ;
#3705 = CARTESIAN_POINT ( 'NONE',  ( -1.100648921191182500, -13.39457634942112900, 11.50000000000000000 ) ) ;
#3707 = B_SPLINE_CURVE_WITH_KNOTS ( 'NONE', 3,
 ( #6320, #3397, #7416, #7708, #6150, #1971, #7365 ),
 .UNSPECIFIED., .F., .F.,
 ( 4, 1, 1, 1, 4 ),
 ( 0.0000000000000000000, 0.2584341486431903600, 0.5063649199690734000, 0.7523587970493256200, 0.9999999999999998900 ),
 .UNSPECIFIED. ) ;
#3708 = ORIENTED_EDGE ( 'NONE', *, *, #1307, .F. ) ;
#3709 = CARTESIAN_POINT ( 'NONE',  ( 0.2593831045725185600, -13.76589627209960500, 11.50000000000000700 ) ) ;
#3710 = CARTESIAN_POINT ( 'NONE',  ( 3.261130839900491500, -10.58302152470758500, 11.49999999999999600 ) ) ;
#3711 = EDGE_CURVE ( 'NONE', #1611, #2999, #4955, .T. ) ;
#3712 = CARTESIAN_POINT ( 'NONE',  ( 0.3947368421052632700, -9.884795321637431800, 11.50000000000000000 ) ) ;
#3713 = VERTEX_POINT ( 'NONE', #3669 ) ;
#3714 = CARTESIAN_POINT ( 'NONE',  ( -1.983104886901973600, 5.348268520346358900, 11.50000000000000400 ) ) ;
#3715 = DIRECTION ( 'NONE',  ( 1.000000000000000000, 0.0000000000000000000, -0.0000000000000000000 ) ) ;
#3716 = CARTESIAN_POINT ( 'NONE',  ( -4.283375584549845300, 4.916476690767956900, 11.50000000000000200 ) ) ;
#3717 = ORIENTED_EDGE ( 'NONE', *, *, #8699, .F. ) ;
#3718 = CARTESIAN_POINT ( 'NONE',  ( 0.0000000000000000000, 4.599999999999996100, 11.50000000000000000 ) ) ;
#3719 = ORIENTED_EDGE ( 'NONE', *, *, #9158, .T. ) ;
#3720 = CARTESIAN_POINT ( 'NONE',  ( -0.1368235802226040500, -14.55449185352515500, 11.50000000000000400 ) ) ;
#3721 = VERTEX_POINT ( 'NONE', #1496 ) ;
#3722 = B_SPLINE_CURVE_WITH_KNOTS ( 'NONE', 3,
 ( #5394, #779, #6547, #7510, #1445, #8450, #593, #945, #1069, #2708, #8599, #7152, #155, #8293, #5950, #6966, #7353, #5837, #4496 ),
 .UNSPECIFIED., .F., .F.,
 ( 4, 1, 1, 1, 1, 1, 1, 1, 1, 1, 1, 1, 1, 1, 1, 1, 4 ),
 ( 0.0000000000000000000, 0.05405495058272391500, 0.1055369027305742600, 0.1550987108246630900, 0.2034710371725433300, 0.2518711663733835800, 0.3006823552739731300, 0.3506825505462802800, 0.4030397105996137400, 0.4585875548775023600, 0.5184691553020515100, 0.5832592533071785400, 0.6539265070653992300, 0.7305839350763498900, 0.8135539429175201500, 0.9033852184086915700, 1.000000000000000000 ),
 .UNSPECIFIED. ) ;
#3723 = DIRECTION ( 'NONE',  ( 1.000000000000000000, 0.0000000000000000000, 0.0000000000000000000 ) ) ;
#3724 = CARTESIAN_POINT ( 'NONE',  ( -3.533258080270464100, -16.22950439423733500, 11.49999999999999800 ) ) ;
#3725 = CARTESIAN_POINT ( 'NONE',  ( -3.015194211386445400, -16.25674172494170100, 11.49999999999999800 ) ) ;
#3726 = DIRECTION ( 'NONE',  ( -0.0000000000000000000, 0.0000000000000000000, 1.000000000000000000 ) ) ;
#3727 = LINE ( 'NONE', #42, #4732 ) ;
#3728 = ORIENTED_EDGE ( 'NONE', *, *, #3047, .F. ) ;
#3729 = EDGE_CURVE ( 'NONE', #5493, #8078, #814, .T. ) ;
#3730 = CARTESIAN_POINT ( 'NONE',  ( -0.2692236380743166500, 10.23267200660412300, 11.49999999999999800 ) ) ;
#3731 = CARTESIAN_POINT ( 'NONE',  ( -1.785870334632004200, 5.352266060561856200, 11.49999999999999800 ) ) ;
#3732 = ORIENTED_EDGE ( 'NONE', *, *, #4204, .T. ) ;
#3733 = ORIENTED_EDGE ( 'NONE', *, *, #4480, .T. ) ;
#3734 = CARTESIAN_POINT ( 'NONE',  ( -1.225980083654713700, -16.34473517513723100, 11.49999999999999800 ) ) ;
#3735 = CARTESIAN_POINT ( 'NONE',  ( -0.4309482029488406800, -11.62571351020446300, 11.49999999999999800 ) ) ;
#3736 = CARTESIAN_POINT ( 'NONE',  ( 2.500994680985217900, -11.31307604036216600, 11.50000000000000400 ) ) ;
#3737 = CARTESIAN_POINT ( 'NONE',  ( -2.135687265424165200, 5.023888553429323200, 11.50000000000000000 ) ) ;
#3738 = ORIENTED_EDGE ( 'NONE', *, *, #6641, .F. ) ;
#3739 = CYLINDRICAL_SURFACE ( 'NONE', #3683, 0.7000000000000000700 ) ;
#3740 = CARTESIAN_POINT ( 'NONE',  ( 2.002590001681122900, -10.66185198144883700, 11.50000000000000500 ) ) ;
#3741 = ORIENTED_EDGE ( 'NONE', *, *, #2949, .F. ) ;
#3742 = CARTESIAN_POINT ( 'NONE',  ( 0.4641822944249858200, 5.267320404284254700, 11.50000000000000000 ) ) ;
#3743 = CARTESIAN_POINT ( 'NONE',  ( 0.5994152046783625100, -11.44912280701754900, 11.50000000000000000 ) ) ;
#3744 = LINE ( 'NONE', #6343, #7438 ) ;
#3745 = DIRECTION ( 'NONE',  ( 0.0000000000000000000, 0.0000000000000000000, 1.000000000000000000 ) ) ;
#3746 = EDGE_CURVE ( 'NONE', #1487, #7668, #6653, .T. ) ;
#3747 = LINE ( 'NONE', #732, #3855 ) ;
#3748 = ORIENTED_EDGE ( 'NONE', *, *, #1622, .T. ) ;
#3749 = CARTESIAN_POINT ( 'NONE',  ( 4.504635453063251300, 5.364779874213834200, 11.50000000000000200 ) ) ;
#3750 = DIRECTION ( 'NONE',  ( -0.0000000000000000000, 0.0000000000000000000, 1.000000000000000000 ) ) ;
#3751 = CARTESIAN_POINT ( 'NONE',  ( 4.871126492442726900, 5.224427025663194600, 11.50000000000000000 ) ) ;
#3752 = CARTESIAN_POINT ( 'NONE',  ( 2.089325958378086300, -11.15147766037847900, 11.50000000000000400 ) ) ;
#3753 = EDGE_CURVE ( 'NONE', #8705, #1122, #2782, .T. ) ;
#3754 = ORIENTED_EDGE ( 'NONE', *, *, #2957, .F. ) ;
#3755 = CARTESIAN_POINT ( 'NONE',  ( -3.905405667318346800, -16.92237970589090100, 11.49999999999999600 ) ) ;
#3756 = CARTESIAN_POINT ( 'NONE',  ( 1.641686745440662700, 5.143496526544856500, 11.50000000000000400 ) ) ;
#3757 = PLANE ( 'NONE',  #8481 ) ;
#3758 = LINE ( 'NONE', #7755, #5328 ) ;
#3759 = EDGE_LOOP ( 'NONE', ( #9030, #2660, #1733, #7740 ) ) ;
#3760 = CARTESIAN_POINT ( 'NONE',  ( -2.000058596781444800, 8.567101839462633700, 11.49999999999999800 ) ) ;
#3761 = CARTESIAN_POINT ( 'NONE',  ( 2.339831922934215500, -0.7954984125455292200, 11.50000000000000000 ) ) ;
#3762 = EDGE_CURVE ( 'NONE', #737, #695, #6364, .T. ) ;
#3763 = CARTESIAN_POINT ( 'NONE',  ( -2.763157894736841600, -11.75614035087719800, 11.49999999999999600 ) ) ;
#3764 = CARTESIAN_POINT ( 'NONE',  ( -0.5372538555376754600, -10.49828363695692300, 11.50000000000000200 ) ) ;
#3765 = CARTESIAN_POINT ( 'NONE',  ( -2.970760233918129600, -16.14012529426445400, 11.50000000000000000 ) ) ;
#3766 = ORIENTED_EDGE ( 'NONE', *, *, #2063, .T. ) ;
#3767 = CARTESIAN_POINT ( 'NONE',  ( -0.8361290322579412200, 9.006451612903223500, 11.50000000000000000 ) ) ;
#3768 = CARTESIAN_POINT ( 'NONE',  ( 1.838532598841289100, 4.678459714368445400, 11.49999999999999800 ) ) ;
#3769 = CARTESIAN_POINT ( 'NONE',  ( 4.849755415793276300, 5.329559748427669800, 11.50000000000000000 ) ) ;
#3770 = VECTOR ( 'NONE', #5752, 1000.000000000000000 ) ;
#3771 = DIRECTION ( 'NONE',  ( -0.0000000000000000000, 0.0000000000000000000, 1.000000000000000000 ) ) ;
#3772 = B_SPLINE_CURVE_WITH_KNOTS ( 'NONE', 3,
 ( #1862, #6864, #6156, #5454, #5330, #4742, #1164, #5429, #445, #7563, #6189, #1891, #4710, #1801, #3267, #6800, #9079, #1246, #5365, #8996, #532 ),
 .UNSPECIFIED., .F., .F.,
 ( 4, 1, 1, 1, 1, 1, 1, 1, 1, 1, 1, 1, 1, 1, 1, 1, 1, 1, 4 ),
 ( 0.0000000000000000000, 0.008783121362082257900, 0.03075848398913072500, 0.06681210061089282200, 0.1169067008649177200, 0.1810776064963934800, 0.2584139751295185800, 0.3498259747995337000, 0.4553148823169074200, 0.5616813468228041300, 0.6548859502561370500, 0.7357670056957053000, 0.8034882319116452000, 0.8588845975492326300, 0.9011258415947917000, 0.9310400750295364500, 0.9478202048306702000, 0.9817235083692619200, 1.000000000000000000 ),
 .UNSPECIFIED. ) ;
#3773 = CARTESIAN_POINT ( 'NONE',  ( -3.748538011695906800, -17.16351710712994800, 11.50000000000000000 ) ) ;
#3774 = ORIENTED_EDGE ( 'NONE', *, *, #7762, .F. ) ;
#3775 = CARTESIAN_POINT ( 'NONE',  ( 0.4818152872557551800, -0.1008631036123156000, 11.50000000000000000 ) ) ;
#3776 = CARTESIAN_POINT ( 'NONE',  ( -0.4063609273685867600, -14.47489853753097000, 11.50000000000000400 ) ) ;
#3777 = CARTESIAN_POINT ( 'NONE',  ( -4.038867846950584100, 5.316117088202564600, 11.50000000000000000 ) ) ;
#3778 = DIRECTION ( 'NONE',  ( 1.000000000000000000, 0.0000000000000000000, 0.0000000000000000000 ) ) ;
#3779 = CARTESIAN_POINT ( 'NONE',  ( 4.781365012811678000, 4.594968553459115600, 11.50000000000000000 ) ) ;
#3780 = VERTEX_POINT ( 'NONE', #6906 ) ;
#3781 = CARTESIAN_POINT ( 'NONE',  ( -1.707884520888603100, -17.09083014758503800, 11.50000000000000200 ) ) ;
#3782 = CARTESIAN_POINT ( 'NONE',  ( 4.380159294931761600, 5.414810494712149600, 11.50000000000000000 ) ) ;
#3783 = CARTESIAN_POINT ( 'NONE',  ( -8.000000000000003600, 22.60000000000000100, 2.000000000000000000 ) ) ;
#3784 = FACE_OUTER_BOUND ( 'NONE', #6572, .T. ) ;
#3785 = CARTESIAN_POINT ( 'NONE',  ( -2.970760233918129600, -16.14012529426445400, 11.50000000000000000 ) ) ;
#3786 = VECTOR ( 'NONE', #4933, 1000.000000000000200 ) ;
#3787 = CARTESIAN_POINT ( 'NONE',  ( -2.791678131744824500, 4.836086645960883800, 11.49999999999999800 ) ) ;
#3788 = VERTEX_POINT ( 'NONE', #1686 ) ;
#3789 = AXIS2_PLACEMENT_3D ( 'NONE', #3515, #4045, #7038 ) ;
#3790 = VERTEX_POINT ( 'NONE', #4638 ) ;
#3791 = EDGE_CURVE ( 'NONE', #7289, #109, #4611, .T. ) ;
#3792 = PLANE ( 'NONE',  #3858 ) ;
#3794 = CARTESIAN_POINT ( 'NONE',  ( -0.8451612903224571300, 9.443870967741931500, 11.50000000000000000 ) ) ;
#3793 = CARTESIAN_POINT ( 'NONE',  ( -1.418366172117520500, -11.61538014429619600, 11.50000000000000500 ) ) ;
#3795 = CARTESIAN_POINT ( 'NONE',  ( 0.4972391178590546700, -16.55085568499771400, 11.50000000000000400 ) ) ;
#3796 = LINE ( 'NONE', #3761, #5711 ) ;
#3797 = B_SPLINE_CURVE_WITH_KNOTS ( 'NONE', 3,
 ( #8407, #6657, #2095, #6870, #2214, #2829, #2301, #2792, #7014, #1114, #8236, #3021, #5292, #2982, #4365, #5261, #3257, #4430, #7962 ),
 .UNSPECIFIED., .F., .F.,
 ( 4, 1, 1, 1, 1, 1, 1, 1, 1, 1, 1, 1, 1, 1, 1, 1, 4 ),
 ( 0.0000000000000000000, 0.01020836109576450700, 0.02360310841804236200, 0.04129840350994873300, 0.06481445240497318800, 0.09386626546022780500, 0.1284560916897378200, 0.1686158609125421000, 0.2147030505994433900, 0.2699888319897358900, 0.3370908884549934600, 0.4169839511764800200, 0.5089795038918709700, 0.6135229697696180700, 0.7300533696158637600, 0.8586861331877850800, 1.000000000000000000 ),
 .UNSPECIFIED. ) ;
#3798 = ORIENTED_EDGE ( 'NONE', *, *, #2319, .F. ) ;
#3799 = VERTEX_POINT ( 'NONE', #7728 ) ;
#3800 = LINE ( 'NONE', #4670, #8955 ) ;
#3801 = VERTEX_POINT ( 'NONE', #2859 ) ;
#3802 = CARTESIAN_POINT ( 'NONE',  ( 4.806628993791797200, 4.648178883119102900, 11.49999999999999500 ) ) ;
#3803 = CARTESIAN_POINT ( 'NONE',  ( 0.9600957925095197100, 9.800841594983950200, 11.50000000000000000 ) ) ;
#3804 = LINE ( 'NONE', #6972, #5718 ) ;
#3805 = AXIS2_PLACEMENT_3D ( 'NONE', #536, #5205, #7292 ) ;
#3806 = CARTESIAN_POINT ( 'NONE',  ( -3.240799897750010800, -17.01886233059024200, 11.50000000000000000 ) ) ;
#3807 = EDGE_CURVE ( 'NONE', #3117, #2123, #599, .T. ) ;
#3808 = DIRECTION ( 'NONE',  ( 1.000000000000000000, 0.0000000000000000000, 0.0000000000000000000 ) ) ;
#3809 = B_SPLINE_CURVE_WITH_KNOTS ( 'NONE', 3,
 ( #3355, #7222, #7134, #2639, #7266, #3462, #3001, #3578, #4840, #4774, #4056, #85, #8879, #548, #8292, #2316, #4435, #6587, #1749 ),
 .UNSPECIFIED., .F., .F.,
 ( 4, 1, 1, 1, 1, 1, 1, 1, 1, 1, 1, 1, 1, 1, 1, 1, 4 ),
 ( 0.0000000000000000000, 0.05179876112643555500, 0.1035732964688094200, 0.1545624296357658300, 0.2067993365371515500, 0.2603018175334581600, 0.3159047310080995700, 0.3734734851154328800, 0.4334194011554745000, 0.4952878070878989900, 0.5580687558560892800, 0.6225842751360199900, 0.6903250070594328900, 0.7609431656744396500, 0.8359046804241424500, 0.9152458733554121900, 0.9999999999999998900 ),
 .UNSPECIFIED. ) ;
#3810 = CARTESIAN_POINT ( 'NONE',  ( 4.204656324948444100, 5.342876777261254900, 11.49999999999999600 ) ) ;
#3811 = ORIENTED_EDGE ( 'NONE', *, *, #5337, .F. ) ;
#3812 = FACE_OUTER_BOUND ( 'NONE', #2515, .T. ) ;
#3813 = CARTESIAN_POINT ( 'NONE',  ( 3.867318891218386700, 4.599999999999996100, 11.50000000000000000 ) ) ;
#3814 = CARTESIAN_POINT ( 'NONE',  ( -0.6381973063727685000, -10.42740181649562800, 11.50000000000000200 ) ) ;
#3815 = CARTESIAN_POINT ( 'NONE',  ( 3.750894744075898000, 5.045708853251707800, 11.50000000000000400 ) ) ;
#3816 = CARTESIAN_POINT ( 'NONE',  ( -3.596086183932682500, -16.92229935178902500, 11.50000000000000200 ) ) ;
#3817 = CARTESIAN_POINT ( 'NONE',  ( -1.031069423836805000, -14.24031623436913700, 11.49999999999999800 ) ) ;
#3818 = CARTESIAN_POINT ( 'NONE',  ( 2.198112240203321300, 5.399081879571070900, 11.50000000000000400 ) ) ;
#3819 = CARTESIAN_POINT ( 'NONE',  ( -0.005217796412642934000, 4.650314465408801100, 11.50000000000000000 ) ) ;
#3820 = CARTESIAN_POINT ( 'NONE',  ( -2.898907162671005000, -16.26684488567677200, 11.50000000000000000 ) ) ;
#3821 = EDGE_LOOP ( 'NONE', ( #4158, #2470, #8434, #967, #6907 ) ) ;
#3822 = VECTOR ( 'NONE', #4676, 1000.000000000000200 ) ;
#3823 = EDGE_CURVE ( 'NONE', #3370, #4136, #2870, .T. ) ;
#3824 = CARTESIAN_POINT ( 'NONE',  ( 1.804953831445948300, 4.949153389290523300, 11.50000000000000000 ) ) ;
#3825 = EDGE_LOOP ( 'NONE', ( #3448, #7296 ) ) ;
#3826 = DIRECTION ( 'NONE',  ( -0.0000000000000000000, -1.000000000000000000, -0.0000000000000000000 ) ) ;
#3827 = CARTESIAN_POINT ( 'NONE',  ( -3.884908423916984400, 5.371545389750882500, 11.50000000000000700 ) ) ;
#3828 = CARTESIAN_POINT ( 'NONE',  ( -5.900000000000000400, 42.00000000000001400, 11.49999999999999300 ) ) ;
#3829 = CARTESIAN_POINT ( 'NONE',  ( -1.940103825609400500, 5.281707366609317100, 11.50000000000000400 ) ) ;
#3830 = ORIENTED_EDGE ( 'NONE', *, *, #8798, .F. ) ;
#3831 = VERTEX_POINT ( 'NONE', #1422 ) ;
#3832 = ORIENTED_EDGE ( 'NONE', *, *, #893, .T. ) ;
#3833 = EDGE_CURVE ( 'NONE', #3916, #819, #871, .T. ) ;
#3834 = CARTESIAN_POINT ( 'NONE',  ( -0.9464254302138526100, -10.36170330347023200, 11.50000000000000500 ) ) ;
#3835 = CARTESIAN_POINT ( 'NONE',  ( -2.677413485530288900, 5.062707168330819100, 11.50000000000000000 ) ) ;
#3836 = CARTESIAN_POINT ( 'NONE',  ( 0.6607966457024296900, 4.670440251572324000, 11.50000000000000200 ) ) ;
#3837 = VERTEX_POINT ( 'NONE', #1948 ) ;
#3838 = CARTESIAN_POINT ( 'NONE',  ( -0.1455219177254296300, -10.57706592681180500, 11.50000000000000000 ) ) ;
#3839 = VECTOR ( 'NONE', #978, 1000.000000000000000 ) ;
#3840 = CARTESIAN_POINT ( 'NONE',  ( 1.882166071307397100, 4.889601560161521500, 11.50000000000000000 ) ) ;
#3841 = CARTESIAN_POINT ( 'NONE',  ( 4.232367648672615200, 5.306433186604933500, 11.50000000000000000 ) ) ;
#3842 = CARTESIAN_POINT ( 'NONE',  ( -0.2661259537353638000, -14.67225758756042900, 11.50000000000000000 ) ) ;
#3843 = CARTESIAN_POINT ( 'NONE',  ( -4.026648031679354000, 5.178616352201252900, 11.50000000000000200 ) ) ;
#3844 = LINE ( 'NONE', #6505, #8684 ) ;
#3845 = CARTESIAN_POINT ( 'NONE',  ( 12.89999999999999500, -20.49999999999999600, -9.500000000000000000 ) ) ;
#3846 = ORIENTED_EDGE ( 'NONE', *, *, #4303, .T. ) ;
#3847 = CARTESIAN_POINT ( 'NONE',  ( 1.863160040664608300, 4.607912478467073700, 11.50000000000000200 ) ) ;
#3848 = CARTESIAN_POINT ( 'NONE',  ( 3.297274633123812700, 5.349685534591191800, 11.50000000000000000 ) ) ;
#3849 = CARTESIAN_POINT ( 'NONE',  ( -2.807017543859649400, -16.50854634689603300, 11.50000000000000200 ) ) ;
#3850 = LINE ( 'NONE', #7140, #6341 ) ;
#3851 = CARTESIAN_POINT ( 'NONE',  ( -3.736167191890474200, -16.14039769558691600, 11.50000000000000400 ) ) ;
#3852 = VERTEX_POINT ( 'NONE', #999 ) ;
#3853 = DIRECTION ( 'NONE',  ( -1.000000000000000000, 0.0000000000000000000, -0.0000000000000000000 ) ) ;
#3854 = VECTOR ( 'NONE', #7074, 1000.000000000000100 ) ;
#3855 = VECTOR ( 'NONE', #5745, 1000.000000000000200 ) ;
#3856 = CARTESIAN_POINT ( 'NONE',  ( 3.931812530711545700, 5.287964978112404100, 11.50000000000000000 ) ) ;
#3857 = ORIENTED_EDGE ( 'NONE', *, *, #7545, .T. ) ;
#3858 = AXIS2_PLACEMENT_3D ( 'NONE', #6017, #4457, #6856 ) ;
#3859 = EDGE_CURVE ( 'NONE', #1163, #8691, #2944, .T. ) ;
#3860 = CARTESIAN_POINT ( 'NONE',  ( 1.652046783625730900, -11.44912280701754900, 11.50000000000000000 ) ) ;
#3861 = CARTESIAN_POINT ( 'NONE',  ( 0.5297672868471408100, -17.10145448166230900, 11.50000000000000000 ) ) ;
#3862 = ORIENTED_EDGE ( 'NONE', *, *, #692, .T. ) ;
#3863 = CARTESIAN_POINT ( 'NONE',  ( -4.763280134561181700, 4.649902663950434200, 11.49999999999999600 ) ) ;
#3864 = CARTESIAN_POINT ( 'NONE',  ( -4.025529932448047400, 4.841509433962259300, 11.50000000000000000 ) ) ;
#3865 = CARTESIAN_POINT ( 'NONE',  ( -1.377229669622297200, -13.28963681228133500, 11.50000000000000200 ) ) ;
#3866 = EDGE_CURVE ( 'NONE', #7234, #7335, #1006, .T. ) ;
#3868 = ORIENTED_EDGE ( 'NONE', *, *, #3685, .F. ) ;
#3867 = LINE ( 'NONE', #7776, #4340 ) ;
#3869 = CARTESIAN_POINT ( 'NONE',  ( 2.119592892490266100, 5.398834731580155500, 11.50000000000000000 ) ) ;
#3870 = VECTOR ( 'NONE', #6612, 1000.000000000000000 ) ;
#3871 = ORIENTED_EDGE ( 'NONE', *, *, #1674, .T. ) ;
#3872 = CARTESIAN_POINT ( 'NONE',  ( -0.4497715925179512900, 5.348954229731919700, 11.50000000000000000 ) ) ;
#3873 = DIRECTION ( 'NONE',  ( 1.000000000000000000, 0.0000000000000000000, 0.0000000000000000000 ) ) ;
#3874 = CARTESIAN_POINT ( 'NONE',  ( -2.178802702073019400, 5.027672955974839700, 11.50000000000000000 ) ) ;
#3875 = FACE_OUTER_BOUND ( 'NONE', #1546, .T. ) ;
#3876 = VECTOR ( 'NONE', #6627, 1000.000000000000000 ) ;
#3877 = ORIENTED_EDGE ( 'NONE', *, *, #540, .T. ) ;
#3878 = CARTESIAN_POINT ( 'NONE',  ( 1.657278420702931600, 5.232648698262702100, 11.50000000000000000 ) ) ;
#3879 = CARTESIAN_POINT ( 'NONE',  ( -2.582759853466947100, 4.689092576172663800, 11.50000000000000500 ) ) ;
#3880 = EDGE_CURVE ( 'NONE', #5201, #5389, #827, .T. ) ;
#3881 = VERTEX_POINT ( 'NONE', #4567 ) ;
#3882 = B_SPLINE_CURVE_WITH_KNOTS ( 'NONE', 3,
 ( #970, #8366, #3071, #4744, #246, #3327, #7525, #4280, #291, #2401, #4677 ),
 .UNSPECIFIED., .F., .F.,
 ( 4, 1, 1, 1, 1, 1, 1, 1, 4 ),
 ( 0.0000000000000000000, 0.1919565516848863500, 0.3640941943463504900, 0.5165243695169012800, 0.6497086167110500700, 0.7642190525803065300, 0.8584475845678143400, 0.9372163437745236700, 0.9999999999999998900 ),
 .UNSPECIFIED. ) ;
#3883 = VERTEX_POINT ( 'NONE', #8981 ) ;
#3884 = CARTESIAN_POINT ( 'NONE',  ( -4.524921923837091200, 5.403593360047410400, 11.50000000000000000 ) ) ;
#3885 = ORIENTED_EDGE ( 'NONE', *, *, #5995, .F. ) ;
#3886 = CARTESIAN_POINT ( 'NONE',  ( 0.7625806451614141100, 11.33419354838709500, 11.50000000000000200 ) ) ;
#3887 = CARTESIAN_POINT ( 'NONE',  ( -0.2443350024160824100, -17.05995590281043300, 11.50000000000000000 ) ) ;
#3888 = EDGE_CURVE ( 'NONE', #4168, #1054, #1262, .T. ) ;
#3889 = CARTESIAN_POINT ( 'NONE',  ( -2.340432707254151100, -10.83498800683152100, 11.49999999999999800 ) ) ;
#3890 = VERTEX_POINT ( 'NONE', #358 ) ;
#3891 = VERTEX_POINT ( 'NONE', #9251 ) ;
#3892 = CARTESIAN_POINT ( 'NONE',  ( 8.285786437626933700, -23.69999999999999900, 0.0000000000000000000 ) ) ;
#3893 = CARTESIAN_POINT ( 'NONE',  ( 1.280109128742654300, -10.03874949199089200, 11.50000000000000000 ) ) ;
#3894 = CIRCLE ( 'NONE', #2709, 1.000000000000000000 ) ;
#3895 = PLANE ( 'NONE',  #1770 ) ;
#3896 = DIRECTION ( 'NONE',  ( 0.3218110517363634300, 0.9468039115784935300, 0.0000000000000000000 ) ) ;
#3897 = CARTESIAN_POINT ( 'NONE',  ( -1.852300341859282100, 4.813413196596761700, 11.50000000000000400 ) ) ;
#3898 = DIRECTION ( 'NONE',  ( -1.000000000000000000, 0.0000000000000000000, -0.0000000000000000000 ) ) ;
#3899 = CARTESIAN_POINT ( 'NONE',  ( -0.4709021735364704000, 4.650468644825792800, 11.49999999999999600 ) ) ;
#3900 = CARTESIAN_POINT ( 'NONE',  ( -2.368134171907634800, 5.329559748427670700, 11.50000000000000200 ) ) ;
#3901 = EDGE_LOOP ( 'NONE', ( #5570, #5749, #4492, #4588 ) ) ;
#3902 = ORIENTED_EDGE ( 'NONE', *, *, #6806, .F. ) ;
#3903 = ORIENTED_EDGE ( 'NONE', *, *, #3746, .T. ) ;
#3904 = CARTESIAN_POINT ( 'NONE',  ( 0.2099243250491162100, -16.78381151386086100, 11.49999999999999600 ) ) ;
#3905 = CIRCLE ( 'NONE', #6682, 0.7000000000000000700 ) ;
#3906 = CARTESIAN_POINT ( 'NONE',  ( -2.960730826917557400, -17.05201795013582000, 11.50000000000000400 ) ) ;
#3907 = CARTESIAN_POINT ( 'NONE',  ( 0.8312655454012215500, -16.28654274561643700, 11.49999999999999800 ) ) ;
#3908 = AXIS2_PLACEMENT_3D ( 'NONE', #4905, #4423, #2307 ) ;
#3909 = EDGE_CURVE ( 'NONE', #930, #2688, #8858, .T. ) ;
#3910 = DIRECTION ( 'NONE',  ( 1.000000000000000000, 0.0000000000000000000, 0.0000000000000000000 ) ) ;
#3911 = CARTESIAN_POINT ( 'NONE',  ( 2.081714418821460900, 4.992452830188676100, 11.50000000000000000 ) ) ;
#3912 = VECTOR ( 'NONE', #3321, 1000.000000000000000 ) ;
#3913 = LINE ( 'NONE', #5033, #5833 ) ;
#3914 = CARTESIAN_POINT ( 'NONE',  ( 0.3972979268577978600, 4.650314465408802000, 11.50000000000000000 ) ) ;
#3915 = VERTEX_POINT ( 'NONE', #559 ) ;
#3916 = VERTEX_POINT ( 'NONE', #4660 ) ;
#3917 = DIRECTION ( 'NONE',  ( 0.0000000000000000000, -0.0000000000000000000, 1.000000000000000000 ) ) ;
#3918 = CARTESIAN_POINT ( 'NONE',  ( -0.6976324466297547700, 5.062707168330820000, 11.50000000000000500 ) ) ;
#3919 = CARTESIAN_POINT ( 'NONE',  ( 4.292010249243078100, 4.650314465408802000, 11.50000000000000000 ) ) ;
#3920 = VERTEX_POINT ( 'NONE', #1451 ) ;
#3921 = ORIENTED_EDGE ( 'NONE', *, *, #2893, .T. ) ;
#3922 = LINE ( 'NONE', #1217, #8943 ) ;
#3923 = CARTESIAN_POINT ( 'NONE',  ( 3.817106823718874300, -16.75528239071963900, 11.49999999999999600 ) ) ;
#3924 = EDGE_CURVE ( 'NONE', #7621, #7628, #7087, .T. ) ;
#3925 = CARTESIAN_POINT ( 'NONE',  ( 0.2248552958898860600, -17.09186481495629200, 11.50000000000000000 ) ) ;
#3926 = CARTESIAN_POINT ( 'NONE',  ( 0.4616777407927653600, -16.32950820243115000, 11.49999999999999600 ) ) ;
#3927 = CARTESIAN_POINT ( 'NONE',  ( -3.175438596491228600, -16.67228903695451000, 11.49999999999999800 ) ) ;
#3928 = CARTESIAN_POINT ( 'NONE',  ( 2.511995958187247500, 4.723757554080049400, 11.50000000000000400 ) ) ;
#3929 = LINE ( 'NONE', #6887, #853 ) ;
#3930 = CARTESIAN_POINT ( 'NONE',  ( 0.5614035087719289100, -16.83603172701299000, 11.50000000000000000 ) ) ;
#3931 = ORIENTED_EDGE ( 'NONE', *, *, #1517, .F. ) ;
#3932 = ORIENTED_EDGE ( 'NONE', *, *, #8010, .T. ) ;
#3933 = CARTESIAN_POINT ( 'NONE',  ( -2.230229676425432600, 11.05542457539790600, 11.50000000000000000 ) ) ;
#3934 = CARTESIAN_POINT ( 'NONE',  ( -0.8978289446942138200, -13.59031238444762100, 11.50000000000000000 ) ) ;
#3935 = ORIENTED_EDGE ( 'NONE', *, *, #1186, .F. ) ;
#3936 = CARTESIAN_POINT ( 'NONE',  ( -1.939541671961090100, 5.266351112594087200, 11.50000000000000500 ) ) ;
#3937 = DIRECTION ( 'NONE',  ( -0.0000000000000000000, 0.0000000000000000000, -1.000000000000000000 ) ) ;
#3938 = ORIENTED_EDGE ( 'NONE', *, *, #4909, .T. ) ;
#3939 = CARTESIAN_POINT ( 'NONE',  ( -0.4580479850918876500, 4.650314465408802000, 11.50000000000000000 ) ) ;
#3940 = CARTESIAN_POINT ( 'NONE',  ( 4.144811186844808800, 5.400302588295612200, 11.50000000000000000 ) ) ;
#3941 = CARTESIAN_POINT ( 'NONE',  ( 3.003051653290565800, 11.15672460167308300, 11.50000000000000200 ) ) ;
#3942 = CARTESIAN_POINT ( 'NONE',  ( -4.660818713450290800, 0.0000000000000000000, 11.50000000000000000 ) ) ;
#3943 = EDGE_CURVE ( 'NONE', #8800, #4708, #6860, .T. ) ;
#3944 = CARTESIAN_POINT ( 'NONE',  ( 0.1861855282428505900, -13.51987194322027400, 11.50000000000000500 ) ) ;
#3945 = ORIENTED_EDGE ( 'NONE', *, *, #1630, .T. ) ;
#3946 = CARTESIAN_POINT ( 'NONE',  ( -0.7307836187256344700, 4.967939062615894100, 11.50000000000000200 ) ) ;
#3947 = CARTESIAN_POINT ( 'NONE',  ( 3.116600715417746000, 10.70714589363012500, 11.49999999999999800 ) ) ;
#3948 = CARTESIAN_POINT ( 'NONE',  ( 1.194289648335476600, 7.018674170863836700, 11.50000000000000200 ) ) ;
#3949 = CARTESIAN_POINT ( 'NONE',  ( 4.672382160726333400, -16.83380201589201900, 11.50000000000000000 ) ) ;
#3950 = ORIENTED_EDGE ( 'NONE', *, *, #6302, .T. ) ;
#3951 = DIRECTION ( 'NONE',  ( 1.000000000000000000, 0.0000000000000000000, 0.0000000000000000000 ) ) ;
#3952 = EDGE_LOOP ( 'NONE', ( #2592, #6663 ) ) ;
#3953 = AXIS2_PLACEMENT_3D ( 'NONE', #8750, #8380, #6616 ) ;
#3954 = CARTESIAN_POINT ( 'NONE',  ( -2.012903225806328400, 8.632258064516126000, 11.50000000000000200 ) ) ;
#3955 = DIRECTION ( 'NONE',  ( -0.3225311624017392900, -0.9465588461790334100, 0.0000000000000000000 ) ) ;
#3956 = CARTESIAN_POINT ( 'NONE',  ( -5.900000000000000400, -1.209367051232911100, 11.49999999999999300 ) ) ;
#3957 = VERTEX_POINT ( 'NONE', #8648 ) ;
#3958 = CARTESIAN_POINT ( 'NONE',  ( -2.002923976608186800, -10.73274853801170400, 11.50000000000000200 ) ) ;
#3959 = CARTESIAN_POINT ( 'NONE',  ( -1.197757263145226900, -10.43541429992211400, 11.50000000000000200 ) ) ;
#3960 = FACE_OUTER_BOUND ( 'NONE', #3270, .T. ) ;
#3961 = DIRECTION ( 'NONE',  ( 0.3747621659702601900, 0.9271209839914524900, 0.0000000000000000000 ) ) ;
#3962 = CARTESIAN_POINT ( 'NONE',  ( 6.397379542625473400, -10.58807119849727000, 11.46447288981246600 ) ) ;
#3963 = CARTESIAN_POINT ( 'NONE',  ( -0.9148520816233132200, 5.282948588232970100, 11.50000000000000400 ) ) ;
#3964 = CARTESIAN_POINT ( 'NONE',  ( 2.923976608187133200, -17.15182120069719900, 11.50000000000000000 ) ) ;
#3965 = CARTESIAN_POINT ( 'NONE',  ( 2.339082282871741500, 6.416563456057910600, 11.50000000000000000 ) ) ;
#3966 = CARTESIAN_POINT ( 'NONE',  ( -2.608679218343561400, -11.44061476304389500, 11.49999999999999800 ) ) ;
#3967 = CARTESIAN_POINT ( 'NONE',  ( 3.756930692808361000, 4.936549817018416800, 11.49999999999999500 ) ) ;
#3968 = CARTESIAN_POINT ( 'NONE',  ( -2.859622955366698100, -9.489201895406573300, 11.50000000000000000 ) ) ;
#3969 = EDGE_CURVE ( 'NONE', #8476, #3007, #1109, .T. ) ;
#3970 = CARTESIAN_POINT ( 'NONE',  ( -1.795033499937589200, -16.38049740409252000, 11.50000000000000000 ) ) ;
#3971 = CARTESIAN_POINT ( 'NONE',  ( 4.205688676246981400, -16.65697130026943300, 11.50000000000000000 ) ) ;
#3972 = CARTESIAN_POINT ( 'NONE',  ( -1.346615022931836300, -13.27298667733441700, 11.49999999999999600 ) ) ;
#3973 = CARTESIAN_POINT ( 'NONE',  ( 1.683293684591774100, 5.276149293368559000, 11.50000000000000400 ) ) ;
#3974 = CARTESIAN_POINT ( 'NONE',  ( -4.203043226118056800, 4.743476158292968300, 11.50000000000000000 ) ) ;
#3975 = CARTESIAN_POINT ( 'NONE',  ( 0.1754385964912280600, 0.0000000000000000000, 11.50000000000000000 ) ) ;
#3976 = CARTESIAN_POINT ( 'NONE',  ( -6.397379542625473400, -10.58807119849726200, 11.00000000000000000 ) ) ;
#3977 = CARTESIAN_POINT ( 'NONE',  ( -1.092653665296381400, -13.22603117630267800, 11.49999999999999800 ) ) ;
#3978 = CARTESIAN_POINT ( 'NONE',  ( 0.7368421052631570800, -17.05240599601883700, 11.50000000000000200 ) ) ;
#3979 = VECTOR ( 'NONE', #436, 1000.000000000000000 ) ;
#3980 = PLANE ( 'NONE',  #6144 ) ;
#3981 = AXIS2_PLACEMENT_3D ( 'NONE', #793, #3490, #4504 ) ;
#3982 = CARTESIAN_POINT ( 'NONE',  ( -0.7045615142085160900, 5.254151996689886400, 11.49999999999999600 ) ) ;
#3983 = EDGE_CURVE ( 'NONE', #8591, #5677, #7285, .T. ) ;
#3984 = VERTEX_POINT ( 'NONE', #5025 ) ;
#3985 = CARTESIAN_POINT ( 'NONE',  ( 0.1618242223324093100, -14.51287444386275500, 11.50000000000000200 ) ) ;
#3986 = CARTESIAN_POINT ( 'NONE',  ( -1.375047703875896800, -11.18229239572885100, 11.50000000000000400 ) ) ;
#3987 = ORIENTED_EDGE ( 'NONE', *, *, #378, .F. ) ;
#3988 = CARTESIAN_POINT ( 'NONE',  ( 0.0000000000000000000, 0.0000000000000000000, 11.50000000000000000 ) ) ;
#3989 = LINE ( 'NONE', #3976, #757 ) ;
#3990 = CARTESIAN_POINT ( 'NONE',  ( 8.285786437626937200, 23.69999999999999900, 2.000000000000000000 ) ) ;
#3991 = ORIENTED_EDGE ( 'NONE', *, *, #7216, .F. ) ;
#3992 = CARTESIAN_POINT ( 'NONE',  ( -2.099457231566082400, 5.014371201976151900, 11.50000000000000200 ) ) ;
#3993 = CARTESIAN_POINT ( 'NONE',  ( 0.5790261106190218700, 4.716847598658782600, 11.49999999999999800 ) ) ;
#3994 = EDGE_CURVE ( 'NONE', #8191, #7797, #1625, .T. ) ;
#3995 = VECTOR ( 'NONE', #7381, 1000.000000000000000 ) ;
#3996 = CARTESIAN_POINT ( 'NONE',  ( 0.0000000000000000000, 0.0000000000000000000, 11.50000000000000000 ) ) ;
#3997 = CARTESIAN_POINT ( 'NONE',  ( 1.857350470071363200, 6.669831088021117800, 11.50000000000000000 ) ) ;
#3998 = LINE ( 'NONE', #2360, #6584 ) ;
#3999 = CARTESIAN_POINT ( 'NONE',  ( -2.399183063282983100, 5.406329404796539800, 11.50000000000000000 ) ) ;
#4001 = ORIENTED_EDGE ( 'NONE', *, *, #2376, .T. ) ;
#4000 = CARTESIAN_POINT ( 'NONE',  ( 4.182204874295028900, -16.71866382969699700, 11.49999999999999600 ) ) ;
#4002 = CARTESIAN_POINT ( 'NONE',  ( 0.2503168428377511300, -13.69673025956863400, 11.50000000000000200 ) ) ;
#4003 = CARTESIAN_POINT ( 'NONE',  ( 0.0000000000000000000, 4.967295597484272700, 11.50000000000000000 ) ) ;
#4004 = VERTEX_POINT ( 'NONE', #5300 ) ;
#4005 = CARTESIAN_POINT ( 'NONE',  ( 0.0000000000000000000, 5.399999999999996800, 11.50000000000000000 ) ) ;
#4006 = DIRECTION ( 'NONE',  ( -0.0000000000000000000, 0.0000000000000000000, 1.000000000000000000 ) ) ;
#4007 = EDGE_CURVE ( 'NONE', #2892, #2927, #1752, .T. ) ;
#4008 = CYLINDRICAL_SURFACE ( 'NONE', #8931, 1.000000000000000000 ) ;
#4009 = VERTEX_POINT ( 'NONE', #4808 ) ;
#4010 = CARTESIAN_POINT ( 'NONE',  ( 1.646960167715008300, 5.208805031446537700, 11.50000000000000000 ) ) ;
#4011 = CARTESIAN_POINT ( 'NONE',  ( 3.755065256619070100, 11.22035845724724500, 11.49999999999999500 ) ) ;
#4012 = DIRECTION ( 'NONE',  ( 1.000000000000000000, 0.0000000000000000000, 0.0000000000000000000 ) ) ;
#4013 = CARTESIAN_POINT ( 'NONE',  ( 2.021037325584227800, -10.86979500782737600, 11.50000000000000000 ) ) ;
#4014 = CARTESIAN_POINT ( 'NONE',  ( 1.915459855342299900, 4.626943622071127700, 11.49999999999999800 ) ) ;
#4015 = EDGE_LOOP ( 'NONE', ( #5498, #6366, #3144, #5559 ) ) ;
#4016 = CARTESIAN_POINT ( 'NONE',  ( -1.324561403508772900, -14.58947368421052600, 11.50000000000000000 ) ) ;
#4017 = B_SPLINE_CURVE_WITH_KNOTS ( 'NONE', 3,
 ( #3927, #3053, #4945, #3628, #6052, #1076, #3167, #1208, #1744, #6774, #1259, #5126, #3543, #8053, #8782, #3725, #8649, #2240, #6421 ),
 .UNSPECIFIED., .F., .F.,
 ( 4, 1, 1, 1, 1, 1, 1, 1, 1, 1, 1, 1, 1, 1, 1, 1, 4 ),
 ( 0.0000000000000000000, 0.1059548019906307900, 0.2040994047640705100, 0.2941615949212191800, 0.3771547521973525100, 0.4529005261196367100, 0.5217107876176514400, 0.5836108433699630500, 0.6399431329723464000, 0.6918942601931705700, 0.7399668495204763100, 0.7856818596333590100, 0.8294766428273641100, 0.8716525798395355900, 0.9134889171739988300, 0.9561080029611985800, 1.000000000000000000 ),
 .UNSPECIFIED. ) ;
#4018 = EDGE_LOOP ( 'NONE', ( #3748, #8144, #9216, #1822 ) ) ;
#4019 = CARTESIAN_POINT ( 'NONE',  ( -0.9138353173604576400, 4.732245830038692700, 11.50000000000000400 ) ) ;
#4020 = ORIENTED_EDGE ( 'NONE', *, *, #1331, .F. ) ;
#4021 = ADVANCED_FACE ( 'NONE', ( #4379 ), #3158, .F. ) ;
#4022 = CARTESIAN_POINT ( 'NONE',  ( 2.698142294434006800, 4.665802202275309600, 11.50000000000000200 ) ) ;
#4023 = CARTESIAN_POINT ( 'NONE',  ( 12.89999999999999500, 24.69999999999999900, 11.50000000000000000 ) ) ;
#4024 = CARTESIAN_POINT ( 'NONE',  ( 3.757374636104738200, 4.910258010347080300, 11.49999999999999600 ) ) ;
#4025 = CARTESIAN_POINT ( 'NONE',  ( -0.7154290153282564200, -13.54770912961950200, 11.50000000000000400 ) ) ;
#4026 = CARTESIAN_POINT ( 'NONE',  ( -1.050786971026055300, 4.745146047079338700, 11.49999999999999800 ) ) ;
#4027 = CARTESIAN_POINT ( 'NONE',  ( 1.950138739470434600, 5.417823789204028600, 11.50000000000000000 ) ) ;
#4028 = EDGE_LOOP ( 'NONE', ( #8831, #217 ) ) ;
#4029 = FACE_OUTER_BOUND ( 'NONE', #7758, .T. ) ;
#4030 = CARTESIAN_POINT ( 'NONE',  ( 0.5642577355784779100, -16.91214611929314800, 11.49999999999999800 ) ) ;
#4031 = CARTESIAN_POINT ( 'NONE',  ( -3.125944885013172100, 5.413529942792074200, 11.50000000000000000 ) ) ;
#4032 = VERTEX_POINT ( 'NONE', #6025 ) ;
#4033 = AXIS2_PLACEMENT_3D ( 'NONE', #235, #4419, #2093 ) ;
#4034 = DIRECTION ( 'NONE',  ( -0.0000000000000000000, -0.0000000000000000000, -1.000000000000000000 ) ) ;
#4035 = EDGE_CURVE ( 'NONE', #6973, #2451, #2594, .T. ) ;
#4036 = ADVANCED_FACE ( 'NONE', ( #2476 ), #3133, .F. ) ;
#4037 = CIRCLE ( 'NONE', #891, 0.9999999999999991100 ) ;
#4038 = CARTESIAN_POINT ( 'NONE',  ( -3.411770834386126200, 5.119651770553925700, 11.49999999999999600 ) ) ;
#4039 = ORIENTED_EDGE ( 'NONE', *, *, #5489, .T. ) ;
#4040 = EDGE_LOOP ( 'NONE', ( #2174, #5783, #3987 ) ) ;
#4041 = CARTESIAN_POINT ( 'NONE',  ( 6.397379542625473400, -0.7097228931188062100, 11.00000000000000000 ) ) ;
#4042 = ORIENTED_EDGE ( 'NONE', *, *, #6265, .T. ) ;
#4043 = CARTESIAN_POINT ( 'NONE',  ( 3.139232550518442200, 5.207834597336653100, 11.49999999999999800 ) ) ;
#4044 = CARTESIAN_POINT ( 'NONE',  ( -3.315540294114706300, -16.70421085111281600, 11.50000000000000500 ) ) ;
#4045 = DIRECTION ( 'NONE',  ( -0.0000000000000000000, -0.0000000000000000000, 1.000000000000000000 ) ) ;
#4046 = CARTESIAN_POINT ( 'NONE',  ( 0.1508756030255617700, -16.65246982050065200, 11.50000000000000000 ) ) ;
#4047 = CARTESIAN_POINT ( 'NONE',  ( -2.164760386198909500, 4.684956497135051000, 11.50000000000000400 ) ) ;
#4048 = ORIENTED_EDGE ( 'NONE', *, *, #5313, .F. ) ;
#4049 = EDGE_CURVE ( 'NONE', #6418, #3293, #3772, .T. ) ;
#4050 = CARTESIAN_POINT ( 'NONE',  ( -2.417889587700786400, 5.405031446540877300, 11.50000000000000000 ) ) ;
#4051 = VERTEX_POINT ( 'NONE', #8895 ) ;
#4052 = CARTESIAN_POINT ( 'NONE',  ( -3.447201216355257000, -16.41480983028751000, 11.50000000000000500 ) ) ;
#4053 = ORIENTED_EDGE ( 'NONE', *, *, #7413, .F. ) ;
#4054 = CARTESIAN_POINT ( 'NONE',  ( 4.717539885869812500, 4.739053899850158100, 11.50000000000000000 ) ) ;
#4055 = CARTESIAN_POINT ( 'NONE',  ( 1.565587794646550000, 4.828771994544961600, 11.50000000000000000 ) ) ;
#4056 = CARTESIAN_POINT ( 'NONE',  ( 4.342676371416734700, -16.98435979680893100, 11.50000000000000200 ) ) ;
#4057 = CARTESIAN_POINT ( 'NONE',  ( 2.563242487770911500, 5.334591194968549400, 11.50000000000000000 ) ) ;
#4058 = ORIENTED_EDGE ( 'NONE', *, *, #7762, .T. ) ;
#4059 = CARTESIAN_POINT ( 'NONE',  ( -1.246451612903102500, 10.88903225806451400, 11.50000000000000000 ) ) ;
#4060 = ORIENTED_EDGE ( 'NONE', *, *, #5082, .F. ) ;
#4061 = CARTESIAN_POINT ( 'NONE',  ( -2.396984051388349800, 5.344688370311804900, 11.50000000000000000 ) ) ;
#4062 = DIRECTION ( 'NONE',  ( 1.000000000000000000, 0.0000000000000000000, 0.0000000000000000000 ) ) ;
#4063 = CARTESIAN_POINT ( 'NONE',  ( 4.485380116959061200, -16.48515453403053500, 11.50000000000000000 ) ) ;
#4064 = EDGE_CURVE ( 'NONE', #8378, #618, #2496, .T. ) ;
#4065 = CARTESIAN_POINT ( 'NONE',  ( 0.3972979268577978600, 4.650314465408802000, 11.50000000000000000 ) ) ;
#4066 = CARTESIAN_POINT ( 'NONE',  ( -3.447887525577727700, 5.032189582299712200, 11.50000000000000000 ) ) ;
#4067 = CARTESIAN_POINT ( 'NONE',  ( 3.825390170044380900, 4.801257861635217100, 11.49999999999999600 ) ) ;
#4068 = CARTESIAN_POINT ( 'NONE',  ( 8.992893218813490500, 24.40710678118654500, 2.000000000000000000 ) ) ;
#4069 = ORIENTED_EDGE ( 'NONE', *, *, #3791, .T. ) ;
#4070 = CARTESIAN_POINT ( 'NONE',  ( -0.2503477803282485600, -16.59322518084754700, 11.50000000000000000 ) ) ;
#4071 = CARTESIAN_POINT ( 'NONE',  ( -1.970649895178074700, 5.062893081761003200, 11.50000000000000000 ) ) ;
#4072 = CARTESIAN_POINT ( 'NONE',  ( 2.367448164849694800, -9.340385342392252700, 11.50000000000000900 ) ) ;
#4073 = FACE_OUTER_BOUND ( 'NONE', #2862, .T. ) ;
#4074 = ORIENTED_EDGE ( 'NONE', *, *, #2280, .F. ) ;
#4075 = CARTESIAN_POINT ( 'NONE',  ( 0.6880175492270640400, 4.741163598148341800, 11.50000000000000200 ) ) ;
#4076 = EDGE_CURVE ( 'NONE', #5037, #2848, #360, .T. ) ;
#4077 = VECTOR ( 'NONE', #1185, 1000.000000000000000 ) ;
#4078 = CARTESIAN_POINT ( 'NONE',  ( 1.515397158164577300, 4.836477987421380600, 11.50000000000000000 ) ) ;
#4079 = CARTESIAN_POINT ( 'NONE',  ( 0.5994152046783625100, -11.44912280701754900, 11.50000000000000000 ) ) ;
#4080 = CARTESIAN_POINT ( 'NONE',  ( 0.1976417467818224200, -16.55073614242387900, 11.49999999999999800 ) ) ;
#4081 = CARTESIAN_POINT ( 'NONE',  ( 0.2725489445582433000, -13.35700900074577100, 11.49999999999999800 ) ) ;
#4082 = LINE ( 'NONE', #1786, #4276 ) ;
#4083 = VERTEX_POINT ( 'NONE', #507 ) ;
#4084 = DIRECTION ( 'NONE',  ( 0.6191770969794309100, 0.7852513754054331100, 0.0000000000000000000 ) ) ;
#4085 = ADVANCED_FACE ( 'NONE', ( #6503 ), #4143, .F. ) ;
#4086 = CARTESIAN_POINT ( 'NONE',  ( -0.8118970928442903500, 4.836086645960884700, 11.50000000000000400 ) ) ;
#4087 = CARTESIAN_POINT ( 'NONE',  ( -1.578947368421053800, -14.71228070175438600, 11.50000000000000000 ) ) ;
#4088 = CARTESIAN_POINT ( 'NONE',  ( 8.999999999999994700, 22.60000000000000100, 0.0000000000000000000 ) ) ;
#4089 = CARTESIAN_POINT ( 'NONE',  ( 0.6800022159846063100, 4.657705982352982100, 11.50000000000000000 ) ) ;
#4090 = ORIENTED_EDGE ( 'NONE', *, *, #60, .F. ) ;
#4091 = CARTESIAN_POINT ( 'NONE',  ( 2.132960633589688500, 5.394968553459116300, 11.50000000000000000 ) ) ;
#4092 = DIRECTION ( 'NONE',  ( 0.0000000000000000000, 0.0000000000000000000, 1.000000000000000000 ) ) ;
#4093 = AXIS2_PLACEMENT_3D ( 'NONE', #7348, #8319, #1967 ) ;
#4094 = EDGE_CURVE ( 'NONE', #7046, #703, #1270, .T. ) ;
#4095 = CARTESIAN_POINT ( 'NONE',  ( -3.443372932680984100, 5.047798742138361700, 11.49999999999999800 ) ) ;
#4096 = PLANE ( 'NONE',  #5069 ) ;
#4097 = CARTESIAN_POINT ( 'NONE',  ( -3.340812840900581300, 4.646467708242383300, 11.50000000000000400 ) ) ;
#4098 = CARTESIAN_POINT ( 'NONE',  ( -3.982225219377550500, 5.018858914612050800, 11.49999999999999600 ) ) ;
#4099 = LOCAL_TIME ( 19, 43, 38.00000000000000000, #5999 ) ;
#4100 = CARTESIAN_POINT ( 'NONE',  ( 1.080882138024488400, 4.688874794892603500, 11.50000000000000500 ) ) ;
#4101 = ORIENTED_EDGE ( 'NONE', *, *, #3435, .T. ) ;
#4102 = LINE ( 'NONE', #6016, #543 ) ;
#4103 = CARTESIAN_POINT ( 'NONE',  ( 2.320614954577340700, 5.183647798742134300, 11.50000000000000000 ) ) ;
#4104 = ORIENTED_EDGE ( 'NONE', *, *, #6206, .T. ) ;
#4105 = CARTESIAN_POINT ( 'NONE',  ( -3.567251461988304700, -16.64889722408901600, 11.50000000000000000 ) ) ;
#4106 = CARTESIAN_POINT ( 'NONE',  ( -1.769392033542854600, 5.329559748427670700, 11.50000000000000200 ) ) ;
#4107 = CARTESIAN_POINT ( 'NONE',  ( -2.215618606323527500, 4.601589746915842700, 11.50000000000000400 ) ) ;
#4108 = LINE ( 'NONE', #9126, #6591 ) ;
#4109 = CC_DESIGN_DATE_AND_TIME_ASSIGNMENT ( #1209, #5772, ( #2205 ) ) ;
#4110 = EDGE_CURVE ( 'NONE', #6986, #1070, #3138, .T. ) ;
#4111 = LINE ( 'NONE', #3942, #6010 ) ;
#4112 = VECTOR ( 'NONE', #4560, 1000.000000000000000 ) ;
#4113 = CARTESIAN_POINT ( 'NONE',  ( -0.8857726601775310900, 5.170096604813252000, 11.49999999999999500 ) ) ;
#4114 = ORIENTED_EDGE ( 'NONE', *, *, #5032, .F. ) ;
#4115 = ADVANCED_FACE ( 'NONE', ( #2259 ), #7718, .T. ) ;
#4116 = ORIENTED_EDGE ( 'NONE', *, *, #2078, .T. ) ;
#4117 = CARTESIAN_POINT ( 'NONE',  ( -2.079788842047918700, 5.420241163639642100, 11.50000000000000000 ) ) ;
#4118 = CARTESIAN_POINT ( 'NONE',  ( 0.5290322580646396000, 11.29032258064515800, 11.50000000000000000 ) ) ;
#4119 = B_SPLINE_CURVE_WITH_KNOTS ( 'NONE', 3,
 ( #4323, #1946, #8249, #7682, #6970, #3184, #3595, #6383, #8987, #2394, #1390 ),
 .UNSPECIFIED., .F., .F.,
 ( 4, 1, 1, 1, 1, 1, 1, 1, 4 ),
 ( 0.0000000000000000000, 0.1708822489955664800, 0.3288227028072958600, 0.4729810398535006000, 0.6043896928628442700, 0.7222992117416452400, 0.8272694849229593700, 0.9198104408759254500, 1.000000000000000000 ),
 .UNSPECIFIED. ) ;
#4120 = ORIENTED_EDGE ( 'NONE', *, *, #2437, .T. ) ;
#4121 = ORIENTED_EDGE ( 'NONE', *, *, #5619, .T. ) ;
#4122 = CARTESIAN_POINT ( 'NONE',  ( 4.058250015356367900, -16.44449493442067500, 11.49999999999999600 ) ) ;
#4123 = DIRECTION ( 'NONE',  ( 1.000000000000000000, 0.0000000000000000000, 0.0000000000000000000 ) ) ;
#4124 = EDGE_CURVE ( 'NONE', #8197, #6869, #5058, .T. ) ;
#4125 = ORIENTED_EDGE ( 'NONE', *, *, #6942, .F. ) ;
#4126 = CARTESIAN_POINT ( 'NONE',  ( -3.959036987684212900, 4.709716078801350600, 11.49999999999999600 ) ) ;
#4127 = VERTEX_POINT ( 'NONE', #2525 ) ;
#4128 = EDGE_LOOP ( 'NONE', ( #3719, #4882, #4704, #4582 ) ) ;
#4129 = DIRECTION ( 'NONE',  ( -0.0000000000000000000, 0.0000000000000000000, 1.000000000000000000 ) ) ;
#4130 = EDGE_LOOP ( 'NONE', ( #709, #2024, #4970, #5810 ) ) ;
#4131 = VERTEX_POINT ( 'NONE', #4405 ) ;
#4132 = CARTESIAN_POINT ( 'NONE',  ( 4.872955986300647500, 5.243914016191585100, 11.49999999999999800 ) ) ;
#4133 = DIRECTION ( 'NONE',  ( 1.000000000000000000, 0.0000000000000000000, 0.0000000000000000000 ) ) ;
#4134 = CARTESIAN_POINT ( 'NONE',  ( 1.734723475976807100E-015, 0.1999999999999961800, 11.50000000000000000 ) ) ;
#4135 = LINE ( 'NONE', #1729, #570 ) ;
#4136 = VERTEX_POINT ( 'NONE', #7491 ) ;
#4137 = CARTESIAN_POINT ( 'NONE',  ( 4.205623465908828100, -16.99165657821431100, 11.50000000000000000 ) ) ;
#4138 = CARTESIAN_POINT ( 'NONE',  ( -3.279014781304205400, -16.39612134253200200, 11.50000000000000200 ) ) ;
#4139 = CARTESIAN_POINT ( 'NONE',  ( 3.107032584302746400, -11.27822518919941100, 11.50000000000000000 ) ) ;
#4140 = AXIS2_PLACEMENT_3D ( 'NONE', #4088, #7873, #5499 ) ;
#4141 = CARTESIAN_POINT ( 'NONE',  ( 4.597070615421254800, 5.064842850954452300, 11.50000000000000400 ) ) ;
#4142 = ORIENTED_EDGE ( 'NONE', *, *, #8038, .F. ) ;
#4143 = CYLINDRICAL_SURFACE ( 'NONE', #2001, 1.000000000000000000 ) ;
#4144 = FACE_BOUND ( 'NONE', #6526, .T. ) ;
#4145 = CARTESIAN_POINT ( 'NONE',  ( -8.700000000000018800, 24.69999999999999900, -9.500000000000000000 ) ) ;
#4146 = DIRECTION ( 'NONE',  ( -0.0000000000000000000, -0.0000000000000000000, 1.000000000000000000 ) ) ;
#4147 = CARTESIAN_POINT ( 'NONE',  ( -2.098628169629374700, -11.29983728525535200, 11.50000000000000200 ) ) ;
#4148 = CARTESIAN_POINT ( 'NONE',  ( 4.579882017926951900, 5.051043146345805600, 11.50000000000000500 ) ) ;
#4149 = ORIENTED_EDGE ( 'NONE', *, *, #4216, .T. ) ;
#4150 = ADVANCED_FACE ( 'NONE', ( #7271, #5596 ), #8713, .T. ) ;
#4151 = CARTESIAN_POINT ( 'NONE',  ( -4.336361518751331800, 4.992452830188674400, 11.50000000000000000 ) ) ;
#4152 = AXIS2_PLACEMENT_3D ( 'NONE', #8263, #9154, #6153 ) ;
#4153 = CARTESIAN_POINT ( 'NONE',  ( -1.638133168852068400, 11.83217888897845600, 11.49999999999999800 ) ) ;
#4154 = EDGE_CURVE ( 'NONE', #8120, #8848, #9192, .T. ) ;
#4155 = ORIENTED_EDGE ( 'NONE', *, *, #8678, .T. ) ;
#4156 = ORIENTED_EDGE ( 'NONE', *, *, #8945, .F. ) ;
#4157 = CARTESIAN_POINT ( 'NONE',  ( -0.6316468942258248700, 4.690414008773043300, 11.49999999999999800 ) ) ;
#4158 = ORIENTED_EDGE ( 'NONE', *, *, #6697, .F. ) ;
#4159 = CARTESIAN_POINT ( 'NONE',  ( 2.294699156257506500, -10.42313597112612600, 11.49999999999999800 ) ) ;
#4160 = CARTESIAN_POINT ( 'NONE',  ( -3.315789473684210600, -16.68398494338725900, 11.50000000000000200 ) ) ;
#4161 = DIRECTION ( 'NONE',  ( 1.000000000000000000, 0.0000000000000000000, 0.0000000000000000000 ) ) ;
#4162 = ORIENTED_EDGE ( 'NONE', *, *, #5983, .F. ) ;
#4163 = CARTESIAN_POINT ( 'NONE',  ( 4.485380116959061200, -17.16351710712994800, 11.50000000000000000 ) ) ;
#4164 = CARTESIAN_POINT ( 'NONE',  ( -1.474900539105712800, -16.24076071385752200, 11.50000000000000200 ) ) ;
#4165 = CARTESIAN_POINT ( 'NONE',  ( -4.654295064533650700, 4.722719119728743900, 11.50000000000000000 ) ) ;
#4166 = CARTESIAN_POINT ( 'NONE',  ( -0.2094589641949308500, -13.53276651292364900, 11.50000000000000400 ) ) ;
#4167 = VECTOR ( 'NONE', #7441, 1000.000000000000000 ) ;
#4168 = VERTEX_POINT ( 'NONE', #6892 ) ;
#4169 = CARTESIAN_POINT ( 'NONE',  ( -1.608271500462135300, 7.655085127267277300, 11.50000000000000200 ) ) ;
#4170 = VECTOR ( 'NONE', #8579, 1000.000000000000100 ) ;
#4171 = VERTEX_POINT ( 'NONE', #4335 ) ;
#4172 = AXIS2_PLACEMENT_3D ( 'NONE', #1515, #7287, #5659 ) ;
#4173 = ORIENTED_EDGE ( 'NONE', *, *, #8114, .F. ) ;
#4174 = CARTESIAN_POINT ( 'NONE',  ( -2.696162507240082100, 5.000871457658856700, 11.50000000000000000 ) ) ;
#4175 = EDGE_CURVE ( 'NONE', #3084, #7624, #5396, .T. ) ;
#4176 = CARTESIAN_POINT ( 'NONE',  ( -4.170882832517929000, 5.420125786163517000, 11.50000000000000000 ) ) ;
#4177 = CARTESIAN_POINT ( 'NONE',  ( 12.90000000000000200, 42.00000000000001400, 11.00000000000000000 ) ) ;
#4178 = CARTESIAN_POINT ( 'NONE',  ( 0.7249891987314367500, -17.16328711563553400, 11.50000000000000000 ) ) ;
#4179 = CARTESIAN_POINT ( 'NONE',  ( -0.2233739066619135300, -14.44769202765735400, 11.50000000000000400 ) ) ;
#4180 = CARTESIAN_POINT ( 'NONE',  ( -3.568627375237645600, 4.654384859701668400, 11.50000000000000400 ) ) ;
#4181 = ORIENTED_EDGE ( 'NONE', *, *, #5301, .F. ) ;
#4182 = CARTESIAN_POINT ( 'NONE',  ( 0.0000000000000000000, 0.0000000000000000000, 11.50000000000000000 ) ) ;
#4183 = ORIENTED_EDGE ( 'NONE', *, *, #4049, .F. ) ;
#4184 = CARTESIAN_POINT ( 'NONE',  ( 0.5373469986638453900, 4.678165910603302900, 11.50000000000000200 ) ) ;
#4185 = ORIENTED_EDGE ( 'NONE', *, *, #3539, .T. ) ;
#4186 = CARTESIAN_POINT ( 'NONE',  ( 1.775191942768026100, 4.591581502959623000, 11.50000000000000400 ) ) ;
#4187 = CARTESIAN_POINT ( 'NONE',  ( 3.211753351860949600, 12.07088997330657100, 11.49999999999999600 ) ) ;
#4188 = CARTESIAN_POINT ( 'NONE',  ( -0.05261483886372421400, -17.16041711537797800, 11.50000000000000200 ) ) ;
#4189 = CARTESIAN_POINT ( 'NONE',  ( 0.2996419724047979000, -13.38965573560028200, 11.50000000000000400 ) ) ;
#4190 = EDGE_CURVE ( 'NONE', #5737, #2858, #3922, .T. ) ;
#4191 = LINE ( 'NONE', #1626, #8071 ) ;
#4192 = CARTESIAN_POINT ( 'NONE',  ( 4.262724763059885000, -16.57835820625281200, 11.50000000000000000 ) ) ;
#4193 = ORIENTED_EDGE ( 'NONE', *, *, #5753, .T. ) ;
#4194 = ADVANCED_FACE ( 'NONE', ( #6355 ), #3360, .T. ) ;
#4195 = ORIENTED_EDGE ( 'NONE', *, *, #3762, .F. ) ;
#4196 = DIRECTION ( 'NONE',  ( 1.000000000000000000, 0.0000000000000000000, 0.0000000000000000000 ) ) ;
#4197 = CARTESIAN_POINT ( 'NONE',  ( -0.5879338457953584600, 4.786163522012574700, 11.50000000000000200 ) ) ;
#4198 = CARTESIAN_POINT ( 'NONE',  ( -1.336006563392507800, -16.90162164180787800, 11.49999999999999600 ) ) ;
#4199 = VECTOR ( 'NONE', #5866, 1000.000000000000000 ) ;
#4200 = CARTESIAN_POINT ( 'NONE',  ( -3.310186852773084400, -16.79991257693535500, 11.49999999999999800 ) ) ;
#4201 = APPLICATION_CONTEXT ( 'configuration controlled 3d designs of mechanical parts and assemblies' ) ;
#4202 = CARTESIAN_POINT ( 'NONE',  ( 0.6487690519237892000, -16.65738369050907900, 11.49999999999999600 ) ) ;
#4203 = CARTESIAN_POINT ( 'NONE',  ( -4.278371630883185600, 5.416753927119772000, 11.50000000000000000 ) ) ;
#4204 = EDGE_CURVE ( 'NONE', #5808, #2146, #1224, .T. ) ;
#4205 = CARTESIAN_POINT ( 'NONE',  ( 0.1787031716798151400, -9.685509914432980600, 11.49999999999999500 ) ) ;
#4206 = ORIENTED_EDGE ( 'NONE', *, *, #3729, .T. ) ;
#4207 = CARTESIAN_POINT ( 'NONE',  ( 1.184857894048330300, -10.24834616807482100, 11.50000000000000200 ) ) ;
#4208 = CARTESIAN_POINT ( 'NONE',  ( 4.270085677154033200, 4.650944114338917000, 11.50000000000000000 ) ) ;
#4209 = CARTESIAN_POINT ( 'NONE',  ( 1.584459071735379300, 4.613054972467164600, 11.50000000000000000 ) ) ;
#4210 = CARTESIAN_POINT ( 'NONE',  ( 4.183493325141506100, 5.405387434488846800, 11.50000000000000400 ) ) ;
#4211 = CARTESIAN_POINT ( 'NONE',  ( 4.308595387840795400, 5.410062893081756900, 11.50000000000000000 ) ) ;
#4212 = CARTESIAN_POINT ( 'NONE',  ( -3.632854722897214100, -16.30959882270812100, 11.50000000000000000 ) ) ;
#4213 = ORIENTED_EDGE ( 'NONE', *, *, #5631, .T. ) ;
#4214 = CARTESIAN_POINT ( 'NONE',  ( -3.133891141787519300, -16.94395588424761100, 11.50000000000000000 ) ) ;
#4215 = CARTESIAN_POINT ( 'NONE',  ( -1.812865497076024700, -16.89451125917673500, 11.50000000000000000 ) ) ;
#4216 = EDGE_CURVE ( 'NONE', #3084, #2907, #7147, .T. ) ;
#4217 = DIRECTION ( 'NONE',  ( -1.000000000000000000, 0.0000000000000000000, -0.0000000000000000000 ) ) ;
#4218 = CARTESIAN_POINT ( 'NONE',  ( 4.368232198381195800, 4.992582162503213200, 11.50000000000000200 ) ) ;
#4219 = CARTESIAN_POINT ( 'NONE',  ( -8.700000000000018800, -24.69999999999999900, 2.000000000000000000 ) ) ;
#4220 = CARTESIAN_POINT ( 'NONE',  ( -1.033496389471108700, 5.425157232704399300, 11.50000000000000000 ) ) ;
#4221 = CARTESIAN_POINT ( 'NONE',  ( 0.1141694155868464600, 4.678656163273254600, 11.50000000000000400 ) ) ;
#4222 = B_SPLINE_CURVE_WITH_KNOTS ( 'NONE', 3,
 ( #3010, #3702, #3348, #1387, #1041, #7524, #3172 ),
 .UNSPECIFIED., .F., .F.,
 ( 4, 1, 1, 1, 4 ),
 ( 0.0000000000000000000, 0.1831944902640152400, 0.4119204145437541700, 0.6793412716898590300, 1.000000000000000000 ),
 .UNSPECIFIED. ) ;
#4223 = ORIENTED_EDGE ( 'NONE', *, *, #3746, .F. ) ;
#4224 = CARTESIAN_POINT ( 'NONE',  ( 0.9312093104149402600, -10.62300738308965900, 11.50000000000000200 ) ) ;
#4225 = CARTESIAN_POINT ( 'NONE',  ( -1.340481346081382700, -16.91948478196757900, 11.50000000000000200 ) ) ;
#4226 = VECTOR ( 'NONE', #2723, 1000.000000000000000 ) ;
#4227 = CARTESIAN_POINT ( 'NONE',  ( 0.3039832931599766900, -16.66311574651392700, 11.50000000000000000 ) ) ;
#4228 = CARTESIAN_POINT ( 'NONE',  ( -3.164816432560093200, -17.09970043489872200, 11.50000000000000400 ) ) ;
#4229 = CARTESIAN_POINT ( 'NONE',  ( -0.2436694394022067300, -11.42755310476397000, 11.49999999999999800 ) ) ;
#4230 = DIRECTION ( 'NONE',  ( -1.000000000000000000, 0.0000000000000000000, -0.0000000000000000000 ) ) ;
#4231 = EDGE_CURVE ( 'NONE', #7996, #4288, #2158, .T. ) ;
#4232 = DIRECTION ( 'NONE',  ( -0.0000000000000000000, 0.0000000000000000000, 1.000000000000000000 ) ) ;
#4233 = ORIENTED_EDGE ( 'NONE', *, *, #1878, .T. ) ;
#4234 = DIRECTION ( 'NONE',  ( 1.000000000000000000, 0.0000000000000000000, 0.0000000000000000000 ) ) ;
#4235 = CARTESIAN_POINT ( 'NONE',  ( 1.602348337851116500, 4.693046938107227300, 11.50000000000000500 ) ) ;
#4236 = DIRECTION ( 'NONE',  ( -0.0000000000000000000, -0.0000000000000000000, 1.000000000000000000 ) ) ;
#4237 = PLANE ( 'NONE',  #8496 ) ;
#4238 = CARTESIAN_POINT ( 'NONE',  ( 2.306307825123639100, -10.26160771301735300, 11.49999999999999800 ) ) ;
#4239 = CARTESIAN_POINT ( 'NONE',  ( 4.547493343435129500, -16.49044692421138000, 11.50000000000000200 ) ) ;
#4240 = CARTESIAN_POINT ( 'NONE',  ( -2.051893465315425000, 7.839370077541681200, 11.49999999999999800 ) ) ;
#4241 = CARTESIAN_POINT ( 'NONE',  ( 4.614716649264449800, 5.344988480027825300, 11.49999999999999800 ) ) ;
#4242 = FACE_OUTER_BOUND ( 'NONE', #4128, .T. ) ;
#4243 = ORIENTED_EDGE ( 'NONE', *, *, #5122, .T. ) ;
#4244 = CARTESIAN_POINT ( 'NONE',  ( -2.219991765358435600, 4.666156969173065300, 11.50000000000000400 ) ) ;
#4245 = CARTESIAN_POINT ( 'NONE',  ( 0.5114640753939141400, 0.06515014875214957000, 11.50000000000000000 ) ) ;
#4246 = CARTESIAN_POINT ( 'NONE',  ( -3.120785928731780500, -16.96747335950621900, 11.49999999999999500 ) ) ;
#4247 = EDGE_CURVE ( 'NONE', #3110, #5624, #2057, .T. ) ;
#4248 = CARTESIAN_POINT ( 'NONE',  ( 3.706126252038324700, 5.042767295597480300, 11.50000000000000000 ) ) ;
#4249 = EDGE_LOOP ( 'NONE', ( #2737, #5823, #6001, #6188 ) ) ;
#4250 = CARTESIAN_POINT ( 'NONE',  ( -4.015274814348365400, 5.257784538601983500, 11.49999999999999800 ) ) ;
#4251 = LINE ( 'NONE', #8211, #6923 ) ;
#4252 = ORIENTED_EDGE ( 'NONE', *, *, #2020, .F. ) ;
#4253 = DIRECTION ( 'NONE',  ( 0.0000000000000000000, -0.0000000000000000000, -1.000000000000000000 ) ) ;
#4254 = CARTESIAN_POINT ( 'NONE',  ( 0.004234195172356155000, -13.22931538348882300, 11.49999999999999600 ) ) ;
#4255 = CARTESIAN_POINT ( 'NONE',  ( 0.1269306985664044300, 4.694774013176801700, 11.50000000000000500 ) ) ;
#4256 = CARTESIAN_POINT ( 'NONE',  ( -2.420682156689417200, 5.348196741051253000, 11.49999999999999600 ) ) ;
#4257 = CARTESIAN_POINT ( 'NONE',  ( 0.4549294182326381100, -16.35671487571458700, 11.49999999999999600 ) ) ;
#4258 = VERTEX_POINT ( 'NONE', #1101 ) ;
#4259 = CARTESIAN_POINT ( 'NONE',  ( -4.002507648104719700, 5.008723749299798900, 11.49999999999999300 ) ) ;
#4260 = EDGE_CURVE ( 'NONE', #3599, #8213, #6561, .T. ) ;
#4261 = DIRECTION ( 'NONE',  ( 1.000000000000000000, 0.0000000000000000000, 0.0000000000000000000 ) ) ;
#4262 = DIRECTION ( 'NONE',  ( 1.000000000000000000, 0.0000000000000000000, 0.0000000000000000000 ) ) ;
#4263 = CARTESIAN_POINT ( 'NONE',  ( -1.448753312924097500, 5.084702126733938100, 11.49999999999999600 ) ) ;
#4264 = CARTESIAN_POINT ( 'NONE',  ( -0.02640172998599121500, -16.60764674906770100, 11.50000000000000200 ) ) ;
#4265 = CARTESIAN_POINT ( 'NONE',  ( 1.734723475976807100E-015, 0.1999999999999961800, 11.50000000000000000 ) ) ;
#4266 = ORIENTED_EDGE ( 'NONE', *, *, #8602, .T. ) ;
#4267 = LINE ( 'NONE', #466, #5562 ) ;
#4268 = CARTESIAN_POINT ( 'NONE',  ( -1.468067533806635300, -10.16827510525651100, 11.49999999999999800 ) ) ;
#4269 = CARTESIAN_POINT ( 'NONE',  ( -3.469689830947869000, 4.778607987243624700, 11.50000000000000000 ) ) ;
#4270 = ORIENTED_EDGE ( 'NONE', *, *, #5527, .T. ) ;
#4271 = CARTESIAN_POINT ( 'NONE',  ( -0.7090612625202585800, 5.017610062893078600, 11.50000000000000000 ) ) ;
#4272 = CARTESIAN_POINT ( 'NONE',  ( -2.932078654000755500, 4.703742227859881300, 11.49999999999999800 ) ) ;
#4273 = CARTESIAN_POINT ( 'NONE',  ( -0.5372538555376754600, -10.49828363695692300, 11.50000000000000200 ) ) ;
#4274 = CARTESIAN_POINT ( 'NONE',  ( -4.076629540340529300, 5.418608510276100400, 11.50000000000000200 ) ) ;
#4275 = CARTESIAN_POINT ( 'NONE',  ( -1.954490511216406200, 6.971922546218125100, 11.49999999999999800 ) ) ;
#4276 = VECTOR ( 'NONE', #620, 1000.000000000000000 ) ;
#4277 = PLANE ( 'NONE',  #3075 ) ;
#4278 = ORIENTED_EDGE ( 'NONE', *, *, #4584, .T. ) ;
#4279 = CARTESIAN_POINT ( 'NONE',  ( -0.7391864751800604200, 4.650385611285042100, 11.50000000000000000 ) ) ;
#4280 = CARTESIAN_POINT ( 'NONE',  ( 0.5058282873845171300, 5.341357276538945000, 11.49999999999999600 ) ) ;
#4281 = CARTESIAN_POINT ( 'NONE',  ( 3.923976608187133700, -16.45591476794866300, 11.50000000000000000 ) ) ;
#4282 = CARTESIAN_POINT ( 'NONE',  ( -2.539321833090718300, 6.611357228294397500, 11.50000000000000000 ) ) ;
#4283 = CARTESIAN_POINT ( 'NONE',  ( 0.1823177158377726200, -17.12385162882161900, 11.50000000000000400 ) ) ;
#4284 = CARTESIAN_POINT ( 'NONE',  ( -1.571973293418067700, 5.169635331453164900, 11.50000000000000200 ) ) ;
#4285 = FACE_OUTER_BOUND ( 'NONE', #1394, .T. ) ;
#4286 = VERTEX_POINT ( 'NONE', #4876 ) ;
#4287 = CARTESIAN_POINT ( 'NONE',  ( -3.094272345830680700, 5.367434629106776700, 11.50000000000000200 ) ) ;
#4288 = VERTEX_POINT ( 'NONE', #2368 ) ;
#4289 = B_SPLINE_CURVE_WITH_KNOTS ( 'NONE', 3,
 ( #645, #5376, #8420, #5070, #1506, #2948, #4855, #1289, #6999, #1823, #1260, #2955, #5520, #4453, #4486, #3121, #8845, #2418, #7939 ),
 .UNSPECIFIED., .F., .F.,
 ( 4, 1, 1, 1, 1, 1, 1, 1, 1, 1, 1, 1, 1, 1, 1, 1, 4 ),
 ( 0.0000000000000000000, 0.04492095954876573800, 0.08826859633481953800, 0.1313813491479204300, 0.1745250182452476900, 0.2184952108840705300, 0.2643830033751772800, 0.3124902760776197000, 0.3640372139938896600, 0.4195984003055871500, 0.4809162723024017500, 0.5491128538141827300, 0.6238330176583699600, 0.7063383572593086000, 0.7960214490337319500, 0.8940021665350491600, 1.000000000000000000 ),
 .UNSPECIFIED. ) ;
#4290 = CARTESIAN_POINT ( 'NONE',  ( -4.276907139829948100, 4.995193531824218900, 11.50000000000000200 ) ) ;
#4291 = AXIS2_PLACEMENT_3D ( 'NONE', #3146, #9187, #652 ) ;
#4292 = CARTESIAN_POINT ( 'NONE',  ( -0.2937495564773212600, -14.64817569426382900, 11.50000000000000000 ) ) ;
#4293 = EDGE_CURVE ( 'NONE', #51, #1220, #5831, .T. ) ;
#4294 = CARTESIAN_POINT ( 'NONE',  ( 4.576873615814236900, 5.357296543262354000, 11.50000000000000000 ) ) ;
#4295 = ORIENTED_EDGE ( 'NONE', *, *, #7228, .F. ) ;
#4296 = CARTESIAN_POINT ( 'NONE',  ( -1.439470834888751700, -16.14037320749668000, 11.50000000000000000 ) ) ;
#4297 = CARTESIAN_POINT ( 'NONE',  ( -2.233944619959912400, 5.414589004546826300, 11.50000000000000000 ) ) ;
#4298 = DIRECTION ( 'NONE',  ( 1.000000000000000000, 0.0000000000000000000, 0.0000000000000000000 ) ) ;
#4299 = ORIENTED_EDGE ( 'NONE', *, *, #3700, .T. ) ;
#4300 = CARTESIAN_POINT ( 'NONE',  ( -3.655066387141734400, 4.987421383647795600, 11.50000000000000000 ) ) ;
#4301 = CARTESIAN_POINT ( 'NONE',  ( 8.992893218813483400, -24.40710678118654500, -9.500000000000000000 ) ) ;
#4302 = ORIENTED_EDGE ( 'NONE', *, *, #5678, .T. ) ;
#4303 = EDGE_CURVE ( 'NONE', #7184, #3160, #4267, .T. ) ;
#4304 = CARTESIAN_POINT ( 'NONE',  ( -4.423762070829426700, 5.409344174360865200, 11.50000000000000400 ) ) ;
#4305 = ORIENTED_EDGE ( 'NONE', *, *, #6806, .T. ) ;
#4306 = CARTESIAN_POINT ( 'NONE',  ( 0.1695906432748551000, -16.14012529426445000, 11.50000000000000000 ) ) ;
#4307 = B_SPLINE_CURVE_WITH_KNOTS ( 'NONE', 3,
 ( #1139, #5378, #844, #6889, #7251, #6803, #7160, #765, #8303, #8730, #3114 ),
 .UNSPECIFIED., .F., .F.,
 ( 4, 1, 1, 1, 1, 1, 1, 1, 4 ),
 ( 0.0000000000000000000, 0.2046237051178603200, 0.3850799327881466700, 0.5415766636605579000, 0.6741094199510955200, 0.7852877706772470900, 0.8746754594514979400, 0.9444755175635103400, 1.000000000000000000 ),
 .UNSPECIFIED. ) ;
#4308 = CARTESIAN_POINT ( 'NONE',  ( -1.385973240034262400, -16.99985184169679900, 11.50000000000000000 ) ) ;
#4309 = CARTESIAN_POINT ( 'NONE',  ( 0.0000000000000000000, 0.0000000000000000000, 11.50000000000000000 ) ) ;
#4310 = VERTEX_POINT ( 'NONE', #5426 ) ;
#4311 = FACE_OUTER_BOUND ( 'NONE', #5860, .T. ) ;
#4312 = CARTESIAN_POINT ( 'NONE',  ( 4.298629231898917000, -16.79654021114304300, 11.49999999999999800 ) ) ;
#4313 = ORIENTED_EDGE ( 'NONE', *, *, #8551, .F. ) ;
#4314 = CARTESIAN_POINT ( 'NONE',  ( 1.049522478453420100, 5.384905660377355300, 11.50000000000000000 ) ) ;
#4315 = CARTESIAN_POINT ( 'NONE',  ( 2.326828918379968200E-015, 1.499999999999997800, 10.49999999999999800 ) ) ;
#4316 = ORIENTED_EDGE ( 'NONE', *, *, #5828, .F. ) ;
#4317 = CARTESIAN_POINT ( 'NONE',  ( 0.003019923750479174300, -17.16454536466506700, 11.50000000000000200 ) ) ;
#4318 = EDGE_CURVE ( 'NONE', #8765, #7649, #5803, .T. ) ;
#4319 = CARTESIAN_POINT ( 'NONE',  ( 3.401526403575386900, 5.296086683923835600, 11.50000000000000000 ) ) ;
#4320 = VERTEX_POINT ( 'NONE', #6149 ) ;
#4321 = LINE ( 'NONE', #3443, #2419 ) ;
#4322 = CARTESIAN_POINT ( 'NONE',  ( 2.683175359395088200, 4.702465275242429000, 11.50000000000000200 ) ) ;
#4323 = CARTESIAN_POINT ( 'NONE',  ( 4.477242021896234500, 4.781132075471694200, 11.50000000000000000 ) ) ;
#4324 = CARTESIAN_POINT ( 'NONE',  ( -3.014626354641377800, -9.243010007338394700, 11.50000000000000200 ) ) ;
#4325 = ORIENTED_EDGE ( 'NONE', *, *, #2163, .F. ) ;
#4326 = CARTESIAN_POINT ( 'NONE',  ( -0.03846310639573270700, -16.51688510710280900, 11.50000000000000000 ) ) ;
#4327 = DIRECTION ( 'NONE',  ( -1.000000000000000000, 0.0000000000000000000, -0.0000000000000000000 ) ) ;
#4328 = EDGE_CURVE ( 'NONE', #2231, #8591, #2934, .T. ) ;
#4329 = CARTESIAN_POINT ( 'NONE',  ( 0.4312549004496958300, -11.21095108997172200, 11.50000000000000200 ) ) ;
#4330 = ORIENTED_EDGE ( 'NONE', *, *, #3593, .T. ) ;
#4331 = DIRECTION ( 'NONE',  ( 0.0000000000000000000, 0.0000000000000000000, 1.000000000000000000 ) ) ;
#4332 = CARTESIAN_POINT ( 'NONE',  ( -3.266170082745488900, 4.592459417577761500, 11.50000000000000400 ) ) ;
#4333 = FACE_OUTER_BOUND ( 'NONE', #4737, .T. ) ;
#4334 = ORIENTED_EDGE ( 'NONE', *, *, #4896, .F. ) ;
#4335 = CARTESIAN_POINT ( 'NONE',  ( 0.5877192982456148600, -14.75614035087719400, 11.50000000000000000 ) ) ;
#4336 = DIRECTION ( 'NONE',  ( 1.000000000000000000, 0.0000000000000000000, 0.0000000000000000000 ) ) ;
#4337 = DIRECTION ( 'NONE',  ( 1.000000000000000000, 0.0000000000000000000, 0.0000000000000000000 ) ) ;
#4338 = CALENDAR_DATE ( 2018, 24, 1 ) ;
#4339 = CARTESIAN_POINT ( 'NONE',  ( 2.426085556052018300, 5.270363331379397400, 11.50000000000000400 ) ) ;
#4341 = VERTEX_POINT ( 'NONE', #3919 ) ;
#4340 = VECTOR ( 'NONE', #7874, 1000.000000000000000 ) ;
#4342 = CARTESIAN_POINT ( 'NONE',  ( 12.90000000000000200, -14.36866448766850700, 11.00000000000000000 ) ) ;
#4343 = FACE_BOUND ( 'NONE', #8074, .T. ) ;
#4344 = DIRECTION ( 'NONE',  ( -0.8645071866841924600, -0.5026204573745309800, -0.0000000000000000000 ) ) ;
#4345 = EDGE_LOOP ( 'NONE', ( #6794, #4305, #239, #8073 ) ) ;
#4346 = CARTESIAN_POINT ( 'NONE',  ( 1.607848285797484700, -9.980954541865855800, 11.50000000000000200 ) ) ;
#4347 = DIRECTION ( 'NONE',  ( 0.0000000000000000000, 0.0000000000000000000, 1.000000000000000000 ) ) ;
#4348 = CARTESIAN_POINT ( 'NONE',  ( -2.104155052684220100, 5.369594807568704600, 11.50000000000000200 ) ) ;
#4349 = CARTESIAN_POINT ( 'NONE',  ( 0.0000000000000000000, 4.650314465408802000, 11.50000000000000000 ) ) ;
#4350 = VECTOR ( 'NONE', #4937, 1000.000000000000000 ) ;
#4351 = DIRECTION ( 'NONE',  ( 0.8628636480872842200, 0.5016649116786540100, -0.06163311772052034600 ) ) ;
#4352 = VECTOR ( 'NONE', #3937, 1000.000000000000000 ) ;
#4353 = VERTEX_POINT ( 'NONE', #6184 ) ;
#4354 = ORIENTED_EDGE ( 'NONE', *, *, #7359, .T. ) ;
#4355 = CARTESIAN_POINT ( 'NONE',  ( 2.054596615186206500, 5.414038895865280300, 11.50000000000000000 ) ) ;
#4356 = CARTESIAN_POINT ( 'NONE',  ( 0.7368421052631570800, -17.16351710712994800, 11.50000000000000000 ) ) ;
#4357 = VERTEX_POINT ( 'NONE', #5922 ) ;
#4358 = CARTESIAN_POINT ( 'NONE',  ( -1.729441307728691900, -10.96491482994377400, 11.50000000000000400 ) ) ;
#4359 = CARTESIAN_POINT ( 'NONE',  ( 0.4504105566725156700, -16.42221205704186100, 11.50000000000000200 ) ) ;
#4360 = EDGE_CURVE ( 'NONE', #7267, #2453, #6270, .T. ) ;
#4361 = CARTESIAN_POINT ( 'NONE',  ( 4.240900928748004600, -16.60255821968662500, 11.50000000000000000 ) ) ;
#4362 = FACE_BOUND ( 'NONE', #345, .T. ) ;
#4363 = ORIENTED_EDGE ( 'NONE', *, *, #1782, .T. ) ;
#4364 = CARTESIAN_POINT ( 'NONE',  ( 1.051874241126077700, -10.45738733360396300, 11.50000000000000200 ) ) ;
#4365 = CARTESIAN_POINT ( 'NONE',  ( -0.1656613304838028500, 11.17677676380174200, 11.50000000000000000 ) ) ;
#4366 = CARTESIAN_POINT ( 'NONE',  ( 0.0000000000000000000, 4.594968553459115600, 11.50000000000000000 ) ) ;
#4367 = CARTESIAN_POINT ( 'NONE',  ( -4.034060411673607400, 4.598737294932417900, 11.50000000000000000 ) ) ;
#4368 = CARTESIAN_POINT ( 'NONE',  ( -4.660818713450290800, -16.59041769192527100, 11.50000000000000000 ) ) ;
#4369 = CARTESIAN_POINT ( 'NONE',  ( 0.3651893543956554700, 4.653627231054368700, 11.50000000000000200 ) ) ;
#4370 = VECTOR ( 'NONE', #4446, 1000.000000000000000 ) ;
#4371 = DIRECTION ( 'NONE',  ( 1.000000000000000000, 0.0000000000000000000, 0.0000000000000000000 ) ) ;
#4372 = ORIENTED_EDGE ( 'NONE', *, *, #1809, .T. ) ;
#4373 = EDGE_CURVE ( 'NONE', #1581, #4610, #8606, .T. ) ;
#4374 = VERTEX_POINT ( 'NONE', #8693 ) ;
#4375 = CARTESIAN_POINT ( 'NONE',  ( 0.2810953588222115400, -16.62473523071336200, 11.49999999999999800 ) ) ;
#4376 = ORIENTED_EDGE ( 'NONE', *, *, #2583, .T. ) ;
#4377 = ORIENTED_EDGE ( 'NONE', *, *, #178, .T. ) ;
#4378 = FACE_OUTER_BOUND ( 'NONE', #4015, .T. ) ;
#4379 = FACE_OUTER_BOUND ( 'NONE', #6715, .T. ) ;
#4380 = EDGE_CURVE ( 'NONE', #2888, #128, #1031, .T. ) ;
#4381 = LINE ( 'NONE', #8453, #6557 ) ;
#4382 = CARTESIAN_POINT ( 'NONE',  ( 1.980526438388197100, 5.420125786163518800, 11.50000000000000000 ) ) ;
#4383 = ORIENTED_EDGE ( 'NONE', *, *, #9186, .T. ) ;
#4384 = CARTESIAN_POINT ( 'NONE',  ( 3.256826302171713200, -10.71162933241305600, 11.50000000000000000 ) ) ;
#4385 = CARTESIAN_POINT ( 'NONE',  ( 2.786489634288498200, 4.599999999999996100, 11.50000000000000000 ) ) ;
#4386 = CARTESIAN_POINT ( 'NONE',  ( -0.4580479850918876500, 4.650314465408802000, 11.50000000000000000 ) ) ;
#4387 = VERTEX_POINT ( 'NONE', #1642 ) ;
#4388 = CARTESIAN_POINT ( 'NONE',  ( -0.1939130012297303500, -16.84969040933453100, 11.50000000000000400 ) ) ;
#4389 = CARTESIAN_POINT ( 'NONE',  ( -2.778610504647495800, -16.21387315945123600, 11.50000000000000400 ) ) ;
#4390 = CARTESIAN_POINT ( 'NONE',  ( 0.8626334256734581300, -10.71138207515813800, 11.50000000000000000 ) ) ;
#4391 = ORIENTED_EDGE ( 'NONE', *, *, #1963, .T. ) ;
#4392 = ORIENTED_EDGE ( 'NONE', *, *, #1662, .T. ) ;
#4393 = CARTESIAN_POINT ( 'NONE',  ( -0.4826565253071154500, -14.11711118886929800, 11.49999999999999600 ) ) ;
#4394 = ORIENTED_EDGE ( 'NONE', *, *, #8747, .T. ) ;
#4395 = EDGE_CURVE ( 'NONE', #5585, #2039, #8410, .T. ) ;
#4396 = ORIENTED_EDGE ( 'NONE', *, *, #2749, .T. ) ;
#4397 = CARTESIAN_POINT ( 'NONE',  ( 1.824378454409681000, 5.221389911355045000, 11.50000000000000200 ) ) ;
#4398 = CARTESIAN_POINT ( 'NONE',  ( 0.5026204573745305400, -1.707778803852020700, 11.50000000000000000 ) ) ;
#4399 = CARTESIAN_POINT ( 'NONE',  ( 0.1196857980264893100, -14.55545438789420000, 11.50000000000000400 ) ) ;
#4400 = ORIENTED_EDGE ( 'NONE', *, *, #2658, .F. ) ;
#4401 = ORIENTED_EDGE ( 'NONE', *, *, #4831, .T. ) ;
#4402 = VERTEX_POINT ( 'NONE', #9165 ) ;
#4403 = DIRECTION ( 'NONE',  ( -0.0000000000000000000, -0.0000000000000000000, 1.000000000000000000 ) ) ;
#4404 = CARTESIAN_POINT ( 'NONE',  ( 2.093556797628820700, 5.406364813107169100, 11.50000000000000000 ) ) ;
#4405 = CARTESIAN_POINT ( 'NONE',  ( -6.397379542625473400, -10.58807119849726200, 11.00000000000000000 ) ) ;
#4406 = CARTESIAN_POINT ( 'NONE',  ( -1.941271394534634500, 5.249831601634350700, 11.50000000000000000 ) ) ;
#4407 = EDGE_LOOP ( 'NONE', ( #3932, #6714, #8316, #191, #414 ) ) ;
#4408 = CARTESIAN_POINT ( 'NONE',  ( 4.849755415793276300, 5.329559748427669800, 11.50000000000000000 ) ) ;
#4409 = CARTESIAN_POINT ( 'NONE',  ( -3.393456639973550200, 4.669658093725873400, 11.50000000000000000 ) ) ;
#4410 = VERTEX_POINT ( 'NONE', #594 ) ;
#4411 = AXIS2_PLACEMENT_3D ( 'NONE', #7646, #7265, #1768 ) ;
#4412 = CARTESIAN_POINT ( 'NONE',  ( -2.151476546446828800, 11.22202743297098800, 11.50000000000000000 ) ) ;
#4413 = EDGE_CURVE ( 'NONE', #1516, #8967, #8753, .T. ) ;
#4414 = CARTESIAN_POINT ( 'NONE',  ( 3.735154845103526400, 4.959610631505198900, 11.50000000000000500 ) ) ;
#4415 = VERTEX_POINT ( 'NONE', #8156 ) ;
#4416 = CIRCLE ( 'NONE', #4172, 1.000000000000000000 ) ;
#4417 = ORIENTED_EDGE ( 'NONE', *, *, #6302, .F. ) ;
#4418 = CARTESIAN_POINT ( 'NONE',  ( 4.628078190047089500, -16.98435754471139300, 11.50000000000000000 ) ) ;
#4419 = DIRECTION ( 'NONE',  ( -0.7071067811865511300, -0.7071067811865440200, 0.0000000000000000000 ) ) ;
#4420 = CARTESIAN_POINT ( 'NONE',  ( -1.093567251461989600, 0.0000000000000000000, 11.50000000000000000 ) ) ;
#4421 = EDGE_CURVE ( 'NONE', #3637, #3831, #660, .T. ) ;
#4422 = CARTESIAN_POINT ( 'NONE',  ( -0.3883531330070984500, 5.329559748427669800, 11.50000000000000000 ) ) ;
#4423 = DIRECTION ( 'NONE',  ( 0.0000000000000000000, 0.0000000000000000000, 1.000000000000000000 ) ) ;
#4424 = ADVANCED_FACE ( 'NONE', ( #3573 ), #8306, .T. ) ;
#4425 = VECTOR ( 'NONE', #8004, 1000.000000000000100 ) ;
#4426 = CARTESIAN_POINT ( 'NONE',  ( -2.840474004606577300, -9.200786950407287900, 11.50000000000000200 ) ) ;
#4427 = PLANE ( 'NONE',  #2654 ) ;
#4428 = CARTESIAN_POINT ( 'NONE',  ( 0.03855065926106283900, 4.648670623939897200, 11.50000000000000000 ) ) ;
#4429 = CARTESIAN_POINT ( 'NONE',  ( -2.461179897861579300, 5.400454502863793100, 11.50000000000000000 ) ) ;
#4430 = CARTESIAN_POINT ( 'NONE',  ( 0.4434205134477591800, 11.27668407004512800, 11.49999999999999800 ) ) ;
#4431 = VECTOR ( 'NONE', #802, 999.9999999999998900 ) ;
#4432 = CARTESIAN_POINT ( 'NONE',  ( -4.138145921703413800, 5.420469364689726200, 11.50000000000000400 ) ) ;
#4433 = CARTESIAN_POINT ( 'NONE',  ( -1.190665767448871900, -13.40336443873081000, 11.50000000000000200 ) ) ;
#4434 = EDGE_CURVE ( 'NONE', #9238, #6754, #4625, .T. ) ;
#4435 = CARTESIAN_POINT ( 'NONE',  ( 4.298626582634189400, -16.85213224146104900, 11.49999999999999600 ) ) ;
#4436 = B_SPLINE_CURVE_WITH_KNOTS ( 'NONE', 3,
 ( #7424, #7686, #3401, #1004, #6699, #2429, #897, #179, #5880, #714, #1429 ),
 .UNSPECIFIED., .F., .F.,
 ( 4, 1, 1, 1, 1, 1, 1, 1, 4 ),
 ( 0.0000000000000000000, 0.1561702883027569200, 0.2875510172805718600, 0.4004791350580518800, 0.5011479693229600200, 0.6007350332765029100, 0.7132071574129412700, 0.8437487315060046000, 1.000000000000000000 ),
 .UNSPECIFIED. ) ;
#4437 = CARTESIAN_POINT ( 'NONE',  ( 1.052021892189557700, -16.84813116403858800, 11.50000000000000400 ) ) ;
#4438 = VERTEX_POINT ( 'NONE', #5055 ) ;
#4439 = CARTESIAN_POINT ( 'NONE',  ( 0.2691890891822647500, -13.91420424201412400, 11.50000000000000200 ) ) ;
#4440 = CARTESIAN_POINT ( 'NONE',  ( -3.658579761955229200, 4.972192574183376100, 11.50000000000000000 ) ) ;
#4441 = CARTESIAN_POINT ( 'NONE',  ( 1.743675751223044500, 4.589937106918235100, 11.50000000000000200 ) ) ;
#4442 = CARTESIAN_POINT ( 'NONE',  ( -2.728038002093593900, 4.650186707977230300, 11.50000000000000400 ) ) ;
#4443 = CARTESIAN_POINT ( 'NONE',  ( -6.081952832271270800, -0.8931105154177585400, 11.48700336912347600 ) ) ;
#4444 = CARTESIAN_POINT ( 'NONE',  ( 3.418588399720598600, 4.670440251572323100, 11.50000000000000000 ) ) ;
#4445 = VECTOR ( 'NONE', #5990, 1000.000000000000000 ) ;
#4446 = DIRECTION ( 'NONE',  ( 0.3217379289312375900, 0.9468287622833592200, 0.0000000000000000000 ) ) ;
#4447 = CYLINDRICAL_SURFACE ( 'NONE', #4466, 1.000000000000000000 ) ;
#4448 = CARTESIAN_POINT ( 'NONE',  ( 0.4891595477979972500, -17.06117835006964600, 11.50000000000000000 ) ) ;
#4449 = VERTEX_POINT ( 'NONE', #2246 ) ;
#4450 = AXIS2_PLACEMENT_3D ( 'NONE', #6169, #6048, #8624 ) ;
#4451 = CARTESIAN_POINT ( 'NONE',  ( 0.6407064078309154800, -17.02652412590401800, 11.49999999999999600 ) ) ;
#4452 = CARTESIAN_POINT ( 'NONE',  ( -2.268163688519322400, -9.382030481680407900, 11.49999999999999600 ) ) ;
#4453 = CARTESIAN_POINT ( 'NONE',  ( -3.227183124372137200, -10.97301190789951700, 11.49999999999999800 ) ) ;
#4454 = ORIENTED_EDGE ( 'NONE', *, *, #3498, .T. ) ;
#4455 = FACE_OUTER_BOUND ( 'NONE', #7401, .T. ) ;
#4456 = CARTESIAN_POINT ( 'NONE',  ( -1.771777190456690600, 5.333479794755481500, 11.50000000000000200 ) ) ;
#4457 = DIRECTION ( 'NONE',  ( -0.0000000000000000000, 0.0000000000000000000, 1.000000000000000000 ) ) ;
#4458 = CARTESIAN_POINT ( 'NONE',  ( -1.235681588438394900, -13.41732840356501700, 11.50000000000000200 ) ) ;
#4459 = CARTESIAN_POINT ( 'NONE',  ( 2.081714418821460900, 4.992452830188676100, 11.50000000000000000 ) ) ;
#4460 = ORIENTED_EDGE ( 'NONE', *, *, #9026, .F. ) ;
#4461 = DIRECTION ( 'NONE',  ( 0.9974586998307349800, -0.0000000000000000000, 0.07124704998790969100 ) ) ;
#4462 = CARTESIAN_POINT ( 'NONE',  ( 2.475296580791427100, -9.264584343495979400, 11.50000000000000200 ) ) ;
#4463 = CARTESIAN_POINT ( 'NONE',  ( 1.268387096774317400, 12.43999999999999600, 11.49999999999999500 ) ) ;
#4464 = CARTESIAN_POINT ( 'NONE',  ( -4.470533426508144900, 4.745911949685528900, 11.50000000000000000 ) ) ;
#4465 = CARTESIAN_POINT ( 'NONE',  ( 2.182239785795098800, -0.7418174849402497900, 11.50000000000000000 ) ) ;
#4466 = AXIS2_PLACEMENT_3D ( 'NONE', #1298, #3703, #6331 ) ;
#4467 = EDGE_CURVE ( 'NONE', #3984, #6666, #8893, .T. ) ;
#4468 = LINE ( 'NONE', #9156, #2559 ) ;
#4469 = ORIENTED_EDGE ( 'NONE', *, *, #8602, .F. ) ;
#4470 = CARTESIAN_POINT ( 'NONE',  ( -3.913885735814937500, -16.18537630955279400, 11.49999999999999800 ) ) ;
#4471 = DIRECTION ( 'NONE',  ( -0.3225311624017420700, -0.9465588461790323000, 0.0000000000000000000 ) ) ;
#4472 = CARTESIAN_POINT ( 'NONE',  ( -2.498022960122293900, -9.565382991943858200, 11.50000000000000000 ) ) ;
#4473 = VERTEX_POINT ( 'NONE', #6985 ) ;
#4474 = CARTESIAN_POINT ( 'NONE',  ( 3.259240825111256300, -10.66508983399179700, 11.49999999999999800 ) ) ;
#4475 = LINE ( 'NONE', #595, #3689 ) ;
#4476 = DIRECTION ( 'NONE',  ( 1.000000000000000000, 0.0000000000000000000, 0.0000000000000000000 ) ) ;
#4477 = CARTESIAN_POINT ( 'NONE',  ( 3.552214077171358800, -10.45307438149980300, 11.50000000000000200 ) ) ;
#4478 = AXIS2_PLACEMENT_3D ( 'NONE', #7304, #6669, #8646 ) ;
#4479 = CARTESIAN_POINT ( 'NONE',  ( 2.293220669090997100, -10.51687906691111800, 11.49999999999999600 ) ) ;
#4480 = EDGE_CURVE ( 'NONE', #395, #1040, #829, .T. ) ;
#4481 = CARTESIAN_POINT ( 'NONE',  ( -0.1345029239766093200, -16.99695873589321200, 11.50000000000000000 ) ) ;
#4482 = CARTESIAN_POINT ( 'NONE',  ( -0.2405598963744612900, -14.41246325204366500, 11.50000000000000400 ) ) ;
#4483 = B_SPLINE_CURVE_WITH_KNOTS ( 'NONE', 3,
 ( #7257, #4919, #909, #6160, #6426, #4863, #3445, #1251, #571, #8965, #3354, #4491, #5952, #8474, #1373, #5167, #4263, #8538, #6936 ),
 .UNSPECIFIED., .F., .F.,
 ( 4, 1, 1, 1, 1, 1, 1, 1, 1, 1, 1, 1, 1, 1, 1, 1, 4 ),
 ( 0.0000000000000000000, 0.06102468728063137300, 0.1202143960597149600, 0.1784840015351000200, 0.2360217257382094500, 0.2929407351629758100, 0.3499874847798288800, 0.4075627204257114000, 0.4656637584836279500, 0.5253237079567187900, 0.5859579711453997100, 0.6488788573839712200, 0.7135966156637036900, 0.7809495912857790100, 0.8511994405562564000, 0.9239419025123436500, 1.000000000000000000 ),
 .UNSPECIFIED. ) ;
#4484 = CARTESIAN_POINT ( 'NONE',  ( -0.1911358267114482100, -16.87715604084147000, 11.49999999999999800 ) ) ;
#4485 = ORIENTED_EDGE ( 'NONE', *, *, #6930, .T. ) ;
#4486 = CARTESIAN_POINT ( 'NONE',  ( -3.241978712887523700, -10.87567294206926100, 11.50000000000000700 ) ) ;
#4487 = ORIENTED_EDGE ( 'NONE', *, *, #8678, .F. ) ;
#4488 = CARTESIAN_POINT ( 'NONE',  ( -1.769392033542854600, 5.329559748427670700, 11.50000000000000200 ) ) ;
#4489 = CARTESIAN_POINT ( 'NONE',  ( -0.9017881902555351400, -13.68815594219732800, 11.49999999999999800 ) ) ;
#4490 = ORIENTED_EDGE ( 'NONE', *, *, #7468, .T. ) ;
#4491 = CARTESIAN_POINT ( 'NONE',  ( -1.354584446379129900, 5.236901013179262600, 11.50000000000000000 ) ) ;
#4492 = ORIENTED_EDGE ( 'NONE', *, *, #5357, .T. ) ;
#4493 = CARTESIAN_POINT ( 'NONE',  ( -1.245878613345886300, -16.71896234757892300, 11.49999999999999800 ) ) ;
#4494 = EDGE_CURVE ( 'NONE', #2385, #6424, #7083, .T. ) ;
#4495 = CARTESIAN_POINT ( 'NONE',  ( 1.622279927293643900, -9.814849646479848000, 11.50000000000000200 ) ) ;
#4496 = CARTESIAN_POINT ( 'NONE',  ( -3.426900584795322200, -16.64889722408901600, 11.49999999999999600 ) ) ;
#4497 = CARTESIAN_POINT ( 'NONE',  ( 0.9181286549707594600, -16.88281535274398200, 11.50000000000000000 ) ) ;
#4498 = CARTESIAN_POINT ( 'NONE',  ( -2.085063716675734200, 5.369733960784922800, 11.50000000000000200 ) ) ;
#4499 = CARTESIAN_POINT ( 'NONE',  ( 3.040935672514618400, -17.15182120069719900, 11.50000000000000000 ) ) ;
#4500 = CARTESIAN_POINT ( 'NONE',  ( -2.886195342771981300, -17.01805569857498300, 11.50000000000000400 ) ) ;
#4501 = EDGE_CURVE ( 'NONE', #2028, #249, #6710, .T. ) ;
#4502 = ORIENTED_EDGE ( 'NONE', *, *, #7846, .F. ) ;
#4503 = CARTESIAN_POINT ( 'NONE',  ( -1.563321373240050800, -16.14364035494277200, 11.50000000000000000 ) ) ;
#4504 = DIRECTION ( 'NONE',  ( 1.000000000000000000, 6.938893903907222100E-015, 0.0000000000000000000 ) ) ;
#4505 = ORIENTED_EDGE ( 'NONE', *, *, #4035, .T. ) ;
#4506 = CARTESIAN_POINT ( 'NONE',  ( -1.675285348241199600, 4.987421383647795600, 11.50000000000000000 ) ) ;
#4507 = ORIENTED_EDGE ( 'NONE', *, *, #2865, .F. ) ;
#4508 = B_SPLINE_CURVE_WITH_KNOTS ( 'NONE', 3,
 ( #2620, #5238, #4767, #2434, #484, #7430, #5460, #3303, #1722, #708, #9067, #5443, #4914, #9174, #5042, #760, #1111, #5372, #1697 ),
 .UNSPECIFIED., .F., .F.,
 ( 4, 1, 1, 1, 1, 1, 1, 1, 1, 1, 1, 1, 1, 1, 1, 1, 4 ),
 ( 0.0000000000000000000, 0.08788384091282652700, 0.1671580576753167700, 0.2395618988345843400, 0.3057687090366145700, 0.3656097182038665600, 0.4199741321025400900, 0.4697139782539264700, 0.5182818334071328500, 0.5651684784821229300, 0.6126979587317311600, 0.6640256448568400100, 0.7188798381436297700, 0.7793960725276825000, 0.8457038018869120800, 0.9187582864592917000, 1.000000000000000000 ),
 .UNSPECIFIED. ) ;
#4509 = DIRECTION ( 'NONE',  ( -0.9974586998307349800, 0.0000000000000000000, 0.07124704998790969100 ) ) ;
#4510 = CARTESIAN_POINT ( 'NONE',  ( -3.827413657050901200, 5.204161935523976500, 11.50000000000000000 ) ) ;
#4511 = ORIENTED_EDGE ( 'NONE', *, *, #7696, .T. ) ;
#4512 = ORIENTED_EDGE ( 'NONE', *, *, #5584, .F. ) ;
#4513 = CARTESIAN_POINT ( 'NONE',  ( -1.686984943147620000, -17.10650253890841600, 11.49999999999999600 ) ) ;
#4514 = ORIENTED_EDGE ( 'NONE', *, *, #1008, .T. ) ;
#4515 = CARTESIAN_POINT ( 'NONE',  ( 1.571314326727379300, 4.616630523032093000, 11.50000000000000200 ) ) ;
#4516 = CARTESIAN_POINT ( 'NONE',  ( -1.834400570607587400, 4.861908342361772400, 11.50000000000000200 ) ) ;
#4517 = CARTESIAN_POINT ( 'NONE',  ( -3.557777100908985400, -16.20560471952975900, 11.50000000000000700 ) ) ;
#4518 = VERTEX_POINT ( 'NONE', #8463 ) ;
#4519 = VECTOR ( 'NONE', #4123, 1000.000000000000000 ) ;
#4520 = CARTESIAN_POINT ( 'NONE',  ( -3.748538011695906800, -17.05240599601883700, 11.49999999999999600 ) ) ;
#4521 = ORIENTED_EDGE ( 'NONE', *, *, #2494, .F. ) ;
#4522 = CARTESIAN_POINT ( 'NONE',  ( 0.0000000000000000000, 0.0000000000000000000, 11.50000000000000000 ) ) ;
#4523 = CARTESIAN_POINT ( 'NONE',  ( 8.700000000000029500, -24.69999999999999900, -9.500000000000000000 ) ) ;
#4524 = B_SPLINE_CURVE_WITH_KNOTS ( 'NONE', 3,
 ( #5801, #1113, #2578, #6459, #4319, #6200, #7958, #7203, #2178, #2903, #2300, #6853, #9253, #3027, #799, #4641, #1393, #6084, #7219, #4571, #3698, #1097 ),
 .UNSPECIFIED., .F., .F.,
 ( 4, 3, 3, 3, 3, 3, 3, 4 ),
 ( 0.0000000000000000000, 3.240947168398778100E-005, 4.960785654941706900E-005, 6.692354812864767800E-005, 8.166609494765676600E-005, 9.984697530516439500E-005, 0.0001314854028057586200, 0.0001568896871561276900 ),
 .UNSPECIFIED. ) ;
#4525 = CARTESIAN_POINT ( 'NONE',  ( -0.4340641410409603600, -10.67650484924094400, 11.49999999999999800 ) ) ;
#4526 = ORIENTED_EDGE ( 'NONE', *, *, #1137, .F. ) ;
#4527 = EDGE_CURVE ( 'NONE', #3137, #4320, #998, .T. ) ;
#4528 = CARTESIAN_POINT ( 'NONE',  ( -3.129796364745768100, 4.671535115608910400, 11.50000000000000200 ) ) ;
#4529 = CARTESIAN_POINT ( 'NONE',  ( -2.104136564799981900, 4.729045507224127800, 11.50000000000000700 ) ) ;
#4530 = EDGE_LOOP ( 'NONE', ( #1964, #3392, #8543, #1556, #3588, #7938, #7276, #4958, #9263, #5340, #3203, #2669, #3704, #3602, #983, #1994, #328, #2409, #5410, #4819, #7075, #4223, #5924, #524, #4793, #2585, #3728, #6917 ) ) ;
#4531 = CARTESIAN_POINT ( 'NONE',  ( 0.3114733261738360500, 11.00424419674922100, 11.49999999999999800 ) ) ;
#4532 = B_SPLINE_CURVE_WITH_KNOTS ( 'NONE', 3,
 ( #6124, #5477, #4287, #8251, #6340, #1966, #5779, #5327, #981, #8727, #8368, #729, #2670, #796, #5458, #4038, #6651, #5710, #7444 ),
 .UNSPECIFIED., .F., .F.,
 ( 4, 1, 1, 1, 1, 1, 1, 1, 1, 1, 1, 1, 1, 1, 1, 1, 4 ),
 ( 0.0000000000000000000, 0.06102468728063126200, 0.1202143960597149600, 0.1784840015350994700, 0.2360217257382093400, 0.2929407351629760300, 0.3499874847798288800, 0.4075627204257114000, 0.4656637584836278400, 0.5253237079567191200, 0.5859579711453998300, 0.6488788573839713300, 0.7135966156637035800, 0.7809495912857790100, 0.8511994405562564000, 0.9239419025123438700, 1.000000000000000000 ),
 .UNSPECIFIED. ) ;
#4533 = CARTESIAN_POINT ( 'NONE',  ( 3.447634332885369400, -9.703123966570295500, 11.50000000000000000 ) ) ;
#4534 = VECTOR ( 'NONE', #6181, 1000.000000000000000 ) ;
#4535 = ORIENTED_EDGE ( 'NONE', *, *, #2450, .T. ) ;
#4536 = CARTESIAN_POINT ( 'NONE',  ( 2.376408701005350300, -9.880888535244755700, 11.50000000000000400 ) ) ;
#4537 = CARTESIAN_POINT ( 'NONE',  ( -1.557951152675437300, -14.61703012914235900, 11.50000000000000000 ) ) ;
#4538 = DIRECTION ( 'NONE',  ( -1.000000000000000000, 0.0000000000000000000, -0.0000000000000000000 ) ) ;
#4539 = FACE_BOUND ( 'NONE', #7127, .T. ) ;
#4540 = CARTESIAN_POINT ( 'NONE',  ( -4.025529932448047400, 4.841509433962259300, 11.50000000000000000 ) ) ;
#4541 = EDGE_CURVE ( 'NONE', #665, #3067, #3116, .T. ) ;
#4542 = ORIENTED_EDGE ( 'NONE', *, *, #4380, .F. ) ;
#4543 = CARTESIAN_POINT ( 'NONE',  ( 0.4269005847953207300, -16.83603172701299000, 11.50000000000000000 ) ) ;
#4544 = DIRECTION ( 'NONE',  ( 1.000000000000000000, 0.0000000000000000000, 0.0000000000000000000 ) ) ;
#4545 = CARTESIAN_POINT ( 'NONE',  ( -0.5026204573745290900, 0.4922211961479788800, 11.50000000000000000 ) ) ;
#4546 = CARTESIAN_POINT ( 'NONE',  ( 4.672514619883037800, -16.82433582058024200, 11.49999999999999800 ) ) ;
#4547 = CARTESIAN_POINT ( 'NONE',  ( 2.197140016552022100, 5.398633666939281800, 11.50000000000000400 ) ) ;
#4548 = CARTESIAN_POINT ( 'NONE',  ( -2.870554213288683000, -16.28721416355660500, 11.50000000000000000 ) ) ;
#4549 = VERTEX_POINT ( 'NONE', #3813 ) ;
#4550 = CARTESIAN_POINT ( 'NONE',  ( 4.058479532163741700, -16.45591476794866300, 11.49999999999999800 ) ) ;
#4551 = ORIENTED_EDGE ( 'NONE', *, *, #682, .T. ) ;
#4552 = EDGE_CURVE ( 'NONE', #3581, #1880, #775, .T. ) ;
#4553 = CARTESIAN_POINT ( 'NONE',  ( -10.00000000000000500, 22.60000000000000100, 0.0000000000000000000 ) ) ;
#4554 = PERSON_AND_ORGANIZATION ( #2876, #7351 ) ;
#4555 = ORIENTED_EDGE ( 'NONE', *, *, #8891, .T. ) ;
#4556 = CARTESIAN_POINT ( 'NONE',  ( -0.2713708344764210200, -13.69504113654217800, 11.50000000000000200 ) ) ;
#4557 = LINE ( 'NONE', #6846, #1987 ) ;
#4558 = ORIENTED_EDGE ( 'NONE', *, *, #4064, .F. ) ;
#4559 = LINE ( 'NONE', #4342, #6471 ) ;
#4560 = DIRECTION ( 'NONE',  ( -0.0000000000000000000, -0.0000000000000000000, 1.000000000000000000 ) ) ;
#4561 = DIRECTION ( 'NONE',  ( 0.0000000000000000000, -1.000000000000000000, 0.0000000000000000000 ) ) ;
#4562 = EDGE_CURVE ( 'NONE', #3581, #2166, #4559, .T. ) ;
#4563 = VECTOR ( 'NONE', #9038, 1000.000000000000000 ) ;
#4564 = CARTESIAN_POINT ( 'NONE',  ( -3.819725922178138800, -16.27016046257284600, 11.49999999999999500 ) ) ;
#4565 = CARTESIAN_POINT ( 'NONE',  ( -1.240885386655303600, -14.49270412582999300, 11.49999999999999500 ) ) ;
#4566 = FACE_BOUND ( 'NONE', #5140, .T. ) ;
#4567 = CARTESIAN_POINT ( 'NONE',  ( -4.169205683670968600, 4.670440251572321300, 11.50000000000000000 ) ) ;
#4568 = B_SPLINE_CURVE_WITH_KNOTS ( 'NONE', 3,
 ( #4382, #9261, #9072, #4355, #4404, #3869, #8023 ),
 .UNSPECIFIED., .F., .F.,
 ( 4, 1, 1, 1, 4 ),
 ( 0.0000000000000000000, 0.2321839419636578800, 0.4757975002300266500, 0.7308581283834643100, 1.000000000000000000 ),
 .UNSPECIFIED. ) ;
#4569 = ORIENTED_EDGE ( 'NONE', *, *, #3458, .F. ) ;
#4570 = CARTESIAN_POINT ( 'NONE',  ( 4.160821880421886800, 5.350011400601416300, 11.49999999999999800 ) ) ;
#4571 = CARTESIAN_POINT ( 'NONE',  ( 3.329447898988494800, 5.350015966999437800, 11.50000000000000000 ) ) ;
#4572 = ORIENTED_EDGE ( 'NONE', *, *, #655, .T. ) ;
#4573 = CARTESIAN_POINT ( 'NONE',  ( -2.630875335752544500, 4.662507258306534100, 11.50000000000000500 ) ) ;
#4574 = ORIENTED_EDGE ( 'NONE', *, *, #1856, .F. ) ;
#4575 = CARTESIAN_POINT ( 'NONE',  ( -1.514572295672026000, -17.16102695463401100, 11.50000000000000000 ) ) ;
#4576 = CARTESIAN_POINT ( 'NONE',  ( 0.9857203102729974500, -16.27674601738417000, 11.50000000000000200 ) ) ;
#4577 = CARTESIAN_POINT ( 'NONE',  ( 0.0000000000000000000, 0.0000000000000000000, 2.000000000000000000 ) ) ;
#4578 = CARTESIAN_POINT ( 'NONE',  ( -0.3904493032670172100, 5.332137725250365000, 11.50000000000000000 ) ) ;
#4579 = CARTESIAN_POINT ( 'NONE',  ( -4.097269007220255300, 5.064842850954450500, 11.50000000000000400 ) ) ;
#4580 = ADVANCED_FACE ( 'NONE', ( #2439, #8370 ), #722, .T. ) ;
#4581 = CARTESIAN_POINT ( 'NONE',  ( -1.573099415204679100, 0.0000000000000000000, 11.50000000000000000 ) ) ;
#4582 = ORIENTED_EDGE ( 'NONE', *, *, #5177, .T. ) ;
#4583 = AXIS2_PLACEMENT_3D ( 'NONE', #8659, #7969, #669 ) ;
#4584 = EDGE_CURVE ( 'NONE', #4639, #6628, #547, .T. ) ;
#4585 = CARTESIAN_POINT ( 'NONE',  ( 3.923803801185802500, -16.46480040326037700, 11.50000000000000400 ) ) ;
#4586 = VERTEX_POINT ( 'NONE', #7804 ) ;
#4587 = CARTESIAN_POINT ( 'NONE',  ( 0.6574414103663942500, 4.674937115212787700, 11.50000000000000500 ) ) ;
#4588 = ORIENTED_EDGE ( 'NONE', *, *, #1986, .F. ) ;
#4589 = ORIENTED_EDGE ( 'NONE', *, *, #5212, .T. ) ;
#4590 = DIRECTION ( 'NONE',  ( 1.000000000000000000, 0.0000000000000000000, 0.0000000000000000000 ) ) ;
#4591 = CARTESIAN_POINT ( 'NONE',  ( 1.572853250415191300, -10.10514334432249800, 11.50000000000000200 ) ) ;
#4592 = CARTESIAN_POINT ( 'NONE',  ( -1.426878483457612000, -16.54465929987033600, 11.50000000000000500 ) ) ;
#4593 = PRODUCT_DEFINITION_FORMATION_WITH_SPECIFIED_SOURCE ( '任何', '', #5612, .NOT_KNOWN. ) ;
#4594 = EDGE_CURVE ( 'NONE', #7489, #8223, #7918, .T. ) ;
#4595 = DIRECTION ( 'NONE',  ( -0.7071067811865462400, 0.7071067811865489100, 0.0000000000000000000 ) ) ;
#4596 = B_SPLINE_CURVE_WITH_KNOTS ( 'NONE', 3,
 ( #4775, #138, #7268, #2640, #4244, #8557, #1410, #4047, #4783, #1254, #8686, #4529, #2002, #7371, #8286, #1481, #676, #113, #8739 ),
 .UNSPECIFIED., .F., .F.,
 ( 4, 1, 1, 1, 1, 1, 1, 1, 1, 1, 1, 1, 1, 1, 1, 1, 4 ),
 ( 0.0000000000000000000, 0.06886125381126961800, 0.1350981564110826900, 0.1989909163019074600, 0.2604284167028533300, 0.3207811156289367400, 0.3795615670536458500, 0.4380425164737203900, 0.4956272303908282300, 0.5540652685055631500, 0.6125576556236584900, 0.6724039049490928600, 0.7335931940514034400, 0.7964914225976970100, 0.8619460521294114400, 0.9295350971878600900, 1.000000000000000000 ),
 .UNSPECIFIED. ) ;
#4597 = CARTESIAN_POINT ( 'NONE',  ( -0.3903892289469616000, 5.280887846463935300, 11.50000000000000000 ) ) ;
#4598 = CARTESIAN_POINT ( 'NONE',  ( 0.9459121568173826100, -17.10353559422608800, 11.50000000000000500 ) ) ;
#4599 = ORIENTED_EDGE ( 'NONE', *, *, #5539, .T. ) ;
#4600 = VERTEX_POINT ( 'NONE', #788 ) ;
#4601 = VECTOR ( 'NONE', #4963, 1000.000000000000000 ) ;
#4602 = CARTESIAN_POINT ( 'NONE',  ( -1.535049149245856900, -13.45056099827232800, 11.50000000000000000 ) ) ;
#4603 = LINE ( 'NONE', #2035, #8846 ) ;
#4604 = ORIENTED_EDGE ( 'NONE', *, *, #1718, .F. ) ;
#4605 = CARTESIAN_POINT ( 'NONE',  ( -2.748538011695905900, -9.197660818713457000, 11.49999999999999800 ) ) ;
#4606 = CARTESIAN_POINT ( 'NONE',  ( -3.935672514619883400, -16.64889722408901600, 11.49999999999999600 ) ) ;
#4607 = CARTESIAN_POINT ( 'NONE',  ( -1.325915595485808200, -14.33956051795280700, 11.49999999999999800 ) ) ;
#4608 = CARTESIAN_POINT ( 'NONE',  ( 3.758994842822524600, 4.919789748070146900, 11.50000000000000200 ) ) ;
#4609 = CARTESIAN_POINT ( 'NONE',  ( -1.296995108315739600, 4.635220125786159600, 11.50000000000000000 ) ) ;
#4610 = VERTEX_POINT ( 'NONE', #4248 ) ;
#4611 = CIRCLE ( 'NONE', #6974, 1.000000000000000900 ) ;
#4612 = EDGE_CURVE ( 'NONE', #7171, #3037, #8503, .T. ) ;
#4613 = CARTESIAN_POINT ( 'NONE',  ( -1.463591893780449500, 5.047798742138361700, 11.50000000000000000 ) ) ;
#4614 = DIRECTION ( 'NONE',  ( 1.000000000000000000, 0.0000000000000000000, 0.0000000000000000000 ) ) ;
#4615 = VERTEX_POINT ( 'NONE', #6491 ) ;
#4616 = CARTESIAN_POINT ( 'NONE',  ( -3.836298236789430000, 5.177274320449917000, 11.49999999999999500 ) ) ;
#4617 = ADVANCED_FACE ( 'NONE', ( #672 ), #1436, .T. ) ;
#4618 = DIRECTION ( 'NONE',  ( -1.000000000000000000, 0.0000000000000000000, -0.0000000000000000000 ) ) ;
#4619 = CARTESIAN_POINT ( 'NONE',  ( -2.023191329614997300, -9.913441392571401800, 11.49999999999999800 ) ) ;
#4620 = ORIENTED_EDGE ( 'NONE', *, *, #2738, .T. ) ;
#4621 = ORIENTED_EDGE ( 'NONE', *, *, #214, .T. ) ;
#4622 = ORIENTED_EDGE ( 'NONE', *, *, #8706, .F. ) ;
#4623 = LINE ( 'NONE', #426, #1719 ) ;
#4624 = CARTESIAN_POINT ( 'NONE',  ( -0.2289298356760549600, -17.07702028747505500, 11.50000000000000000 ) ) ;
#4625 = B_SPLINE_CURVE_WITH_KNOTS ( 'NONE', 3,
 ( #5970, #156, #1941, #4157, #809, #87, #8656, #57, #4633, #2220, #4197 ),
 .UNSPECIFIED., .F., .F.,
 ( 4, 1, 1, 1, 1, 1, 1, 1, 4 ),
 ( 0.0000000000000000000, 0.07215287837773409800, 0.1582255708059739900, 0.2582122646597377900, 0.3753126799630971400, 0.5068047238268627000, 0.6544377438504230800, 0.8182270000659870300, 1.000000000000000000 ),
 .UNSPECIFIED. ) ;
#4626 = CARTESIAN_POINT ( 'NONE',  ( 3.757419354838833900, 11.16516129032257800, 11.50000000000000000 ) ) ;
#4627 = CARTESIAN_POINT ( 'NONE',  ( -0.4649827117664976400, -11.20522693156998200, 11.50000000000000400 ) ) ;
#4628 = CARTESIAN_POINT ( 'NONE',  ( 3.379661132799118800, 4.692117179528720400, 11.50000000000000000 ) ) ;
#4629 = CARTESIAN_POINT ( 'NONE',  ( 2.129749331578670200, -11.25816422921828600, 11.50000000000000400 ) ) ;
#4630 = FACE_OUTER_BOUND ( 'NONE', #698, .T. ) ;
#4631 = CARTESIAN_POINT ( 'NONE',  ( 0.6775255478989865600, -0.2308605570618789400, 11.50000000000000000 ) ) ;
#4632 = ORIENTED_EDGE ( 'NONE', *, *, #4949, .F. ) ;
#4633 = CARTESIAN_POINT ( 'NONE',  ( -0.5951110337406221300, 4.765180447661881800, 11.50000000000000000 ) ) ;
#4634 = CARTESIAN_POINT ( 'NONE',  ( -3.322245515956083300, 4.589937106918235100, 11.50000000000000000 ) ) ;
#4635 = CARTESIAN_POINT ( 'NONE',  ( 0.0000000000000000000, -16.15182120069719900, 11.50000000000000000 ) ) ;
#4636 = EDGE_CURVE ( 'NONE', #7668, #6980, #3251, .T. ) ;
#4637 = VECTOR ( 'NONE', #2274, 1000.000000000000000 ) ;
#4638 = CARTESIAN_POINT ( 'NONE',  ( -0.5116959064327469800, -9.197660818713453400, 11.50000000000000000 ) ) ;
#4639 = VERTEX_POINT ( 'NONE', #2152 ) ;
#4640 = CARTESIAN_POINT ( 'NONE',  ( -9.000000000000000000, -22.60000000000000100, 2.000000000000000000 ) ) ;
#4641 = CARTESIAN_POINT ( 'NONE',  ( 3.369124951969217500, 5.343568676838120100, 11.50000000000000400 ) ) ;
#4642 = CARTESIAN_POINT ( 'NONE',  ( 2.006637273468681000, -10.73610011722400900, 11.50000000000000400 ) ) ;
#4643 = CARTESIAN_POINT ( 'NONE',  ( 2.225203820172497100, 5.399999999999996800, 11.50000000000000000 ) ) ;
#4644 = CARTESIAN_POINT ( 'NONE',  ( -2.376771630473533100, 5.244939389883930900, 11.50000000000000200 ) ) ;
#4645 = CARTESIAN_POINT ( 'NONE',  ( -1.881795684815456000, 5.017614822758278400, 11.50000000000000700 ) ) ;
#4646 = CARTESIAN_POINT ( 'NONE',  ( -4.547123223852660000, 5.349685534591190000, 11.50000000000000000 ) ) ;
#4647 = CARTESIAN_POINT ( 'NONE',  ( 2.580924014924562500, 6.762070147291037600, 11.50000000000000200 ) ) ;
#4648 = CARTESIAN_POINT ( 'NONE',  ( 0.7243831520248902300, -10.88326726243826700, 11.50000000000000400 ) ) ;
#4649 = AXIS2_PLACEMENT_3D ( 'NONE', #5614, #3003, #2820 ) ;
#4650 = CARTESIAN_POINT ( 'NONE',  ( -0.7051550434973407100, 5.033023660664463600, 11.50000000000000200 ) ) ;
#4651 = EDGE_CURVE ( 'NONE', #6896, #8115, #6082, .T. ) ;
#4652 = CARTESIAN_POINT ( 'NONE',  ( -0.9931824590485203200, 5.350228492007861500, 11.49999999999999300 ) ) ;
#4653 = CARTESIAN_POINT ( 'NONE',  ( 0.9050989840985697000, -16.82630431229331300, 11.49999999999999800 ) ) ;
#4654 = CARTESIAN_POINT ( 'NONE',  ( 0.2112578947037647700, -14.42647204474396400, 11.50000000000000500 ) ) ;
#4655 = CARTESIAN_POINT ( 'NONE',  ( -1.581442565722202900, -11.45179753711642300, 11.50000000000000400 ) ) ;
#4656 = CARTESIAN_POINT ( 'NONE',  ( 0.1753754997546985200, -16.53728626457618500, 11.50000000000000000 ) ) ;
#4657 = ORIENTED_EDGE ( 'NONE', *, *, #6975, .T. ) ;
#4658 = B_SPLINE_CURVE_WITH_KNOTS ( 'NONE', 3,
 ( #2054, #7869, #7781, #5000, #6797, #5362, #7801, #1159, #2742, #9085, #6110 ),
 .UNSPECIFIED., .F., .F.,
 ( 4, 1, 1, 1, 1, 1, 1, 1, 4 ),
 ( 0.0000000000000000000, 0.1655498235966800200, 0.3194610018641568200, 0.4589429256289341300, 0.5877798098918742800, 0.7049717195221756300, 0.8114367284467911600, 0.9099028449539607900, 1.000000000000000000 ),
 .UNSPECIFIED. ) ;
#4659 = CARTESIAN_POINT ( 'NONE',  ( 1.596719192822445100, -0.5426147744289379100, 11.50000000000000000 ) ) ;
#4660 = CARTESIAN_POINT ( 'NONE',  ( -3.426900584795322200, -16.64889722408901600, 11.49999999999999600 ) ) ;
#4661 = CARTESIAN_POINT ( 'NONE',  ( 4.724586959910575400, 4.726812007266442400, 11.50000000000000000 ) ) ;
#4662 = CARTESIAN_POINT ( 'NONE',  ( -2.283531330072087900, 4.660377358490562100, 11.50000000000000000 ) ) ;
#4663 = EDGE_CURVE ( 'NONE', #5380, #8139, #3048, .T. ) ;
#4664 = LINE ( 'NONE', #5529, #9128 ) ;
#4665 = CARTESIAN_POINT ( 'NONE',  ( -4.293248107196733400, 4.930305219039174100, 11.49999999999999800 ) ) ;
#4666 = CARTESIAN_POINT ( 'NONE',  ( 0.4219354838710912000, 7.401290322580641700, 11.50000000000000000 ) ) ;
#4667 = LINE ( 'NONE', #7423, #5419 ) ;
#4668 = ORIENTED_EDGE ( 'NONE', *, *, #7113, .F. ) ;
#4669 = CARTESIAN_POINT ( 'NONE',  ( -1.839645935243296800, 4.841509433962261100, 11.50000000000000400 ) ) ;
#4670 = CARTESIAN_POINT ( 'NONE',  ( -3.570566444795293400, 1.213389376626341300, 11.50000000000000000 ) ) ;
#4671 = CARTESIAN_POINT ( 'NONE',  ( 0.6029495467832987100, -16.16946024471386800, 11.50000000000000400 ) ) ;
#4672 = CARTESIAN_POINT ( 'NONE',  ( 0.2006433494315684500, -16.73166290647545300, 11.50000000000000000 ) ) ;
#4673 = ORIENTED_EDGE ( 'NONE', *, *, #7288, .F. ) ;
#4674 = CARTESIAN_POINT ( 'NONE',  ( -3.884091503609631100, 5.096327023777369900, 11.49999999999999800 ) ) ;
#4675 = CARTESIAN_POINT ( 'NONE',  ( 0.6196133240159632500, 4.771069182389933200, 11.50000000000000000 ) ) ;
#4676 = DIRECTION ( 'NONE',  ( 0.3225311624017430100, 0.9465588461790319700, 0.0000000000000000000 ) ) ;
#4677 = CARTESIAN_POINT ( 'NONE',  ( 0.4940135103658343000, 5.334591194968549400, 11.49999999999999600 ) ) ;
#4678 = ORIENTED_EDGE ( 'NONE', *, *, #236, .F. ) ;
#4679 = DIRECTION ( 'NONE',  ( -0.8645071866841930200, 0.5026204573745302100, 0.0000000000000000000 ) ) ;
#4680 = EDGE_CURVE ( 'NONE', #3557, #1553, #7439, .T. ) ;
#4681 = DIRECTION ( 'NONE',  ( -0.0000000000000000000, 0.0000000000000000000, 1.000000000000000000 ) ) ;
#4682 = DIRECTION ( 'NONE',  ( -0.3225311624017392900, -0.9465588461790334100, 0.0000000000000000000 ) ) ;
#4683 = CARTESIAN_POINT ( 'NONE',  ( -3.519174380161095100, -9.837650939382317700, 11.50000000000000000 ) ) ;
#4684 = CARTESIAN_POINT ( 'NONE',  ( -2.673264482593629100, -16.77200503341293800, 11.50000000000000200 ) ) ;
#4685 = CARTESIAN_POINT ( 'NONE',  ( -4.409595547850421400, 5.409622232528683100, 11.50000000000000000 ) ) ;
#4686 = FACE_BOUND ( 'NONE', #5682, .T. ) ;
#4687 = EDGE_CURVE ( 'NONE', #8827, #9238, #6613, .T. ) ;
#4688 = CARTESIAN_POINT ( 'NONE',  ( 0.0000000000000000000, 5.399999999999996800, 11.50000000000000000 ) ) ;
#4689 = ORIENTED_EDGE ( 'NONE', *, *, #2303, .F. ) ;
#4690 = CARTESIAN_POINT ( 'NONE',  ( -4.133500150264511700, 4.631044888736705700, 11.49999999999999800 ) ) ;
#4691 = CARTESIAN_POINT ( 'NONE',  ( 1.264522616398431800, -9.647936445013375100, 11.50000000000000400 ) ) ;
#4692 = CARTESIAN_POINT ( 'NONE',  ( -4.024032665895640000, 4.999669330440715600, 11.50000000000000200 ) ) ;
#4693 = CARTESIAN_POINT ( 'NONE',  ( 3.923471570385483900, -16.48188351741763600, 11.50000000000000000 ) ) ;
#4694 = CARTESIAN_POINT ( 'NONE',  ( -2.156627067318769100, 5.077987421383646400, 11.50000000000000000 ) ) ;
#4695 = CARTESIAN_POINT ( 'NONE',  ( 2.127963224600816400, 5.232357689251617000, 11.50000000000000000 ) ) ;
#4696 = EDGE_LOOP ( 'NONE', ( #959, #262, #1389, #8772 ) ) ;
#4697 = CARTESIAN_POINT ( 'NONE',  ( -2.805009944699578700, -9.477545836393696600, 11.50000000000000200 ) ) ;
#4698 = CARTESIAN_POINT ( 'NONE',  ( -1.229985063491541200, -16.32383947297237000, 11.50000000000000000 ) ) ;
#4699 = CARTESIAN_POINT ( 'NONE',  ( -12.90000000000000600, 20.49999999999999600, -9.500000000000000000 ) ) ;
#4700 = ORIENTED_EDGE ( 'NONE', *, *, #1033, .F. ) ;
#4701 = CARTESIAN_POINT ( 'NONE',  ( 4.221757891754521100, -17.01986238859244700, 11.50000000000000200 ) ) ;
#4702 = AXIS2_PLACEMENT_3D ( 'NONE', #872, #5764, #7486 ) ;
#4703 = EDGE_CURVE ( 'NONE', #5168, #4004, #5719, .T. ) ;
#4704 = ORIENTED_EDGE ( 'NONE', *, *, #8873, .T. ) ;
#4705 = DIRECTION ( 'NONE',  ( -1.404634393503487500E-016, 1.000000000000000000, 0.0000000000000000000 ) ) ;
#4706 = CARTESIAN_POINT ( 'NONE',  ( -3.887710628849713000, 4.648178883119101100, 11.50000000000000000 ) ) ;
#4707 = CARTESIAN_POINT ( 'NONE',  ( 3.757419354838833900, 11.16516129032257800, 11.50000000000000000 ) ) ;
#4708 = VERTEX_POINT ( 'NONE', #35 ) ;
#4709 = CARTESIAN_POINT ( 'NONE',  ( -2.015996100787886400, -10.01409857278193400, 11.49999999999999300 ) ) ;
#4710 = CARTESIAN_POINT ( 'NONE',  ( -0.9844755356314240900, 10.69089313621418000, 11.49999999999999500 ) ) ;
#4711 = ORIENTED_EDGE ( 'NONE', *, *, #6878, .F. ) ;
#4712 = CARTESIAN_POINT ( 'NONE',  ( -2.633804062028057400, 6.705839457231735200, 11.50000000000000000 ) ) ;
#4713 = CARTESIAN_POINT ( 'NONE',  ( -0.8223730267509690200, -13.95212839820716500, 11.49999999999999600 ) ) ;
#4714 = EDGE_CURVE ( 'NONE', #162, #2601, #6598, .T. ) ;
#4715 = DIRECTION ( 'NONE',  ( 1.000000000000000000, 0.0000000000000000000, 0.0000000000000000000 ) ) ;
#4716 = ORIENTED_EDGE ( 'NONE', *, *, #2658, .T. ) ;
#4717 = CARTESIAN_POINT ( 'NONE',  ( 0.1882759211413530800, -16.94315173940705700, 11.50000000000000000 ) ) ;
#4718 = DIRECTION ( 'NONE',  ( 0.8628636480872843300, 0.5016649116786537900, -0.06163311772052035300 ) ) ;
#4719 = VECTOR ( 'NONE', #7112, 1000.000000000000000 ) ;
#4720 = VERTEX_POINT ( 'NONE', #6252 ) ;
#4721 = CARTESIAN_POINT ( 'NONE',  ( -4.181286549707600400, -16.26293231180831400, 11.50000000000000000 ) ) ;
#4722 = CARTESIAN_POINT ( 'NONE',  ( 4.644003097037244600, 5.327073270907470200, 11.49999999999999800 ) ) ;
#4723 = ORIENTED_EDGE ( 'NONE', *, *, #6893, .F. ) ;
#4724 = DIRECTION ( 'NONE',  ( 0.0000000000000000000, 1.000000000000000000, 0.0000000000000000000 ) ) ;
#4725 = CARTESIAN_POINT ( 'NONE',  ( 2.195576843026077800, 5.397930045706506700, 11.50000000000000400 ) ) ;
#4726 = VERTEX_POINT ( 'NONE', #7813 ) ;
#4727 = DIRECTION ( 'NONE',  ( 0.0000000000000000000, 0.0000000000000000000, -1.000000000000000000 ) ) ;
#4728 = CARTESIAN_POINT ( 'NONE',  ( -0.8540551957740982700, -10.11766130876295300, 11.50000000000000200 ) ) ;
#4729 = CARTESIAN_POINT ( 'NONE',  ( -1.265826305650879400, 4.637027378954983600, 11.50000000000000200 ) ) ;
#4730 = CARTESIAN_POINT ( 'NONE',  ( 3.176417496110354000, 10.95688817380150900, 11.50000000000000000 ) ) ;
#4731 = EDGE_CURVE ( 'NONE', #5506, #3790, #7985, .T. ) ;
#4732 = VECTOR ( 'NONE', #3961, 1000.000000000000100 ) ;
#4733 = ORIENTED_EDGE ( 'NONE', *, *, #6028, .F. ) ;
#4734 = CARTESIAN_POINT ( 'NONE',  ( -2.807518112141426800, -16.79505616951167500, 11.50000000000000200 ) ) ;
#4735 = CARTESIAN_POINT ( 'NONE',  ( -3.266318668537781600, 4.635826479250642500, 11.50000000000000200 ) ) ;
#4736 = VERTEX_POINT ( 'NONE', #2721 ) ;
#4737 = EDGE_LOOP ( 'NONE', ( #2058, #4060, #2744, #8548 ) ) ;
#4738 = CARTESIAN_POINT ( 'NONE',  ( -4.402329373398432100, 4.650314465408800200, 11.50000000000000000 ) ) ;
#4739 = DIRECTION ( 'NONE',  ( -1.000000000000000000, 0.0000000000000000000, -0.0000000000000000000 ) ) ;
#4740 = VECTOR ( 'NONE', #7678, 999.9999999999998900 ) ;
#4741 = ORIENTED_EDGE ( 'NONE', *, *, #8837, .F. ) ;
#4742 = CARTESIAN_POINT ( 'NONE',  ( -1.879551146642524100, 10.65416659835998400, 11.49999999999999300 ) ) ;
#4743 = ORIENTED_EDGE ( 'NONE', *, *, #852, .F. ) ;
#4744 = CARTESIAN_POINT ( 'NONE',  ( 0.5512724201772708500, 5.348843260087659400, 11.49999999999999600 ) ) ;
#4745 = CARTESIAN_POINT ( 'NONE',  ( -0.1688393174740536700, -13.26345267858723900, 11.50000000000000200 ) ) ;
#4746 = CARTESIAN_POINT ( 'NONE',  ( -0.4798782250254486900, -11.65697665510635200, 11.50000000000000000 ) ) ;
#4747 = CARTESIAN_POINT ( 'NONE',  ( 1.930273120582697100, 11.38428873022331600, 11.50000000000000200 ) ) ;
#4748 = CARTESIAN_POINT ( 'NONE',  ( 0.1416780802697383500, -14.53566720579571300, 11.50000000000000400 ) ) ;
#4749 = LINE ( 'NONE', #2567, #1405 ) ;
#4750 = ORIENTED_EDGE ( 'NONE', *, *, #6741, .T. ) ;
#4751 = CARTESIAN_POINT ( 'NONE',  ( 4.556193700938094600, 5.420469364689728800, 11.50000000000000200 ) ) ;
#4752 = CARTESIAN_POINT ( 'NONE',  ( 4.229171223994266700, 5.277147750391885800, 11.50000000000000400 ) ) ;
#4753 = CARTESIAN_POINT ( 'NONE',  ( -3.945024154999405000, 5.041451008981330700, 11.49999999999999500 ) ) ;
#4754 = ORIENTED_EDGE ( 'NONE', *, *, #8344, .T. ) ;
#4755 = CARTESIAN_POINT ( 'NONE',  ( -6.397379542625473400, -10.58807119849726200, 11.46447288981245900 ) ) ;
#4756 = CARTESIAN_POINT ( 'NONE',  ( -1.769392033542854600, 5.329559748427670700, 11.50000000000000200 ) ) ;
#4757 = CARTESIAN_POINT ( 'NONE',  ( 1.871476853099249600, 5.163713493332163100, 11.50000000000000200 ) ) ;
#4758 = CARTESIAN_POINT ( 'NONE',  ( 6.397379542625474300, -0.7097228931188033200, 11.46447288981246600 ) ) ;
#4759 = CARTESIAN_POINT ( 'NONE',  ( -2.008418435907867000, -10.86350142065305100, 11.50000000000000000 ) ) ;
#4760 = CARTESIAN_POINT ( 'NONE',  ( -2.240847138746081300, 4.600536980271270300, 11.50000000000000200 ) ) ;
#4761 = AXIS2_PLACEMENT_3D ( 'NONE', #389, #8189, #166 ) ;
#4762 = PLANE ( 'NONE',  #4478 ) ;
#4763 = CARTESIAN_POINT ( 'NONE',  ( -1.028677502613739100, 4.769671382998273800, 11.50000000000000000 ) ) ;
#4764 = EDGE_CURVE ( 'NONE', #2209, #2051, #5607, .T. ) ;
#4765 = CARTESIAN_POINT ( 'NONE',  ( 3.825390170044380900, 4.801257861635217100, 11.49999999999999600 ) ) ;
#4766 = CARTESIAN_POINT ( 'NONE',  ( 2.375960866527026600, 5.183647798742135200, 11.50000000000000000 ) ) ;
#4767 = CARTESIAN_POINT ( 'NONE',  ( -2.365090705712889800, 4.761355818913164000, 11.49999999999999800 ) ) ;
#4768 = VECTOR ( 'NONE', #6759, 1000.000000000000000 ) ;
#4769 = DIRECTION ( 'NONE',  ( -0.8645071866841928000, 0.5026204573745303200, 0.0000000000000000000 ) ) ;
#4770 = ORIENTED_EDGE ( 'NONE', *, *, #4231, .F. ) ;
#4771 = CARTESIAN_POINT ( 'NONE',  ( -2.390354505016060800, 5.343196619966675200, 11.50000000000000000 ) ) ;
#4772 = CARTESIAN_POINT ( 'NONE',  ( 3.138318192406364600, 5.309433962264147800, 11.49999999999999800 ) ) ;
#4773 = CARTESIAN_POINT ( 'NONE',  ( -4.439540261041782000, 5.408767432682055600, 11.49999999999999800 ) ) ;
#4774 = CARTESIAN_POINT ( 'NONE',  ( 4.356316782583411000, -16.99987935967810800, 11.49999999999999800 ) ) ;
#4775 = CARTESIAN_POINT ( 'NONE',  ( -2.283531330072087900, 4.660377358490562100, 11.50000000000000000 ) ) ;
#4776 = AXIS2_PLACEMENT_3D ( 'NONE', #1526, #1339, #7687 ) ;
#4777 = CARTESIAN_POINT ( 'NONE',  ( 9.000000000000000000, -22.60000000000000100, 0.0000000000000000000 ) ) ;
#4778 = EDGE_CURVE ( 'NONE', #6280, #7121, #1831, .T. ) ;
#4779 = ORIENTED_EDGE ( 'NONE', *, *, #4380, .T. ) ;
#4781 = CARTESIAN_POINT ( 'NONE',  ( 3.141876311589493700, 5.230264095462168000, 11.49999999999999500 ) ) ;
#4780 = CARTESIAN_POINT ( 'NONE',  ( -2.857218343439254400, 4.763630240021774900, 11.50000000000000000 ) ) ;
#4782 = CARTESIAN_POINT ( 'NONE',  ( 1.665507618975638800, 5.052714392171028900, 11.50000000000000000 ) ) ;
#4783 = CARTESIAN_POINT ( 'NONE',  ( -2.148168428155878400, 4.693794033141524700, 11.50000000000000000 ) ) ;
#4784 = COORDINATED_UNIVERSAL_TIME_OFFSET ( 8, 0, .AHEAD. ) ;
#4785 = ORIENTED_EDGE ( 'NONE', *, *, #4764, .T. ) ;
#4786 = FACE_OUTER_BOUND ( 'NONE', #6107, .T. ) ;
#4787 = CARTESIAN_POINT ( 'NONE',  ( 2.002923976608186800, -10.31635260991986600, 11.50000000000000400 ) ) ;
#4788 = LINE ( 'NONE', #7796, #8255 ) ;
#4789 = ORIENTED_EDGE ( 'NONE', *, *, #540, .F. ) ;
#4790 = CARTESIAN_POINT ( 'NONE',  ( -4.070426352507357000, 4.983830135439607300, 11.49999999999999500 ) ) ;
#4791 = CARTESIAN_POINT ( 'NONE',  ( -0.9479960986227400400, 5.322453398515455600, 11.50000000000000400 ) ) ;
#4792 = EDGE_CURVE ( 'NONE', #3506, #5564, #9088, .T. ) ;
#4793 = ORIENTED_EDGE ( 'NONE', *, *, #6921, .F. ) ;
#4794 = CARTESIAN_POINT ( 'NONE',  ( -1.695303368017403400, -16.91331493956894900, 11.50000000000000200 ) ) ;
#4795 = CARTESIAN_POINT ( 'NONE',  ( -1.389889511427534700, -16.28158820806200100, 11.50000000000000500 ) ) ;
#4796 = CARTESIAN_POINT ( 'NONE',  ( -0.4644733228578673500, 4.650390945421155400, 11.50000000000000000 ) ) ;
#4797 = CARTESIAN_POINT ( 'NONE',  ( -0.5890972766162263500, -11.70800139187132600, 11.50000000000000000 ) ) ;
#4798 = CARTESIAN_POINT ( 'NONE',  ( -6.397379542625473400, -0.7097228931188052100, 11.00000000000000000 ) ) ;
#4799 = ORIENTED_EDGE ( 'NONE', *, *, #9241, .T. ) ;
#4800 = CARTESIAN_POINT ( 'NONE',  ( 3.906179796061558700, -16.18328064739377600, 11.49999999999999600 ) ) ;
#4801 = CARTESIAN_POINT ( 'NONE',  ( 3.418588399720598600, 4.670440251572323100, 11.50000000000000000 ) ) ;
#4802 = LINE ( 'NONE', #7752, #5690 ) ;
#4803 = CARTESIAN_POINT ( 'NONE',  ( -6.899999999999999500, -1.574230079803000400, 11.00000000000000000 ) ) ;
#4804 = EDGE_CURVE ( 'NONE', #806, #3084, #5634, .T. ) ;
#4805 = LINE ( 'NONE', #2616, #5766 ) ;
#4806 = CARTESIAN_POINT ( 'NONE',  ( 8.999999999999994700, 22.60000000000000100, 0.0000000000000000000 ) ) ;
#4807 = CARTESIAN_POINT ( 'NONE',  ( 0.3103686100294000800, 10.32034361770995400, 11.50000000000000000 ) ) ;
#4808 = CARTESIAN_POINT ( 'NONE',  ( -4.217097600745275600, 4.781132075471692400, 11.50000000000000000 ) ) ;
#4809 = ORIENTED_EDGE ( 'NONE', *, *, #1651, .F. ) ;
#4810 = FACE_BOUND ( 'NONE', #7240, .T. ) ;
#4811 = CARTESIAN_POINT ( 'NONE',  ( -0.8957965415605624300, 5.056100619398372400, 11.50000000000000700 ) ) ;
#4812 = CARTESIAN_POINT ( 'NONE',  ( 2.191905404049611300, 5.395223231973759000, 11.50000000000000000 ) ) ;
#4813 = LINE ( 'NONE', #6847, #3343 ) ;
#4814 = ORIENTED_EDGE ( 'NONE', *, *, #308, .T. ) ;
#4815 = CARTESIAN_POINT ( 'NONE',  ( 4.362263633472071700, 5.413693290752091200, 11.50000000000000000 ) ) ;
#4816 = CARTESIAN_POINT ( 'NONE',  ( -1.359568017285817600, 4.591008621794886200, 11.49999999999999800 ) ) ;
#4817 = CARTESIAN_POINT ( 'NONE',  ( 0.6156405525494779200, -9.231426586235141200, 11.49999999999999800 ) ) ;
#4818 = CARTESIAN_POINT ( 'NONE',  ( 0.0000000000000000000, 4.942138364779871100, 11.50000000000000000 ) ) ;
#4819 = ORIENTED_EDGE ( 'NONE', *, *, #282, .F. ) ;
#4820 = ORIENTED_EDGE ( 'NONE', *, *, #4318, .F. ) ;
#4821 = CARTESIAN_POINT ( 'NONE',  ( -1.608150737537414400, -13.60824646984968900, 11.50000000000000000 ) ) ;
#4822 = ORIENTED_EDGE ( 'NONE', *, *, #6123, .T. ) ;
#4823 = VERTEX_POINT ( 'NONE', #1311 ) ;
#4824 = LINE ( 'NONE', #3085, #2221 ) ;
#4825 = CIRCLE ( 'NONE', #942, 0.09999999999999939500 ) ;
#4826 = CARTESIAN_POINT ( 'NONE',  ( -2.440315862598889700, -9.636457760643432700, 11.50000000000000000 ) ) ;
#4827 = VERTEX_POINT ( 'NONE', #2161 ) ;
#4828 = PLANE ( 'NONE',  #1482 ) ;
#4829 = ORIENTED_EDGE ( 'NONE', *, *, #5301, .T. ) ;
#4830 = AXIS2_PLACEMENT_3D ( 'NONE', #5982, #8926, #3294 ) ;
#4831 = EDGE_CURVE ( 'NONE', #2580, #2198, #7166, .T. ) ;
#4832 = CARTESIAN_POINT ( 'NONE',  ( 1.689039142107755300, 4.593437321962682100, 11.50000000000000400 ) ) ;
#4833 = CARTESIAN_POINT ( 'NONE',  ( 2.242420734005424500, 6.455658208848474200, 11.50000000000000000 ) ) ;
#4834 = CARTESIAN_POINT ( 'NONE',  ( 0.5845795481016840000, 5.349685534591192700, 11.50000000000000000 ) ) ;
#4835 = ORIENTED_EDGE ( 'NONE', *, *, #4049, .T. ) ;
#4836 = VECTOR ( 'NONE', #1732, 999.9999999999998900 ) ;
#4837 = LINE ( 'NONE', #1942, #791 ) ;
#4838 = EDGE_LOOP ( 'NONE', ( #839, #8159, #7283, #6814, #1589, #4511 ) ) ;
#4839 = DIRECTION ( 'NONE',  ( -0.0000000000000000000, 0.0000000000000000000, 1.000000000000000000 ) ) ;
#4840 = CARTESIAN_POINT ( 'NONE',  ( 4.371092311520837500, -17.01343891350772400, 11.50000000000000200 ) ) ;
#4841 = CARTESIAN_POINT ( 'NONE',  ( -1.743862904976376700, 8.434519798104291900, 11.49999999999999600 ) ) ;
#4842 = CARTESIAN_POINT ( 'NONE',  ( -3.013277428371643000, 5.425157232704399300, 11.50000000000000000 ) ) ;
#4843 = VECTOR ( 'NONE', #4351, 1000.000000000000200 ) ;
#4844 = CARTESIAN_POINT ( 'NONE',  ( -1.656646197690789100, -16.97659052782891100, 11.50000000000000200 ) ) ;
#4845 = CARTESIAN_POINT ( 'NONE',  ( -2.970760233918129600, -16.14012529426445400, 11.50000000000000000 ) ) ;
#4846 = CARTESIAN_POINT ( 'NONE',  ( 5.900000000000000400, -20.49999999999999600, 11.50000000000000000 ) ) ;
#4847 = CARTESIAN_POINT ( 'NONE',  ( 4.157242226317766400, 5.400973344245496600, 11.50000000000000400 ) ) ;
#4848 = ORIENTED_EDGE ( 'NONE', *, *, #7123, .T. ) ;
#4849 = DIRECTION ( 'NONE',  ( -1.000000000000000000, 0.0000000000000000000, -0.0000000000000000000 ) ) ;
#4850 = EDGE_CURVE ( 'NONE', #3152, #2510, #505, .T. ) ;
#4851 = DIRECTION ( 'NONE',  ( -0.0000000000000000000, 0.0000000000000000000, 1.000000000000000000 ) ) ;
#4852 = B_SPLINE_CURVE_WITH_KNOTS ( 'NONE', 3,
 ( #2145, #4384, #9132, #274, #7017, #629, #2483, #1543, #4139, #5014, #1359, #9220, #1071, #592, #8771, #6394, #77, #5933, #1756, #8643, #3627, #2403, #8666, #3736, #3565, #8778, #7830, #7233, #6318, #1923, #6648, #3646, #1032, #7435, #4479, #4159, #1613, #4238, #1593 ),
 .UNSPECIFIED., .F., .F.,
 ( 4, 1, 1, 1, 1, 1, 1, 1, 1, 1, 1, 1, 1, 1, 1, 1, 1, 1, 1, 1, 1, 1, 1, 1, 1, 1, 1, 1, 1, 1, 1, 1, 1, 1, 1, 1, 4 ),
 ( 0.4999999999999997200, 0.5067961071429011300, 0.5343186165718472000, 0.5610714717653668700, 0.5872164789471950900, 0.5998136913342626600, 0.6116056223523573800, 0.6228219602330009600, 0.6335006456785914300, 0.6438125983354730000, 0.6537308072907901400, 0.6635510547046412600, 0.6733203971490611100, 0.6828846819648873900, 0.6919522600454493000, 0.7007992157679405800, 0.7096461714904318500, 0.7185813493378798700, 0.7279002643825238600, 0.7376696068269440500, 0.7481945845921860200, 0.7592118259510030100, 0.7706136592895048700, 0.7825241103117399600, 0.7949873885925102800, 0.8082541560573616200, 0.8224044904674666600, 0.8373652535963496100, 0.8533063216488515600, 0.8699592783232528200, 0.8870380132243677100, 0.9044527392465682200, 0.9224617228092195600, 0.9409912505243381900, 0.9600720790215913100, 0.9797323777311356400, 1.000000000000000000 ),
 .UNSPECIFIED. ) ;
#4853 = ORIENTED_EDGE ( 'NONE', *, *, #7161, .T. ) ;
#4854 = ORIENTED_EDGE ( 'NONE', *, *, #6, .T. ) ;
#4855 = CARTESIAN_POINT ( 'NONE',  ( -3.006982621288719800, -11.39585985515687000, 11.50000000000000000 ) ) ;
#4856 = CARTESIAN_POINT ( 'NONE',  ( 1.074866061029706900, 4.896855345911945700, 11.50000000000000000 ) ) ;
#4857 = EDGE_LOOP ( 'NONE', ( #2564, #7339, #4053, #8696, #9191 ) ) ;
#4858 = CARTESIAN_POINT ( 'NONE',  ( -1.125484940066826100, -14.09380442985378900, 11.49999999999999800 ) ) ;
#4859 = CARTESIAN_POINT ( 'NONE',  ( 0.5178897497471359700, 7.354491212327057600, 11.50000000000000000 ) ) ;
#4860 = CARTESIAN_POINT ( 'NONE',  ( -3.229933992948422500, 5.389202725772747700, 11.50000000000000400 ) ) ;
#4861 = FACE_OUTER_BOUND ( 'NONE', #3901, .T. ) ;
#4862 = CARTESIAN_POINT ( 'NONE',  ( -1.413512081398501600, -11.04023768515600800, 11.50000000000000900 ) ) ;
#4863 = CARTESIAN_POINT ( 'NONE',  ( -1.204648518877926300, 5.344589483892441700, 11.50000000000000200 ) ) ;
#4864 = DIRECTION ( 'NONE',  ( -0.0000000000000000000, 0.0000000000000000000, 1.000000000000000000 ) ) ;
#4865 = CARTESIAN_POINT ( 'NONE',  ( 2.588473493396671500, 7.026247070539523200, 11.49999999999999800 ) ) ;
#4866 = ORIENTED_EDGE ( 'NONE', *, *, #4792, .T. ) ;
#4867 = EDGE_CURVE ( 'NONE', #7533, #1005, #8868, .T. ) ;
#4868 = CARTESIAN_POINT ( 'NONE',  ( 0.5742092194974497400, -16.94851100624098800, 11.49999999999999800 ) ) ;
#4869 = CARTESIAN_POINT ( 'NONE',  ( -3.828509233500468200, 5.297947497239289500, 11.50000000000000200 ) ) ;
#4870 = VECTOR ( 'NONE', #3853, 1000.000000000000000 ) ;
#4871 = DIRECTION ( 'NONE',  ( -0.0000000000000000000, 0.0000000000000000000, 1.000000000000000000 ) ) ;
#4872 = LINE ( 'NONE', #1090, #3513 ) ;
#4873 = ORIENTED_EDGE ( 'NONE', *, *, #3823, .T. ) ;
#4874 = FACE_OUTER_BOUND ( 'NONE', #6494, .T. ) ;
#4875 = CARTESIAN_POINT ( 'NONE',  ( 0.9911949685535828000, 4.650314465408802000, 11.50000000000000000 ) ) ;
#4876 = CARTESIAN_POINT ( 'NONE',  ( -4.095038434660952300, 4.977358490566032900, 11.49999999999999600 ) ) ;
#4877 = VECTOR ( 'NONE', #6546, 1000.000000000000000 ) ;
#4878 = ORIENTED_EDGE ( 'NONE', *, *, #1439, .T. ) ;
#4879 = EDGE_CURVE ( 'NONE', #4726, #5509, #4508, .T. ) ;
#4880 = LINE ( 'NONE', #6285, #1291 ) ;
#4881 = LINE ( 'NONE', #611, #3854 ) ;
#4882 = ORIENTED_EDGE ( 'NONE', *, *, #4501, .T. ) ;
#4883 = CARTESIAN_POINT ( 'NONE',  ( 2.191846080092152900, 5.395362642462527200, 11.50000000000000000 ) ) ;
#4884 = CARTESIAN_POINT ( 'NONE',  ( -2.137394112751491700, -11.38429980863507200, 11.50000000000000000 ) ) ;
#4885 = CARTESIAN_POINT ( 'NONE',  ( 0.4471179199870259900, -13.99184462889988500, 11.50000000000000000 ) ) ;
#4886 = CARTESIAN_POINT ( 'NONE',  ( 8.000000000000000000, -22.60000000000000100, 2.000000000000000000 ) ) ;
#4887 = LINE ( 'NONE', #5661, #5331 ) ;
#4888 = CARTESIAN_POINT ( 'NONE',  ( -4.326107424260314400, 4.992582162503210500, 11.50000000000000200 ) ) ;
#4889 = CARTESIAN_POINT ( 'NONE',  ( 6.397379542625473400, -0.7097228931188062100, 11.00000000000000000 ) ) ;
#4890 = ORIENTED_EDGE ( 'NONE', *, *, #5551, .T. ) ;
#4891 = LINE ( 'NONE', #3014, #3412 ) ;
#4892 = CARTESIAN_POINT ( 'NONE',  ( -3.647768541357181900, 5.004233124132279700, 11.50000000000000000 ) ) ;
#4893 = PLANE ( 'NONE',  #3479 ) ;
#4894 = CARTESIAN_POINT ( 'NONE',  ( -1.368421052631579400, -16.61965745800714300, 11.50000000000000000 ) ) ;
#4895 = AXIS2_PLACEMENT_3D ( 'NONE', #6755, #1755, #4544 ) ;
#4896 = EDGE_CURVE ( 'NONE', #2827, #3713, #6961, .T. ) ;
#4897 = CARTESIAN_POINT ( 'NONE',  ( -1.493469874017632600, -16.23857578797649700, 11.50000000000000500 ) ) ;
#4898 = CARTESIAN_POINT ( 'NONE',  ( -2.909350631381927100, -16.14563342524119300, 11.49999999999999600 ) ) ;
#4899 = CARTESIAN_POINT ( 'NONE',  ( 0.1711142165519203000, -16.67273528590406800, 11.49999999999999800 ) ) ;
#4900 = CARTESIAN_POINT ( 'NONE',  ( -1.238219023404659500, -11.37287181233119600, 11.50000000000000000 ) ) ;
#4901 = FACE_OUTER_BOUND ( 'NONE', #3275, .T. ) ;
#4902 = CARTESIAN_POINT ( 'NONE',  ( 4.176100628930941900, 5.405031446540876400, 11.50000000000000000 ) ) ;
#4903 = VERTEX_POINT ( 'NONE', #6908 ) ;
#4904 = CARTESIAN_POINT ( 'NONE',  ( 0.6682733203927376800, -17.15879113711181200, 11.49999999999999800 ) ) ;
#4905 = CARTESIAN_POINT ( 'NONE',  ( 2.326828918379968200E-015, 1.499999999999997800, 10.49999999999999800 ) ) ;
#4906 = B_SPLINE_CURVE_WITH_KNOTS ( 'NONE', 3,
 ( #4756, #6586, #133, #1726, #3260, #2495, #7626, #1921, #8275, #7415, #7922 ),
 .UNSPECIFIED., .F., .F.,
 ( 4, 1, 1, 1, 1, 1, 1, 1, 4 ),
 ( 0.0000000000000000000, 0.1305286783089753000, 0.2553661026904976400, 0.3792733377125422400, 0.5002575190908520300, 0.6214407532220223000, 0.7444401591921813200, 0.8692775835737014400, 1.000000000000000000 ),
 .UNSPECIFIED. ) ;
#4907 = CARTESIAN_POINT ( 'NONE',  ( -0.3352434195200270600, 5.233962264150940200, 11.50000000000000000 ) ) ;
#4908 = ORIENTED_EDGE ( 'NONE', *, *, #7582, .T. ) ;
#4909 = EDGE_CURVE ( 'NONE', #8645, #921, #6827, .T. ) ;
#4910 = CARTESIAN_POINT ( 'NONE',  ( 3.444444444444443800, 0.0000000000000000000, 11.50000000000000000 ) ) ;
#4911 = VERTEX_POINT ( 'NONE', #3864 ) ;
#4912 = B_SPLINE_CURVE_WITH_KNOTS ( 'NONE', 3,
 ( #1299, #6983, #8528, #4240, #2110, #7352, #3058, #370, #6288, #7722, #8454, #778, #8685, #5112, #804 ),
 .UNSPECIFIED., .F., .F.,
 ( 4, 1, 1, 1, 1, 1, 1, 1, 1, 1, 1, 1, 4 ),
 ( 0.0000000000000000000, 0.1910077900920906800, 0.3666901032626814800, 0.5282750839113563600, 0.6747867772671761700, 0.7410960111568130100, 0.7991917012525655600, 0.8508799588342383900, 0.8947061856144923300, 0.9319025692490845400, 0.9610191295142445100, 0.9843237486073096500, 1.000000000000000000 ),
 .UNSPECIFIED. ) ;
#4913 = CARTESIAN_POINT ( 'NONE',  ( -4.075806655989692800, -16.67099599211599800, 11.50000000000000200 ) ) ;
#4914 = CARTESIAN_POINT ( 'NONE',  ( -2.344218939044628400, 4.666870235816632300, 11.49999999999999800 ) ) ;
#4915 = CARTESIAN_POINT ( 'NONE',  ( -2.807189025337156500, -16.76817019907440100, 11.50000000000000000 ) ) ;
#4916 = ORIENTED_EDGE ( 'NONE', *, *, #7828, .T. ) ;
#4917 = EDGE_CURVE ( 'NONE', #4903, #2956, #2825, .T. ) ;
#4918 = ORIENTED_EDGE ( 'NONE', *, *, #4247, .T. ) ;
#4919 = CARTESIAN_POINT ( 'NONE',  ( -1.093275984581776500, 5.369011069164908900, 11.50000000000000200 ) ) ;
#4920 = CARTESIAN_POINT ( 'NONE',  ( 3.884222630786812000, -16.31491086969752800, 11.50000000000000200 ) ) ;
#4921 = DIRECTION ( 'NONE',  ( -0.0000000000000000000, 0.0000000000000000000, 1.000000000000000000 ) ) ;
#4922 = DIRECTION ( 'NONE',  ( 0.0000000000000000000, 0.0000000000000000000, 1.000000000000000000 ) ) ;
#4923 = CARTESIAN_POINT ( 'NONE',  ( 2.110472726057741600, 4.909468013111880000, 11.50000000000000000 ) ) ;
#4924 = LINE ( 'NONE', #8307, #6813 ) ;
#4925 = CARTESIAN_POINT ( 'NONE',  ( 4.599666068716190100, -17.01343567664304500, 11.50000000000000400 ) ) ;
#4926 = CARTESIAN_POINT ( 'NONE',  ( -1.493821402245407300, 7.822748350631507600, 11.49999999999999300 ) ) ;
#4927 = ORIENTED_EDGE ( 'NONE', *, *, #434, .T. ) ;
#4928 = CARTESIAN_POINT ( 'NONE',  ( -4.022055030461770800, 5.413611835744138300, 11.50000000000000400 ) ) ;
#4929 = CARTESIAN_POINT ( 'NONE',  ( 4.254799361599729000, 5.408767432682056500, 11.49999999999999800 ) ) ;
#4930 = CARTESIAN_POINT ( 'NONE',  ( 3.151849596401625800, 11.01243354818053000, 11.50000000000000000 ) ) ;
#4931 = CARTESIAN_POINT ( 'NONE',  ( -3.309708577348273300, -9.455299980872720100, 11.50000000000000000 ) ) ;
#4932 = CARTESIAN_POINT ( 'NONE',  ( 1.070207314232595000, 4.675471698113203600, 11.50000000000000000 ) ) ;
#4933 = DIRECTION ( 'NONE',  ( -0.3760027272139281900, -0.9266185564339234300, 0.0000000000000000000 ) ) ;
#4934 = CARTESIAN_POINT ( 'NONE',  ( 2.191875856975785900, 5.395259489220536300, 11.50000000000000000 ) ) ;
#4935 = CARTESIAN_POINT ( 'NONE',  ( 2.060660085170581200, -0.7021508438359079800, 11.50000000000000000 ) ) ;
#4936 = CARTESIAN_POINT ( 'NONE',  ( -3.175438596491228600, -16.67228903695451000, 11.49999999999999800 ) ) ;
#4937 = DIRECTION ( 'NONE',  ( 0.0000000000000000000, -1.000000000000000000, 0.0000000000000000000 ) ) ;
#4938 = CYLINDRICAL_SURFACE ( 'NONE', #2783, 0.6000000000000000900 ) ;
#4939 = CARTESIAN_POINT ( 'NONE',  ( 1.618064516129156000, 11.38838709677419000, 11.50000000000000000 ) ) ;
#4940 = CARTESIAN_POINT ( 'NONE',  ( 3.714022397588002900, 5.042673011313533000, 11.50000000000000000 ) ) ;
#4941 = CARTESIAN_POINT ( 'NONE',  ( -2.542930351735261100, 4.755974842767293400, 11.50000000000000500 ) ) ;
#4942 = CARTESIAN_POINT ( 'NONE',  ( -0.1757142817199391400, -10.50513694933715000, 11.49999999999999500 ) ) ;
#4943 = CARTESIAN_POINT ( 'NONE',  ( -1.093567251461989600, -16.59041769192527100, 11.50000000000000000 ) ) ;
#4944 = B_SPLINE_CURVE_WITH_KNOTS ( 'NONE', 3,
 ( #5871, #3396, #2930, #5658, #7829, #2959, #3307, #5179, #1830, #3533, #1055, #8121, #8384, #6564, #5968 ),
 .UNSPECIFIED., .F., .F.,
 ( 4, 1, 1, 1, 1, 1, 1, 1, 1, 1, 1, 1, 4 ),
 ( 0.0000000000000000000, 0.1195668216821638200, 0.2279031550594405900, 0.3256935158808106400, 0.4130861421364219200, 0.4898851631380105600, 0.5563339349037945700, 0.6128097708957349600, 0.6604566047299942300, 0.7447940097067158300, 0.8278859701840301000, 0.9121435794431518300, 0.9999999999999998900 ),
 .UNSPECIFIED. ) ;
#4945 = CARTESIAN_POINT ( 'NONE',  ( -3.174988141453558600, -16.61861726438879900, 11.49999999999999600 ) ) ;
#4946 = AXIS2_PLACEMENT_3D ( 'NONE', #9143, #4146, #8444 ) ;
#4947 = ADVANCED_FACE ( 'NONE', ( #4285 ), #2979, .F. ) ;
#4948 = CARTESIAN_POINT ( 'NONE',  ( 2.180293501048341300, 5.193710691823894400, 11.50000000000000000 ) ) ;
#4949 = EDGE_CURVE ( 'NONE', #1804, #7836, #2931, .T. ) ;
#4950 = CARTESIAN_POINT ( 'NONE',  ( 1.037890131136729000, 4.655797538638371900, 11.49999999999999800 ) ) ;
#4951 = CARTESIAN_POINT ( 'NONE',  ( 0.3160602387577800500, -16.69188733750379700, 11.50000000000000200 ) ) ;
#4952 = CARTESIAN_POINT ( 'NONE',  ( -2.092709061262398000, 5.369811320754712900, 11.50000000000000200 ) ) ;
#4953 = CARTESIAN_POINT ( 'NONE',  ( 2.109815636447310600, 4.865848961865054900, 11.49999999999999600 ) ) ;
#4954 = CARTESIAN_POINT ( 'NONE',  ( -12.89999999999999900, -24.69999999999999900, 11.50000000000000000 ) ) ;
#4955 = LINE ( 'NONE', #3289, #6838 ) ;
#4956 = CARTESIAN_POINT ( 'NONE',  ( -0.05517002707662883900, -14.77193284537003800, 11.49999999999999800 ) ) ;
#4957 = LINE ( 'NONE', #9037, #6175 ) ;
#4958 = ORIENTED_EDGE ( 'NONE', *, *, #6500, .F. ) ;
#4959 = AXIS2_PLACEMENT_3D ( 'NONE', #5760, #6960, #8854 ) ;
#4960 = ORIENTED_EDGE ( 'NONE', *, *, #734, .T. ) ;
#4961 = EDGE_CURVE ( 'NONE', #5093, #9173, #386, .T. ) ;
#4962 = CARTESIAN_POINT ( 'NONE',  ( 4.839126581972804400, 5.129479840789058700, 11.50000000000000000 ) ) ;
#4963 = DIRECTION ( 'NONE',  ( 1.000000000000000000, 0.0000000000000000000, 0.0000000000000000000 ) ) ;
#4964 = CARTESIAN_POINT ( 'NONE',  ( 2.326828918379968200E-015, 1.499999999999997800, 11.50000000000000000 ) ) ;
#4965 = CARTESIAN_POINT ( 'NONE',  ( -2.573269791031470400, 4.697880321227652100, 11.50000000000000200 ) ) ;
#4966 = CARTESIAN_POINT ( 'NONE',  ( -3.655066387141734400, 4.987421383647795600, 11.50000000000000000 ) ) ;
#4967 = CARTESIAN_POINT ( 'NONE',  ( 2.519077568134293600, 4.745911949685530700, 11.50000000000000200 ) ) ;
#4968 = ORIENTED_EDGE ( 'NONE', *, *, #2992, .T. ) ;
#4969 = DIRECTION ( 'NONE',  ( 1.000000000000000000, 0.0000000000000000000, 0.0000000000000000000 ) ) ;
#4970 = ORIENTED_EDGE ( 'NONE', *, *, #1856, .T. ) ;
#4971 = ORIENTED_EDGE ( 'NONE', *, *, #4961, .F. ) ;
#4972 = CARTESIAN_POINT ( 'NONE',  ( -2.469051762291812700, -11.32498821351841700, 11.50000000000000200 ) ) ;
#4973 = CARTESIAN_POINT ( 'NONE',  ( -3.861069039948351400, 5.352326536389105300, 11.49999999999999600 ) ) ;
#4974 = CARTESIAN_POINT ( 'NONE',  ( -0.07602339181286658900, -16.52609020654515600, 11.50000000000000000 ) ) ;
#4975 = CARTESIAN_POINT ( 'NONE',  ( -1.298616428023729800, 5.372383084634111400, 11.49999999999999600 ) ) ;
#4976 = CARTESIAN_POINT ( 'NONE',  ( -1.369933809647454000, -16.74591934892593800, 11.50000000000000000 ) ) ;
#4977 = EDGE_CURVE ( 'NONE', #6754, #938, #3727, .T. ) ;
#4978 = B_SPLINE_CURVE_WITH_KNOTS ( 'NONE', 3,
 ( #1073, #357, #4979, #3052, #6508, #6271, #2156, #8767, #1203, #2177, #3899, #4796, #3939 ),
 .UNSPECIFIED., .F., .F.,
 ( 4, 3, 3, 3, 4 ),
 ( 0.0000000000000000000, 1.142740280077426300E-005, 2.765205965961413500E-005, 6.947522985543483800E-005, 8.846602568938511100E-005 ),
 .UNSPECIFIED. ) ;
#4979 = CARTESIAN_POINT ( 'NONE',  ( -0.5360687493984623900, 4.668787020394986200, 11.50000000000000000 ) ) ;
#4980 = ORIENTED_EDGE ( 'NONE', *, *, #7179, .T. ) ;
#4981 = CARTESIAN_POINT ( 'NONE',  ( -0.2823346785023517200, -13.74549464672120400, 11.50000000000000500 ) ) ;
#4982 = CARTESIAN_POINT ( 'NONE',  ( 3.690986116051715400, 4.674237690438766400, 11.49999999999999300 ) ) ;
#4983 = ORIENTED_EDGE ( 'NONE', *, *, #6289, .T. ) ;
#4984 = ORIENTED_EDGE ( 'NONE', *, *, #9241, .F. ) ;
#4985 = CARTESIAN_POINT ( 'NONE',  ( 2.363474287634042000, -11.58709597926737400, 11.49999999999999800 ) ) ;
#4986 = ORIENTED_EDGE ( 'NONE', *, *, #3859, .T. ) ;
#4987 = CARTESIAN_POINT ( 'NONE',  ( 2.099044956906715800, 4.821383647798738200, 11.49999999999999800 ) ) ;
#4988 = CARTESIAN_POINT ( 'NONE',  ( 0.6069078300455038600, -17.14350191210743500, 11.49999999999999800 ) ) ;
#4989 = EDGE_CURVE ( 'NONE', #5407, #8777, #2537, .T. ) ;
#4990 = DIRECTION ( 'NONE',  ( -0.0000000000000000000, 1.000000000000000000, -0.0000000000000000000 ) ) ;
#4991 = CARTESIAN_POINT ( 'NONE',  ( -2.453764524072372200, -9.256401271114681300, 11.49999999999999500 ) ) ;
#4992 = CARTESIAN_POINT ( 'NONE',  ( 2.386023759608787700, 4.650314465408802000, 11.50000000000000000 ) ) ;
#4993 = DIRECTION ( 'NONE',  ( 1.000000000000000000, 0.0000000000000000000, 0.0000000000000000000 ) ) ;
#4994 = CARTESIAN_POINT ( 'NONE',  ( 4.047611265034278800, -16.55267108091087600, 11.50000000000000400 ) ) ;
#4995 = FACE_OUTER_BOUND ( 'NONE', #5771, .T. ) ;
#4996 = CARTESIAN_POINT ( 'NONE',  ( 0.4269005847953207300, -16.87696739952760800, 11.50000000000000000 ) ) ;
#4997 = CARTESIAN_POINT ( 'NONE',  ( -2.076361004394985200, 6.802691310632457800, 11.49999999999999800 ) ) ;
#4998 = CARTESIAN_POINT ( 'NONE',  ( -2.085710266932474500, 5.085680593389334100, 11.50000000000000500 ) ) ;
#4999 = CARTESIAN_POINT ( 'NONE',  ( 1.754308110029064900, 4.590491863310874400, 11.50000000000000200 ) ) ;
#5000 = CARTESIAN_POINT ( 'NONE',  ( 2.528897885981869400, 5.333353347401727600, 11.50000000000000400 ) ) ;
#5001 = CARTESIAN_POINT ( 'NONE',  ( 4.417432482811562100, 4.995193531824220700, 11.50000000000000200 ) ) ;
#5002 = CARTESIAN_POINT ( 'NONE',  ( 0.7368421052631570800, -17.05240599601883700, 11.50000000000000200 ) ) ;
#5003 = CARTESIAN_POINT ( 'NONE',  ( -0.6999999999999978500, 1.499999999999997800, 10.49999999999999800 ) ) ;
#5004 = CARTESIAN_POINT ( 'NONE',  ( -2.350730535422924600, -11.62526676592063500, 11.50000000000000000 ) ) ;
#5005 = CARTESIAN_POINT ( 'NONE',  ( 0.2133405480117778800, -13.30103447965138500, 11.50000000000000000 ) ) ;
#5006 = CARTESIAN_POINT ( 'NONE',  ( -1.353936000555956900, -16.95367640214166000, 11.49999999999999600 ) ) ;
#5007 = CARTESIAN_POINT ( 'NONE',  ( 4.770245289094801500, 4.668450901598331100, 11.49999999999999800 ) ) ;
#5008 = CARTESIAN_POINT ( 'NONE',  ( -2.802023299667014000, -16.19416859365303900, 11.49999999999999500 ) ) ;
#5009 = DIRECTION ( 'NONE',  ( -0.0000000000000000000, 0.0000000000000000000, 1.000000000000000000 ) ) ;
#5010 = VERTEX_POINT ( 'NONE', #424 ) ;
#5011 = CARTESIAN_POINT ( 'NONE',  ( -4.067589347453271400, 5.097096656835177900, 11.50000000000000000 ) ) ;
#5012 = CARTESIAN_POINT ( 'NONE',  ( -3.821356596755418600, 5.262698762101587500, 11.49999999999999800 ) ) ;
#5013 = CARTESIAN_POINT ( 'NONE',  ( -2.661321067109460300, 4.654652625280839100, 11.50000000000000500 ) ) ;
#5014 = CARTESIAN_POINT ( 'NONE',  ( 3.076724581080329200, -11.32145740643793100, 11.49999999999999800 ) ) ;
#5015 = LOCAL_TIME ( 19, 43, 38.00000000000000000, #6901 ) ;
#5016 = LINE ( 'NONE', #453, #6902 ) ;
#5017 = CARTESIAN_POINT ( 'NONE',  ( 2.143896455965157900, 5.390625794198132100, 11.50000000000000200 ) ) ;
#5018 = AXIS2_PLACEMENT_3D ( 'NONE', #6888, #1916, #1813 ) ;
#5019 = CARTESIAN_POINT ( 'NONE',  ( -2.198134137657494800, 5.416475583166255900, 11.50000000000000400 ) ) ;
#5020 = VECTOR ( 'NONE', #387, 1000.000000000000000 ) ;
#5021 = EDGE_CURVE ( 'NONE', #6701, #2343, #1133, .T. ) ;
#5022 = CARTESIAN_POINT ( 'NONE',  ( 0.4550892474456725800, 11.19309146816253700, 11.50000000000000200 ) ) ;
#5023 = ORIENTED_EDGE ( 'NONE', *, *, #4501, .F. ) ;
#5024 = CARTESIAN_POINT ( 'NONE',  ( -3.670561703386309800, 4.899727326346059000, 11.49999999999999800 ) ) ;
#5025 = CARTESIAN_POINT ( 'NONE',  ( 0.7134502923976598900, -16.68398494338725900, 11.50000000000000000 ) ) ;
#5026 = CARTESIAN_POINT ( 'NONE',  ( -0.8680539195884883200, -11.49529217876521000, 11.50000000000000400 ) ) ;
#5027 = CARTESIAN_POINT ( 'NONE',  ( 1.104833548788617800, 12.43752587310964400, 11.49999999999999500 ) ) ;
#5028 = CARTESIAN_POINT ( 'NONE',  ( -4.189704169578259800, 5.364779874213832400, 11.50000000000000200 ) ) ;
#5029 = ORIENTED_EDGE ( 'NONE', *, *, #2030, .T. ) ;
#5030 = CARTESIAN_POINT ( 'NONE',  ( -5.899999999999999500, -1.574230079803005100, 11.00000000000000000 ) ) ;
#5031 = CARTESIAN_POINT ( 'NONE',  ( -0.008126819810722755000, -14.60407103366261700, 11.50000000000000400 ) ) ;
#5032 = EDGE_CURVE ( 'NONE', #4083, #5314, #8812, .T. ) ;
#5033 = CARTESIAN_POINT ( 'NONE',  ( -6.397379542625473400, -0.7097228931188052100, 11.00000000000000000 ) ) ;
#5034 = CARTESIAN_POINT ( 'NONE',  ( 4.298245614035084600, -16.82433582058024200, 11.50000000000000000 ) ) ;
#5035 = CARTESIAN_POINT ( 'NONE',  ( 0.0000000000000000000, 5.349685534591190000, 11.50000000000000000 ) ) ;
#5036 = VECTOR ( 'NONE', #8359, 1000.000000000000000 ) ;
#5037 = VERTEX_POINT ( 'NONE', #4499 ) ;
#5038 = CARTESIAN_POINT ( 'NONE',  ( -0.06920435932579119300, -13.23482253007472000, 11.49999999999999600 ) ) ;
#5039 = B_SPLINE_CURVE_WITH_KNOTS ( 'NONE', 3,
 ( #9199, #2124, #4747, #9000, #481, #6661, #3372, #8068, #3941, #5387, #6112, #4930, #4730, #2833, #1737 ),
 .UNSPECIFIED., .F., .F.,
 ( 4, 1, 1, 1, 1, 1, 1, 1, 1, 1, 1, 1, 4 ),
 ( 0.0000000000000000000, 0.1844044828830606600, 0.3529949541147859900, 0.5064953846012409900, 0.6455047693267921300, 0.7084880628337231200, 0.7643059142439345700, 0.8143066179633589000, 0.8584624439528466500, 0.8972027281624248600, 0.9329325478788965700, 0.9664785334071086500, 0.9999999999999998900 ),
 .UNSPECIFIED. ) ;
#5040 = DIRECTION ( 'NONE',  ( -0.0000000000000000000, 0.0000000000000000000, 1.000000000000000000 ) ) ;
#5041 = FACE_OUTER_BOUND ( 'NONE', #7974, .T. ) ;
#5042 = CARTESIAN_POINT ( 'NONE',  ( -2.323676518716771200, 4.660930672525211100, 11.49999999999999800 ) ) ;
#5043 = ORIENTED_EDGE ( 'NONE', *, *, #8030, .F. ) ;
#5044 = ADVANCED_FACE ( 'NONE', ( #4378 ), #4938, .T. ) ;
#5045 = DIRECTION ( 'NONE',  ( 1.000000000000000000, 0.0000000000000000000, 0.0000000000000000000 ) ) ;
#5046 = EDGE_CURVE ( 'NONE', #6578, #5714, #6307, .T. ) ;
#5047 = CYLINDRICAL_SURFACE ( 'NONE', #4140, 1.000000000000000900 ) ;
#5048 = CARTESIAN_POINT ( 'NONE',  ( -1.296995108315739600, 4.635220125786159600, 11.50000000000000000 ) ) ;
#5049 = CARTESIAN_POINT ( 'NONE',  ( 0.7368421052631570800, -16.25708435859193600, 11.50000000000000000 ) ) ;
#5050 = ORIENTED_EDGE ( 'NONE', *, *, #8019, .T. ) ;
#5051 = CARTESIAN_POINT ( 'NONE',  ( 1.052631578947367500, -16.87111944631123400, 11.50000000000000400 ) ) ;
#5052 = ADVANCED_FACE ( 'NONE', ( #497 ), #9161, .F. ) ;
#5053 = CARTESIAN_POINT ( 'NONE',  ( -0.4824561403508770800, -13.90981156595192300, 11.50000000000000000 ) ) ;
#5054 = EDGE_CURVE ( 'NONE', #5282, #6097, #2965, .T. ) ;
#5055 = CARTESIAN_POINT ( 'NONE',  ( 3.874027486606226300, 5.329559748427669800, 11.50000000000000000 ) ) ;
#5056 = CARTESIAN_POINT ( 'NONE',  ( -12.90000000000000600, 24.69999999999999900, 0.0000000000000000000 ) ) ;
#5057 = ORIENTED_EDGE ( 'NONE', *, *, #1905, .F. ) ;
#5058 = LINE ( 'NONE', #8961, #141 ) ;
#5059 = VECTOR ( 'NONE', #8431, 1000.000000000000100 ) ;
#5060 = ORIENTED_EDGE ( 'NONE', *, *, #8497, .T. ) ;
#5061 = CARTESIAN_POINT ( 'NONE',  ( 4.640019748713598300, -16.68178606627334700, 11.50000000000000400 ) ) ;
#5062 = CARTESIAN_POINT ( 'NONE',  ( -1.760733539142274500, -16.30108235218393600, 11.50000000000000000 ) ) ;
#5063 = EDGE_LOOP ( 'NONE', ( #2664, #4916, #4779, #3708 ) ) ;
#5064 = VECTOR ( 'NONE', #1811, 1000.000000000000000 ) ;
#5065 = ORIENTED_EDGE ( 'NONE', *, *, #2289, .T. ) ;
#5066 = CARTESIAN_POINT ( 'NONE',  ( 2.326828918379968200E-015, 1.499999999999997800, 11.60000000000000000 ) ) ;
#5067 = B_SPLINE_CURVE_WITH_KNOTS ( 'NONE', 3,
 ( #8734, #4348, #333, #8605, #3164 ),
 .UNSPECIFIED., .F., .F.,
 ( 4, 1, 4 ),
 ( 0.0000000000000000000, 0.5096886904161406200, 1.000000000000000000 ),
 .UNSPECIFIED. ) ;
#5068 = CARTESIAN_POINT ( 'NONE',  ( -2.017543859649122000, -10.11871345029240200, 11.50000000000000000 ) ) ;
#5069 = AXIS2_PLACEMENT_3D ( 'NONE', #8392, #5009, #3562 ) ;
#5070 = CARTESIAN_POINT ( 'NONE',  ( -2.867903018309873300, -11.46656765622738800, 11.50000000000000000 ) ) ;
#5071 = EDGE_CURVE ( 'NONE', #8667, #5449, #2722, .T. ) ;
#5072 = DIRECTION ( 'NONE',  ( 1.000000000000000000, 0.0000000000000000000, 0.0000000000000000000 ) ) ;
#5073 = ORIENTED_EDGE ( 'NONE', *, *, #2673, .F. ) ;
#5074 = CARTESIAN_POINT ( 'NONE',  ( 2.520009317493716100, 5.399999999999996800, 11.50000000000000200 ) ) ;
#5075 = CARTESIAN_POINT ( 'NONE',  ( -1.263571754531784800, -16.52328542561014400, 11.50000000000000200 ) ) ;
#5076 = ORIENTED_EDGE ( 'NONE', *, *, #4594, .F. ) ;
#5077 = B_SPLINE_CURVE_WITH_KNOTS ( 'NONE', 3,
 ( #1599, #4865, #1944, #2866, #3574, #25, #980, #8809, #2000, #2891, #7888, #7914, #2579, #1374, #555, #1685, #2413, #5993, #8022, #886, #1585, #3547, #5705, #5293, #8134, #6585, #7303 ),
 .UNSPECIFIED., .F., .F.,
 ( 4, 1, 1, 1, 1, 1, 1, 1, 1, 1, 1, 1, 1, 1, 1, 1, 1, 1, 1, 1, 1, 1, 1, 1, 4 ),
 ( 0.0000000000000000000, 0.03159850819032383700, 0.05833129185719487800, 0.08052266902795102200, 0.09802991231032398600, 0.1153208081620962200, 0.1375143055618899300, 0.1655981661083805200, 0.2003116881007808200, 0.2213560057683051600, 0.2459376100163283000, 0.2746133680857528700, 0.3068531241845039400, 0.3429383857770905700, 0.3827472632063904100, 0.4265419708991987600, 0.4741976369704358200, 0.5257171725608642500, 0.5812657540851327000, 0.6408520699875668300, 0.7047105042513300800, 0.7722167105383770400, 0.8442815371088967500, 0.9201126206690021200, 1.000000000000000000 ),
 .UNSPECIFIED. ) ;
#5078 = CARTESIAN_POINT ( 'NONE',  ( -3.309909973133462000, 4.638797320766224500, 11.49999999999999800 ) ) ;
#5079 = CARTESIAN_POINT ( 'NONE',  ( -0.1680875844396630400, 5.399999999999996800, 11.50000000000000000 ) ) ;
#5080 = APPROVAL ( #785, '未指定' ) ;
#5081 = ORIENTED_EDGE ( 'NONE', *, *, #965, .F. ) ;
#5082 = EDGE_CURVE ( 'NONE', #109, #1280, #8185, .T. ) ;
#5083 = ORIENTED_EDGE ( 'NONE', *, *, #2116, .F. ) ;
#5084 = CARTESIAN_POINT ( 'NONE',  ( 0.9181286549707594600, -16.88281535274398200, 11.50000000000000000 ) ) ;
#5085 = CARTESIAN_POINT ( 'NONE',  ( 0.2368083984383076200, -16.57889883325380300, 11.49999999999999800 ) ) ;
#5086 = CARTESIAN_POINT ( 'NONE',  ( -8.285786437626924800, -23.69999999999999900, -9.500000000000000000 ) ) ;
#5087 = ORIENTED_EDGE ( 'NONE', *, *, #954, .F. ) ;
#5088 = CARTESIAN_POINT ( 'NONE',  ( -1.161060742303063700, -11.42730901817646600, 11.50000000000000700 ) ) ;
#5089 = DIRECTION ( 'NONE',  ( -1.000000000000000000, 0.0000000000000000000, -0.0000000000000000000 ) ) ;
#5090 = CARTESIAN_POINT ( 'NONE',  ( -3.935521539335964800, -16.62932873594991900, 11.49999999999999600 ) ) ;
#5091 = LINE ( 'NONE', #1915, #4843 ) ;
#5092 = CARTESIAN_POINT ( 'NONE',  ( 4.587822031356888700, 5.419895775464587100, 11.50000000000000200 ) ) ;
#5093 = VERTEX_POINT ( 'NONE', #8982 ) ;
#5094 = ORIENTED_EDGE ( 'NONE', *, *, #8551, .T. ) ;
#5095 = CARTESIAN_POINT ( 'NONE',  ( -0.2926084462058845000, -16.97225413678474800, 11.50000000000000400 ) ) ;
#5096 = CARTESIAN_POINT ( 'NONE',  ( -1.930707727313034200, 5.070839362271754200, 11.49999999999999600 ) ) ;
#5097 = CARTESIAN_POINT ( 'NONE',  ( -0.3903306917548127200, -10.25903945494146400, 11.50000000000000000 ) ) ;
#5098 = EDGE_CURVE ( 'NONE', #1399, #3519, #4037, .T. ) ;
#5099 = ORIENTED_EDGE ( 'NONE', *, *, #2193, .T. ) ;
#5100 = CARTESIAN_POINT ( 'NONE',  ( 0.9680372222489687100, -17.08506878690652200, 11.50000000000000000 ) ) ;
#5101 = CARTESIAN_POINT ( 'NONE',  ( 23.46137096227451100, 11.64033195481077600, 10.24561635983753400 ) ) ;
#5102 = ORIENTED_EDGE ( 'NONE', *, *, #4175, .F. ) ;
#5103 = CARTESIAN_POINT ( 'NONE',  ( -3.914860218331039000, -16.88944553534523200, 11.50000000000000000 ) ) ;
#5104 = CARTESIAN_POINT ( 'NONE',  ( -1.055884867564749200, -10.37571854122636900, 11.50000000000000400 ) ) ;
#5105 = DIRECTION ( 'NONE',  ( 1.000000000000000000, 0.0000000000000000000, 0.0000000000000000000 ) ) ;
#5106 = CIRCLE ( 'NONE', #6092, 1.000000000000000900 ) ;
#5107 = CARTESIAN_POINT ( 'NONE',  ( -3.913886411641025900, -17.11714349973793100, 11.50000000000000000 ) ) ;
#5108 = DIRECTION ( 'NONE',  ( -0.0000000000000000000, 0.0000000000000000000, 1.000000000000000000 ) ) ;
#5109 = CARTESIAN_POINT ( 'NONE',  ( -3.912120844355711800, 5.067074005104798200, 11.49999999999998900 ) ) ;
#5110 = CARTESIAN_POINT ( 'NONE',  ( -12.90000000000000200, 42.00000000000001400, 10.99999999999999300 ) ) ;
#5111 = CARTESIAN_POINT ( 'NONE',  ( 4.027027427117635800, -16.60858598589822700, 11.49999999999999500 ) ) ;
#5112 = CARTESIAN_POINT ( 'NONE',  ( -2.636438981512633500, 6.786728682926726800, 11.50000000000000000 ) ) ;
#5113 = CARTESIAN_POINT ( 'NONE',  ( 4.667691590962156100, 5.178616352201254700, 11.50000000000000200 ) ) ;
#5114 = CARTESIAN_POINT ( 'NONE',  ( 0.9176088976574146000, -16.89413346421046600, 11.50000000000000200 ) ) ;
#5115 = CARTESIAN_POINT ( 'NONE',  ( 8.700000000000029500, 24.70000000000000600, 2.000000000000000000 ) ) ;
#5116 = CARTESIAN_POINT ( 'NONE',  ( -1.707602339181287300, -16.87696739952760800, 11.49999999999999800 ) ) ;
#5117 = CARTESIAN_POINT ( 'NONE',  ( -0.01762264813298189800, -14.77520221838260600, 11.50000000000000000 ) ) ;
#5118 = VECTOR ( 'NONE', #3745, 1000.000000000000000 ) ;
#5119 = VECTOR ( 'NONE', #4739, 1000.000000000000000 ) ;
#5120 = EDGE_LOOP ( 'NONE', ( #1381, #257 ) ) ;
#5121 = AXIS2_PLACEMENT_3D ( 'NONE', #6159, #4681, #1926 ) ;
#5122 = EDGE_CURVE ( 'NONE', #1333, #382, #1586, .T. ) ;
#5123 = CARTESIAN_POINT ( 'NONE',  ( -3.748538011695906800, -16.25123640537556100, 11.49999999999999800 ) ) ;
#5125 = CARTESIAN_POINT ( 'NONE',  ( -2.120126723246792600, 5.078937936721683100, 11.49999999999999800 ) ) ;
#5124 = CARTESIAN_POINT ( 'NONE',  ( 4.023852783601334700, 5.399999999999996800, 11.50000000000000000 ) ) ;
#5126 = CARTESIAN_POINT ( 'NONE',  ( -3.090511254294524800, -16.30559175696659900, 11.50000000000000000 ) ) ;
#5127 = ADVANCED_FACE ( 'NONE', ( #926 ), #1819, .F. ) ;
#5128 = CARTESIAN_POINT ( 'NONE',  ( 1.967397326385773100, 5.364180094403117500, 11.50000000000000200 ) ) ;
#5129 = ORIENTED_EDGE ( 'NONE', *, *, #6162, .F. ) ;
#5130 = AXIS2_PLACEMENT_3D ( 'NONE', #5909, #2326, #6454 ) ;
#5131 = ORIENTED_EDGE ( 'NONE', *, *, #1236, .T. ) ;
#5132 = CARTESIAN_POINT ( 'NONE',  ( -0.5323425957177130300, -11.68467761350337500, 11.50000000000000200 ) ) ;
#5133 = DIRECTION ( 'NONE',  ( -1.000000000000000000, 0.0000000000000000000, -0.0000000000000000000 ) ) ;
#5134 = EDGE_CURVE ( 'NONE', #1091, #1789, #8760, .T. ) ;
#5135 = CARTESIAN_POINT ( 'NONE',  ( 0.0000000000000000000, 4.992452830188674400, 11.50000000000000000 ) ) ;
#5136 = CARTESIAN_POINT ( 'NONE',  ( -4.738478218401882100, 4.653714337042737600, 11.50000000000000200 ) ) ;
#5137 = ORIENTED_EDGE ( 'NONE', *, *, #3943, .F. ) ;
#5138 = CARTESIAN_POINT ( 'NONE',  ( 4.453986715072449700, -17.16261489632311300, 11.50000000000000200 ) ) ;
#5139 = CARTESIAN_POINT ( 'NONE',  ( -2.059370857290747600, 4.988812402160020200, 11.50000000000000000 ) ) ;
#5140 = EDGE_LOOP ( 'NONE', ( #5929, #5425, #3365, #3046, #332 ) ) ;
#5141 = CARTESIAN_POINT ( 'NONE',  ( 0.4598137803154464500, 4.650283644004809400, 11.50000000000000200 ) ) ;
#5142 = CARTESIAN_POINT ( 'NONE',  ( 8.999999999999994700, 22.60000000000000100, 0.0000000000000000000 ) ) ;
#5143 = CARTESIAN_POINT ( 'NONE',  ( -2.948717056449672300, 5.338051140523968600, 11.50000000000000000 ) ) ;
#5144 = ORIENTED_EDGE ( 'NONE', *, *, #3449, .F. ) ;
#5145 = CARTESIAN_POINT ( 'NONE',  ( 0.5852696433023194500, -16.38720582123258800, 11.49999999999999800 ) ) ;
#5146 = CARTESIAN_POINT ( 'NONE',  ( 3.923471570385483900, -16.42994601847969000, 11.50000000000000200 ) ) ;
#5147 = LINE ( 'NONE', #7853, #5577 ) ;
#5148 = CARTESIAN_POINT ( 'NONE',  ( -1.614035087719299300, -13.62456140350877100, 11.50000000000000000 ) ) ;
#5149 = EDGE_CURVE ( 'NONE', #8400, #5787, #8149, .T. ) ;
#5150 = DIRECTION ( 'NONE',  ( 1.000000000000000000, 0.0000000000000000000, 0.0000000000000000000 ) ) ;
#5151 = ORIENTED_EDGE ( 'NONE', *, *, #4154, .F. ) ;
#5152 = ORIENTED_EDGE ( 'NONE', *, *, #4373, .T. ) ;
#5153 = CARTESIAN_POINT ( 'NONE',  ( 4.676569480656618300, 5.274443629645944000, 11.50000000000000500 ) ) ;
#5154 = ORIENTED_EDGE ( 'NONE', *, *, #1085, .T. ) ;
#5155 = B_SPLINE_CURVE_WITH_KNOTS ( 'NONE', 3,
 ( #6031, #7964, #8514, #3421, #7871, #261, #6881, #4647, #6622, #7802, #3639 ),
 .UNSPECIFIED., .F., .F.,
 ( 4, 1, 1, 1, 1, 1, 1, 1, 4 ),
 ( 0.0000000000000000000, 0.08203187181410009900, 0.1633318285717865200, 0.2566251779784584100, 0.3728848027557422100, 0.5100941800477308800, 0.6619260221541194400, 0.8232521165283588300, 0.9999999999999998900 ),
 .UNSPECIFIED. ) ;
#5156 = CARTESIAN_POINT ( 'NONE',  ( -0.7962872040769206600, -13.90764739932536800, 11.49999999999999800 ) ) ;
#5157 = CARTESIAN_POINT ( 'NONE',  ( -0.2277001236739930300, -13.56728313923751700, 11.50000000000000400 ) ) ;
#5158 = CARTESIAN_POINT ( 'NONE',  ( -3.665332428851767200, 4.942922973584813000, 11.50000000000000200 ) ) ;
#5159 = CARTESIAN_POINT ( 'NONE',  ( 3.717417526364821700, 4.683311858614023200, 11.49999999999999800 ) ) ;
#5160 = EDGE_LOOP ( 'NONE', ( #2606, #188, #7547, #5512 ) ) ;
#5161 = FACE_OUTER_BOUND ( 'NONE', #1310, .T. ) ;
#5162 = EDGE_CURVE ( 'NONE', #6786, #3370, #3929, .T. ) ;
#5163 = ADVANCED_FACE ( 'NONE', ( #9190 ), #5703, .T. ) ;
#5164 = ORIENTED_EDGE ( 'NONE', *, *, #901, .F. ) ;
#5165 = CARTESIAN_POINT ( 'NONE',  ( -4.809876543209751900, 4.650314465408800200, 11.50000000000000000 ) ) ;
#5166 = CARTESIAN_POINT ( 'NONE',  ( 2.192344249432564200, 5.396062619058636900, 11.50000000000000000 ) ) ;
#5167 = CARTESIAN_POINT ( 'NONE',  ( -1.431989795485592700, 5.119651770553926600, 11.50000000000000500 ) ) ;
#5168 = VERTEX_POINT ( 'NONE', #1557 ) ;
#5169 = CARTESIAN_POINT ( 'NONE',  ( 0.09982425509167428000, -16.62310550177770500, 11.49999999999999800 ) ) ;
#5170 = CARTESIAN_POINT ( 'NONE',  ( -1.447368421052632100, -10.13333333333333800, 11.50000000000000000 ) ) ;
#5171 = CARTESIAN_POINT ( 'NONE',  ( -2.213832821049674900, -9.438600722065752200, 11.50000000000000000 ) ) ;
#5172 = LINE ( 'NONE', #8118, #937 ) ;
#5173 = ORIENTED_EDGE ( 'NONE', *, *, #8690, .T. ) ;
#5174 = CARTESIAN_POINT ( 'NONE',  ( -2.036578199472580700, 4.858388326514897500, 11.50000000000000000 ) ) ;
#5175 = CARTESIAN_POINT ( 'NONE',  ( -3.976799736771698100, 4.739053899850156300, 11.50000000000000000 ) ) ;
#5176 = CARTESIAN_POINT ( 'NONE',  ( -1.647741935483747900, 8.400000000000000400, 11.49999999999999800 ) ) ;
#5177 = EDGE_CURVE ( 'NONE', #5878, #8216, #6560, .T. ) ;
#5178 = CARTESIAN_POINT ( 'NONE',  ( -1.809343170674875000, 5.371535378356211900, 11.50000000000000200 ) ) ;
#5179 = CARTESIAN_POINT ( 'NONE',  ( 0.6400110407406643900, -16.50888409104120700, 11.50000000000000400 ) ) ;
#5180 =( BOUNDED_CURVE ( )  B_SPLINE_CURVE ( 3, ( #7354, #7798, #8092, #4755 ),
 .UNSPECIFIED., .F., .T. ) 
 B_SPLINE_CURVE_WITH_KNOTS ( ( 4, 4 ),
 ( 0.0000000000000000000, 1.044169055361150200 ),
 .UNSPECIFIED. ) 
 CURVE ( )  GEOMETRIC_REPRESENTATION_ITEM ( )  RATIONAL_B_SPLINE_CURVE ( ( 1.000000000000000000, 0.9111876897193861300, 0.9111876897193861300, 1.000000000000000000 ) ) 
 REPRESENTATION_ITEM ( '' )  );
#5181 = CARTESIAN_POINT ( 'NONE',  ( -4.403820172373508000, 4.942138364779869300, 11.50000000000000000 ) ) ;
#5182 = VECTOR ( 'NONE', #610, 1000.000000000000000 ) ;
#5183 = CARTESIAN_POINT ( 'NONE',  ( 0.3279683011448877900, -9.439862376227290900, 11.50000000000000000 ) ) ;
#5184 = ORIENTED_EDGE ( 'NONE', *, *, #8790, .T. ) ;
#5185 = VERTEX_POINT ( 'NONE', #8394 ) ;
#5186 = ORIENTED_EDGE ( 'NONE', *, *, #365, .F. ) ;
#5187 = CARTESIAN_POINT ( 'NONE',  ( 1.046540880503268300, 5.420125786163518800, 11.50000000000000000 ) ) ;
#5188 = CARTESIAN_POINT ( 'NONE',  ( -1.946752414038260400, 5.308884238156211100, 11.49999999999999800 ) ) ;
#5189 = EDGE_LOOP ( 'NONE', ( #6775, #5220 ) ) ;
#5190 = CARTESIAN_POINT ( 'NONE',  ( 3.841620136247619700, -16.28543259374420800, 11.49999999999999500 ) ) ;
#5191 = CARTESIAN_POINT ( 'NONE',  ( 5.900000000000000400, 42.00000000000001400, 11.50000000000000000 ) ) ;
#5192 = VERTEX_POINT ( 'NONE', #1769 ) ;
#5193 = AXIS2_PLACEMENT_3D ( 'NONE', #6964, #5108, #6599 ) ;
#5194 = CARTESIAN_POINT ( 'NONE',  ( -1.201115359968249100, -11.40198217470941900, 11.50000000000000400 ) ) ;
#5195 = EDGE_CURVE ( 'NONE', #2907, #1005, #5091, .T. ) ;
#5196 = CARTESIAN_POINT ( 'NONE',  ( -3.032554556491746200, 5.423829135270969100, 11.50000000000000000 ) ) ;
#5197 = CARTESIAN_POINT ( 'NONE',  ( 4.388206857650218700, 4.992834097856214900, 11.50000000000000000 ) ) ;
#5198 = CARTESIAN_POINT ( 'NONE',  ( -0.3878965292554847300, 5.292505009231883100, 11.49999999999999800 ) ) ;
#5199 = ORIENTED_EDGE ( 'NONE', *, *, #2364, .F. ) ;
#5200 = B_SPLINE_CURVE_WITH_KNOTS ( 'NONE', 3,
 ( #7512, #7590, #5456, #1267, #8188, #3986, #3238, #3579, #4862, #2726, #7719, #1760, #5830, #8347, #448, #7045, #8413, #3959, #9116, #3415, #5104, #7842, #3834, #2366, #2831, #6610, #8108, #3088, #3814, #2863, #23, #743, #2203 ),
 .UNSPECIFIED., .F., .F.,
 ( 4, 1, 1, 1, 1, 1, 1, 1, 1, 1, 1, 1, 1, 1, 1, 1, 1, 1, 1, 1, 1, 1, 1, 1, 1, 1, 1, 1, 1, 1, 4 ),
 ( 0.0000000000000000000, 0.01377228602026503400, 0.02757803399238889500, 0.04131042128614659200, 0.05508723394121617400, 0.06902513175656888000, 0.08327799009390890500, 0.09789797200361238800, 0.1131409970841760200, 0.1436209108028865300, 0.1737721517030415000, 0.2039047749781424100, 0.2347895012730482100, 0.2501742189329889700, 0.2650227180261705000, 0.2794287437285375400, 0.2938339037622022000, 0.3084077522650526800, 0.3231314293172369300, 0.3386211633339101200, 0.3548231203828794400, 0.3711515822703345100, 0.3871029924908214700, 0.4027768011063525000, 0.4181469214872763900, 0.4333555471336652000, 0.4484943157097691600, 0.4638262554520363700, 0.4795366201784869700, 0.4951082558012680500, 0.5000000000008487700 ),
 .UNSPECIFIED. ) ;
#5201 = VERTEX_POINT ( 'NONE', #2555 ) ;
#5202 = CARTESIAN_POINT ( 'NONE',  ( -0.2046783625731006800, -16.51439430011240700, 11.50000000000000000 ) ) ;
#5203 = FACE_OUTER_BOUND ( 'NONE', #7849, .T. ) ;
#5204 = EDGE_CURVE ( 'NONE', #5854, #1928, #699, .T. ) ;
#5205 = DIRECTION ( 'NONE',  ( -0.5026204573745303200, -0.8645071866841929100, 0.0000000000000000000 ) ) ;
#5206 = CARTESIAN_POINT ( 'NONE',  ( 4.872983025886090200, 5.262698762101589300, 11.50000000000000000 ) ) ;
#5207 = CARTESIAN_POINT ( 'NONE',  ( -1.295566955703202800, -16.66244154153258300, 11.49999999999999800 ) ) ;
#5208 = CARTESIAN_POINT ( 'NONE',  ( -3.748538011695907300, -16.14012529426445400, 11.50000000000000200 ) ) ;
#5209 = CARTESIAN_POINT ( 'NONE',  ( 4.599301187980557000, 4.977358490566034600, 11.50000000000000000 ) ) ;
#5210 = CARTESIAN_POINT ( 'NONE',  ( 2.056580797487482100, 5.023828478387915000, 11.50000000000000000 ) ) ;
#5211 = CARTESIAN_POINT ( 'NONE',  ( -0.1908441562392535800, -11.33871557717476700, 11.50000000000000200 ) ) ;
#5212 = EDGE_CURVE ( 'NONE', #1257, #7946, #4191, .T. ) ;
#5213 = CARTESIAN_POINT ( 'NONE',  ( 1.223060737466126000, -10.69483353354288900, 11.50000000000000200 ) ) ;
#5214 = CARTESIAN_POINT ( 'NONE',  ( -1.243547259000000700, 10.87925426663501600, 11.50000000000000200 ) ) ;
#5215 = ORIENTED_EDGE ( 'NONE', *, *, #8182, .F. ) ;
#5216 = CARTESIAN_POINT ( 'NONE',  ( -0.5078869732400765900, -10.52918579781250900, 11.50000000000000700 ) ) ;
#5217 = CARTESIAN_POINT ( 'NONE',  ( 4.515246751938754200, 4.688036094393658500, 11.50000000000000400 ) ) ;
#5218 = CYLINDRICAL_SURFACE ( 'NONE', #2374, 1.000000000000000900 ) ;
#5219 = CARTESIAN_POINT ( 'NONE',  ( -0.4972337652331320100, -10.19056324449279300, 11.50000000000000000 ) ) ;
#5220 = ORIENTED_EDGE ( 'NONE', *, *, #1369, .T. ) ;
#5221 = CARTESIAN_POINT ( 'NONE',  ( 4.182154965449784700, -16.92995297885522300, 11.50000000000000000 ) ) ;
#5222 = CARTESIAN_POINT ( 'NONE',  ( -4.086760680369372300, 4.979535091708167500, 11.49999999999999800 ) ) ;
#5223 = CALENDAR_DATE ( 2018, 24, 1 ) ;
#5224 = CARTESIAN_POINT ( 'NONE',  ( -2.368638791130729200, 5.272221931307478300, 11.50000000000000400 ) ) ;
#5226 = FACE_OUTER_BOUND ( 'NONE', #5797, .T. ) ;
#5225 = CARTESIAN_POINT ( 'NONE',  ( 1.643064765046191400, 5.123470649608939300, 11.49999999999999500 ) ) ;
#5227 = VERTEX_POINT ( 'NONE', #1052 ) ;
#5228 = CARTESIAN_POINT ( 'NONE',  ( 1.342860379845860900, 4.651263134203141200, 11.50000000000000400 ) ) ;
#5229 = CARTESIAN_POINT ( 'NONE',  ( -1.333537106340179700, -16.88317584738324600, 11.49999999999999800 ) ) ;
#5230 = DIRECTION ( 'NONE',  ( -0.0000000000000000000, 0.0000000000000000000, 1.000000000000000000 ) ) ;
#5231 = CARTESIAN_POINT ( 'NONE',  ( -2.257255998136378700, 5.077987421383641100, 11.50000000000000000 ) ) ;
#5232 = DIRECTION ( 'NONE',  ( -0.5582407965074260800, -0.8296789819651662100, 0.0000000000000000000 ) ) ;
#5233 = AXIS2_PLACEMENT_3D ( 'NONE', #3673, #4232, #4062 ) ;
#5234 = EDGE_CURVE ( 'NONE', #5249, #3240, #641, .T. ) ;
#5235 = EDGE_LOOP ( 'NONE', ( #6900, #8351, #6750, #7485, #6015, #1597, #2398, #5655 ) ) ;
#5236 = CARTESIAN_POINT ( 'NONE',  ( -4.195447133091606800, 4.724873795327878800, 11.50000000000000000 ) ) ;
#5237 = CARTESIAN_POINT ( 'NONE',  ( -5.729873579989384100, 1.952401367996449600, 11.50000000000000000 ) ) ;
#5238 = CARTESIAN_POINT ( 'NONE',  ( -2.361711437667615600, 4.771019775372813000, 11.50000000000000000 ) ) ;
#5239 = LINE ( 'NONE', #1132, #9046 ) ;
#5240 = ORIENTED_EDGE ( 'NONE', *, *, #6206, .F. ) ;
#5241 = AXIS2_PLACEMENT_3D ( 'NONE', #4309, #4851, #6904 ) ;
#5242 = CARTESIAN_POINT ( 'NONE',  ( -3.291731226718944900, -16.90020606314083900, 11.50000000000000400 ) ) ;
#5243 = EDGE_CURVE ( 'NONE', #6924, #5388, #327, .T. ) ;
#5244 = VECTOR ( 'NONE', #6518, 1000.000000000000000 ) ;
#5245 = B_SPLINE_CURVE_WITH_KNOTS ( 'NONE', 3,
 ( #3911, #5921, #6795, #5274, #8872, #4923, #9224, #4953, #6855, #6147, #7770 ),
 .UNSPECIFIED., .F., .F.,
 ( 4, 1, 1, 1, 1, 1, 1, 1, 4 ),
 ( 0.0000000000000000000, 0.1294107316385589800, 0.2539771009572459000, 0.3767893958693425700, 0.4967189342745842500, 0.6184125044987216500, 0.7413276217276768600, 0.8679798252813752900, 1.000000000000000000 ),
 .UNSPECIFIED. ) ;
#5246 = ORIENTED_EDGE ( 'NONE', *, *, #5234, .F. ) ;
#5247 = CARTESIAN_POINT ( 'NONE',  ( -0.3414787272505427400, -14.59578256132497600, 11.49999999999999600 ) ) ;
#5248 = FACE_OUTER_BOUND ( 'NONE', #5647, .T. ) ;
#5249 = VERTEX_POINT ( 'NONE', #7237 ) ;
#5250 = DIRECTION ( 'NONE',  ( -0.0000000000000000000, -0.0000000000000000000, 1.000000000000000000 ) ) ;
#5251 = DIRECTION ( 'NONE',  ( 1.000000000000000000, 0.0000000000000000000, 0.0000000000000000000 ) ) ;
#5252 = CARTESIAN_POINT ( 'NONE',  ( 4.485380116959062100, -16.59041769192527500, 11.50000000000000200 ) ) ;
#5253 = ORIENTED_EDGE ( 'NONE', *, *, #3379, .F. ) ;
#5254 = CARTESIAN_POINT ( 'NONE',  ( -1.725146198830409100, -10.85728828243448700, 11.50000000000000000 ) ) ;
#5255 = CARTESIAN_POINT ( 'NONE',  ( -2.847471374279321800, -16.31564407103643800, 11.50000000000000200 ) ) ;
#5256 = CARTESIAN_POINT ( 'NONE',  ( -2.049216377492385300, 5.367625097602251000, 11.50000000000000000 ) ) ;
#5257 = VERTEX_POINT ( 'NONE', #5355 ) ;
#5258 = EDGE_CURVE ( 'NONE', #1551, #8611, #8856, .T. ) ;
#5259 = LINE ( 'NONE', #6060, #1682 ) ;
#5260 = CARTESIAN_POINT ( 'NONE',  ( 1.531631740765434100, 4.624868202576374500, 11.49999999999999800 ) ) ;
#5261 = CARTESIAN_POINT ( 'NONE',  ( 0.04606028497142544000, 11.21137314855889100, 11.49999999999999800 ) ) ;
#5262 = LINE ( 'NONE', #3222, #7905 ) ;
#5263 = ORIENTED_EDGE ( 'NONE', *, *, #5873, .T. ) ;
#5264 = VERTEX_POINT ( 'NONE', #515 ) ;
#5265 = CARTESIAN_POINT ( 'NONE',  ( 4.702513560694511000, 4.767734251153830100, 11.50000000000000200 ) ) ;
#5266 = EDGE_CURVE ( 'NONE', #3345, #8634, #843, .T. ) ;
#5267 = ORIENTED_EDGE ( 'NONE', *, *, #6407, .T. ) ;
#5268 = FACE_OUTER_BOUND ( 'NONE', #6032, .T. ) ;
#5269 = CARTESIAN_POINT ( 'NONE',  ( 3.133845795481138300, 5.399999999999996800, 11.50000000000000000 ) ) ;
#5270 = CARTESIAN_POINT ( 'NONE',  ( 2.191923474369888300, 5.395584460188337600, 11.50000000000000000 ) ) ;
#5271 = CARTESIAN_POINT ( 'NONE',  ( -4.465168398647246100, 5.277147750391885800, 11.50000000000000400 ) ) ;
#5272 = VERTEX_POINT ( 'NONE', #8353 ) ;
#5273 = ADVANCED_FACE ( 'NONE', ( #268 ), #3980, .T. ) ;
#5274 = CARTESIAN_POINT ( 'NONE',  ( 2.101311724772033900, 4.951885156046743400, 11.50000000000000000 ) ) ;
#5275 = CARTESIAN_POINT ( 'NONE',  ( 3.757419354838833900, 11.16516129032257800, 11.50000000000000000 ) ) ;
#5276 = CARTESIAN_POINT ( 'NONE',  ( 1.878975774747936800, 5.340313083634384800, 11.50000000000000200 ) ) ;
#5277 = ORIENTED_EDGE ( 'NONE', *, *, #3969, .F. ) ;
#5278 = CARTESIAN_POINT ( 'NONE',  ( -3.711932311779951600, -16.25567637689023600, 11.49999999999999800 ) ) ;
#5279 = CARTESIAN_POINT ( 'NONE',  ( -3.368312382150696400, 5.329642939142798900, 11.49999999999999600 ) ) ;
#5280 = PLANE ( 'NONE',  #1118 ) ;
#5281 = CARTESIAN_POINT ( 'NONE',  ( -1.460525330917791900, -17.15782100284571900, 11.49999999999999600 ) ) ;
#5282 = VERTEX_POINT ( 'NONE', #2106 ) ;
#5283 = CARTESIAN_POINT ( 'NONE',  ( -0.8360156474621447400, -13.32216497335696900, 11.50000000000000400 ) ) ;
#5284 = CARTESIAN_POINT ( 'NONE',  ( -1.611533280485049700, -11.40273587213588700, 11.50000000000000000 ) ) ;
#5285 = CARTESIAN_POINT ( 'NONE',  ( -0.3929414500102153000, 5.334508770118190100, 11.50000000000000000 ) ) ;
#5286 = CARTESIAN_POINT ( 'NONE',  ( -1.683571045312246800, 4.786852923604197200, 11.50000000000000200 ) ) ;
#5287 = ADVANCED_FACE ( 'NONE', ( #7724 ), #8289, .F. ) ;
#5288 = DIRECTION ( 'NONE',  ( -0.0000000000000000000, 0.0000000000000000000, 1.000000000000000000 ) ) ;
#5289 = CARTESIAN_POINT ( 'NONE',  ( 12.89999999999999500, 20.49999999999999600, -9.500000000000000000 ) ) ;
#5290 = ORIENTED_EDGE ( 'NONE', *, *, #3641, .F. ) ;
#5291 = CARTESIAN_POINT ( 'NONE',  ( 0.05741495590499156400, -14.77000048963429900, 11.50000000000000400 ) ) ;
#5292 = CARTESIAN_POINT ( 'NONE',  ( -0.5217339065611584800, 11.11360095279133700, 11.49999999999999600 ) ) ;
#5293 = CARTESIAN_POINT ( 'NONE',  ( -0.2279912049354948000, 8.777798824580790100, 11.49999999999999800 ) ) ;
#5294 = CARTESIAN_POINT ( 'NONE',  ( 3.713450292397659300, -16.64889722408901600, 11.50000000000000000 ) ) ;
#5295 = ORIENTED_EDGE ( 'NONE', *, *, #8706, .T. ) ;
#5296 = CARTESIAN_POINT ( 'NONE',  ( -1.840987923468240000, 4.967233314050486300, 11.50000000000000900 ) ) ;
#5297 = CARTESIAN_POINT ( 'NONE',  ( -2.109894845843236500, 4.618374832758728800, 11.50000000000000500 ) ) ;
#5298 = AXIS2_PLACEMENT_3D ( 'NONE', #3516, #6480, #4261 ) ;
#5299 = ORIENTED_EDGE ( 'NONE', *, *, #4110, .T. ) ;
#5300 = CARTESIAN_POINT ( 'NONE',  ( 4.485380116959062100, -16.59041769192527500, 11.50000000000000200 ) ) ;
#5301 = EDGE_CURVE ( 'NONE', #9176, #6228, #5373, .T. ) ;
#5302 = CARTESIAN_POINT ( 'NONE',  ( -4.336808689942017700E-016, -0.8432716171678283900, 11.00000000000000000 ) ) ;
#5303 = CARTESIAN_POINT ( 'NONE',  ( 0.9265995088862989400, -11.06463375302076100, 11.50000000000000000 ) ) ;
#5304 = ORIENTED_EDGE ( 'NONE', *, *, #5416, .T. ) ;
#5305 = CARTESIAN_POINT ( 'NONE',  ( -3.729962373136332500, -17.05163032784592400, 11.49999999999999600 ) ) ;
#5306 = CARTESIAN_POINT ( 'NONE',  ( 2.869895497477066700, 9.708768716289965200, 11.50000000000000000 ) ) ;
#5307 = PLANE ( 'NONE',  #9063 ) ;
#5308 = VECTOR ( 'NONE', #1366, 1000.000000000000000 ) ;
#5309 = B_SPLINE_CURVE_WITH_KNOTS ( 'NONE', 3,
 ( #9021, #3220, #763, #3325, #1282, #8672, #7921, #3716, #4665, #7293, #2808 ),
 .UNSPECIFIED., .F., .F.,
 ( 4, 1, 1, 1, 1, 1, 1, 1, 4 ),
 ( 0.0000000000000000000, 0.1708822489955664800, 0.3288227028072958600, 0.4729810398535006000, 0.6043896928628442700, 0.7222992117416452400, 0.8272694849229593700, 0.9198104408759254500, 1.000000000000000000 ),
 .UNSPECIFIED. ) ;
#5310 = CARTESIAN_POINT ( 'NONE',  ( 0.0000000000000000000, -16.26293231180831400, 11.50000000000000000 ) ) ;
#5311 = ORIENTED_EDGE ( 'NONE', *, *, #5416, .F. ) ;
#5312 = CARTESIAN_POINT ( 'NONE',  ( 8.285786437626933700, -24.69999999999999900, 2.000000000000000000 ) ) ;
#5313 = EDGE_CURVE ( 'NONE', #8628, #587, #4017, .T. ) ;
#5314 = VERTEX_POINT ( 'NONE', #3591 ) ;
#5315 = CARTESIAN_POINT ( 'NONE',  ( -3.935227879098292600, -16.70596065458205000, 11.49999999999999600 ) ) ;
#5316 = CARTESIAN_POINT ( 'NONE',  ( 2.938139652269289300, -9.194739028991586200, 11.50000000000000200 ) ) ;
#5317 = CARTESIAN_POINT ( 'NONE',  ( -1.286537629637247300, 4.635826479250643400, 11.50000000000000200 ) ) ;
#5318 = VECTOR ( 'NONE', #9255, 1000.000000000000000 ) ;
#5319 = CARTESIAN_POINT ( 'NONE',  ( 0.6535883148789094500, -16.15022667978169900, 11.50000000000000000 ) ) ;
#5320 = ADVANCED_FACE ( 'NONE', ( #279 ), #199, .F. ) ;
#5321 = CARTESIAN_POINT ( 'NONE',  ( 0.0000000000000000000, 0.0000000000000000000, 11.50000000000000000 ) ) ;
#5322 = CARTESIAN_POINT ( 'NONE',  ( 2.035043577624080900, -10.94833830618983400, 11.50000000000000500 ) ) ;
#5323 = CARTESIAN_POINT ( 'NONE',  ( -1.675285348241199600, 4.987421383647795600, 11.50000000000000000 ) ) ;
#5324 = CARTESIAN_POINT ( 'NONE',  ( 2.326828918379968200E-015, 1.499999999999997800, 10.49999999999999800 ) ) ;
#5325 = EDGE_CURVE ( 'NONE', #1842, #1357, #9237, .T. ) ;
#5326 = CARTESIAN_POINT ( 'NONE',  ( 1.023157202848968400, -16.41800475712664200, 11.50000000000000200 ) ) ;
#5327 = CARTESIAN_POINT ( 'NONE',  ( -3.238912015863943100, 5.317830744960160900, 11.49999999999999800 ) ) ;
#5328 = VECTOR ( 'NONE', #5232, 1000.000000000000100 ) ;
#5329 = CARTESIAN_POINT ( 'NONE',  ( 0.3947368421052632700, -9.884795321637431800, 11.50000000000000000 ) ) ;
#5330 = CARTESIAN_POINT ( 'NONE',  ( -1.953142782659747400, 10.65214153170832700, 11.49999999999999800 ) ) ;
#5331 = VECTOR ( 'NONE', #1082, 1000.000000000000100 ) ;
#5332 = ORIENTED_EDGE ( 'NONE', *, *, #7815, .F. ) ;
#5333 = CARTESIAN_POINT ( 'NONE',  ( 12.89999999999999500, 20.49999999999999600, 0.0000000000000000000 ) ) ;
#5334 = CARTESIAN_POINT ( 'NONE',  ( -0.4752973752939083100, -13.80057522343613400, 11.50000000000000200 ) ) ;
#5335 = VERTEX_POINT ( 'NONE', #8222 ) ;
#5336 = CARTESIAN_POINT ( 'NONE',  ( -0.2811876469250300700, -17.00148691834845100, 11.49999999999999600 ) ) ;
#5337 = EDGE_CURVE ( 'NONE', #7705, #7595, #1074, .T. ) ;
#5338 = CARTESIAN_POINT ( 'NONE',  ( 2.459072909387496800, 5.309433962264147800, 11.50000000000000000 ) ) ;
#5339 = LINE ( 'NONE', #975, #3870 ) ;
#5340 = ORIENTED_EDGE ( 'NONE', *, *, #7252, .F. ) ;
#5341 = CARTESIAN_POINT ( 'NONE',  ( -3.477857550127764000, 4.841897585701434400, 11.49999999999999800 ) ) ;
#5342 = CARTESIAN_POINT ( 'NONE',  ( -2.872734443759873200, -17.00524367525141400, 11.49999999999999500 ) ) ;
#5343 = DIRECTION ( 'NONE',  ( -0.0000000000000000000, -1.000000000000000000, -0.0000000000000000000 ) ) ;
#5344 = CARTESIAN_POINT ( 'NONE',  ( 2.022272794403448900, 5.056105026075058200, 11.50000000000000400 ) ) ;
#5345 = CARTESIAN_POINT ( 'NONE',  ( -2.368134171907634800, 5.329559748427670700, 11.50000000000000200 ) ) ;
#5346 = ORIENTED_EDGE ( 'NONE', *, *, #7652, .T. ) ;
#5347 = CARTESIAN_POINT ( 'NONE',  ( 2.129690292755102000, 5.213435943898764100, 11.49999999999999600 ) ) ;
#5348 = CARTESIAN_POINT ( 'NONE',  ( -1.384599666900581300, -17.13611909080923800, 11.49999999999999800 ) ) ;
#5349 = DIRECTION ( 'NONE',  ( -0.0000000000000000000, 0.0000000000000000000, 1.000000000000000000 ) ) ;
#5350 = CARTESIAN_POINT ( 'NONE',  ( 4.485380116959061200, -16.48515453403053500, 11.50000000000000000 ) ) ;
#5351 = CARTESIAN_POINT ( 'NONE',  ( -3.241984032284628300, -10.14981025664530600, 11.50000000000000200 ) ) ;
#5352 = ORIENTED_EDGE ( 'NONE', *, *, #1322, .T. ) ;
#5353 = CARTESIAN_POINT ( 'NONE',  ( -3.989327492737349900, -17.04361184474954500, 11.50000000000000200 ) ) ;
#5354 = EDGE_LOOP ( 'NONE', ( #4090, #4542 ) ) ;
#5355 = CARTESIAN_POINT ( 'NONE',  ( -8.000000000000000000, -22.60000000000000100, 0.0000000000000000000 ) ) ;
#5356 = CARTESIAN_POINT ( 'NONE',  ( -0.4802281622345799300, -14.16166007033440100, 11.50000000000000000 ) ) ;
#5357 = EDGE_CURVE ( 'NONE', #8139, #6489, #3486, .T. ) ;
#5358 = PLANE ( 'NONE',  #6376 ) ;
#5359 = CARTESIAN_POINT ( 'NONE',  ( 0.7368421052631570800, -17.16351710712994800, 11.50000000000000000 ) ) ;
#5360 = CARTESIAN_POINT ( 'NONE',  ( -5.012622397238977000E-013, 4.594968553459536600, 11.50000000000000000 ) ) ;
#5361 = VECTOR ( 'NONE', #1584, 1000.000000000000000 ) ;
#5362 = CARTESIAN_POINT ( 'NONE',  ( 2.499885639784685600, 5.328526411188926600, 11.50000000000000200 ) ) ;
#5363 = DIRECTION ( 'NONE',  ( -0.0000000000000000000, -0.0000000000000000000, 1.000000000000000000 ) ) ;
#5364 = CARTESIAN_POINT ( 'NONE',  ( -2.037061161174686500, -9.818888061917592200, 11.50000000000000000 ) ) ;
#5365 = CARTESIAN_POINT ( 'NONE',  ( -0.6212516412307331800, 10.71440052124289700, 11.50000000000000200 ) ) ;
#5366 = CARTESIAN_POINT ( 'NONE',  ( -0.4131955115784101100, -13.53049524563537400, 11.50000000000000000 ) ) ;
#5367 = EDGE_CURVE ( 'NONE', #1804, #8967, #5172, .T. ) ;
#5368 = CARTESIAN_POINT ( 'NONE',  ( 0.1509584133495877300, -16.52544664561629500, 11.49999999999999600 ) ) ;
#5369 = B_SPLINE_CURVE_WITH_KNOTS ( 'NONE', 3,
 ( #4996, #9259, #6638, #410, #5393, #8499, #8725, #7278, #4448, #2441, #3861, #1683, #707, #4988, #3570, #4904, #6334, #4178, #5359 ),
 .UNSPECIFIED., .F., .F.,
 ( 4, 1, 1, 1, 1, 1, 1, 1, 1, 1, 1, 1, 1, 1, 1, 1, 4 ),
 ( 0.0000000000000000000, 0.06340031344588681300, 0.1245600216186086900, 0.1839226745092066300, 0.2422887506467226200, 0.2999910765856211900, 0.3578228123390540000, 0.4165206022493579400, 0.4765096076227631800, 0.5371732867841260100, 0.5977256139138034100, 0.6587170227081198300, 0.7214274032345779900, 0.7867252083748831300, 0.8541092493634846500, 0.9252163457424086300, 1.000000000000000000 ),
 .UNSPECIFIED. ) ;
#5370 = EDGE_LOOP ( 'NONE', ( #4394, #6164, #8456, #5263 ) ) ;
#5371 = CARTESIAN_POINT ( 'NONE',  ( 1.835786446501090200, 4.931006677440710600, 11.50000000000000000 ) ) ;
#5372 = CARTESIAN_POINT ( 'NONE',  ( -2.288499345786863400, 4.660038957421043900, 11.50000000000000200 ) ) ;
#5373 = LINE ( 'NONE', #5436, #2164 ) ;
#5374 = ORIENTED_EDGE ( 'NONE', *, *, #5861, .F. ) ;
#5375 = VECTOR ( 'NONE', #2104, 999.9999999999998900 ) ;
#5376 = CARTESIAN_POINT ( 'NONE',  ( -2.781070371358731900, -11.47775680016143500, 11.49999999999999800 ) ) ;
#5377 = LINE ( 'NONE', #5820, #815 ) ;
#5378 = CARTESIAN_POINT ( 'NONE',  ( 0.3270632896471628600, 4.769343311981325300, 11.49999999999999600 ) ) ;
#5379 = ORIENTED_EDGE ( 'NONE', *, *, #4318, .T. ) ;
#5380 = VERTEX_POINT ( 'NONE', #2251 ) ;
#5381 = CARTESIAN_POINT ( 'NONE',  ( 2.471149826828639800, 5.420787589614148400, 11.50000000000000000 ) ) ;
#5382 = CARTESIAN_POINT ( 'NONE',  ( 0.8045230920190682400, -11.21072246674469500, 11.50000000000000200 ) ) ;
#5383 = CARTESIAN_POINT ( 'NONE',  ( 2.012653768241181600, 5.361369065929201500, 11.50000000000000200 ) ) ;
#5384 = CARTESIAN_POINT ( 'NONE',  ( 1.787840670859662400, 4.957232704402512600, 11.50000000000000000 ) ) ;
#5385 = CARTESIAN_POINT ( 'NONE',  ( -2.960010701867237200, -9.534683843448705800, 11.49999999999999800 ) ) ;
#5386 = CARTESIAN_POINT ( 'NONE',  ( -3.637946587232321800, 4.725232448639453700, 11.50000000000000200 ) ) ;
#5387 = CARTESIAN_POINT ( 'NONE',  ( 3.067367727668107100, 11.11347403294610600, 11.50000000000000000 ) ) ;
#5388 = VERTEX_POINT ( 'NONE', #6552 ) ;
#5389 = VERTEX_POINT ( 'NONE', #3580 ) ;
#5390 = EDGE_CURVE ( 'NONE', #6327, #5839, #7282, .T. ) ;
#5391 = CARTESIAN_POINT ( 'NONE',  ( 1.304037226767091000, -9.946926570328891200, 11.50000000000000200 ) ) ;
#5392 = CARTESIAN_POINT ( 'NONE',  ( 1.703112337846304000, 4.645662073653861400, 11.49999999999999800 ) ) ;
#5393 = CARTESIAN_POINT ( 'NONE',  ( 0.4377788202659286800, -16.96339290437614600, 11.50000000000000200 ) ) ;
#5394 = CARTESIAN_POINT ( 'NONE',  ( -3.748538011695906800, -17.16351710712994800, 11.50000000000000000 ) ) ;
#5395 = VERTEX_POINT ( 'NONE', #1125 ) ;
#5396 = LINE ( 'NONE', #2624, #6698 ) ;
#5397 = CARTESIAN_POINT ( 'NONE',  ( 4.672125702091094900, -16.85212983550800900, 11.50000000000000400 ) ) ;
#5398 = VERTEX_POINT ( 'NONE', #153 ) ;
#5399 = VERTEX_POINT ( 'NONE', #5312 ) ;
#5400 = ORIENTED_EDGE ( 'NONE', *, *, #2116, .T. ) ;
#5401 = CARTESIAN_POINT ( 'NONE',  ( 0.8002846997317689700, -16.72574742976122400, 11.50000000000000000 ) ) ;
#5402 = CARTESIAN_POINT ( 'NONE',  ( -3.322245515956083300, 4.589937106918235100, 11.50000000000000000 ) ) ;
#5403 = VECTOR ( 'NONE', #8128, 1000.000000000000000 ) ;
#5404 = CARTESIAN_POINT ( 'NONE',  ( -0.3868135748902860600, -13.47637178015990000, 11.50000000000000000 ) ) ;
#5405 = CARTESIAN_POINT ( 'NONE',  ( 3.045567575935072700, 12.15009689728766400, 11.49999999999999500 ) ) ;
#5406 = ORIENTED_EDGE ( 'NONE', *, *, #8441, .F. ) ;
#5407 = VERTEX_POINT ( 'NONE', #3962 ) ;
#5408 = CARTESIAN_POINT ( 'NONE',  ( 1.223365758282392700, -9.589664398039920100, 11.49999999999999800 ) ) ;
#5409 = DIRECTION ( 'NONE',  ( 0.5026204573745304300, 0.8645071866841929100, 0.0000000000000000000 ) ) ;
#5410 = ORIENTED_EDGE ( 'NONE', *, *, #7557, .F. ) ;
#5411 = CARTESIAN_POINT ( 'NONE',  ( 3.832657815047875200, 5.133333333333330200, 11.50000000000000000 ) ) ;
#5412 = CARTESIAN_POINT ( 'NONE',  ( 2.194791731646643200, 5.397586209463671700, 11.50000000000000400 ) ) ;
#5413 = CYLINDRICAL_SURFACE ( 'NONE', #1649, 1.000000000000000000 ) ;
#5414 = CARTESIAN_POINT ( 'NONE',  ( 2.225222353166714600, -9.494810355535502600, 11.50000000000000400 ) ) ;
#5415 = AXIS2_PLACEMENT_3D ( 'NONE', #6221, #4871, #8101 ) ;
#5416 = EDGE_CURVE ( 'NONE', #7523, #3557, #8034, .T. ) ;
#5417 = CARTESIAN_POINT ( 'NONE',  ( -4.385744234800714700, 5.410062893081755100, 11.50000000000000000 ) ) ;
#5418 = ORIENTED_EDGE ( 'NONE', *, *, #602, .F. ) ;
#5419 = VECTOR ( 'NONE', #4538, 1000.000000000000000 ) ;
#5420 = CARTESIAN_POINT ( 'NONE',  ( -0.4086649182238864500, -10.87930093917408700, 11.50000000000000900 ) ) ;
#5421 = CARTESIAN_POINT ( 'NONE',  ( -12.90000000000000200, -14.36866448766850000, 11.00000000000000000 ) ) ;
#5422 = DIRECTION ( 'NONE',  ( 1.000000000000000000, 0.0000000000000000000, -0.0000000000000000000 ) ) ;
#5423 = CARTESIAN_POINT ( 'NONE',  ( -3.632771600671041300, -16.99185542862840500, 11.50000000000000200 ) ) ;
#5424 = CARTESIAN_POINT ( 'NONE',  ( -3.820256898817460600, -16.14689167528468500, 11.50000000000000200 ) ) ;
#5425 = ORIENTED_EDGE ( 'NONE', *, *, #6697, .T. ) ;
#5426 = CARTESIAN_POINT ( 'NONE',  ( 1.618064516129156000, 11.38838709677419000, 11.50000000000000000 ) ) ;
#5427 = ORIENTED_EDGE ( 'NONE', *, *, #2222, .F. ) ;
#5428 = AXIS2_PLACEMENT_3D ( 'NONE', #8007, #3750, #4336 ) ;
#5429 = CARTESIAN_POINT ( 'NONE',  ( -1.671812549590474500, 10.66194595439469600, 11.49999999999999600 ) ) ;
#5430 = EDGE_CURVE ( 'NONE', #8072, #3137, #5492, .T. ) ;
#5431 = VECTOR ( 'NONE', #3955, 999.9999999999998900 ) ;
#5432 = ORIENTED_EDGE ( 'NONE', *, *, #5452, .T. ) ;
#5433 = CARTESIAN_POINT ( 'NONE',  ( -3.018506236563714300, -17.04768802927001700, 11.49999999999999500 ) ) ;
#5434 = B_SPLINE_CURVE_WITH_KNOTS ( 'NONE', 3,
 ( #1711, #2365, #3532, #4811, #231, #6247, #4113, #1653, #8183, #8323, #3963, #6096, #4791, #6423, #4652, #7449, #8396, #7150, #7941 ),
 .UNSPECIFIED., .F., .F.,
 ( 4, 1, 1, 1, 1, 1, 1, 1, 1, 1, 1, 1, 1, 1, 1, 1, 4 ),
 ( 0.0000000000000000000, 0.09238248530608872400, 0.1781219924816070900, 0.2571939483722852600, 0.3306386520588422400, 0.3980619920979993100, 0.4603377089231238700, 0.5178002173361193600, 0.5717832223341212700, 0.6226252298946695100, 0.6722782876582932300, 0.7212217186517833100, 0.7707139185581691800, 0.8223615781110216200, 0.8772682441104027200, 0.9364334522380215500, 1.000000000000000000 ),
 .UNSPECIFIED. ) ;
#5435 = CARTESIAN_POINT ( 'NONE',  ( 4.012778635073220600, -16.27811448325832800, 11.49999999999999800 ) ) ;
#5436 = CARTESIAN_POINT ( 'NONE',  ( 1.299134659712422500, -0.4426681062723735700, 11.50000000000000000 ) ) ;
#5437 = EDGE_CURVE ( 'NONE', #5479, #6839, #1372, .T. ) ;
#5438 = DIRECTION ( 'NONE',  ( 0.0000000000000000000, 0.0000000000000000000, 1.000000000000000000 ) ) ;
#5439 = CARTESIAN_POINT ( 'NONE',  ( -3.578873089265987700, -10.09422137426814300, 11.50000000000000400 ) ) ;
#5440 = VERTEX_POINT ( 'NONE', #1477 ) ;
#5441 = CARTESIAN_POINT ( 'NONE',  ( -1.205825525210814100, 4.649396786075253200, 11.50000000000000200 ) ) ;
#5442 = CARTESIAN_POINT ( 'NONE',  ( -4.169205683670968600, 4.670440251572321300, 11.50000000000000000 ) ) ;
#5443 = CARTESIAN_POINT ( 'NONE',  ( -2.352427705125085000, 4.671596214903162900, 11.50000000000000200 ) ) ;
#5444 = PERSON_AND_ORGANIZATION ( #2876, #7351 ) ;
#5445 = CARTESIAN_POINT ( 'NONE',  ( -4.014726364671079600, 5.239830071955339000, 11.50000000000000200 ) ) ;
#5446 = DIRECTION ( 'NONE',  ( 1.404634393503487500E-016, -1.000000000000000000, 0.0000000000000000000 ) ) ;
#5447 = VECTOR ( 'NONE', #6509, 1000.000000000000000 ) ;
#5448 = CARTESIAN_POINT ( 'NONE',  ( -3.851814569675721800, 5.341427795297506400, 11.50000000000000400 ) ) ;
#5449 = VERTEX_POINT ( 'NONE', #2802 ) ;
#5450 = CARTESIAN_POINT ( 'NONE',  ( -4.555136268343690500, 5.399999999999995000, 11.50000000000000000 ) ) ;
#5451 = ADVANCED_FACE ( 'NONE', ( #7972 ), #9069, .T. ) ;
#5452 = EDGE_CURVE ( 'NONE', #5335, #4286, #2474, .T. ) ;
#5453 = CARTESIAN_POINT ( 'NONE',  ( -0.8721110504648182900, -13.29544654524733000, 11.49999999999999600 ) ) ;
#5454 = CARTESIAN_POINT ( 'NONE',  ( -2.006014348850074600, 10.64942486345596800, 11.49999999999999600 ) ) ;
#5455 = ORIENTED_EDGE ( 'NONE', *, *, #8390, .F. ) ;
#5456 = CARTESIAN_POINT ( 'NONE',  ( -1.303346151218755400, -11.30439162646517700, 11.50000000000000500 ) ) ;
#5457 = CARTESIAN_POINT ( 'NONE',  ( -0.2277717913537914400, -13.29665496560542200, 11.49999999999999800 ) ) ;
#5458 = CARTESIAN_POINT ( 'NONE',  ( -3.394199449775044300, 5.152454653902973200, 11.50000000000000000 ) ) ;
#5459 = B_SPLINE_CURVE_WITH_KNOTS ( 'NONE', 3,
 ( #3378, #7320, #6086, #8411, #735, #3740, #4642, #2314, #4013, #5322, #3500, #3752, #4629, #477, #9244, #5540, #8964, #2272, #4985, #5565, #2154, #7731, #56, #5919, #8744, #686, #2775, #8986, #7840, #163, #2502, #7647, #3205, #9141, #535, #1334, #5575, #2121, #8507, #6555, #7930, #2332, #6609, #1919, #111, #8973, #22, #54 ),
 .UNSPECIFIED., .F., .F.,
 ( 4, 1, 1, 1, 1, 1, 1, 1, 1, 1, 1, 1, 1, 1, 1, 1, 1, 1, 1, 1, 1, 1, 1, 1, 1, 1, 1, 1, 1, 1, 1, 1, 1, 1, 1, 1, 1, 1, 1, 1, 1, 1, 1, 1, 1, 4 ),
 ( 0.0000000000000000000, 0.01403981994201630700, 0.02734892653472687000, 0.03993219157836891400, 0.05171477274814195700, 0.06278337574277437200, 0.07315252699492169600, 0.08282646022093764800, 0.09175045371428503000, 0.1087924109443039200, 0.1258114494721722700, 0.1427090773835053600, 0.1597439713016655100, 0.1682281296679161200, 0.1768185846504823900, 0.1855241307585758800, 0.1943642636951175000, 0.2034540152988890700, 0.2127940275589849100, 0.2225062150668173400, 0.2326831788396552800, 0.2428297344060572600, 0.2525733519415041000, 0.2619865577439823800, 0.2713042554737411500, 0.2805799687706488400, 0.2899339005798389200, 0.2993829742269026300, 0.3092301936618773200, 0.3191166419187320100, 0.3288412129434157300, 0.3385366408399554900, 0.3481954319848213900, 0.3579560596310937800, 0.3679735681606471900, 0.3781989969765045000, 0.3888412221311806600, 0.3999297897309924700, 0.4114860404290259200, 0.4235299091476167900, 0.4362258877467473100, 0.4494349060039561900, 0.4632937820522785600, 0.4778121890268292000, 0.4930115993041134200, 0.5000000000000002200 ),
 .UNSPECIFIED. ) ;
#5460 = CARTESIAN_POINT ( 'NONE',  ( -2.373323162225222700, 4.711002345355316500, 11.50000000000000000 ) ) ;
#5461 = DIRECTION ( 'NONE',  ( -0.5768415599038820800, -0.8168560551086440100, 0.0000000000000000000 ) ) ;
#5462 = CARTESIAN_POINT ( 'NONE',  ( 2.713394792190740600, 4.657111424287900400, 11.49999999999999800 ) ) ;
#5463 = CARTESIAN_POINT ( 'NONE',  ( 3.750834503091237300, 4.888414399427536400, 11.50000000000000000 ) ) ;
#5464 = VERTEX_POINT ( 'NONE', #5202 ) ;
#5465 = ORIENTED_EDGE ( 'NONE', *, *, #8483, .F. ) ;
#5466 = CARTESIAN_POINT ( 'NONE',  ( 2.468204053109835300, 5.425157232704399300, 11.50000000000000000 ) ) ;
#5467 = CARTESIAN_POINT ( 'NONE',  ( -1.007316691600618000, 4.796531978395756300, 11.50000000000000000 ) ) ;
#5468 = DIRECTION ( 'NONE',  ( -0.3217593476488851400, -0.9468214838080956100, 0.0000000000000000000 ) ) ;
#5469 = VECTOR ( 'NONE', #2832, 1000.000000000000000 ) ;
#5470 = CARTESIAN_POINT ( 'NONE',  ( 4.741262107688480200, 5.400299410246796900, 11.50000000000000000 ) ) ;
#5471 = ORIENTED_EDGE ( 'NONE', *, *, #4360, .T. ) ;
#5472 = CARTESIAN_POINT ( 'NONE',  ( -0.4792296228312527600, -10.56929639405651100, 11.50000000000000400 ) ) ;
#5473 = CARTESIAN_POINT ( 'NONE',  ( 9.999999999999994700, 22.60000000000000100, 0.0000000000000000000 ) ) ;
#5474 = EDGE_CURVE ( 'NONE', #8320, #5572, #140, .T. ) ;
#5475 = CARTESIAN_POINT ( 'NONE',  ( 2.040643423155141800, 5.039799210662804900, 11.50000000000000400 ) ) ;
#5476 = ORIENTED_EDGE ( 'NONE', *, *, #8849, .F. ) ;
#5477 = CARTESIAN_POINT ( 'NONE',  ( -3.073057023482310700, 5.369011069164908900, 11.49999999999999800 ) ) ;
#5478 = DIRECTION ( 'NONE',  ( -0.0000000000000000000, -0.0000000000000000000, 1.000000000000000000 ) ) ;
#5479 = VERTEX_POINT ( 'NONE', #6043 ) ;
#5480 = VECTOR ( 'NONE', #8025, 999.9999999999998900 ) ;
#5481 = CARTESIAN_POINT ( 'NONE',  ( -3.670074893299086300, 4.821715333124943800, 11.50000000000000000 ) ) ;
#5482 = DIRECTION ( 'NONE',  ( 1.000000000000000000, 0.0000000000000000000, 0.0000000000000000000 ) ) ;
#5483 = EDGE_LOOP ( 'NONE', ( #5899, #2375, #97, #8163, #209, #4001, #8252, #1699, #4039, #7355, #3376, #4814, #371, #3871, #154, #9020, #6211, #1184, #498, #6635, #4657, #6719, #3525, #2505, #123 ) ) ;
#5484 = CARTESIAN_POINT ( 'NONE',  ( 1.713852485820564600, 4.997159092876911400, 11.49999999999999600 ) ) ;
#5485 = LINE ( 'NONE', #5593, #744 ) ;
#5486 = CARTESIAN_POINT ( 'NONE',  ( -2.468387096774070400, 6.607741935483868000, 11.50000000000000000 ) ) ;
#5487 = CARTESIAN_POINT ( 'NONE',  ( 0.9436009956911414200, -16.66885710447196400, 11.50000000000000400 ) ) ;
#5488 = CARTESIAN_POINT ( 'NONE',  ( 4.523456790123581200, 5.420125786163518800, 11.50000000000000000 ) ) ;
#5489 = EDGE_CURVE ( 'NONE', #6688, #2061, #289, .T. ) ;
#5490 = CARTESIAN_POINT ( 'NONE',  ( 0.5789920609846228600, -16.18244332649212700, 11.49999999999999500 ) ) ;
#5491 = DIRECTION ( 'NONE',  ( -0.06038344136139772700, 0.9981752551578078100, 0.0000000000000000000 ) ) ;
#5492 = LINE ( 'NONE', #850, #256 ) ;
#5493 = VERTEX_POINT ( 'NONE', #3347 ) ;
#5494 = VECTOR ( 'NONE', #6098, 1000.000000000000000 ) ;
#5495 = FACE_OUTER_BOUND ( 'NONE', #7707, .T. ) ;
#5496 = CARTESIAN_POINT ( 'NONE',  ( -2.696073661218771000, 4.650670884886758400, 11.50000000000000200 ) ) ;
#5497 = DIRECTION ( 'NONE',  ( -0.0000000000000000000, 0.0000000000000000000, 1.000000000000000000 ) ) ;
#5498 = ORIENTED_EDGE ( 'NONE', *, *, #7828, .F. ) ;
#5499 = DIRECTION ( 'NONE',  ( 1.000000000000000000, 0.0000000000000000000, 0.0000000000000000000 ) ) ;
#5500 = CARTESIAN_POINT ( 'NONE',  ( 1.277402108316812600, 4.716159138251518000, 11.50000000000000200 ) ) ;
#5501 = CARTESIAN_POINT ( 'NONE',  ( -0.6457023060795419300, 4.675471698113203600, 11.50000000000000000 ) ) ;
#5502 = CARTESIAN_POINT ( 'NONE',  ( -1.351542747423655400, -16.34360889107321300, 11.50000000000000200 ) ) ;
#5503 = EDGE_CURVE ( 'NONE', #5010, #3093, #7410, .T. ) ;
#5504 = CARTESIAN_POINT ( 'NONE',  ( 8.992893218813490500, 24.40710678118654500, -9.500000000000000000 ) ) ;
#5505 = CARTESIAN_POINT ( 'NONE',  ( 0.5387166165111348900, -9.634456081950419900, 11.49999999999999600 ) ) ;
#5506 = VERTEX_POINT ( 'NONE', #6442 ) ;
#5507 = PLANE ( 'NONE',  #5957 ) ;
#5508 = VERTEX_POINT ( 'NONE', #9006 ) ;
#5509 = VERTEX_POINT ( 'NONE', #4662 ) ;
#5510 = CARTESIAN_POINT ( 'NONE',  ( 0.4737424924483851200, 5.302024695412558900, 11.49999999999999300 ) ) ;
#5511 = CARTESIAN_POINT ( 'NONE',  ( -1.381505294247209900, -16.73321821733216200, 11.49999999999999600 ) ) ;
#5512 = ORIENTED_EDGE ( 'NONE', *, *, #1630, .F. ) ;
#5513 = CARTESIAN_POINT ( 'NONE',  ( 0.5465788096044875700, 10.65597922183834700, 11.50000000000000200 ) ) ;
#5514 = VECTOR ( 'NONE', #4344, 1000.000000000000100 ) ;
#5515 = EDGE_CURVE ( 'NONE', #8065, #5780, #2238, .T. ) ;
#5516 = CARTESIAN_POINT ( 'NONE',  ( -1.332352965270991800, -16.86419867862079500, 11.49999999999999600 ) ) ;
#5517 = CARTESIAN_POINT ( 'NONE',  ( 0.3468973137380007600, -13.46164855076032700, 11.49999999999999800 ) ) ;
#5518 = CARTESIAN_POINT ( 'NONE',  ( 0.8901461194637216900, -16.39545209696019200, 11.50000000000000000 ) ) ;
#5519 = ORIENTED_EDGE ( 'NONE', *, *, #4247, .F. ) ;
#5520 = CARTESIAN_POINT ( 'NONE',  ( -3.207753961940302400, -11.06079056135752800, 11.50000000000000000 ) ) ;
#5521 = CARTESIAN_POINT ( 'NONE',  ( -0.2840456974428955400, -16.66000220947493600, 11.49999999999999800 ) ) ;
#5522 = CARTESIAN_POINT ( 'NONE',  ( 3.713450292397659300, -16.26293231180831400, 11.50000000000000000 ) ) ;
#5523 = CARTESIAN_POINT ( 'NONE',  ( 1.136349347673235600, -10.80686887683362400, 11.49999999999999800 ) ) ;
#5524 = CARTESIAN_POINT ( 'NONE',  ( 0.3336144647412729300, -16.76545534776607100, 11.49999999999999800 ) ) ;
#5525 = CARTESIAN_POINT ( 'NONE',  ( 3.745446075005946600, 4.876729559748424600, 11.50000000000000000 ) ) ;
#5526 = CARTESIAN_POINT ( 'NONE',  ( -9.000000000000000000, -22.60000000000000100, 0.0000000000000000000 ) ) ;
#5527 = EDGE_CURVE ( 'NONE', #2665, #4823, #2105, .T. ) ;
#5528 = VECTOR ( 'NONE', #5561, 1000.000000000000000 ) ;
#5529 = CARTESIAN_POINT ( 'NONE',  ( -12.90000000000000600, 24.69999999999999900, 0.0000000000000000000 ) ) ;
#5530 = CARTESIAN_POINT ( 'NONE',  ( 4.861868157465766100, 4.594968553459117400, 11.50000000000000000 ) ) ;
#5531 = DIRECTION ( 'NONE',  ( -1.000000000000000000, 0.0000000000000000000, 0.0000000000000000000 ) ) ;
#5532 = ORIENTED_EDGE ( 'NONE', *, *, #3379, .T. ) ;
#5533 = DIRECTION ( 'NONE',  ( 0.0000000000000000000, -1.000000000000000000, 0.0000000000000000000 ) ) ;
#5534 = CARTESIAN_POINT ( 'NONE',  ( 1.065788596159564800, 4.671534400406643300, 11.50000000000000200 ) ) ;
#5535 = CARTESIAN_POINT ( 'NONE',  ( -0.9254969564767319100, -13.50876186700802400, 11.50000000000000200 ) ) ;
#5536 = PLANE ( 'NONE',  #7021 ) ;
#5537 = LINE ( 'NONE', #8272, #530 ) ;
#5538 = CC_DESIGN_APPROVAL ( #5080, ( #4593 ) ) ;
#5539 = EDGE_CURVE ( 'NONE', #5185, #1281, #4881, .T. ) ;
#5540 = CARTESIAN_POINT ( 'NONE',  ( 2.237886331775409900, -11.45963760220829500, 11.49999999999999800 ) ) ;
#5541 = CARTESIAN_POINT ( 'NONE',  ( 0.0000000000000000000, 4.650314465408800200, 11.50000000000000000 ) ) ;
#5542 = CARTESIAN_POINT ( 'NONE',  ( 3.930731307152031100, 5.241534295162122900, 11.50000000000000000 ) ) ;
#5543 = VECTOR ( 'NONE', #160, 1000.000000000000200 ) ;
#5544 = CARTESIAN_POINT ( 'NONE',  ( -1.032024733018886800, 0.3516528719916182700, 11.50000000000000000 ) ) ;
#5545 = B_SPLINE_CURVE_WITH_KNOTS ( 'NONE', 3,
 ( #189, #7881, #2869, #631, #510, #7528, #5642, #3416, #2086, #9184 ),
 .UNSPECIFIED., .F., .F.,
 ( 4, 3, 3, 4 ),
 ( 0.0000000000000000000, 3.835242233791527200E-005, 7.663842885416145900E-005, 0.0001528921574983675500 ),
 .UNSPECIFIED. ) ;
#5546 = CARTESIAN_POINT ( 'NONE',  ( -1.054226267850060200, -13.22868885423543300, 11.50000000000000000 ) ) ;
#5547 = VECTOR ( 'NONE', #3242, 1000.000000000000000 ) ;
#5548 = CARTESIAN_POINT ( 'NONE',  ( 2.449161479423138700, 5.301284736889098100, 11.50000000000000000 ) ) ;
#5549 = EDGE_LOOP ( 'NONE', ( #3252, #6432, #7057, #5400, #5304 ) ) ;
#5550 = CARTESIAN_POINT ( 'NONE',  ( -0.8451612903224571300, 9.443870967741931500, 11.50000000000000000 ) ) ;
#5551 = EDGE_CURVE ( 'NONE', #5264, #6051, #1432, .T. ) ;
#5552 = VERTEX_POINT ( 'NONE', #9014 ) ;
#5553 = DIRECTION ( 'NONE',  ( 1.000000000000000000, 0.0000000000000000000, 0.0000000000000000000 ) ) ;
#5554 = CARTESIAN_POINT ( 'NONE',  ( -4.466006667427516100, 5.321914184945233800, 11.50000000000000200 ) ) ;
#5555 = CARTESIAN_POINT ( 'NONE',  ( -2.019331674504843700, 4.650863923023490700, 11.50000000000000200 ) ) ;
#5556 = CARTESIAN_POINT ( 'NONE',  ( 3.880063999503436700, 5.330041785072112700, 11.50000000000000200 ) ) ;
#5557 = CARTESIAN_POINT ( 'NONE',  ( 4.495934663697423300, -17.16321290518274300, 11.49999999999999800 ) ) ;
#5558 = LINE ( 'NONE', #1195, #4352 ) ;
#5559 = ORIENTED_EDGE ( 'NONE', *, *, #60, .T. ) ;
#5560 = B_SPLINE_CURVE_WITH_KNOTS ( 'NONE', 3,
 ( #4520, #6346, #1290, #6753, #1588, #833, #9033, #2218, #8802, #489, #3640, #3755, #5103, #173, #3277, #1783, #5315, #2344, #4606 ),
 .UNSPECIFIED., .F., .F.,
 ( 4, 1, 1, 1, 1, 1, 1, 1, 1, 1, 1, 1, 1, 1, 1, 1, 4 ),
 ( 0.0000000000000000000, 0.03787089358873363400, 0.07551947374603607000, 0.1127531453527909100, 0.1508703769404571300, 0.1907129203787234500, 0.2327405052059696700, 0.2768887446260497300, 0.3241631127834948600, 0.3765273111442819500, 0.4372195160475769200, 0.5063112698395954000, 0.5847970439861096500, 0.6735121572342277500, 0.7718673338980183200, 0.8809390630090887500, 1.000000000000000000 ),
 .UNSPECIFIED. ) ;
#5561 = DIRECTION ( 'NONE',  ( -0.0000000000000000000, 1.000000000000000000, -0.0000000000000000000 ) ) ;
#5562 = VECTOR ( 'NONE', #2638, 1000.000000000000100 ) ;
#5563 = CARTESIAN_POINT ( 'NONE',  ( 3.996263052670611800, -16.65717374776760500, 11.49999999999999500 ) ) ;
#5564 = VERTEX_POINT ( 'NONE', #8657 ) ;
#5565 = CARTESIAN_POINT ( 'NONE',  ( 2.414099306937709200, -11.62467986059254500, 11.50000000000000400 ) ) ;
#5566 = CARTESIAN_POINT ( 'NONE',  ( 1.980526438388197100, 5.420125786163518800, 11.50000000000000000 ) ) ;
#5567 = CARTESIAN_POINT ( 'NONE',  ( 1.734723475976807100E-015, 0.1999999999999961800, 11.00000000000000000 ) ) ;
#5568 = AXIS2_PLACEMENT_3D ( 'NONE', #4023, #5674, #8722 ) ;
#5569 = CARTESIAN_POINT ( 'NONE',  ( 0.9180633986793327300, -9.177417841433650000, 11.50000000000000400 ) ) ;
#5570 = ORIENTED_EDGE ( 'NONE', *, *, #9080, .F. ) ;
#5571 = ORIENTED_EDGE ( 'NONE', *, *, #4867, .T. ) ;
#5572 = VERTEX_POINT ( 'NONE', #8167 ) ;
#5573 = ORIENTED_EDGE ( 'NONE', *, *, #5204, .T. ) ;
#5574 = VERTEX_POINT ( 'NONE', #3045 ) ;
#5575 = CARTESIAN_POINT ( 'NONE',  ( 3.367245818913556100, -11.40987490998427500, 11.50000000000000000 ) ) ;
#5576 = CARTESIAN_POINT ( 'NONE',  ( -1.677693896085290500, -16.94657779717697100, 11.49999999999999600 ) ) ;
#5577 = VECTOR ( 'NONE', #3077, 1000.000000000000000 ) ;
#5578 = CARTESIAN_POINT ( 'NONE',  ( -2.637419354838586500, 6.776774193548384100, 11.50000000000000000 ) ) ;
#5579 = CARTESIAN_POINT ( 'NONE',  ( -3.997364021390823000, 5.409965736228850900, 11.50000000000000000 ) ) ;
#5580 = CARTESIAN_POINT ( 'NONE',  ( -1.783076774330174300, -16.34749251292575800, 11.49999999999999800 ) ) ;
#5581 = DIRECTION ( 'NONE',  ( 1.000000000000000000, 0.0000000000000000000, 0.0000000000000000000 ) ) ;
#5582 = ADVANCED_FACE ( 'NONE', ( #4630 ), #7656, .F. ) ;
#5583 = CARTESIAN_POINT ( 'NONE',  ( -12.89999999999999900, 5.499999999999989300, 11.00000000000000000 ) ) ;
#5584 = EDGE_CURVE ( 'NONE', #801, #1523, #3560, .T. ) ;
#5585 = VERTEX_POINT ( 'NONE', #8683 ) ;
#5586 = ORIENTED_EDGE ( 'NONE', *, *, #943, .T. ) ;
#5587 = CARTESIAN_POINT ( 'NONE',  ( -3.579861009300993900, -16.44729062696019600, 11.50000000000000400 ) ) ;
#5588 = CARTESIAN_POINT ( 'NONE',  ( -1.980681368154699500, 5.154216615265943900, 11.50000000000000900 ) ) ;
#5589 = VECTOR ( 'NONE', #3910, 1000.000000000000000 ) ;
#5590 = CARTESIAN_POINT ( 'NONE',  ( 8.000000000000000000, -22.60000000000000100, 0.0000000000000000000 ) ) ;
#5591 = CARTESIAN_POINT ( 'NONE',  ( 0.6477211277399997900, -16.27749398631701500, 11.50000000000000000 ) ) ;
#5592 = CARTESIAN_POINT ( 'NONE',  ( -2.339181286549706600, -10.11871345029240200, 11.50000000000000000 ) ) ;
#5593 = CARTESIAN_POINT ( 'NONE',  ( 0.0000000000000000000, -16.49685044046328000, 11.50000000000000000 ) ) ;
#5594 = CARTESIAN_POINT ( 'NONE',  ( -1.801169590643275600, -16.39743523578491800, 11.50000000000000000 ) ) ;
#5595 = VECTOR ( 'NONE', #3086, 999.9999999999998900 ) ;
#5596 = FACE_BOUND ( 'NONE', #8493, .T. ) ;
#5597 = CARTESIAN_POINT ( 'NONE',  ( 4.169889424040525800, -16.83669386082725000, 11.49999999999999800 ) ) ;
#5598 = ADVANCED_FACE ( 'NONE', ( #8781 ), #5413, .T. ) ;
#5599 = CARTESIAN_POINT ( 'NONE',  ( 0.2913087115935091800, 0.03510775183813601200, 11.50000000000000000 ) ) ;
#5600 = AXIS2_PLACEMENT_3D ( 'NONE', #7790, #4839, #6956 ) ;
#5601 = EDGE_CURVE ( 'NONE', #7968, #2610, #7554, .T. ) ;
#5602 = CARTESIAN_POINT ( 'NONE',  ( 2.399925700694303100, 6.403012304420810700, 11.50000000000000000 ) ) ;
#5603 = CARTESIAN_POINT ( 'NONE',  ( 4.270577551812084300, 5.409344174360867000, 11.50000000000000400 ) ) ;
#5604 = CARTESIAN_POINT ( 'NONE',  ( -2.779469124561157600, -9.198712580153042500, 11.50000000000000000 ) ) ;
#5605 = CARTESIAN_POINT ( 'NONE',  ( 4.530425532544043700, 5.363902112738514900, 11.50000000000000000 ) ) ;
#5606 = CARTESIAN_POINT ( 'NONE',  ( -12.90000000000000600, 20.49999999999999600, 2.000000000000000000 ) ) ;
#5607 = CIRCLE ( 'NONE', #7759, 0.9999999999999991100 ) ;
#5608 = CARTESIAN_POINT ( 'NONE',  ( 0.3518215141486034100, 4.656064630654369400, 11.50000000000000000 ) ) ;
#5609 = VERTEX_POINT ( 'NONE', #7310 ) ;
#5610 = ORIENTED_EDGE ( 'NONE', *, *, #6618, .F. ) ;
#5611 = CARTESIAN_POINT ( 'NONE',  ( 3.040935672514618400, 0.0000000000000000000, 11.50000000000000000 ) ) ;
#5612 = PRODUCT ( 'C620电调', 'C620电调', '', ( #6350 ) ) ;
#5613 = CARTESIAN_POINT ( 'NONE',  ( -4.017770141984894600, 5.274443629645941400, 11.50000000000000500 ) ) ;
#5614 = CARTESIAN_POINT ( 'NONE',  ( 8.285786437626933700, -23.69999999999999900, 11.50000000000000000 ) ) ;
#5615 = DIRECTION ( 'NONE',  ( -1.000000000000000000, 0.0000000000000000000, 0.0000000000000000000 ) ) ;
#5616 = CARTESIAN_POINT ( 'NONE',  ( 0.01764026918602486900, -16.60551182041814400, 11.50000000000000400 ) ) ;
#5617 = VERTEX_POINT ( 'NONE', #8651 ) ;
#5618 = CARTESIAN_POINT ( 'NONE',  ( -0.9989846807434016300, -11.75511084318258500, 11.49999999999999600 ) ) ;
#5619 = EDGE_CURVE ( 'NONE', #6217, #4168, #4749, .T. ) ;
#5620 = CARTESIAN_POINT ( 'NONE',  ( -1.342464477055548500, 4.589937106918235100, 11.50000000000000200 ) ) ;
#5621 = ORIENTED_EDGE ( 'NONE', *, *, #1731, .F. ) ;
#5622 = CARTESIAN_POINT ( 'NONE',  ( 0.1965107602707257300, -16.92049381816712400, 11.49999999999999600 ) ) ;
#5623 = CARTESIAN_POINT ( 'NONE',  ( -0.7554208123620543800, 4.920855021853137500, 11.50000000000000400 ) ) ;
#5624 = VERTEX_POINT ( 'NONE', #2635 ) ;
#5625 = VECTOR ( 'NONE', #2197, 1000.000000000000100 ) ;
#5626 = ORIENTED_EDGE ( 'NONE', *, *, #602, .T. ) ;
#5627 = CARTESIAN_POINT ( 'NONE',  ( 12.90000000000000200, -20.49999999999999600, 11.00000000000000000 ) ) ;
#5628 = DIRECTION ( 'NONE',  ( 1.000000000000000000, 0.0000000000000000000, 0.0000000000000000000 ) ) ;
#5629 = DIRECTION ( 'NONE',  ( 0.0000000000000000000, 0.0000000000000000000, 1.000000000000000000 ) ) ;
#5630 = VERTEX_POINT ( 'NONE', #2458 ) ;
#5631 = EDGE_CURVE ( 'NONE', #5272, #7085, #8813, .T. ) ;
#5632 = CARTESIAN_POINT ( 'NONE',  ( 3.760390102027943100, -16.15205367669672400, 11.49999999999999600 ) ) ;
#5633 = CARTESIAN_POINT ( 'NONE',  ( 2.472410970238606800, 4.673606385897713300, 11.49999999999999800 ) ) ;
#5634 = LINE ( 'NONE', #1181, #7073 ) ;
#5635 = ORIENTED_EDGE ( 'NONE', *, *, #6793, .T. ) ;
#5636 = CARTESIAN_POINT ( 'NONE',  ( -3.159335348591084400, 4.608716592721594700, 11.50000000000000500 ) ) ;
#5637 = CARTESIAN_POINT ( 'NONE',  ( 4.795926669925601800, -16.75229293899558800, 11.50000000000000400 ) ) ;
#5638 = CARTESIAN_POINT ( 'NONE',  ( 3.108993979129496000, 5.328681642397788700, 11.49999999999999800 ) ) ;
#5639 = CARTESIAN_POINT ( 'NONE',  ( -2.884666008943796100, 5.012456121961168500, 11.50000000000000400 ) ) ;
#5640 = ADVANCED_FACE ( 'NONE', ( #2736 ), #53, .T. ) ;
#5641 = DIRECTION ( 'NONE',  ( -0.0000000000000000000, 0.0000000000000000000, 1.000000000000000000 ) ) ;
#5642 = CARTESIAN_POINT ( 'NONE',  ( 4.638330088612597100, 4.911471395774856100, 11.50000000000000000 ) ) ;
#5643 = CARTESIAN_POINT ( 'NONE',  ( 8.999999999999994700, 22.60000000000000100, 2.000000000000000000 ) ) ;
#5644 = VERTEX_POINT ( 'NONE', #6237 ) ;
#5645 = CIRCLE ( 'NONE', #148, 0.6000000000000000900 ) ;
#5646 = DATE_TIME_ROLE ( 'classification_date' ) ;
#5647 = EDGE_LOOP ( 'NONE', ( #8523, #8642, #9250, #6495, #1990, #7012, #1773, #2632, #4799, #2950 ) ) ;
#5648 = EDGE_CURVE ( 'NONE', #6024, #7024, #6644, .T. ) ;
#5649 = LINE ( 'NONE', #4003, #6434 ) ;
#5650 = CARTESIAN_POINT ( 'NONE',  ( -2.196260204733957400, 5.027787280020273600, 11.49999999999999800 ) ) ;
#5651 = CARTESIAN_POINT ( 'NONE',  ( -2.996042802009901700, 5.423928720505530000, 11.50000000000000000 ) ) ;
#5652 = ORIENTED_EDGE ( 'NONE', *, *, #108, .F. ) ;
#5653 = CARTESIAN_POINT ( 'NONE',  ( 0.5026204573745320900, 0.4922211961479792100, 11.50000000000000000 ) ) ;
#5654 = CARTESIAN_POINT ( 'NONE',  ( -1.090634194612348800, 5.421220724533308800, 11.49999999999999600 ) ) ;
#5655 = ORIENTED_EDGE ( 'NONE', *, *, #6419, .F. ) ;
#5656 = CARTESIAN_POINT ( 'NONE',  ( 4.170474903273821500, -16.86091019855727400, 11.50000000000000000 ) ) ;
#5657 = CARTESIAN_POINT ( 'NONE',  ( 2.313529259271543300, -10.19607594843338200, 11.49999999999999600 ) ) ;
#5658 = CARTESIAN_POINT ( 'NONE',  ( 0.7235900778875099500, -16.55402079669292100, 11.50000000000000400 ) ) ;
#5659 = DIRECTION ( 'NONE',  ( 1.000000000000000000, 3.469446951953614200E-015, 0.0000000000000000000 ) ) ;
#5660 = CARTESIAN_POINT ( 'NONE',  ( 2.041393903241248700, 4.723818600984203400, 11.50000000000000400 ) ) ;
#5661 = CARTESIAN_POINT ( 'NONE',  ( -2.307047902618449600, -0.6094088799369500300, 11.50000000000000000 ) ) ;
#5662 = CARTESIAN_POINT ( 'NONE',  ( 0.08837783259837687900, -17.15736147821228700, 11.49999999999999800 ) ) ;
#5663 = CARTESIAN_POINT ( 'NONE',  ( 3.650637955623292200, 10.60966080814330300, 11.49999999999999800 ) ) ;
#5664 = CARTESIAN_POINT ( 'NONE',  ( 3.805237903098699800, -16.27267570642398200, 11.50000000000000000 ) ) ;
#5665 = CARTESIAN_POINT ( 'NONE',  ( 0.4219354838710912000, 7.401290322580641700, 11.50000000000000000 ) ) ;
#5666 = DIRECTION ( 'NONE',  ( 0.0000000000000000000, 0.0000000000000000000, 1.000000000000000000 ) ) ;
#5667 = EDGE_CURVE ( 'NONE', #3837, #3126, #7456, .T. ) ;
#5668 = CARTESIAN_POINT ( 'NONE',  ( -1.446204567816705700, -16.55448956300440200, 11.50000000000000400 ) ) ;
#5669 = CARTESIAN_POINT ( 'NONE',  ( 2.441023329906847600, 5.291054141783587500, 11.50000000000000400 ) ) ;
#5670 = CARTESIAN_POINT ( 'NONE',  ( 0.0000000000000000000, 0.0000000000000000000, 11.50000000000000000 ) ) ;
#5671 = CARTESIAN_POINT ( 'NONE',  ( -2.744515875168417100, -17.04449793421976600, 11.50000000000000500 ) ) ;
#5672 = CARTESIAN_POINT ( 'NONE',  ( -0.6929824561403518100, 0.0000000000000000000, 11.50000000000000000 ) ) ;
#5673 = ORIENTED_EDGE ( 'NONE', *, *, #7788, .F. ) ;
#5674 = DIRECTION ( 'NONE',  ( -1.000000000000000000, -1.404634393503487500E-016, 0.0000000000000000000 ) ) ;
#5675 = CARTESIAN_POINT ( 'NONE',  ( 4.541095941930274500, 5.027667777123970600, 11.50000000000000000 ) ) ;
#5676 = CARTESIAN_POINT ( 'NONE',  ( -2.272258064516005300, 10.85290322580644900, 11.49999999999999600 ) ) ;
#5677 = VERTEX_POINT ( 'NONE', #5583 ) ;
#5678 = EDGE_CURVE ( 'NONE', #8283, #6468, #4524, .T. ) ;
#5679 = DIRECTION ( 'NONE',  ( 1.000000000000000000, 0.0000000000000000000, 0.0000000000000000000 ) ) ;
#5680 = CARTESIAN_POINT ( 'NONE',  ( 0.0000000000000000000, 4.599999999999996100, 11.50000000000000000 ) ) ;
#5681 = B_SPLINE_CURVE_WITH_KNOTS ( 'NONE', 3,
 ( #4609, #5317, #4729, #460, #5441, #6172, #1877, #6883, #2602, #3312, #4026, #4763, #5467, #1204, #6205, #1910, #6914, #2629, #3340 ),
 .UNSPECIFIED., .F., .F.,
 ( 4, 1, 1, 1, 1, 1, 1, 1, 1, 1, 1, 1, 1, 1, 1, 1, 4 ),
 ( 0.0000000000000000000, 0.05846698009954964800, 0.1157954612746897600, 0.1722637998384691800, 0.2281190329665102600, 0.2835718955045424300, 0.3396519250605118900, 0.3966243841501729800, 0.4546075083802452200, 0.5137623348819513300, 0.5751710151253245400, 0.6388983956028099200, 0.7053050535539098200, 0.7742739123695268100, 0.8461399240617837300, 0.9215816478742537800, 1.000000000000000000 ),
 .UNSPECIFIED. ) ;
#5682 = EDGE_LOOP ( 'NONE', ( #6934, #6257 ) ) ;
#5683 = CARTESIAN_POINT ( 'NONE',  ( 0.2611334732135343600, -14.24030133833412000, 11.50000000000001100 ) ) ;
#5684 = CARTESIAN_POINT ( 'NONE',  ( -2.066296637126795700, -11.20564934267858200, 11.50000000000000000 ) ) ;
#5685 = CARTESIAN_POINT ( 'NONE',  ( -4.827020731423123000, 4.599999999999994300, 11.50000000000000000 ) ) ;
#5686 = CARTESIAN_POINT ( 'NONE',  ( 4.667691590962156100, 5.178616352201254700, 11.50000000000000200 ) ) ;
#5688 = CARTESIAN_POINT ( 'NONE',  ( -1.481260213022938600, 9.346100795478857700, 11.50000000000000200 ) ) ;
#5687 = CARTESIAN_POINT ( 'NONE',  ( 9.999999999999998200, -22.60000000000000100, 0.0000000000000000000 ) ) ;
#5689 = B_SPLINE_CURVE_WITH_KNOTS ( 'NONE', 3,
 ( #3614, #6382, #2692, #4406, #3936, #3829, #39, #5188, #8429, #1795, #8714, #3714, #6640, #8157, #2175, #5256, #6756, #4498, #619 ),
 .UNSPECIFIED., .F., .F.,
 ( 4, 1, 1, 1, 1, 1, 1, 1, 1, 1, 1, 1, 1, 1, 1, 1, 4 ),
 ( 0.0000000000000000000, 0.07382121715025913300, 0.1419670395873418000, 0.2043607801600921800, 0.2623003715046125000, 0.3160481310965118600, 0.3674050494866422100, 0.4169987686320735200, 0.4668531925050623000, 0.5178202994272680400, 0.5712843786186678800, 0.6287574043714536700, 0.6910751841900035800, 0.7587216555108202700, 0.8330208591801900900, 0.9131228889107324600, 1.000000000000000000 ),
 .UNSPECIFIED. ) ;
#5690 = VECTOR ( 'NONE', #1663, 1000.000000000000000 ) ;
#5691 = ORIENTED_EDGE ( 'NONE', *, *, #8100, .F. ) ;
#5692 = EDGE_CURVE ( 'NONE', #2490, #8462, #2127, .T. ) ;
#5693 = CARTESIAN_POINT ( 'NONE',  ( 2.386023759608787700, 4.650314465408802000, 11.50000000000000000 ) ) ;
#5694 = CARTESIAN_POINT ( 'NONE',  ( -2.276077335196709400, 5.022641509433959200, 11.50000000000000200 ) ) ;
#5695 = CARTESIAN_POINT ( 'NONE',  ( -2.305520614954454500, 5.410062893081756900, 11.50000000000000000 ) ) ;
#5696 = CARTESIAN_POINT ( 'NONE',  ( -1.161153749590546800, -13.22867886419278500, 11.49999999999999800 ) ) ;
#5697 = ORIENTED_EDGE ( 'NONE', *, *, #5584, .T. ) ;
#5698 = CARTESIAN_POINT ( 'NONE',  ( 0.0000000000000000000, 5.213836477987418200, 11.50000000000000000 ) ) ;
#5699 = CARTESIAN_POINT ( 'NONE',  ( -0.3082781248611906600, -14.03012744014667100, 11.50000000000000500 ) ) ;
#5700 = LINE ( 'NONE', #8124, #6368 ) ;
#5701 = VECTOR ( 'NONE', #9247, 1000.000000000000000 ) ;
#5702 = CARTESIAN_POINT ( 'NONE',  ( -4.055051251176195100, -16.88379500326334800, 11.50000000000000000 ) ) ;
#5703 = PLANE ( 'NONE',  #5193 ) ;
#5704 = CARTESIAN_POINT ( 'NONE',  ( -2.452502924716141400, 5.401220515762347900, 11.50000000000000000 ) ) ;
#5705 = CARTESIAN_POINT ( 'NONE',  ( 0.05331012409288165400, 8.667902827984351100, 11.50000000000000000 ) ) ;
#5706 = CARTESIAN_POINT ( 'NONE',  ( -1.970472439390013000, 5.416659370723755800, 11.50000000000000500 ) ) ;
#5707 = CARTESIAN_POINT ( 'NONE',  ( 2.486466340554512700, 5.405031446540876400, 11.50000000000000000 ) ) ;
#5709 = VERTEX_POINT ( 'NONE', #7827 ) ;
#5708 = CARTESIAN_POINT ( 'NONE',  ( -1.145478853668691300, -13.39533076210948300, 11.49999999999999800 ) ) ;
#5710 = CARTESIAN_POINT ( 'NONE',  ( -3.438353805355612600, 5.060281255649288200, 11.50000000000000200 ) ) ;
#5711 = VECTOR ( 'NONE', #1316, 999.9999999999998900 ) ;
#5712 = CARTESIAN_POINT ( 'NONE',  ( 3.787127177085614100, 4.740669999452276100, 11.50000000000000200 ) ) ;
#5713 = ORIENTED_EDGE ( 'NONE', *, *, #7741, .T. ) ;
#5714 = VERTEX_POINT ( 'NONE', #6178 ) ;
#5715 = CARTESIAN_POINT ( 'NONE',  ( 3.535300374117873500, -10.09879605305119000, 11.50000000000000200 ) ) ;
#5716 = CARTESIAN_POINT ( 'NONE',  ( -2.388666389201687100, -11.16772290394219500, 11.50000000000000000 ) ) ;
#5717 = VERTEX_POINT ( 'NONE', #5473 ) ;
#5718 = VECTOR ( 'NONE', #2811, 1000.000000000000000 ) ;
#5719 = B_SPLINE_CURVE_WITH_KNOTS ( 'NONE', 3,
 ( #5034, #2118, #4312, #7902, #3450, #6401, #8560, #6365, #2807, #2840, #6464, #1465, #5747, #7734, #8544, #7218, #644, #6497, #1504 ),
 .UNSPECIFIED., .F., .F.,
 ( 4, 1, 1, 1, 1, 1, 1, 1, 1, 1, 1, 1, 1, 1, 1, 1, 4 ),
 ( 0.0000000000000000000, 0.08474793827097437700, 0.1640833380572368500, 0.2390393794467635700, 0.3102743530403089300, 0.3774055782247338600, 0.4419163868651517800, 0.5046927516445490800, 0.5665566402180291000, 0.6264981792708990100, 0.6840627299609579600, 0.7396615835553752600, 0.7934524489079171100, 0.8454488558331623200, 0.8964342659978381500, 0.9482050209913183100, 1.000000000000000000 ),
 .UNSPECIFIED. ) ;
#5720 = CARTESIAN_POINT ( 'NONE',  ( 0.5026204573745304300, -1.707778803852020700, 11.50000000000000000 ) ) ;
#5721 = EDGE_CURVE ( 'NONE', #8591, #6574, #6637, .T. ) ;
#5722 = ORIENTED_EDGE ( 'NONE', *, *, #6865, .F. ) ;
#5723 = LINE ( 'NONE', #745, #5940 ) ;
#5724 = CARTESIAN_POINT ( 'NONE',  ( 3.119522738883814500, 5.325099983085515900, 11.50000000000000400 ) ) ;
#5725 = CARTESIAN_POINT ( 'NONE',  ( 0.5165467932722631600, 4.664558605774952400, 11.49999999999999800 ) ) ;
#5726 = CARTESIAN_POINT ( 'NONE',  ( 3.815145408659532700, 5.091864132795910400, 11.49999999999999800 ) ) ;
#5727 = CARTESIAN_POINT ( 'NONE',  ( -1.394995978155366200, -16.15017483246417700, 11.50000000000000000 ) ) ;
#5728 = CARTESIAN_POINT ( 'NONE',  ( -2.216035729959602700, 5.415468354578086600, 11.50000000000000400 ) ) ;
#5729 = DIRECTION ( 'NONE',  ( -1.000000000000000000, 0.0000000000000000000, 0.0000000000000000000 ) ) ;
#5730 = CARTESIAN_POINT ( 'NONE',  ( 0.0000000000000000000, -16.30971593753930500, 11.50000000000000000 ) ) ;
#5731 = CARTESIAN_POINT ( 'NONE',  ( 0.08070044045484063600, -13.41035491059169400, 11.50000000000000400 ) ) ;
#5732 = VECTOR ( 'NONE', #8207, 1000.000000000000000 ) ;
#5733 = EDGE_LOOP ( 'NONE', ( #8546, #1412, #7768, #7411 ) ) ;
#5734 = CARTESIAN_POINT ( 'NONE',  ( -4.095038434660952300, 4.977358490566032900, 11.49999999999999600 ) ) ;
#5735 = CARTESIAN_POINT ( 'NONE',  ( 2.638801750167648000, 10.33439817802843000, 11.49999999999999800 ) ) ;
#5736 = AXIS2_PLACEMENT_3D ( 'NONE', #5526, #1268, #6259 ) ;
#5737 = VERTEX_POINT ( 'NONE', #4948 ) ;
#5738 = EDGE_CURVE ( 'NONE', #4286, #4911, #7375, .T. ) ;
#5739 = CARTESIAN_POINT ( 'NONE',  ( 5.899999999999997700, -1.209367051232910400, 11.50000000000000000 ) ) ;
#5740 = CARTESIAN_POINT ( 'NONE',  ( 4.596764556092329800, 5.351589886682389400, 11.50000000000000200 ) ) ;
#5741 = CARTESIAN_POINT ( 'NONE',  ( -1.053085981640143400, -13.99443240016237400, 11.49999999999999800 ) ) ;
#5742 = CARTESIAN_POINT ( 'NONE',  ( 0.6196133240159632500, 4.771069182389933200, 11.50000000000000000 ) ) ;
#5743 = B_SPLINE_CURVE_WITH_KNOTS ( 'NONE', 3,
 ( #5620, #4816, #6113, #6398, #3300, #6363, #6373, #653, #898, #6762, #661, #8455, #5286, #8874, #2115, #1367, #8726, #1308, #2329 ),
 .UNSPECIFIED., .F., .F.,
 ( 4, 1, 1, 1, 1, 1, 1, 1, 1, 1, 1, 1, 1, 1, 1, 1, 4 ),
 ( 0.0000000000000000000, 0.08210662802558899000, 0.1581841125097746000, 0.2286095479356367000, 0.2941420436195324500, 0.3550839239099259400, 0.4121714933613313000, 0.4661173446378136200, 0.5183300375415951200, 0.5699640982103968400, 0.6220212453327782500, 0.6756821243943850200, 0.7317902188057545700, 0.7917734557073683500, 0.8561330567450062800, 0.9251468341810537000, 1.000000000000000000 ),
 .UNSPECIFIED. ) ;
#5744 = CARTESIAN_POINT ( 'NONE',  ( -1.427038726904712200, -16.70117279179290600, 11.50000000000000400 ) ) ;
#5745 = DIRECTION ( 'NONE',  ( 0.3225311624017430100, 0.9465588461790319700, 0.0000000000000000000 ) ) ;
#5746 = ORIENTED_EDGE ( 'NONE', *, *, #2336, .F. ) ;
#5747 = CARTESIAN_POINT ( 'NONE',  ( 4.401868021717580100, -16.61297819062231400, 11.50000000000000400 ) ) ;
#5748 = ORIENTED_EDGE ( 'NONE', *, *, #6752, .F. ) ;
#5749 = ORIENTED_EDGE ( 'NONE', *, *, #4663, .T. ) ;
#5750 = CARTESIAN_POINT ( 'NONE',  ( -2.182927114821627200, -11.45859241860173900, 11.50000000000000000 ) ) ;
#5751 = DIRECTION ( 'NONE',  ( -0.3225311624017430100, -0.9465588461790319700, 0.0000000000000000000 ) ) ;
#5752 = DIRECTION ( 'NONE',  ( -0.0000000000000000000, -0.0000000000000000000, 1.000000000000000000 ) ) ;
#5753 = EDGE_CURVE ( 'NONE', #6248, #6933, #6308, .T. ) ;
#5754 = ORIENTED_EDGE ( 'NONE', *, *, #4949, .T. ) ;
#5755 = CARTESIAN_POINT ( 'NONE',  ( 9.999999999999994700, 22.60000000000000100, 0.0000000000000000000 ) ) ;
#5756 = CARTESIAN_POINT ( 'NONE',  ( 0.7931050547403978300, 4.896855345911945700, 11.50000000000000000 ) ) ;
#5757 = CARTESIAN_POINT ( 'NONE',  ( 0.7000000000000024000, 1.499999999999997800, 11.50000000000000000 ) ) ;
#5758 = CYLINDRICAL_SURFACE ( 'NONE', #5788, 0.7000000000000000700 ) ;
#5759 = EDGE_LOOP ( 'NONE', ( #8574, #6455, #7613, #3701, #8024 ) ) ;
#5760 = CARTESIAN_POINT ( 'NONE',  ( -9.000000000000000000, -22.60000000000000100, 0.0000000000000000000 ) ) ;
#5761 = CARTESIAN_POINT ( 'NONE',  ( -3.836070440004741000, -16.28077042176050400, 11.50000000000000200 ) ) ;
#5762 = CARTESIAN_POINT ( 'NONE',  ( 4.169590643274850600, -16.82433582058024200, 11.50000000000000000 ) ) ;
#5763 = AXIS2_PLACEMENT_3D ( 'NONE', #1632, #2781, #4476 ) ;
#5764 = DIRECTION ( 'NONE',  ( -0.0000000000000000000, -0.0000000000000000000, 1.000000000000000000 ) ) ;
#5765 = CARTESIAN_POINT ( 'NONE',  ( -1.406790562987002100, -13.30869763063353000, 11.50000000000000500 ) ) ;
#5766 = VECTOR ( 'NONE', #1275, 1000.000000000000000 ) ;
#5767 = CARTESIAN_POINT ( 'NONE',  ( 4.047705567202546800, 4.745911949685530700, 11.50000000000000000 ) ) ;
#5768 = CARTESIAN_POINT ( 'NONE',  ( -4.174409767101311200, 4.679077330107779700, 11.50000000000000000 ) ) ;
#5769 = CARTESIAN_POINT ( 'NONE',  ( 0.4767944487054360800, 5.310612675836932100, 11.50000000000000700 ) ) ;
#5770 = CARTESIAN_POINT ( 'NONE',  ( -1.578947368421053800, -14.74736842105263300, 11.50000000000000000 ) ) ;
#5771 = EDGE_LOOP ( 'NONE', ( #346, #4155, #2242 ) ) ;
#5772 = DATE_TIME_ROLE ( 'creation_date' ) ;
#5773 = CARTESIAN_POINT ( 'NONE',  ( 4.498892489549902500, 4.724873795327885000, 11.50000000000000400 ) ) ;
#5774 = LINE ( 'NONE', #3828, #251 ) ;
#5775 = CARTESIAN_POINT ( 'NONE',  ( 4.053740596534486200, -16.38979130100719300, 11.49999999999999800 ) ) ;
#5776 = ORIENTED_EDGE ( 'NONE', *, *, #7252, .T. ) ;
#5777 = CARTESIAN_POINT ( 'NONE',  ( -4.180873309575449800, 5.364479317222135000, 11.50000000000000200 ) ) ;
#5778 = DIRECTION ( 'NONE',  ( 0.0000000000000000000, 1.000000000000000000, 0.0000000000000000000 ) ) ;
#5779 = CARTESIAN_POINT ( 'NONE',  ( -3.212085417342104500, 5.332071747671568200, 11.49999999999999800 ) ) ;
#5780 = VERTEX_POINT ( 'NONE', #5148 ) ;
#5781 = CARTESIAN_POINT ( 'NONE',  ( 0.0000000000000000000, 0.0000000000000000000, 11.50000000000000000 ) ) ;
#5782 = CARTESIAN_POINT ( 'NONE',  ( -3.818867924528178000, 4.635220125786157800, 11.49999999999999800 ) ) ;
#5783 = ORIENTED_EDGE ( 'NONE', *, *, #6629, .T. ) ;
#5784 = DIRECTION ( 'NONE',  ( 0.0000000000000000000, -1.000000000000000000, 0.0000000000000000000 ) ) ;
#5785 = CARTESIAN_POINT ( 'NONE',  ( 2.705129000363260400, 4.660987552046673700, 11.49999999999999800 ) ) ;
#5786 = CARTESIAN_POINT ( 'NONE',  ( -2.947826847742959400, 4.857790844939050800, 11.49999999999999500 ) ) ;
#5787 = VERTEX_POINT ( 'NONE', #8196 ) ;
#5788 = AXIS2_PLACEMENT_3D ( 'NONE', #8422, #203, #7892 ) ;
#5789 = LINE ( 'NONE', #9100, #3664 ) ;
#5790 = EDGE_CURVE ( 'NONE', #2468, #1498, #6993, .T. ) ;
#5791 = ORIENTED_EDGE ( 'NONE', *, *, #9095, .F. ) ;
#5792 = B_SPLINE_CURVE_WITH_KNOTS ( 'NONE', 3,
 ( #1741, #7308, #6361, #3364, #877, #8610, #5608, #4369, #1050, #6374, #3914 ),
 .UNSPECIFIED., .F., .F.,
 ( 4, 1, 1, 1, 1, 1, 1, 1, 4 ),
 ( 0.0000000000000000000, 0.06538569899855739600, 0.1400407909576406600, 0.2332735670051145900, 0.3431494472918043000, 0.4753696000748676200, 0.6272976543278829800, 0.8035269571762657700, 1.000000000000000000 ),
 .UNSPECIFIED. ) ;
#5793 = DIRECTION ( 'NONE',  ( -0.0000000000000000000, 0.0000000000000000000, 1.000000000000000000 ) ) ;
#5794 = CARTESIAN_POINT ( 'NONE',  ( -3.061619063005097000, 4.637472651390947200, 11.50000000000000700 ) ) ;
#5795 = CARTESIAN_POINT ( 'NONE',  ( 0.2678346865823957900, -14.18062304489363800, 11.50000000000000400 ) ) ;
#5796 = LINE ( 'NONE', #331, #7361 ) ;
#5797 = EDGE_LOOP ( 'NONE', ( #1238, #4069, #1444, #3318, #8308, #439 ) ) ;
#5798 = CARTESIAN_POINT ( 'NONE',  ( -1.463028625293162400, -16.13822346415421900, 11.49999999999999600 ) ) ;
#5799 = CARTESIAN_POINT ( 'NONE',  ( -0.2210120541437912100, 9.042754819526623000, 11.50000000000000000 ) ) ;
#5800 = CARTESIAN_POINT ( 'NONE',  ( 1.817744857367675500, 5.239584819835611600, 11.50000000000000000 ) ) ;
#5801 = CARTESIAN_POINT ( 'NONE',  ( 3.392313067784888900, 5.259119496855342700, 11.50000000000000000 ) ) ;
#5802 = EDGE_LOOP ( 'NONE', ( #4142, #4454, #4074 ) ) ;
#5803 = LINE ( 'NONE', #8209, #3786 ) ;
#5804 = EDGE_CURVE ( 'NONE', #4827, #3117, #6766, .T. ) ;
#5805 = ORIENTED_EDGE ( 'NONE', *, *, #1651, .T. ) ;
#5806 = LINE ( 'NONE', #4553, #5020 ) ;
#5807 = CARTESIAN_POINT ( 'NONE',  ( 0.8670818811817687700, -11.13629693912985800, 11.50000000000000400 ) ) ;
#5808 = VERTEX_POINT ( 'NONE', #5550 ) ;
#5809 = CARTESIAN_POINT ( 'NONE',  ( -4.013361979404011800, 4.597504602112711500, 11.50000000000000200 ) ) ;
#5810 = ORIENTED_EDGE ( 'NONE', *, *, #134, .F. ) ;
#5811 = CARTESIAN_POINT ( 'NONE',  ( 2.412675191826559700, 5.248796359847939500, 11.50000000000000000 ) ) ;
#5812 = CARTESIAN_POINT ( 'NONE',  ( -2.748538011695905900, -9.197660818713457000, 11.49999999999999800 ) ) ;
#5813 = ORIENTED_EDGE ( 'NONE', *, *, #5430, .F. ) ;
#5814 = CARTESIAN_POINT ( 'NONE',  ( -0.8436269666743733100, 4.798364307885189600, 11.50000000000000400 ) ) ;
#5815 = EDGE_CURVE ( 'NONE', #4586, #1652, #6539, .T. ) ;
#5816 = LINE ( 'NONE', #7975, #4370 ) ;
#5817 = CARTESIAN_POINT ( 'NONE',  ( -2.417889587700786400, 5.405031446540877300, 11.50000000000000000 ) ) ;
#5818 = CARTESIAN_POINT ( 'NONE',  ( 1.646316096591156500, 5.104413847140810000, 11.50000000000000400 ) ) ;
#5819 = CARTESIAN_POINT ( 'NONE',  ( 0.3133278473082327100, -16.95916774021288700, 11.50000000000000500 ) ) ;
#5820 = CARTESIAN_POINT ( 'NONE',  ( -12.90000000000000200, 42.00000000000001400, 10.99999999999999300 ) ) ;
#5821 = B_SPLINE_CURVE_WITH_KNOTS ( 'NONE', 3,
 ( #2766, #8155, #6242, #7311, #6268, #5344, #5475, #5210, #6815, #764, #8990 ),
 .UNSPECIFIED., .F., .F.,
 ( 4, 1, 1, 1, 1, 1, 1, 1, 4 ),
 ( 0.0000000000000000000, 0.1610877923591913500, 0.3105435758191058500, 0.4500416117636790700, 0.5790400940140332200, 0.6977229715335988600, 0.8078714320282551800, 0.9079785694584058300, 1.000000000000000000 ),
 .UNSPECIFIED. ) ;
#5822 = CARTESIAN_POINT ( 'NONE',  ( 4.423270749484399500, -17.15821478053047500, 11.49999999999999800 ) ) ;
#5823 = ORIENTED_EDGE ( 'NONE', *, *, #4154, .T. ) ;
#5824 = CARTESIAN_POINT ( 'NONE',  ( -6.397379542625473400, -0.7097228931188052100, 11.00000000000000000 ) ) ;
#5825 = CIRCLE ( 'NONE', #6054, 0.9999999999999991100 ) ;
#5826 = ORIENTED_EDGE ( 'NONE', *, *, #9167, .F. ) ;
#5827 = CARTESIAN_POINT ( 'NONE',  ( -2.679858495668822300, -16.85609547496635600, 11.50000000000000400 ) ) ;
#5828 = EDGE_CURVE ( 'NONE', #7912, #2084, #1155, .T. ) ;
#5829 = DIRECTION ( 'NONE',  ( 1.000000000000000000, 0.0000000000000000000, 0.0000000000000000000 ) ) ;
#5830 = CARTESIAN_POINT ( 'NONE',  ( -1.376132699032014400, -10.68133540471384400, 11.50000000000000400 ) ) ;
#5831 = LINE ( 'NONE', #1457, #3912 ) ;
#5832 = CARTESIAN_POINT ( 'NONE',  ( -1.337651213155863500, -17.10998910612125100, 11.50000000000000000 ) ) ;
#5833 = VECTOR ( 'NONE', #7280, 1000.000000000000000 ) ;
#5834 = CARTESIAN_POINT ( 'NONE',  ( -0.4841691223513901500, -13.96535778934530600, 11.50000000000000200 ) ) ;
#5835 = CARTESIAN_POINT ( 'NONE',  ( -0.2697442188246384500, -14.33169825214959300, 11.50000000000000700 ) ) ;
#5836 = VERTEX_POINT ( 'NONE', #1383 ) ;
#5837 = CARTESIAN_POINT ( 'NONE',  ( -3.427138104355573800, -16.67099493388909800, 11.49999999999999600 ) ) ;
#5839 = VERTEX_POINT ( 'NONE', #7814 ) ;
#5838 = CARTESIAN_POINT ( 'NONE',  ( 4.801169590643271900, -16.82433582058024200, 11.49999999999999800 ) ) ;
#5840 = VECTOR ( 'NONE', #4327, 1000.000000000000000 ) ;
#5841 = B_SPLINE_CURVE_WITH_KNOTS ( 'NONE', 3,
 ( #3836, #1346, #7602, #7791, #4089, #8337, #1491, #5960, #6969, #8217, #6996, #1572, #1335 ),
 .UNSPECIFIED., .F., .F.,
 ( 4, 3, 3, 3, 4 ),
 ( 3.252606517456513300E-019, 1.343861212378842500E-005, 4.245058494564610800E-005, 7.227205819732269500E-005, 0.0001022930259220222800 ),
 .UNSPECIFIED. ) ;
#5842 = CARTESIAN_POINT ( 'NONE',  ( -1.428893379971985200, -17.03241599555271800, 11.49999999999999600 ) ) ;
#5843 = CARTESIAN_POINT ( 'NONE',  ( -1.722330364748308800, -10.82327599625019100, 11.49999999999999800 ) ) ;
#5844 = ORIENTED_EDGE ( 'NONE', *, *, #1986, .T. ) ;
#5845 = CARTESIAN_POINT ( 'NONE',  ( 1.170746677209317800, -9.539952074781018300, 11.50000000000000000 ) ) ;
#5846 = CARTESIAN_POINT ( 'NONE',  ( -3.897597903127866500, 5.081328582503013900, 11.49999999999999800 ) ) ;
#5847 = EDGE_CURVE ( 'NONE', #7906, #4127, #4289, .T. ) ;
#5848 = CARTESIAN_POINT ( 'NONE',  ( -1.786483259766493200, 5.158599717196906000, 11.50000000000000200 ) ) ;
#5849 = ORIENTED_EDGE ( 'NONE', *, *, #349, .F. ) ;
#5850 = CARTESIAN_POINT ( 'NONE',  ( -3.008458541514273100, 4.769671382998272900, 11.50000000000000000 ) ) ;
#5851 = PLANE ( 'NONE',  #2529 ) ;
#5852 = CARTESIAN_POINT ( 'NONE',  ( 2.578529220416739200, -9.218294829107510000, 11.49999999999999800 ) ) ;
#5853 = EDGE_LOOP ( 'NONE', ( #1288, #8764, #8415, #198, #6152, #1180, #3609, #4048, #7817, #6631 ) ) ;
#5854 = VERTEX_POINT ( 'NONE', #3394 ) ;
#5855 = CARTESIAN_POINT ( 'NONE',  ( -1.354149373277671700, -16.45960993785648800, 11.50000000000000500 ) ) ;
#5856 = CARTESIAN_POINT ( 'NONE',  ( 0.01820382462695061000, -14.60220859825567200, 11.50000000000000200 ) ) ;
#5857 = CARTESIAN_POINT ( 'NONE',  ( -4.026648031679354000, 5.178616352201252900, 11.50000000000000200 ) ) ;
#5858 = CARTESIAN_POINT ( 'NONE',  ( 0.0000000000000000000, -10.73274853801170200, 11.50000000000000000 ) ) ;
#5859 = CARTESIAN_POINT ( 'NONE',  ( -3.013277428371643000, 5.425157232704399300, 11.50000000000000000 ) ) ;
#5860 = EDGE_LOOP ( 'NONE', ( #2684, #341, #4968, #4960, #511, #8447, #7156, #4372 ) ) ;
#5861 = EDGE_CURVE ( 'NONE', #4438, #3561, #406, .T. ) ;
#5862 = EDGE_LOOP ( 'NONE', ( #5791, #2029, #1723, #1385 ) ) ;
#5863 = DIRECTION ( 'NONE',  ( 1.000000000000000000, 0.0000000000000000000, 0.0000000000000000000 ) ) ;
#5864 = CARTESIAN_POINT ( 'NONE',  ( -3.551754332318600900, 5.169635331453163100, 11.49999999999999800 ) ) ;
#5865 = ORIENTED_EDGE ( 'NONE', *, *, #8344, .F. ) ;
#5866 = DIRECTION ( 'NONE',  ( -0.0000000000000000000, -0.0000000000000000000, -1.000000000000000000 ) ) ;
#5867 = CARTESIAN_POINT ( 'NONE',  ( -4.665520987885681600, 4.702075108809295600, 11.50000000000000000 ) ) ;
#5868 = ORIENTED_EDGE ( 'NONE', *, *, #4076, .F. ) ;
#5869 = ORIENTED_EDGE ( 'NONE', *, *, #6041, .T. ) ;
#5870 = CARTESIAN_POINT ( 'NONE',  ( -0.5210342417888366200, 4.776100628930813700, 11.50000000000000000 ) ) ;
#5871 = CARTESIAN_POINT ( 'NONE',  ( 0.7836257309941512300, -16.57872178549252600, 11.50000000000000200 ) ) ;
#5872 = CARTESIAN_POINT ( 'NONE',  ( -1.857728501192052100, 4.994456222831484400, 11.50000000000001100 ) ) ;
#5873 = EDGE_CURVE ( 'NONE', #703, #3351, #6733, .T. ) ;
#5874 = CARTESIAN_POINT ( 'NONE',  ( 0.2336089299961067200, -13.63114410997166500, 11.50000000000000500 ) ) ;
#5875 = CARTESIAN_POINT ( 'NONE',  ( -26.60326843852261900, 20.49999999999999600, 2.000000000000000000 ) ) ;
#5876 = CARTESIAN_POINT ( 'NONE',  ( 1.085228878534467300, 4.738791484853305900, 11.50000000000000200 ) ) ;
#5877 = VECTOR ( 'NONE', #3103, 1000.000000000000000 ) ;
#5878 = VERTEX_POINT ( 'NONE', #106 ) ;
#5879 = CARTESIAN_POINT ( 'NONE',  ( 2.693498729393275100, 4.741899453483590300, 11.49999999999999800 ) ) ;
#5880 = CARTESIAN_POINT ( 'NONE',  ( -4.424253945487477000, 4.650944114338917000, 11.50000000000000000 ) ) ;
#5881 = DIRECTION ( 'NONE',  ( -1.000000000000000000, -0.0000000000000000000, -0.0000000000000000000 ) ) ;
#5882 = CARTESIAN_POINT ( 'NONE',  ( -0.7195015548373000500, -13.70857272511950800, 11.49999999999999500 ) ) ;
#5883 = CARTESIAN_POINT ( 'NONE',  ( -3.785055743059034600, -17.16243282649568500, 11.50000000000000200 ) ) ;
#5884 = CARTESIAN_POINT ( 'NONE',  ( -3.578154381011837700, -10.97784020597969100, 11.50000000000000000 ) ) ;
#5885 = ADVANCED_FACE ( 'NONE', ( #5979 ), #4277, .T. ) ;
#5886 = CARTESIAN_POINT ( 'NONE',  ( 1.976799440950507900, 5.364779874213833300, 11.49999999999999800 ) ) ;
#5887 = CARTESIAN_POINT ( 'NONE',  ( -1.839712237645028600, 5.387455698707250400, 11.50000000000000000 ) ) ;
#5888 = DIRECTION ( 'NONE',  ( 0.9877629653290694900, -0.1559625734730077400, 0.0000000000000000000 ) ) ;
#5889 = CARTESIAN_POINT ( 'NONE',  ( -3.952121577950994600, 4.697869518532358200, 11.49999999999999600 ) ) ;
#5890 = CARTESIAN_POINT ( 'NONE',  ( -3.571287495566191100, 1.214723637947684500, 11.50000000000000000 ) ) ;
#5891 = ORIENTED_EDGE ( 'NONE', *, *, #1837, .T. ) ;
#5892 = EDGE_CURVE ( 'NONE', #6745, #2584, #7555, .T. ) ;
#5893 = CARTESIAN_POINT ( 'NONE',  ( -1.531521718194227300, -16.24059210748903600, 11.50000000000000200 ) ) ;
#5894 = CARTESIAN_POINT ( 'NONE',  ( -0.9281227052436816800, -11.75871099471497800, 11.50000000000000200 ) ) ;
#5895 = CARTESIAN_POINT ( 'NONE',  ( -3.932657587322322600, -16.53843801996184500, 11.50000000000000000 ) ) ;
#5896 = CARTESIAN_POINT ( 'NONE',  ( -2.809855124105316900, -16.83366141715149300, 11.50000000000000200 ) ) ;
#5897 = LINE ( 'NONE', #201, #7774 ) ;
#5898 = CARTESIAN_POINT ( 'NONE',  ( 1.073732719503785100, 4.679898126966508100, 11.50000000000000500 ) ) ;
#5899 = ORIENTED_EDGE ( 'NONE', *, *, #8100, .T. ) ;
#5900 = CARTESIAN_POINT ( 'NONE',  ( 0.0000000000000000000, 5.349685534591191800, 11.50000000000000000 ) ) ;
#5901 = DIRECTION ( 'NONE',  ( -0.3201723590833782700, -0.9473593090686259800, 0.0000000000000000000 ) ) ;
#5902 = CARTESIAN_POINT ( 'NONE',  ( -2.987097730501152300, 4.796531978395754500, 11.49999999999999500 ) ) ;
#5903 = VECTOR ( 'NONE', #8880, 1000.000000000000000 ) ;
#5904 = EDGE_CURVE ( 'NONE', #6411, #8687, #736, .T. ) ;
#5905 = B_SPLINE_CURVE_WITH_KNOTS ( 'NONE', 3,
 ( #278, #7224, #7132, #6828, #5007, #102, #3802, #3478, #6771, #1655, #7856 ),
 .UNSPECIFIED., .F., .F.,
 ( 4, 1, 1, 1, 1, 1, 1, 1, 4 ),
 ( 0.0000000000000000000, 0.1204649325309427000, 0.2375644343170269000, 0.3535037423397862100, 0.4703304175167316600, 0.5922269133081055100, 0.7199799693228068300, 0.8549758137790786100, 1.000000000000000000 ),
 .UNSPECIFIED. ) ;
#5906 = ORIENTED_EDGE ( 'NONE', *, *, #6602, .T. ) ;
#5907 = CARTESIAN_POINT ( 'NONE',  ( -2.763157894736841600, -11.75614035087719800, 11.49999999999999600 ) ) ;
#5908 = CARTESIAN_POINT ( 'NONE',  ( 3.395366012425577600, 4.670134820966437100, 11.50000000000000200 ) ) ;
#5909 = CARTESIAN_POINT ( 'NONE',  ( -8.285786437626924800, -23.69999999999999900, 2.000000000000000000 ) ) ;
#5910 = CARTESIAN_POINT ( 'NONE',  ( 4.613643862846924300, 4.604180842723176100, 11.50000000000000000 ) ) ;
#5911 = ORIENTED_EDGE ( 'NONE', *, *, #5503, .T. ) ;
#5912 = CARTESIAN_POINT ( 'NONE',  ( -1.831099662466908300, 4.881913795345648000, 11.50000000000000400 ) ) ;
#5913 = CARTESIAN_POINT ( 'NONE',  ( 2.691676944983328700, -9.191370883457864200, 11.49999999999999800 ) ) ;
#5914 = CARTESIAN_POINT ( 'NONE',  ( 0.1375105033525136100, 4.713980703529210300, 11.50000000000000500 ) ) ;
#5915 = CARTESIAN_POINT ( 'NONE',  ( -1.355354556875720800, -16.62584158451223000, 11.50000000000000000 ) ) ;
#5916 = FACE_OUTER_BOUND ( 'NONE', #9151, .T. ) ;
#5917 = ORIENTED_EDGE ( 'NONE', *, *, #3313, .F. ) ;
#5918 = EDGE_CURVE ( 'NONE', #5938, #5464, #4872, .T. ) ;
#5919 = CARTESIAN_POINT ( 'NONE',  ( 2.652837550662968400, -11.73888762421252900, 11.49999999999999600 ) ) ;
#5920 = PRODUCT_DEFINITION_SHAPE ( 'NONE', 'NONE',  #2205 ) ;
#5921 = CARTESIAN_POINT ( 'NONE',  ( 2.085456142928363600, 4.985752717633259200, 11.49999999999999600 ) ) ;
#5922 = CARTESIAN_POINT ( 'NONE',  ( 4.504635453063251300, 5.364779874213834200, 11.50000000000000200 ) ) ;
#5923 = CARTESIAN_POINT ( 'NONE',  ( -10.00000000000000500, 22.60000000000000100, 2.000000000000000000 ) ) ;
#5924 = ORIENTED_EDGE ( 'NONE', *, *, #7633, .F. ) ;
#5925 = CARTESIAN_POINT ( 'NONE',  ( 1.103156591124832900, -10.38280966261289300, 11.50000000000000200 ) ) ;
#5926 = CARTESIAN_POINT ( 'NONE',  ( 3.198510769621334400, 4.699348708768176200, 11.49999999999999800 ) ) ;
#5927 = ORIENTED_EDGE ( 'NONE', *, *, #5082, .T. ) ;
#5928 = EDGE_CURVE ( 'NONE', #8585, #4341, #3178, .T. ) ;
#5929 = ORIENTED_EDGE ( 'NONE', *, *, #2089, .T. ) ;
#5930 = DIRECTION ( 'NONE',  ( 1.000000000000000000, 5.171644362756003800E-014, 0.0000000000000000000 ) ) ;
#5931 = DIRECTION ( 'NONE',  ( 1.000000000000000000, 0.0000000000000000000, 0.0000000000000000000 ) ) ;
#5932 = CARTESIAN_POINT ( 'NONE',  ( -4.336808689942017700E-016, -0.8432716171678283900, 11.50000000000000000 ) ) ;
#5933 = CARTESIAN_POINT ( 'NONE',  ( 2.749852331859166600, -11.47024718531172700, 11.50000000000000200 ) ) ;
#5934 = B_SPLINE_CURVE_WITH_KNOTS ( 'NONE', 3,
 ( #920, #1231, #5795, #5683, #8977, #7894, #4654, #3534, #3460, #3985, #4748, #4399, #2659, #1868, #7811, #5856, #5031, #1855, #2847, #2296, #7358, #3720, #1024, #6336, #9103, #4179, #4482, #7835, #5835, #882, #7018, #6408, #640, #8842, #5699, #8886, #3083, #6197, #718 ),
 .UNSPECIFIED., .F., .F.,
 ( 4, 1, 1, 1, 1, 1, 1, 1, 1, 1, 1, 1, 1, 1, 1, 1, 1, 1, 1, 1, 1, 1, 1, 1, 1, 1, 1, 1, 1, 1, 1, 1, 1, 1, 1, 1, 4 ),
 ( 0.5000000000000013300, 0.5067961071429005800, 0.5343186165718467600, 0.5610714717653663100, 0.5872164789471943100, 0.5998136913342622100, 0.6116056223523570500, 0.6228219602330005200, 0.6335006456785912100, 0.6438125983354725500, 0.6537308072907898100, 0.6635510547046408200, 0.6733203971490608900, 0.6828846819648870500, 0.6919522600454488500, 0.7007992157679401300, 0.7096461714904315200, 0.7185813493378794300, 0.7279002643825235300, 0.7376696068269437100, 0.7481945845921855700, 0.7592118259510025600, 0.7706136592895043200, 0.7825241103117396300, 0.7949873885925098400, 0.8082541560573609500, 0.8224044904674660000, 0.8373652535963493900, 0.8533063216488513400, 0.8699592783232524800, 0.8870380132243673700, 0.9044527392465677700, 0.9224617228092189000, 0.9409912505243380700, 0.9600720790215910800, 0.9797323777311352000, 1.000000000000000000 ),
 .UNSPECIFIED. ) ;
#5935 = CARTESIAN_POINT ( 'NONE',  ( 4.058479532163741700, -16.45591476794866300, 11.49999999999999800 ) ) ;
#5936 = B_SPLINE_CURVE_WITH_KNOTS ( 'NONE', 3,
 ( #8294, #7831, #3206, #569, #1908, #5660, #991, #6804, #6679, #3173, #2291, #4014, #8043, #3847, #323, #2626, #4186, #4999, #2572 ),
 .UNSPECIFIED., .F., .F.,
 ( 4, 1, 1, 1, 1, 1, 1, 1, 1, 1, 1, 1, 1, 1, 1, 1, 4 ),
 ( 0.0000000000000000000, 0.06568583500536717700, 0.1295563369669837700, 0.1918542338536616300, 0.2524019295563266800, 0.3122006113748276900, 0.3712769804506787000, 0.4297377795643191300, 0.4884889764566549000, 0.5475016138354511500, 0.6074288736117011700, 0.6682570049176919100, 0.7307769006886457600, 0.7947731452727528900, 0.8608031084925371600, 0.9291321993577849000, 1.000000000000000000 ),
 .UNSPECIFIED. ) ;
#5937 = CARTESIAN_POINT ( 'NONE',  ( 0.1214272942612111300, -17.02776457981169500, 11.50000000000000000 ) ) ;
#5938 = VERTEX_POINT ( 'NONE', #3247 ) ;
#5939 = CARTESIAN_POINT ( 'NONE',  ( -3.831609133794676000, 5.190634254906537000, 11.50000000000000000 ) ) ;
#5940 = VECTOR ( 'NONE', #582, 999.9999999999998900 ) ;
#5941 = CARTESIAN_POINT ( 'NONE',  ( 0.1169590643274853700, -9.840935672514625300, 11.50000000000000000 ) ) ;
#5942 = ORIENTED_EDGE ( 'NONE', *, *, #3969, .T. ) ;
#5943 = CARTESIAN_POINT ( 'NONE',  ( 3.257402699462355500, -10.70051937758158500, 11.50000000000000000 ) ) ;
#5944 = CARTESIAN_POINT ( 'NONE',  ( 0.8440559374039974200, -16.60580706415282000, 11.50000000000000500 ) ) ;
#5945 = CARTESIAN_POINT ( 'NONE',  ( 1.576147216398912300, 4.615094339622638500, 11.50000000000000000 ) ) ;
#5946 = ORIENTED_EDGE ( 'NONE', *, *, #3700, .F. ) ;
#5947 = CARTESIAN_POINT ( 'NONE',  ( -3.884857224687712700, -17.13436248943683500, 11.50000000000000200 ) ) ;
#5948 = ORIENTED_EDGE ( 'NONE', *, *, #5054, .F. ) ;
#5949 = ORIENTED_EDGE ( 'NONE', *, *, #2410, .T. ) ;
#5950 = CARTESIAN_POINT ( 'NONE',  ( -3.438074619844740300, -16.83186347019582700, 11.49999999999999600 ) ) ;
#5951 = CARTESIAN_POINT ( 'NONE',  ( -0.5026204573745307600, -1.707778803852021200, 11.00000000000000000 ) ) ;
#5952 = CARTESIAN_POINT ( 'NONE',  ( -1.375535750963762200, 5.210990646816310500, 11.50000000000000000 ) ) ;
#5953 = ORIENTED_EDGE ( 'NONE', *, *, #4636, .T. ) ;
#5954 = DIRECTION ( 'NONE',  ( -0.7071067811865505700, 0.7071067811865444600, 0.0000000000000000000 ) ) ;
#5955 = B_SPLINE_CURVE_WITH_KNOTS ( 'NONE', 3,
 ( #8721, #4442, #7612, #5496, #7164, #5013, #3645, #4573, #427, #7653, #9111, #3879, #4965, #215, #1570, #3042, #7771, #6120, #1472 ),
 .UNSPECIFIED., .F., .F.,
 ( 4, 1, 1, 1, 1, 1, 1, 1, 1, 1, 1, 1, 1, 1, 1, 1, 4 ),
 ( 0.0000000000000000000, 0.08331295911395286700, 0.1627903636691938600, 0.2378629247875404500, 0.3086634228204990800, 0.3757173095077339700, 0.4397798490854382100, 0.5006545744052304200, 0.5588044877214811700, 0.6154226201562846800, 0.6697792571151478500, 0.7232079023254358600, 0.7773410324290780400, 0.8306788318432167800, 0.8853634739861491200, 0.9416056161817540900, 1.000000000000000000 ),
 .UNSPECIFIED. ) ;
#5956 = ORIENTED_EDGE ( 'NONE', *, *, #2473, .F. ) ;
#5957 = AXIS2_PLACEMENT_3D ( 'NONE', #3276, #6837, #6105 ) ;
#5958 = EDGE_CURVE ( 'NONE', #8085, #3915, #180, .T. ) ;
#5959 = ORIENTED_EDGE ( 'NONE', *, *, #6407, .F. ) ;
#5960 = CARTESIAN_POINT ( 'NONE',  ( 0.7092944836111387800, 4.652405794766967700, 11.50000000000000000 ) ) ;
#5961 = VERTEX_POINT ( 'NONE', #2972 ) ;
#5962 = CARTESIAN_POINT ( 'NONE',  ( -0.7835966752779864900, -11.75119832796009200, 11.49999999999999800 ) ) ;
#5963 = ORIENTED_EDGE ( 'NONE', *, *, #1976, .T. ) ;
#5964 = CARTESIAN_POINT ( 'NONE',  ( 0.2710454783031001600, -13.99405598322055500, 11.50000000000000500 ) ) ;
#5965 = CARTESIAN_POINT ( 'NONE',  ( -3.310423227426174900, -16.55659723305199200, 11.50000000000000000 ) ) ;
#5966 = EDGE_CURVE ( 'NONE', #7091, #7230, #409, .T. ) ;
#5967 = FACE_OUTER_BOUND ( 'NONE', #40, .T. ) ;
#5968 = CARTESIAN_POINT ( 'NONE',  ( 0.5847953216374260900, -16.39743523578491800, 11.50000000000000000 ) ) ;
#5969 = ORIENTED_EDGE ( 'NONE', *, *, #4527, .F. ) ;
#5970 = CARTESIAN_POINT ( 'NONE',  ( -0.6457023060795419300, 4.675471698113203600, 11.50000000000000000 ) ) ;
#5971 = CARTESIAN_POINT ( 'NONE',  ( 0.0000000000000000000, 0.0000000000000000000, 11.50000000000000000 ) ) ;
#5972 = CARTESIAN_POINT ( 'NONE',  ( 3.494805497321344000, 5.042767295597481200, 11.50000000000000000 ) ) ;
#5973 = CARTESIAN_POINT ( 'NONE',  ( -1.481063676395801800, -17.04819611456342800, 11.50000000000000200 ) ) ;
#5974 = CARTESIAN_POINT ( 'NONE',  ( 4.451758356259757600, 5.418772163068712000, 11.50000000000000000 ) ) ;
#5975 = CARTESIAN_POINT ( 'NONE',  ( -2.829391199245014900, -16.35204261427470100, 11.50000000000000200 ) ) ;
#5976 = FACE_BOUND ( 'NONE', #6703, .T. ) ;
#5977 = ADVANCED_FACE ( 'NONE', ( #7993 ), #2998, .F. ) ;
#5978 = CARTESIAN_POINT ( 'NONE',  ( -4.016517943483519200, 5.220526096494418200, 11.50000000000000200 ) ) ;
#5979 = FACE_OUTER_BOUND ( 'NONE', #5549, .T. ) ;
#5980 = LINE ( 'NONE', #9163, #4534 ) ;
#5981 = DIRECTION ( 'NONE',  ( -1.000000000000000000, 0.0000000000000000000, -0.0000000000000000000 ) ) ;
#5982 = CARTESIAN_POINT ( 'NONE',  ( 0.0000000000000000000, 0.0000000000000000000, 11.50000000000000000 ) ) ;
#5983 = EDGE_CURVE ( 'NONE', #2166, #1399, #2195, .T. ) ;
#5984 = CARTESIAN_POINT ( 'NONE',  ( -3.095295204384904700, -9.279878710986736200, 11.50000000000000200 ) ) ;
#5985 = FACE_OUTER_BOUND ( 'NONE', #8409, .T. ) ;
#5986 = B_SPLINE_CURVE_WITH_KNOTS ( 'NONE', 3,
 ( #4666, #4859, #9197, #6783, #3948, #7684, #7745, #3406, #3997, #919, #2005, #9210, #7754, #4833, #7548, #3965, #9201, #5602, #1848 ),
 .UNSPECIFIED., .F., .F.,
 ( 4, 1, 1, 1, 1, 1, 1, 1, 1, 1, 1, 1, 1, 1, 1, 1, 4 ),
 ( 0.0000000000000000000, 0.1436609678754182700, 0.2741163908746699900, 0.3908535159646906500, 0.4949115778338829500, 0.5855141520435909200, 0.6629344368475655900, 0.7271893953761485700, 0.7780166548779183800, 0.8203032257370085300, 0.8584236703633358900, 0.8923354112618149300, 0.9218474938540534000, 0.9472347472306794600, 0.9686495908687937600, 0.9860611424292755600, 1.000000000000000000 ),
 .UNSPECIFIED. ) ;
#5987 = ORIENTED_EDGE ( 'NONE', *, *, #2570, .T. ) ;
#5988 = CARTESIAN_POINT ( 'NONE',  ( -3.233678508300814200, -11.59659867029912800, 11.49999999999999500 ) ) ;
#5989 = CARTESIAN_POINT ( 'NONE',  ( -1.016261763109366400, 5.423928720505528200, 11.49999999999999800 ) ) ;
#5990 = DIRECTION ( 'NONE',  ( 0.0000000000000000000, -1.000000000000000000, 0.0000000000000000000 ) ) ;
#5991 = CARTESIAN_POINT ( 'NONE',  ( -1.572386162727925600, -17.03939583388181200, 11.50000000000000000 ) ) ;
#5992 = CARTESIAN_POINT ( 'NONE',  ( 0.6607966457024296900, 4.670440251572324000, 11.50000000000000200 ) ) ;
#5993 = CARTESIAN_POINT ( 'NONE',  ( 1.214445294076649500, 8.193262249768036300, 11.49999999999999800 ) ) ;
#5994 = CARTESIAN_POINT ( 'NONE',  ( -2.688842301420792900, 5.017610062893078600, 11.50000000000000000 ) ) ;
#5995 = EDGE_CURVE ( 'NONE', #4357, #8742, #3744, .T. ) ;
#5996 = ORIENTED_EDGE ( 'NONE', *, *, #9256, .F. ) ;
#5997 = CARTESIAN_POINT ( 'NONE',  ( -3.490610661440841900, -16.28927767498932900, 11.50000000000000200 ) ) ;
#5998 = CARTESIAN_POINT ( 'NONE',  ( 3.034521313766720000, 4.650314465408802000, 11.50000000000000000 ) ) ;
#5999 = COORDINATED_UNIVERSAL_TIME_OFFSET ( 8, 0, .AHEAD. ) ;
#6001 = ORIENTED_EDGE ( 'NONE', *, *, #7333, .F. ) ;
#6000 = VECTOR ( 'NONE', #5089, 1000.000000000000000 ) ;
#6002 = FACE_OUTER_BOUND ( 'NONE', #8539, .T. ) ;
#6003 = CARTESIAN_POINT ( 'NONE',  ( 4.672381272901344800, -16.81486989471682800, 11.49999999999999800 ) ) ;
#6004 = ORIENTED_EDGE ( 'NONE', *, *, #1263, .T. ) ;
#6005 = CARTESIAN_POINT ( 'NONE',  ( -0.4015883457104955100, 5.339435907474912900, 11.50000000000000000 ) ) ;
#6006 = CARTESIAN_POINT ( 'NONE',  ( -2.826756663383154700, -16.17743182574597000, 11.49999999999999800 ) ) ;
#6007 = CARTESIAN_POINT ( 'NONE',  ( -5.453481666572876000, 1.853310336137617500, 11.50000000000000000 ) ) ;
#6008 = CARTESIAN_POINT ( 'NONE',  ( -1.614035087719299300, -13.62456140350877100, 11.50000000000000000 ) ) ;
#6009 = CARTESIAN_POINT ( 'NONE',  ( -2.765314587097833500, -17.07010487540690500, 11.50000000000000200 ) ) ;
#6010 = VECTOR ( 'NONE', #3667, 1000.000000000000000 ) ;
#6011 = DIRECTION ( 'NONE',  ( -0.2667717049268519800, -0.9637597508977123800, 0.0000000000000000000 ) ) ;
#6012 = LINE ( 'NONE', #2962, #2761 ) ;
#6013 = EDGE_CURVE ( 'NONE', #3233, #563, #6944, .T. ) ;
#6014 = CARTESIAN_POINT ( 'NONE',  ( 1.650429001161554300, 5.216820895085179500, 11.49999999999999800 ) ) ;
#6015 = ORIENTED_EDGE ( 'NONE', *, *, #3022, .F. ) ;
#6016 = CARTESIAN_POINT ( 'NONE',  ( 1.321040411920252300, -0.4501322885061639900, 11.50000000000000000 ) ) ;
#6017 = CARTESIAN_POINT ( 'NONE',  ( 0.0000000000000000000, 0.0000000000000000000, 11.50000000000000000 ) ) ;
#6018 = ADVANCED_FACE ( 'NONE', ( #3960 ), #91, .F. ) ;
#6019 = EDGE_LOOP ( 'NONE', ( #5253, #2642, #7926, #7136 ) ) ;
#6020 = CARTESIAN_POINT ( 'NONE',  ( -1.967381683697864100, 4.681053703910003500, 11.50000000000000700 ) ) ;
#6021 = CARTESIAN_POINT ( 'NONE',  ( 3.925273701374454300, 5.213836477987418200, 11.50000000000000000 ) ) ;
#6022 = CARTESIAN_POINT ( 'NONE',  ( -1.024659321515895700, -11.47833714850065200, 11.50000000000000500 ) ) ;
#6023 = ORIENTED_EDGE ( 'NONE', *, *, #3753, .F. ) ;
#6024 = VERTEX_POINT ( 'NONE', #5079 ) ;
#6025 = CARTESIAN_POINT ( 'NONE',  ( 0.5614035087719289100, -16.87111944631123400, 11.49999999999999800 ) ) ;
#6026 = CARTESIAN_POINT ( 'NONE',  ( -5.900000000000000400, 42.00000000000001400, 11.49999999999999300 ) ) ;
#6027 = CC_DESIGN_PERSON_AND_ORGANIZATION_ASSIGNMENT ( #4554, #6396, ( #4593 ) ) ;
#6028 = EDGE_CURVE ( 'NONE', #8421, #3009, #3424, .T. ) ;
#6029 = CARTESIAN_POINT ( 'NONE',  ( 1.892426324555188000, 5.408289624185220700, 11.50000000000000200 ) ) ;
#6030 = B_SPLINE_CURVE_WITH_KNOTS ( 'NONE', 3,
 ( #4605, #5604, #4426, #3605, #4324, #5984, #8756, #3062, #4931, #6868, #626, #28, #4683, #2728, #5439, #8077, #3411, #7537, #1149 ),
 .UNSPECIFIED., .F., .F.,
 ( 4, 1, 1, 1, 1, 1, 1, 1, 1, 1, 1, 1, 1, 1, 1, 1, 4 ),
 ( 0.0000000000000000000, 0.05143286111102574100, 0.1014401110021394500, 0.1501615840739198800, 0.1990668340032708500, 0.2484645926620375800, 0.2992970753361758900, 0.3521682666383064700, 0.4081592459683917000, 0.4667230381341177500, 0.5288979851538806500, 0.5948276400110970000, 0.6652745853425372500, 0.7405325024492622800, 0.8213888574338474900, 0.9077950006466913900, 1.000000000000000000 ),
 .UNSPECIFIED. ) ;
#6031 = CARTESIAN_POINT ( 'NONE',  ( 2.410322580645285000, 6.402580645161286600, 11.50000000000000000 ) ) ;
#6032 = EDGE_LOOP ( 'NONE', ( #2646, #2698, #5987, #4185 ) ) ;
#6033 = CARTESIAN_POINT ( 'NONE',  ( 0.4505384365189404900, -16.40500407189236400, 11.49999999999999600 ) ) ;
#6034 = CARTESIAN_POINT ( 'NONE',  ( 4.672514619883037800, -16.82433582058024200, 11.49999999999999800 ) ) ;
#6035 = CARTESIAN_POINT ( 'NONE',  ( 3.644525043250940400, 4.670009692457362900, 11.49999999999999600 ) ) ;
#6036 = VECTOR ( 'NONE', #5553, 1000.000000000000000 ) ;
#6037 = DIRECTION ( 'NONE',  ( -0.0000000000000000000, 0.0000000000000000000, 1.000000000000000000 ) ) ;
#6038 = CARTESIAN_POINT ( 'NONE',  ( -0.5582764812459115600, -10.16096419709307400, 11.49999999999999800 ) ) ;
#6039 = CARTESIAN_POINT ( 'NONE',  ( 1.550683089866589800, 4.622539366559073500, 11.50000000000000200 ) ) ;
#6040 = EDGE_LOOP ( 'NONE', ( #5868, #2449, #8178, #5826 ) ) ;
#6041 = EDGE_CURVE ( 'NONE', #3799, #5335, #7395, .T. ) ;
#6042 = CARTESIAN_POINT ( 'NONE',  ( 4.668809690193462800, 4.841509433962261100, 11.50000000000000000 ) ) ;
#6043 = CARTESIAN_POINT ( 'NONE',  ( 2.719217330538207500, 5.334591194968549400, 11.50000000000000000 ) ) ;
#6044 = CARTESIAN_POINT ( 'NONE',  ( 0.3292802236199688400, 4.776100628930813700, 11.50000000000000000 ) ) ;
#6045 = CARTESIAN_POINT ( 'NONE',  ( -0.9174004192870883800, 4.967295597484273600, 11.50000000000000200 ) ) ;
#6046 = VECTOR ( 'NONE', #7484, 1000.000000000000000 ) ;
#6047 = LINE ( 'NONE', #8457, #2935 ) ;
#6048 = DIRECTION ( 'NONE',  ( -0.0000000000000000000, 0.0000000000000000000, 1.000000000000000000 ) ) ;
#6049 = CARTESIAN_POINT ( 'NONE',  ( 4.478413300202928900, -1.294339104104893500, 11.50000000000000000 ) ) ;
#6050 = ORIENTED_EDGE ( 'NONE', *, *, #504, .T. ) ;
#6051 = VERTEX_POINT ( 'NONE', #117 ) ;
#6052 = CARTESIAN_POINT ( 'NONE',  ( -3.168138642153616800, -16.52098506943718800, 11.49999999999999500 ) ) ;
#6053 = CARTESIAN_POINT ( 'NONE',  ( -0.7188964899934454600, 5.284104098121282800, 11.50000000000000000 ) ) ;
#6054 = AXIS2_PLACEMENT_3D ( 'NONE', #3399, #3624, #2889 ) ;
#6055 = ORIENTED_EDGE ( 'NONE', *, *, #6667, .T. ) ;
#6056 = EDGE_LOOP ( 'NONE', ( #2016, #8304, #8995, #7309 ) ) ;
#6057 = CARTESIAN_POINT ( 'NONE',  ( 2.427952480782790800, 5.425157232704398400, 11.50000000000000000 ) ) ;
#6058 = CARTESIAN_POINT ( 'NONE',  ( 2.192036845193152700, 5.395138852838278400, 11.49999999999999300 ) ) ;
#6059 = CARTESIAN_POINT ( 'NONE',  ( -2.807017543859649400, -16.50854634689603300, 11.50000000000000200 ) ) ;
#6060 = CARTESIAN_POINT ( 'NONE',  ( 0.0000000000000000000, 4.650314465408802000, 11.50000000000000000 ) ) ;
#6061 = CARTESIAN_POINT ( 'NONE',  ( 2.549707602339179600, -17.04071008958608900, 11.50000000000000000 ) ) ;
#6062 = ORIENTED_EDGE ( 'NONE', *, *, #5367, .T. ) ;
#6063 = CARTESIAN_POINT ( 'NONE',  ( -4.475946687527749800, 5.407338971710996300, 11.50000000000000000 ) ) ;
#6064 = ORIENTED_EDGE ( 'NONE', *, *, #1495, .F. ) ;
#6065 = CARTESIAN_POINT ( 'NONE',  ( 3.161229686062234600, 9.921737756552621700, 11.50000000000000000 ) ) ;
#6066 = CARTESIAN_POINT ( 'NONE',  ( -4.071288403059424100, -16.77517872414656700, 11.49999999999999600 ) ) ;
#6067 = CARTESIAN_POINT ( 'NONE',  ( -0.5284349087263643400, -10.50684332775166800, 11.50000000000000500 ) ) ;
#6068 = CARTESIAN_POINT ( 'NONE',  ( 0.7779597481684574800, 12.43258114846241800, 11.49999999999999300 ) ) ;
#6069 = ORIENTED_EDGE ( 'NONE', *, *, #2957, .T. ) ;
#6070 = ORIENTED_EDGE ( 'NONE', *, *, #5134, .F. ) ;
#6071 = CARTESIAN_POINT ( 'NONE',  ( -1.860845686091086900, 5.097267084461630100, 11.50000000000000200 ) ) ;
#6072 = EDGE_LOOP ( 'NONE', ( #8363, #677, #1605, #5154, #7030, #650, #7317, #4854, #350, #7588 ) ) ;
#6073 = CARTESIAN_POINT ( 'NONE',  ( 0.4502923976608178000, -16.41497909543404200, 11.49999999999999800 ) ) ;
#6074 = CARTESIAN_POINT ( 'NONE',  ( 1.657492025337457900, 5.069012164266164100, 11.50000000000000400 ) ) ;
#6075 = CARTESIAN_POINT ( 'NONE',  ( 2.125276754204908200, 5.250077411951791900, 11.49999999999999800 ) ) ;
#6076 = AXIS2_PLACEMENT_3D ( 'NONE', #878, #1459, #5581 ) ;
#6077 = CARTESIAN_POINT ( 'NONE',  ( -3.207820449834816800, -9.946498288660786000, 11.50000000000000000 ) ) ;
#6078 = EDGE_CURVE ( 'NONE', #8712, #7079, #74, .T. ) ;
#6079 = DIRECTION ( 'NONE',  ( 1.000000000000000000, 0.0000000000000000000, 0.0000000000000000000 ) ) ;
#6080 = CARTESIAN_POINT ( 'NONE',  ( -1.489908792047333700, 4.778607987243622900, 11.50000000000000000 ) ) ;
#6081 = CARTESIAN_POINT ( 'NONE',  ( 0.2108030385583973300, -16.81278134244870200, 11.50000000000000000 ) ) ;
#6082 = LINE ( 'NONE', #5680, #3131 ) ;
#6083 = ORIENTED_EDGE ( 'NONE', *, *, #8253, .T. ) ;
#6084 = CARTESIAN_POINT ( 'NONE',  ( 3.348501638038960500, 5.348679367935814900, 11.50000000000000000 ) ) ;
#6085 = EDGE_LOOP ( 'NONE', ( #2373, #8681, #3504, #9168 ) ) ;
#6086 = CARTESIAN_POINT ( 'NONE',  ( 2.000069006607331400, -10.40892964890884400, 11.50000000000000000 ) ) ;
#6087 = ORIENTED_EDGE ( 'NONE', *, *, #3391, .T. ) ;
#6088 = DIRECTION ( 'NONE',  ( 1.000000000000000000, 1.404634393503487500E-016, -0.0000000000000000000 ) ) ;
#6089 = CARTESIAN_POINT ( 'NONE',  ( -1.686703509578062000, 9.229304216427745900, 11.50000000000000400 ) ) ;
#6090 = B_SPLINE_CURVE_WITH_KNOTS ( 'NONE', 3,
 ( #5859, #5651, #884, #3213, #2109, #8923, #2230, #1844, #9015, #47, #911, #3236, #7951, #6274, #1950, #1509, #3835, #9083, #589 ),
 .UNSPECIFIED., .F., .F.,
 ( 4, 1, 1, 1, 1, 1, 1, 1, 1, 1, 1, 1, 1, 1, 1, 1, 4 ),
 ( 0.0000000000000000000, 0.08199992972711944700, 0.1578337567222664100, 0.2280850548472531700, 0.2929964166711932500, 0.3538458323307319700, 0.4103427778974680900, 0.4642783497980101900, 0.5162393544981436200, 0.5674449394901165400, 0.6196855779587121500, 0.6732448929169290200, 0.7297302906623043300, 0.7899409721979912000, 0.8546611050424505200, 0.9245306419782611800, 1.000000000000000000 ),
 .UNSPECIFIED. ) ;
#6091 = CARTESIAN_POINT ( 'NONE',  ( 4.147216398788850200, 5.349685534591191800, 11.50000000000000000 ) ) ;
#6092 = AXIS2_PLACEMENT_3D ( 'NONE', #500, #6981, #7409 ) ;
#6093 = ORIENTED_EDGE ( 'NONE', *, *, #8731, .F. ) ;
#6094 = CARTESIAN_POINT ( 'NONE',  ( -1.033496389471108700, 5.425157232704399300, 11.50000000000000000 ) ) ;
#6095 = EDGE_CURVE ( 'NONE', #2619, #4410, #3281, .T. ) ;
#6096 = CARTESIAN_POINT ( 'NONE',  ( -0.9298039867118499400, 5.304224474103145700, 11.49999999999999800 ) ) ;
#6097 = VERTEX_POINT ( 'NONE', #5530 ) ;
#6098 = DIRECTION ( 'NONE',  ( -0.0000000000000000000, -1.000000000000000000, -0.0000000000000000000 ) ) ;
#6099 = CARTESIAN_POINT ( 'NONE',  ( -0.4307887518413633400, -13.57751873442983600, 11.50000000000000000 ) ) ;
#6100 = CARTESIAN_POINT ( 'NONE',  ( -1.133372487108190500, -13.22645070486018600, 11.49999999999999600 ) ) ;
#6101 = CARTESIAN_POINT ( 'NONE',  ( -12.90000000000000200, 3.070870396052430200, 11.00000000000000000 ) ) ;
#6102 = B_SPLINE_CURVE_WITH_KNOTS ( 'NONE', 3,
 ( #2223, #2994, #4477, #1448, #5715, #8832, #1866, #3118, #4533, #2754, #8694, #2695, #6606, #2081, #1292, #1684, #7434, #1197, #2911, #5316, #2617, #8016, #3080, #5913, #8568, #5852, #6925, #4462, #469, #4072, #8625, #5414, #6808, #617, #103, #8823, #1644, #276, #7373, #6215, #1890, #205, #6395 ),
 .UNSPECIFIED., .F., .F.,
 ( 4, 1, 1, 1, 1, 1, 1, 1, 1, 1, 1, 1, 1, 1, 1, 1, 1, 1, 1, 1, 1, 1, 1, 1, 1, 1, 1, 1, 1, 1, 1, 1, 1, 1, 1, 1, 1, 1, 1, 1, 4 ),
 ( 0.5000000000000002200, 0.5231897360424457900, 0.5515860244566325200, 0.5782847652354881100, 0.6033903472622714800, 0.6153496585211679600, 0.6269721443440037200, 0.6383227877693007400, 0.6493793358607595800, 0.6602366933480535700, 0.6709844507434132900, 0.6815699823365222200, 0.6921653420815475600, 0.7025457798292980000, 0.7124401209341318900, 0.7219485596356263200, 0.7312242729325340000, 0.7403757207945234100, 0.7495157880236480400, 0.7587447454233886600, 0.7681132705008398800, 0.7774748492400649400, 0.7864887812210152900, 0.7952044094627946900, 0.8037572975077010900, 0.8121597866294281200, 0.8205642110505158000, 0.8289341202357480800, 0.8373385446568356600, 0.8542848028080259900, 0.8713038413358943400, 0.8887111968652229300, 0.9066393721419674400, 0.9160321689487365100, 0.9260833890959376800, 0.9366467739141991500, 0.9479249730236810600, 0.9599255533688846300, 0.9725912649294907700, 0.9859472123838232100, 0.9999999999999998900 ),
 .UNSPECIFIED. ) ;
#6103 = VECTOR ( 'NONE', #5930, 1000.000000000000000 ) ;
#6104 = CARTESIAN_POINT ( 'NONE',  ( -0.03559472275840662400, -17.05239582617933900, 11.50000000000000900 ) ) ;
#6105 = DIRECTION ( 'NONE',  ( 1.000000000000000000, 0.0000000000000000000, 0.0000000000000000000 ) ) ;
#6106 = CARTESIAN_POINT ( 'NONE',  ( 3.848855301572637400, -16.74917355448048200, 11.49999999999999600 ) ) ;
#6107 = EDGE_LOOP ( 'NONE', ( #8616, #4723, #7107, #2359, #7273, #2112, #9090, #4125, #4668, #7636, #8245, #8056, #2945, #1940, #768, #3049, #5519 ) ) ;
#6108 = EDGE_CURVE ( 'NONE', #4736, #5093, #8205, .T. ) ;
#6109 = CARTESIAN_POINT ( 'NONE',  ( 3.660470533426631900, 4.967295597484272700, 11.50000000000000000 ) ) ;
#6110 = CARTESIAN_POINT ( 'NONE',  ( 2.459072909387496800, 5.309433962264147800, 11.50000000000000000 ) ) ;
#6111 = CARTESIAN_POINT ( 'NONE',  ( 4.568926788382108300, -16.61305238031189500, 11.49999999999999500 ) ) ;
#6112 = CARTESIAN_POINT ( 'NONE',  ( 3.116700018059316100, 11.06460845715367500, 11.50000000000000500 ) ) ;
#6113 = CARTESIAN_POINT ( 'NONE',  ( -1.392519173570754100, 4.593072969508097200, 11.50000000000000000 ) ) ;
#6114 = CARTESIAN_POINT ( 'NONE',  ( 1.070207314232595000, 4.675471698113203600, 11.50000000000000000 ) ) ;
#6115 = LINE ( 'NONE', #9245, #7446 ) ;
#6116 = CARTESIAN_POINT ( 'NONE',  ( 1.310635969369294400, -9.783853974079372400, 11.50000000000000400 ) ) ;
#6117 = CARTESIAN_POINT ( 'NONE',  ( 2.501050693118058300, 4.704216062089616700, 11.49999999999999800 ) ) ;
#6118 = PLANE ( 'NONE',  #5600 ) ;
#6119 = CARTESIAN_POINT ( 'NONE',  ( -1.346904142588139600, -16.36271022476321200, 11.50000000000000400 ) ) ;
#6120 = CARTESIAN_POINT ( 'NONE',  ( -2.544142663364721300, 4.751473177342862900, 11.50000000000000500 ) ) ;
#6121 = ADVANCED_FACE ( 'NONE', ( #2523 ), #5507, .T. ) ;
#6122 = ADVANCED_FACE ( 'NONE', ( #4311 ), #3658, .T. ) ;
#6123 = EDGE_CURVE ( 'NONE', #7033, #6805, #5649, .T. ) ;
#6124 = CARTESIAN_POINT ( 'NONE',  ( -3.062287444677257200, 5.369811320754712900, 11.50000000000000400 ) ) ;
#6125 = CARTESIAN_POINT ( 'NONE',  ( 4.669190935942811600, -16.87869258575199500, 11.49999999999999600 ) ) ;
#6126 = VERTEX_POINT ( 'NONE', #2340 ) ;
#6127 = ORIENTED_EDGE ( 'NONE', *, *, #6108, .F. ) ;
#6128 = LINE ( 'NONE', #7973, #663 ) ;
#6129 = EDGE_CURVE ( 'NONE', #1611, #1880, #9108, .T. ) ;
#6130 = FACE_OUTER_BOUND ( 'NONE', #5063, .T. ) ;
#6131 = CARTESIAN_POINT ( 'NONE',  ( 9.000000000000000000, -22.60000000000000100, 0.0000000000000000000 ) ) ;
#6132 = VERTEX_POINT ( 'NONE', #2621 ) ;
#6133 = CARTESIAN_POINT ( 'NONE',  ( 3.258760007698148400, -10.45675997203426100, 11.50000000000000000 ) ) ;
#6134 = CARTESIAN_POINT ( 'NONE',  ( -6.397379542625473400, -10.58807119849726200, 11.00000000000000000 ) ) ;
#6135 = CARTESIAN_POINT ( 'NONE',  ( -3.912974609829832100, 4.594968553459109400, 11.50000000000000000 ) ) ;
#6136 = CARTESIAN_POINT ( 'NONE',  ( -2.767545736963916700, -9.476147866300314200, 11.50000000000000000 ) ) ;
#6137 = CARTESIAN_POINT ( 'NONE',  ( -1.608404635262064900, -16.27229127013840700, 11.50000000000000500 ) ) ;
#6138 = FACE_BOUND ( 'NONE', #2932, .T. ) ;
#6139 = EDGE_LOOP ( 'NONE', ( #7949, #4116, #7327, #5571, #8638, #4853, #8333, #3577 ) ) ;
#6140 = CARTESIAN_POINT ( 'NONE',  ( 0.5626591723065891300, -9.254977795557369500, 11.49999999999999800 ) ) ;
#6141 = CARTESIAN_POINT ( 'NONE',  ( -2.531873708869817100, -9.537514675039668400, 11.50000000000000000 ) ) ;
#6142 = DIRECTION ( 'NONE',  ( -0.5394269906817055200, -0.8420323756982739400, 0.0000000000000000000 ) ) ;
#6143 = CARTESIAN_POINT ( 'NONE',  ( -4.024546978207818700, 5.185917231917901700, 11.50000000000000000 ) ) ;
#6144 = AXIS2_PLACEMENT_3D ( 'NONE', #8234, #6810, #8936 ) ;
#6145 = ORIENTED_EDGE ( 'NONE', *, *, #5266, .F. ) ;
#6146 = EDGE_CURVE ( 'NONE', #7532, #8603, #184, .T. ) ;
#6147 = CARTESIAN_POINT ( 'NONE',  ( 2.101393821689002900, 4.828855035261396400, 11.49999999999999800 ) ) ;
#6148 = CARTESIAN_POINT ( 'NONE',  ( -3.922291925948861600, 4.595026932399382400, 11.50000000000000200 ) ) ;
#6149 = CARTESIAN_POINT ( 'NONE',  ( 1.073747961798400000, 4.967295597484272700, 11.50000000000000000 ) ) ;
#6150 = CARTESIAN_POINT ( 'NONE',  ( 4.540749430491290500, 4.648767796129275700, 11.50000000000000400 ) ) ;
#6151 = LINE ( 'NONE', #3063, #1667 ) ;
#6152 = ORIENTED_EDGE ( 'NONE', *, *, #8918, .F. ) ;
#6153 = DIRECTION ( 'NONE',  ( 1.000000000000000000, 0.0000000000000000000, 0.0000000000000000000 ) ) ;
#6154 = DIRECTION ( 'NONE',  ( -0.07124704998790969100, 0.0000000000000000000, -0.9974586998307349800 ) ) ;
#6155 = ADVANCED_FACE ( 'NONE', ( #9114 ), #2928, .F. ) ;
#6156 = CARTESIAN_POINT ( 'NONE',  ( -2.038699019925069900, 10.64763020181737700, 11.49999999999999600 ) ) ;
#6157 = VERTEX_POINT ( 'NONE', #463 ) ;
#6158 = DIRECTION ( 'NONE',  ( -0.8628636480872845500, 0.5016649116786533500, -0.06163311772052037400 ) ) ;
#6159 = CARTESIAN_POINT ( 'NONE',  ( 0.0000000000000000000, 0.0000000000000000000, 11.50000000000000000 ) ) ;
#6160 = CARTESIAN_POINT ( 'NONE',  ( -1.145585478677762800, 5.361747468453755200, 11.49999999999999800 ) ) ;
#6161 = CARTESIAN_POINT ( 'NONE',  ( -9.999999999999998200, -22.60000000000000100, 2.000000000000000000 ) ) ;
#6162 = EDGE_CURVE ( 'NONE', #1438, #2641, #8221, .T. ) ;
#6163 = CARTESIAN_POINT ( 'NONE',  ( 0.3706173967350827000, -9.392681166560439700, 11.49999999999999600 ) ) ;
#6164 = ORIENTED_EDGE ( 'NONE', *, *, #1350, .T. ) ;
#6165 = ORIENTED_EDGE ( 'NONE', *, *, #4541, .T. ) ;
#6166 = CARTESIAN_POINT ( 'NONE',  ( -1.914877463943493800, 7.097816941538718000, 11.50000000000000000 ) ) ;
#6167 = VERTEX_POINT ( 'NONE', #4441 ) ;
#6168 = ORIENTED_EDGE ( 'NONE', *, *, #1158, .F. ) ;
#6169 = CARTESIAN_POINT ( 'NONE',  ( 0.0000000000000000000, 0.0000000000000000000, 11.50000000000000000 ) ) ;
#6170 = CARTESIAN_POINT ( 'NONE',  ( -1.587652252490350900, -16.14928170947522200, 11.49999999999999800 ) ) ;
#6171 = CARTESIAN_POINT ( 'NONE',  ( 2.191889464156554300, 5.395242791834054900, 11.50000000000000000 ) ) ;
#6172 = CARTESIAN_POINT ( 'NONE',  ( -1.177474474993961400, 4.659450101209042600, 11.50000000000000000 ) ) ;
#6173 = CARTESIAN_POINT ( 'NONE',  ( 0.4844370355445969900, -16.53383169691359800, 11.49999999999999600 ) ) ;
#6174 = CARTESIAN_POINT ( 'NONE',  ( -0.6100817861480629700, 10.76820160613293200, 11.50000000000000000 ) ) ;
#6175 = VECTOR ( 'NONE', #8746, 1000.000000000000000 ) ;
#6176 = EDGE_CURVE ( 'NONE', #6511, #2166, #6874, .T. ) ;
#6177 = CARTESIAN_POINT ( 'NONE',  ( 0.5619383830951140100, -16.89204274897728900, 11.49999999999999600 ) ) ;
#6178 = CARTESIAN_POINT ( 'NONE',  ( 4.290519450268002200, 4.942138364779871100, 11.50000000000000000 ) ) ;
#6179 = CARTESIAN_POINT ( 'NONE',  ( -4.022563472706293600, 4.834607924119207900, 11.50000000000000200 ) ) ;
#6180 = ORIENTED_EDGE ( 'NONE', *, *, #8365, .F. ) ;
#6181 = DIRECTION ( 'NONE',  ( 0.0000000000000000000, 1.000000000000000000, 0.0000000000000000000 ) ) ;
#6182 = CARTESIAN_POINT ( 'NONE',  ( -1.692020951153374600, -16.40423192848908900, 11.50000000000000400 ) ) ;
#6183 = CARTESIAN_POINT ( 'NONE',  ( 2.733741599021939400, 4.651975002316744300, 11.50000000000000200 ) ) ;
#6184 = CARTESIAN_POINT ( 'NONE',  ( 2.549707602339179600, -17.15182120069719900, 11.50000000000000000 ) ) ;
#6185 = CARTESIAN_POINT ( 'NONE',  ( 5.899999999999999500, -1.574230079803005100, 11.50000000000000000 ) ) ;
#6186 = CARTESIAN_POINT ( 'NONE',  ( 0.7576985790823502800, 4.599999999999996100, 11.50000000000000000 ) ) ;
#6187 = ORIENTED_EDGE ( 'NONE', *, *, #1622, .F. ) ;
#6188 = ORIENTED_EDGE ( 'NONE', *, *, #8270, .F. ) ;
#6189 = CARTESIAN_POINT ( 'NONE',  ( -1.239971085246404500, 10.67936681155848800, 11.49999999999999500 ) ) ;
#6190 = ORIENTED_EDGE ( 'NONE', *, *, #7967, .F. ) ;
#6191 = ADVANCED_FACE ( 'NONE', ( #1619 ), #6979, .F. ) ;
#6192 = CARTESIAN_POINT ( 'NONE',  ( -1.333128362358747800, -16.84493317835515900, 11.50000000000000200 ) ) ;
#6193 = CARTESIAN_POINT ( 'NONE',  ( 1.049973764109549900, -9.181148090392390800, 11.50000000000000200 ) ) ;
#6194 = CARTESIAN_POINT ( 'NONE',  ( -0.3052260903436813700, -13.36341287217014400, 11.50000000000000000 ) ) ;
#6195 = ORIENTED_EDGE ( 'NONE', *, *, #6772, .F. ) ;
#6196 = DIRECTION ( 'NONE',  ( 0.9974586998307349800, 0.0000000000000000000, 0.07124704998790969100 ) ) ;
#6197 = CARTESIAN_POINT ( 'NONE',  ( -0.3004258312416057700, -13.87696462781041300, 11.50000000000000700 ) ) ;
#6198 = B_SPLINE_CURVE_WITH_KNOTS ( 'NONE', 3,
 ( #7706, #4735, #3485, #3326, #3139, #8081, #4528, #7403, #6650, #6744, #2440, #5850, #5902, #3078, #5786, #2131, #3501, #6757, #237 ),
 .UNSPECIFIED., .F., .F.,
 ( 4, 1, 1, 1, 1, 1, 1, 1, 1, 1, 1, 1, 1, 1, 1, 1, 4 ),
 ( 0.0000000000000000000, 0.05846698009954964800, 0.1157954612746902000, 0.1722637998384691800, 0.2281190329665102600, 0.2835718955045424300, 0.3396519250605122300, 0.3966243841501729800, 0.4546075083802452200, 0.5137623348819515500, 0.5751710151253244300, 0.6388983956028095900, 0.7053050535539100400, 0.7742739123695265800, 0.8461399240617837300, 0.9215816478742536700, 1.000000000000000000 ),
 .UNSPECIFIED. ) ;
#6199 = CARTESIAN_POINT ( 'NONE',  ( 4.225286987067000200, 5.265813032696474500, 11.49999999999999800 ) ) ;
#6200 = CARTESIAN_POINT ( 'NONE',  ( 3.401653721750009600, 5.301937937419797500, 11.49999999999999600 ) ) ;
#6201 = ORIENTED_EDGE ( 'NONE', *, *, #3038, .F. ) ;
#6202 = DIRECTION ( 'NONE',  ( 0.0000000000000000000, -0.0000000000000000000, 1.000000000000000000 ) ) ;
#6203 = CARTESIAN_POINT ( 'NONE',  ( -3.586968875205752500, -16.88943339143322600, 11.50000000000000000 ) ) ;
#6204 = AXIS2_PLACEMENT_3D ( 'NONE', #5142, #1337, #696 ) ;
#6205 = CARTESIAN_POINT ( 'NONE',  ( -0.9680458088424245300, 4.857790844939052600, 11.50000000000000200 ) ) ;
#6206 = EDGE_CURVE ( 'NONE', #4549, #5836, #865, .T. ) ;
#6207 = DIRECTION ( 'NONE',  ( -0.9863939238321410800, -0.1643989873053731100, 0.0000000000000000000 ) ) ;
#6208 = CARTESIAN_POINT ( 'NONE',  ( 4.393751906334673900, -16.49784113482148500, 11.50000000000000200 ) ) ;
#6209 = CARTESIAN_POINT ( 'NONE',  ( 4.568996550822268100, -17.03568792159596900, 11.49999999999999800 ) ) ;
#6210 = CARTESIAN_POINT ( 'NONE',  ( -2.971321494013785100, -17.05227678817369300, 11.50000000000000200 ) ) ;
#6211 = ORIENTED_EDGE ( 'NONE', *, *, #6955, .T. ) ;
#6212 = CARTESIAN_POINT ( 'NONE',  ( 6.899999999999999500, -9.723564011813074600, 11.00000000000000000 ) ) ;
#6213 = DIRECTION ( 'NONE',  ( -0.0000000000000000000, -0.0000000000000000000, -1.000000000000000000 ) ) ;
#6214 = ORIENTED_EDGE ( 'NONE', *, *, #6991, .T. ) ;
#6215 = CARTESIAN_POINT ( 'NONE',  ( 2.014855251703134200, -10.13429203906021300, 11.49999999999999800 ) ) ;
#6216 = B_SPLINE_CURVE_WITH_KNOTS ( 'NONE', 3,
 ( #2897, #1065, #270, #1001, #8784, #7948, #9226, #174, #7056, #6009, #5671, #195, #8049, #3101, #2400, #5827, #1146, #4684, #64 ),
 .UNSPECIFIED., .F., .F.,
 ( 4, 1, 1, 1, 1, 1, 1, 1, 1, 1, 1, 1, 1, 1, 1, 1, 4 ),
 ( 0.0000000000000000000, 0.05256703748310109800, 0.1037396649370571100, 0.1541270815064931200, 0.2045668486527181300, 0.2547386302635166200, 0.3060726947457833600, 0.3589846151859720200, 0.4137409101063266300, 0.4706649222420882200, 0.5310404779689048600, 0.5955920816669342300, 0.6647527198756958400, 0.7391369015813187300, 0.8196112530611376900, 0.9065786090042969900, 1.000000000000000000 ),
 .UNSPECIFIED. ) ;
#6217 = VERTEX_POINT ( 'NONE', #5720 ) ;
#6218 = AXIS2_PLACEMENT_3D ( 'NONE', #242, #5230, #963 ) ;
#6219 = CARTESIAN_POINT ( 'NONE',  ( -0.2993548387095539800, 9.541935483870965100, 11.50000000000000000 ) ) ;
#6220 = EDGE_CURVE ( 'NONE', #5617, #8963, #8956, .T. ) ;
#6221 = CARTESIAN_POINT ( 'NONE',  ( 0.0000000000000000000, 0.0000000000000000000, 11.50000000000000000 ) ) ;
#6222 = CARTESIAN_POINT ( 'NONE',  ( -1.446370365335290800, -16.69251079837661000, 11.49999999999999600 ) ) ;
#6224 = CARTESIAN_POINT ( 'NONE',  ( -0.1388431735902922200, -16.99239540189919900, 11.50000000000000000 ) ) ;
#6223 = FACE_BOUND ( 'NONE', #2247, .T. ) ;
#6225 = EDGE_LOOP ( 'NONE', ( #8877, #4789, #4299, #2817 ) ) ;
#6226 = CARTESIAN_POINT ( 'NONE',  ( 0.2072416997088878700, -16.86995398216769400, 11.50000000000000000 ) ) ;
#6227 = DIRECTION ( 'NONE',  ( 0.9974586998307349800, 0.0000000000000000000, -0.07124704998790969100 ) ) ;
#6228 = VERTEX_POINT ( 'NONE', #5998 ) ;
#6229 = EDGE_CURVE ( 'NONE', #2282, #5440, #3747, .T. ) ;
#6230 = ORIENTED_EDGE ( 'NONE', *, *, #581, .F. ) ;
#6231 = CARTESIAN_POINT ( 'NONE',  ( -5.899999999999999500, -9.723564011813064000, 11.00000000000000000 ) ) ;
#6232 = DIRECTION ( 'NONE',  ( 1.000000000000000000, 0.0000000000000000000, 0.0000000000000000000 ) ) ;
#6233 = CARTESIAN_POINT ( 'NONE',  ( -4.469052635574508200, 5.265813032696472700, 11.49999999999999800 ) ) ;
#6234 = PLANE ( 'NONE',  #3510 ) ;
#6235 = CARTESIAN_POINT ( 'NONE',  ( 0.4441783625708039000, -14.09221934816799600, 11.50000000000000000 ) ) ;
#6236 = ADVANCED_FACE ( 'NONE', ( #8563, #3061 ), #3629, .T. ) ;
#6237 = CARTESIAN_POINT ( 'NONE',  ( 3.923976608187133700, -16.45591476794866300, 11.50000000000000000 ) ) ;
#6238 = LOCAL_TIME ( 19, 43, 38.00000000000000000, #8119 ) ;
#6239 = EDGE_LOOP ( 'NONE', ( #8423, #9007, #9147, #3696, #812, #1505, #7605, #7370, #3862, #6478, #4266, #4101, #4908, #4120, #1193, #8318 ) ) ;
#6240 = LINE ( 'NONE', #6903, #8122 ) ;
#6241 = ORIENTED_EDGE ( 'NONE', *, *, #1772, .F. ) ;
#6242 = CARTESIAN_POINT ( 'NONE',  ( 1.952403377057154900, 5.106385389872539100, 11.50000000000000200 ) ) ;
#6243 = VECTOR ( 'NONE', #1, 1000.000000000000000 ) ;
#6244 = CARTESIAN_POINT ( 'NONE',  ( 0.4499236544042872800, 10.51143803854870700, 11.49999999999999600 ) ) ;
#6245 = LINE ( 'NONE', #5135, #6912 ) ;
#6246 = LINE ( 'NONE', #5890, #3434 ) ;
#6247 = CARTESIAN_POINT ( 'NONE',  ( -0.8859794791978356000, 5.134873103854472400, 11.50000000000000500 ) ) ;
#6248 = VERTEX_POINT ( 'NONE', #6314 ) ;
#6249 = CARTESIAN_POINT ( 'NONE',  ( -1.537674143480112700, -17.04788912696676900, 11.49999999999999600 ) ) ;
#6250 = ORIENTED_EDGE ( 'NONE', *, *, #16, .F. ) ;
#6251 = EDGE_LOOP ( 'NONE', ( #7346, #5586 ) ) ;
#6252 = CARTESIAN_POINT ( 'NONE',  ( 3.547314814810987200, -10.62036558027998900, 11.50000000000000200 ) ) ;
#6253 = CARTESIAN_POINT ( 'NONE',  ( -3.824168425003539700, 5.280676092163479200, 11.50000000000000200 ) ) ;
#6254 = CIRCLE ( 'NONE', #1595, 1.000000000000000000 ) ;
#6255 = CARTESIAN_POINT ( 'NONE',  ( -2.373030754592929900, 5.256147364556207800, 11.50000000000000200 ) ) ;
#6256 = CARTESIAN_POINT ( 'NONE',  ( 1.479872203731449600, -10.31274566554229100, 11.50000000000000000 ) ) ;
#6257 = ORIENTED_EDGE ( 'NONE', *, *, #6486, .F. ) ;
#6258 = EDGE_LOOP ( 'NONE', ( #6300, #3774 ) ) ;
#6259 = DIRECTION ( 'NONE',  ( 1.000000000000000000, 0.0000000000000000000, 0.0000000000000000000 ) ) ;
#6260 = FACE_OUTER_BOUND ( 'NONE', #7637, .T. ) ;
#6261 = FACE_OUTER_BOUND ( 'NONE', #5862, .T. ) ;
#6262 = ADVANCED_FACE ( 'NONE', ( #8912 ), #4828, .T. ) ;
#6263 = CARTESIAN_POINT ( 'NONE',  ( -2.900473827283053000, -17.02838450928014400, 11.50000000000000500 ) ) ;
#6264 = CARTESIAN_POINT ( 'NONE',  ( 3.390635918937928900, 4.735849056603769600, 11.50000000000000000 ) ) ;
#6265 = EDGE_CURVE ( 'NONE', #8650, #6217, #1532, .T. ) ;
#6266 = PLANE ( 'NONE',  #4291 ) ;
#6267 = ORIENTED_EDGE ( 'NONE', *, *, #8774, .T. ) ;
#6268 = CARTESIAN_POINT ( 'NONE',  ( 2.001300105812272800, 5.072414740074623100, 11.49999999999999600 ) ) ;
#6269 = CARTESIAN_POINT ( 'NONE',  ( 0.8717612945420724100, -9.181131440321310700, 11.50000000000000200 ) ) ;
#6270 = B_SPLINE_CURVE_WITH_KNOTS ( 'NONE', 3,
 ( #7392, #6440, #5639, #1728, #428, #2276, #8664, #442, #8953, #377, #3123, #6577, #8485, #5143, #3094, #1315, #3350, #7737, #6922 ),
 .UNSPECIFIED., .F., .F.,
 ( 4, 1, 1, 1, 1, 1, 1, 1, 1, 1, 1, 1, 1, 1, 1, 1, 4 ),
 ( 0.0000000000000000000, 0.09238248530608872400, 0.1781219924816069800, 0.2571939483722852600, 0.3306386520588422400, 0.3980619920979993100, 0.4603377089231238700, 0.5178002173361195800, 0.5717832223341210400, 0.6226252298946695100, 0.6722782876582930100, 0.7212217186517830800, 0.7707139185581689500, 0.8223615781110216200, 0.8772682441104027200, 0.9364334522380211000, 1.000000000000000000 ),
 .UNSPECIFIED. ) ;
#6271 = CARTESIAN_POINT ( 'NONE',  ( -0.5238836985287339500, 4.660307621444756500, 11.49999999999999600 ) ) ;
#6272 = ORIENTED_EDGE ( 'NONE', *, *, #7426, .F. ) ;
#6273 = ORIENTED_EDGE ( 'NONE', *, *, #6477, .F. ) ;
#6274 = CARTESIAN_POINT ( 'NONE',  ( -2.668955612747265300, 5.185740918574633300, 11.50000000000000200 ) ) ;
#6275 = ORIENTED_EDGE ( 'NONE', *, *, #5122, .F. ) ;
#6276 = VECTOR ( 'NONE', #1015, 1000.000000000000000 ) ;
#6277 = CARTESIAN_POINT ( 'NONE',  ( 6.397379542625473400, -10.58807119849727000, 11.00000000000000000 ) ) ;
#6278 = CARTESIAN_POINT ( 'NONE',  ( -2.493414403501826600, 6.609017488855574400, 11.50000000000000000 ) ) ;
#6279 = CARTESIAN_POINT ( 'NONE',  ( 0.07867326504578489600, -13.23684341739494900, 11.50000000000000000 ) ) ;
#6280 = VERTEX_POINT ( 'NONE', #7260 ) ;
#6281 = EDGE_CURVE ( 'NONE', #78, #4449, #3649, .T. ) ;
#6282 = ORIENTED_EDGE ( 'NONE', *, *, #5692, .T. ) ;
#6283 = CARTESIAN_POINT ( 'NONE',  ( -1.461840088274740900, -13.35560869993626400, 11.50000000000000000 ) ) ;
#6284 = VERTEX_POINT ( 'NONE', #1883 ) ;
#6285 = CARTESIAN_POINT ( 'NONE',  ( 0.4269005847953207300, 0.0000000000000000000, 11.50000000000000000 ) ) ;
#6286 = ORIENTED_EDGE ( 'NONE', *, *, #7179, .F. ) ;
#6287 = DIRECTION ( 'NONE',  ( 0.3218866140701362500, 0.9467782251839462800, 0.0000000000000000000 ) ) ;
#6288 = CARTESIAN_POINT ( 'NONE',  ( -2.530586629117261800, 7.044426836846539300, 11.50000000000000200 ) ) ;
#6289 = EDGE_CURVE ( 'NONE', #1255, #8765, #1754, .T. ) ;
#6290 = CARTESIAN_POINT ( 'NONE',  ( 5.899999999999999500, -1.574230079803005100, 11.00000000000000000 ) ) ;
#6291 = B_SPLINE_CURVE_WITH_KNOTS ( 'NONE', 3,
 ( #1536, #4913, #1154, #6066, #2682, #5702, #8194, #2298, #1096, #5353, #7992, #2565, #5107, #5947, #7838, #7172, #5883, #2649, #3773 ),
 .UNSPECIFIED., .F., .F.,
 ( 4, 1, 1, 1, 1, 1, 1, 1, 1, 1, 1, 1, 1, 1, 1, 1, 4 ),
 ( 0.0000000000000000000, 0.09614970883814189000, 0.1855689861793830000, 0.2681772448149921700, 0.3445219228328805200, 0.4150060060312864600, 0.4797980082152227800, 0.5396590458051400100, 0.5954380330324213800, 0.6481336209934673900, 0.6985639567582144800, 0.7478871901108123900, 0.7963250639963301800, 0.8450433037245321800, 0.8949711182689569200, 0.9462052527140766300, 1.000000000000000000 ),
 .UNSPECIFIED. ) ;
#6292 = CARTESIAN_POINT ( 'NONE',  ( -2.722325027028103400, -9.198365216542939000, 11.49999999999999800 ) ) ;
#6293 = EDGE_LOOP ( 'NONE', ( #4502, #1467, #4558, #9082, #6463 ) ) ;
#6294 = CARTESIAN_POINT ( 'NONE',  ( -1.965168606213507600, 11.52499478164309500, 11.49999999999999600 ) ) ;
#6295 = ORIENTED_EDGE ( 'NONE', *, *, #1033, .T. ) ;
#6296 = CARTESIAN_POINT ( 'NONE',  ( 4.778451951013599900, -16.68680706840851600, 11.50000000000000000 ) ) ;
#6297 = CARTESIAN_POINT ( 'NONE',  ( 5.900000000000000400, 3.630232558139532700, 11.50000000000000000 ) ) ;
#6298 = CARTESIAN_POINT ( 'NONE',  ( 0.9549211849917991200, 9.183398833055967700, 11.50000000000000200 ) ) ;
#6299 = CARTESIAN_POINT ( 'NONE',  ( 3.762344170282699200, -16.26521178580995700, 11.49999999999999600 ) ) ;
#6300 = ORIENTED_EDGE ( 'NONE', *, *, #2265, .F. ) ;
#6301 = VECTOR ( 'NONE', #3559, 1000.000000000000000 ) ;
#6302 = EDGE_CURVE ( 'NONE', #7417, #1765, #2414, .T. ) ;
#6303 = ORIENTED_EDGE ( 'NONE', *, *, #867, .F. ) ;
#6304 = CARTESIAN_POINT ( 'NONE',  ( 1.645730795880407300, 5.201241405975000700, 11.50000000000000200 ) ) ;
#6305 = CARTESIAN_POINT ( 'NONE',  ( 1.052426415384776400, -16.86338373969059700, 11.50000000000000200 ) ) ;
#6306 = DIRECTION ( 'NONE',  ( 0.8645071866841928000, 0.5026204573745306500, 0.0000000000000000000 ) ) ;
#6307 = LINE ( 'NONE', #4818, #4870 ) ;
#6308 = LINE ( 'NONE', #1454, #7086 ) ;
#6309 = ORIENTED_EDGE ( 'NONE', *, *, #655, .F. ) ;
#6310 = VECTOR ( 'NONE', #1917, 1000.000000000000000 ) ;
#6311 = CARTESIAN_POINT ( 'NONE',  ( -2.748538011695905500, -9.475438596491233800, 11.50000000000000000 ) ) ;
#6312 = CARTESIAN_POINT ( 'NONE',  ( -3.914877431520818800, -16.40949985037993000, 11.49999999999999800 ) ) ;
#6313 = ORIENTED_EDGE ( 'NONE', *, *, #2473, .T. ) ;
#6314 = CARTESIAN_POINT ( 'NONE',  ( -6.397379542625473400, -10.58807119849726200, 11.46447288981245900 ) ) ;
#6315 = LINE ( 'NONE', #5900, #2064 ) ;
#6316 = ORIENTED_EDGE ( 'NONE', *, *, #8449, .T. ) ;
#6317 = CARTESIAN_POINT ( 'NONE',  ( 2.768538450051982700, 4.650200893342397300, 11.50000000000000000 ) ) ;
#6318 = CARTESIAN_POINT ( 'NONE',  ( 2.357443845818584000, -11.01949708691599000, 11.49999999999999800 ) ) ;
#6319 = CARTESIAN_POINT ( 'NONE',  ( 0.0000000000000000000, 0.0000000000000000000, 11.50000000000000000 ) ) ;
#6320 = CARTESIAN_POINT ( 'NONE',  ( 4.608618681574781400, 4.605031446540877500, 11.50000000000000000 ) ) ;
#6321 = CARTESIAN_POINT ( 'NONE',  ( 3.753731937751887000, 4.943778713126856200, 11.50000000000000000 ) ) ;
#6322 = CARTESIAN_POINT ( 'NONE',  ( 0.6252263851198831500, -16.29439441414308500, 11.50000000000000000 ) ) ;
#6323 = AXIS2_PLACEMENT_3D ( 'NONE', #8385, #7772, #3409 ) ;
#6324 = CARTESIAN_POINT ( 'NONE',  ( 4.547493343222594600, -17.15822471685962100, 11.49999999999999300 ) ) ;
#6325 = EDGE_CURVE ( 'NONE', #374, #6633, #7006, .T. ) ;
#6326 = CARTESIAN_POINT ( 'NONE',  ( -1.512374596606912400, -16.23823439807014100, 11.50000000000000700 ) ) ;
#6327 = VERTEX_POINT ( 'NONE', #2351 ) ;
#6328 = CARTESIAN_POINT ( 'NONE',  ( 0.5816447993751406900, -16.96481128286786700, 11.50000000000000000 ) ) ;
#6329 = CARTESIAN_POINT ( 'NONE',  ( 1.565347850601210200, 4.813840046482239300, 11.50000000000000000 ) ) ;
#6330 = VERTEX_POINT ( 'NONE', #5756 ) ;
#6331 = DIRECTION ( 'NONE',  ( -1.000000000000000000, 0.0000000000000000000, 0.0000000000000000000 ) ) ;
#6332 = CARTESIAN_POINT ( 'NONE',  ( 4.237412749906583000, 5.407943766027674600, 11.50000000000000200 ) ) ;
#6333 = FACE_OUTER_BOUND ( 'NONE', #1845, .T. ) ;
#6334 = CARTESIAN_POINT ( 'NONE',  ( 0.7018661052118180300, -17.16283843962347400, 11.50000000000000200 ) ) ;
#6335 = PLANE ( 'NONE',  #2864 ) ;
#6336 = CARTESIAN_POINT ( 'NONE',  ( -0.1836137177246596800, -14.50784562421729400, 11.50000000000000000 ) ) ;
#6337 = EDGE_CURVE ( 'NONE', #2951, #2065, #7858, .T. ) ;
#6338 = DIRECTION ( 'NONE',  ( -0.0000000000000000000, 0.0000000000000000000, 1.000000000000000000 ) ) ;
#6339 = B_SPLINE_CURVE_WITH_KNOTS ( 'NONE', 3,
 ( #6021, #3195, #5542, #7560, #3856, #8111, #3463, #8748, #6588, #5556, #8388 ),
 .UNSPECIFIED., .F., .F.,
 ( 4, 1, 1, 1, 1, 1, 1, 1, 4 ),
 ( 0.0000000000000000000, 0.1915934521049804700, 0.3543178081273413700, 0.4892156391944012500, 0.6002770820113985100, 0.6955734225983420900, 0.7852356378274796300, 0.8834409776029541500, 1.000000000000000000 ),
 .UNSPECIFIED. ) ;
#6340 = CARTESIAN_POINT ( 'NONE',  ( -3.155461526761385000, 5.354454845259940800, 11.49999999999999600 ) ) ;
#6341 = VECTOR ( 'NONE', #8398, 1000.000000000000100 ) ;
#6342 = ORIENTED_EDGE ( 'NONE', *, *, #5904, .T. ) ;
#6343 = CARTESIAN_POINT ( 'NONE',  ( 0.0000000000000000000, 5.364779874213833300, 11.50000000000000000 ) ) ;
#6344 = EDGE_CURVE ( 'NONE', #1014, #6879, #7457, .T. ) ;
#6345 = VERTEX_POINT ( 'NONE', #7544 ) ;
#6346 = CARTESIAN_POINT ( 'NONE',  ( -3.754765109970343900, -17.05214182912945400, 11.49999999999999500 ) ) ;
#6347 = CARTESIAN_POINT ( 'NONE',  ( 0.0000000000000000000, -10.11871345029240200, 11.50000000000000000 ) ) ;
#6348 = CIRCLE ( 'NONE', #1951, 0.9999999999999991100 ) ;
#6349 = CARTESIAN_POINT ( 'NONE',  ( -0.9271102860591750000, -14.10572393237658400, 11.49999999999999800 ) ) ;
#6350 = MECHANICAL_CONTEXT ( 'NONE', #4201, 'mechanical' ) ;
#6351 = ORIENTED_EDGE ( 'NONE', *, *, #8240, .T. ) ;
#6352 = CARTESIAN_POINT ( 'NONE',  ( 4.523456790123581200, 5.420125786163518800, 11.50000000000000000 ) ) ;
#6353 = CARTESIAN_POINT ( 'NONE',  ( -3.163372255453678900, -11.64609550282107600, 11.49999999999999800 ) ) ;
#6354 = CARTESIAN_POINT ( 'NONE',  ( -1.923870967741812000, 7.070967741935480600, 11.50000000000000000 ) ) ;
#6355 = FACE_OUTER_BOUND ( 'NONE', #5120, .T. ) ;
#6356 = CARTESIAN_POINT ( 'NONE',  ( 4.632822001295027200, -16.52148347313855900, 11.50000000000000200 ) ) ;
#6357 = CARTESIAN_POINT ( 'NONE',  ( -3.748538011695907300, -16.14012529426445400, 11.50000000000000200 ) ) ;
#6358 = CARTESIAN_POINT ( 'NONE',  ( 0.0000000000000000000, 4.992452830188676100, 11.50000000000000000 ) ) ;
#6359 = DIRECTION ( 'NONE',  ( -0.2127227949962213500, -0.9771125894639755000, 0.0000000000000000000 ) ) ;
#6360 = FACE_OUTER_BOUND ( 'NONE', #3759, .T. ) ;
#6361 = CARTESIAN_POINT ( 'NONE',  ( 0.3183366814123725400, 4.670166192127310500, 11.50000000000000000 ) ) ;
#6362 = CARTESIAN_POINT ( 'NONE',  ( -1.877983105454119400, 11.63445297824524100, 11.49999999999999800 ) ) ;
#6363 = CARTESIAN_POINT ( 'NONE',  ( -1.522364701782444400, 4.621400235629487900, 11.50000000000000200 ) ) ;
#6364 = LINE ( 'NONE', #33, #6941 ) ;
#6365 = CARTESIAN_POINT ( 'NONE',  ( 4.330761911964659200, -16.68179393610211700, 11.49999999999999600 ) ) ;
#6366 = ORIENTED_EDGE ( 'NONE', *, *, #1449, .T. ) ;
#6367 = CARTESIAN_POINT ( 'NONE',  ( 12.89999999999999500, 20.49999999999999600, 11.00000000000000000 ) ) ;
#6368 = VECTOR ( 'NONE', #1716, 1000.000000000000000 ) ;
#6369 = FACE_BOUND ( 'NONE', #854, .T. ) ;
#6370 = CARTESIAN_POINT ( 'NONE',  ( -1.261476861659951400, -16.24644672477853300, 11.50000000000000200 ) ) ;
#6371 = CARTESIAN_POINT ( 'NONE',  ( -1.199277652401898200, 5.402677966435634400, 11.49999999999999800 ) ) ;
#6372 = CARTESIAN_POINT ( 'NONE',  ( 0.8145181915801068500, -16.59173936216361900, 11.50000000000000400 ) ) ;
#6373 = CARTESIAN_POINT ( 'NONE',  ( -1.557681526168672900, 4.636432939130382500, 11.49999999999999800 ) ) ;
#6374 = CARTESIAN_POINT ( 'NONE',  ( 0.3915156475699838000, 4.650754669138087200, 11.50000000000000000 ) ) ;
#6375 = CARTESIAN_POINT ( 'NONE',  ( 1.509899776616263600, 4.613626234733614800, 11.49999999999999800 ) ) ;
#6376 = AXIS2_PLACEMENT_3D ( 'NONE', #4315, #1671, #5422 ) ;
#6377 = ORIENTED_EDGE ( 'NONE', *, *, #7047, .F. ) ;
#6378 = CARTESIAN_POINT ( 'NONE',  ( 2.814017462215338200, -9.452802001685897800, 11.50000000000000200 ) ) ;
#6379 = EDGE_CURVE ( 'NONE', #4518, #2780, #1751, .T. ) ;
#6380 = ORIENTED_EDGE ( 'NONE', *, *, #2163, .T. ) ;
#6381 = CARTESIAN_POINT ( 'NONE',  ( -3.785066600063016200, -16.14092159411443800, 11.50000000000000200 ) ) ;
#6382 = CARTESIAN_POINT ( 'NONE',  ( -1.947796103049530300, 5.220082213603977700, 11.50000000000000400 ) ) ;
#6383 = CARTESIAN_POINT ( 'NONE',  ( 4.410964038091664800, 4.916476690767959600, 11.50000000000000200 ) ) ;
#6384 = CARTESIAN_POINT ( 'NONE',  ( 3.665810276497806900, 4.967588685007604500, 11.50000000000000000 ) ) ;
#6385 = CARTESIAN_POINT ( 'NONE',  ( 0.06083033573675712700, -17.16154029796310400, 11.50000000000000000 ) ) ;
#6386 = ORIENTED_EDGE ( 'NONE', *, *, #75, .T. ) ;
#6387 = CARTESIAN_POINT ( 'NONE',  ( 4.169590643274850600, -16.82433582058024200, 11.50000000000000000 ) ) ;
#6388 = ORIENTED_EDGE ( 'NONE', *, *, #5367, .F. ) ;
#6389 = CARTESIAN_POINT ( 'NONE',  ( -2.008871869277425700, 8.611808429671929900, 11.49999999999999800 ) ) ;
#6390 = AXIS2_PLACEMENT_3D ( 'NONE', #2056, #6528, #115 ) ;
#6391 = EDGE_CURVE ( 'NONE', #8136, #3168, #1211, .T. ) ;
#6392 = CARTESIAN_POINT ( 'NONE',  ( 0.6017237363150539400, 5.399999999999996800, 11.50000000000000000 ) ) ;
#6393 = CARTESIAN_POINT ( 'NONE',  ( 3.248078266946313500, 5.425157232704399300, 11.50000000000000000 ) ) ;
#6394 = CARTESIAN_POINT ( 'NONE',  ( 2.837357251571232600, -11.47034766375946000, 11.49999999999999500 ) ) ;
#6395 = CARTESIAN_POINT ( 'NONE',  ( 2.002923976608186800, -10.31635260991986600, 11.50000000000000400 ) ) ;
#6396 = PERSON_AND_ORGANIZATION_ROLE ( 'creator' ) ;
#6397 = CARTESIAN_POINT ( 'NONE',  ( -2.042580945725477100, 4.836477987421380600, 11.50000000000000200 ) ) ;
#6398 = CARTESIAN_POINT ( 'NONE',  ( -1.439795090932502400, 4.599804870564746300, 11.50000000000000200 ) ) ;
#6399 = CARTESIAN_POINT ( 'NONE',  ( -1.388923891850249300, 4.656508687664429900, 11.50000000000000000 ) ) ;
#6400 = ORIENTED_EDGE ( 'NONE', *, *, #6515, .F. ) ;
#6401 = CARTESIAN_POINT ( 'NONE',  ( 4.312574427912830200, -16.72224464146894700, 11.49999999999999800 ) ) ;
#6402 = CARTESIAN_POINT ( 'NONE',  ( 3.923803801185800700, -16.44702913263695600, 11.50000000000000000 ) ) ;
#6403 = CARTESIAN_POINT ( 'NONE',  ( 0.2505957691548821300, -17.06581253321956000, 11.50000000000000000 ) ) ;
#6404 = CARTESIAN_POINT ( 'NONE',  ( 0.7801078836476550400, 11.23710413713783800, 11.50000000000000000 ) ) ;
#6405 = ORIENTED_EDGE ( 'NONE', *, *, #3353, .F. ) ;
#6406 = CARTESIAN_POINT ( 'NONE',  ( 0.0000000000000000000, -17.04071008958608900, 11.50000000000000000 ) ) ;
#6407 = EDGE_CURVE ( 'NONE', #9075, #6410, #6926, .T. ) ;
#6408 = CARTESIAN_POINT ( 'NONE',  ( -0.2987074581371431700, -14.18894258809176300, 11.50000000000000000 ) ) ;
#6409 = CARTESIAN_POINT ( 'NONE',  ( -1.992413642788358300, 4.664894493325431500, 11.50000000000000000 ) ) ;
#6410 = VERTEX_POINT ( 'NONE', #5676 ) ;
#6411 = VERTEX_POINT ( 'NONE', #648 ) ;
#6412 = CARTESIAN_POINT ( 'NONE',  ( -1.511796374949340400, -13.41556960552650100, 11.50000000000000000 ) ) ;
#6413 = CARTESIAN_POINT ( 'NONE',  ( 3.923976608187133700, -16.45591476794866300, 11.50000000000000000 ) ) ;
#6414 = ORIENTED_EDGE ( 'NONE', *, *, #1701, .F. ) ;
#6415 = CARTESIAN_POINT ( 'NONE',  ( -0.1930774629990559300, -17.10721302449755400, 11.50000000000000700 ) ) ;
#6416 = CARTESIAN_POINT ( 'NONE',  ( -2.143463740837449700, 4.611133302369512200, 11.49999999999999800 ) ) ;
#6417 = CARTESIAN_POINT ( 'NONE',  ( -2.269739550665811600, 5.412435918445186900, 11.50000000000000000 ) ) ;
#6418 = VERTEX_POINT ( 'NONE', #8135 ) ;
#6419 = EDGE_CURVE ( 'NONE', #5574, #662, #8589, .T. ) ;
#6420 = CARTESIAN_POINT ( 'NONE',  ( -3.426900584795322200, -16.64889722408901600, 11.49999999999999600 ) ) ;
#6421 = CARTESIAN_POINT ( 'NONE',  ( -2.970760233918129600, -16.25123640537556500, 11.50000000000000000 ) ) ;
#6422 = CARTESIAN_POINT ( 'NONE',  ( 4.217421577847554600, 4.724898781496087000, 11.49999999999999800 ) ) ;
#6423 = CARTESIAN_POINT ( 'NONE',  ( -0.9689360175491386100, 5.338051140523971200, 11.50000000000000500 ) ) ;
#6424 = VERTEX_POINT ( 'NONE', #4087 ) ;
#6425 = CARTESIAN_POINT ( 'NONE',  ( -1.093567251461989600, -16.68398494338725900, 11.50000000000000000 ) ) ;
#6426 = CARTESIAN_POINT ( 'NONE',  ( -1.175680487860850000, 5.354454845259939900, 11.50000000000000000 ) ) ;
#6427 = VECTOR ( 'NONE', #2107, 1000.000000000000100 ) ;
#6428 = CARTESIAN_POINT ( 'NONE',  ( -12.90000000000000600, 24.69999999999999900, 11.50000000000000000 ) ) ;
#6429 = CARTESIAN_POINT ( 'NONE',  ( -8.285786437626924800, 23.69999999999999900, 2.000000000000000000 ) ) ;
#6430 = PLANE ( 'NONE',  #4450 ) ;
#6431 = DIRECTION ( 'NONE',  ( -0.0000000000000000000, -0.0000000000000000000, 1.000000000000000000 ) ) ;
#6432 = ORIENTED_EDGE ( 'NONE', *, *, #1924, .T. ) ;
#6433 = CARTESIAN_POINT ( 'NONE',  ( 4.477242021896234500, 4.781132075471694200, 11.50000000000000000 ) ) ;
#6434 = VECTOR ( 'NONE', #2129, 1000.000000000000000 ) ;
#6435 = ORIENTED_EDGE ( 'NONE', *, *, #2450, .F. ) ;
#6436 = CARTESIAN_POINT ( 'NONE',  ( -2.763157894736841600, -11.75614035087719800, 11.49999999999999600 ) ) ;
#6437 = CARTESIAN_POINT ( 'NONE',  ( -0.7133626931944875300, -13.66289286105430300, 11.50000000000000200 ) ) ;
#6438 = CARTESIAN_POINT ( 'NONE',  ( 1.035428595573453000, -16.78241412681401800, 11.50000000000000000 ) ) ;
#6440 = CARTESIAN_POINT ( 'NONE',  ( -2.892907191397944700, 4.982718785754658900, 11.50000000000000200 ) ) ;
#6439 = CARTESIAN_POINT ( 'NONE',  ( 0.8839959408051896200, -16.36483818261027400, 11.50000000000000200 ) ) ;
#6441 = FACE_BOUND ( 'NONE', #2796, .T. ) ;
#6442 = CARTESIAN_POINT ( 'NONE',  ( -1.125730994152046400, -10.16257309941521000, 11.50000000000000000 ) ) ;
#6443 = FACE_BOUND ( 'NONE', #3165, .T. ) ;
#6444 = CARTESIAN_POINT ( 'NONE',  ( 3.762344170282700100, -16.64661775008736200, 11.49999999999999800 ) ) ;
#6445 = CARTESIAN_POINT ( 'NONE',  ( -1.447368421052632500, -13.65087719298245600, 11.50000000000000000 ) ) ;
#6446 = VERTEX_POINT ( 'NONE', #6045 ) ;
#6447 = CARTESIAN_POINT ( 'NONE',  ( -1.240625941648763300, -16.47917433993514500, 11.50000000000000500 ) ) ;
#6448 = CARTESIAN_POINT ( 'NONE',  ( -2.162345110751920300, 5.418489243763243500, 11.50000000000000400 ) ) ;
#6449 = EDGE_CURVE ( 'NONE', #560, #5449, #5016, .T. ) ;
#6450 = CARTESIAN_POINT ( 'NONE',  ( 4.174833564139409400, -16.75229293931339600, 11.50000000000000500 ) ) ;
#6451 = CARTESIAN_POINT ( 'NONE',  ( 4.173660910692348100, 5.349533849356546100, 11.50000000000000200 ) ) ;
#6452 = ORIENTED_EDGE ( 'NONE', *, *, #9080, .T. ) ;
#6453 = DIRECTION ( 'NONE',  ( -0.0000000000000000000, 0.0000000000000000000, 1.000000000000000000 ) ) ;
#6454 = DIRECTION ( 'NONE',  ( 1.000000000000000000, 0.0000000000000000000, 0.0000000000000000000 ) ) ;
#6455 = ORIENTED_EDGE ( 'NONE', *, *, #378, .T. ) ;
#6456 = CARTESIAN_POINT ( 'NONE',  ( -2.364348609055482200, 5.324721659106771200, 11.50000000000000500 ) ) ;
#6457 = CARTESIAN_POINT ( 'NONE',  ( 1.641672066731186400, 5.164482046066910700, 11.50000000000000200 ) ) ;
#6458 = CARTESIAN_POINT ( 'NONE',  ( 2.191924677150909800, 5.395206253690370900, 11.50000000000000000 ) ) ;
#6459 = CARTESIAN_POINT ( 'NONE',  ( 3.400761429296222300, 5.290408457250489200, 11.50000000000000000 ) ) ;
#6460 = CARTESIAN_POINT ( 'NONE',  ( -2.756878157659635100, -16.23650125560536100, 11.49999999999999300 ) ) ;
#6461 = EDGE_CURVE ( 'NONE', #6284, #7782, #6128, .T. ) ;
#6462 = APPROVAL_DATE_TIME ( #8362, #5080 ) ;
#6463 = ORIENTED_EDGE ( 'NONE', *, *, #2689, .F. ) ;
#6464 = CARTESIAN_POINT ( 'NONE',  ( 4.371095783816787000, -16.63523974538122000, 11.49999999999999800 ) ) ;
#6465 = FACE_OUTER_BOUND ( 'NONE', #3821, .T. ) ;
#6466 = CIRCLE ( 'NONE', #7159, 1.000000000000000900 ) ;
#6467 = CARTESIAN_POINT ( 'NONE',  ( 0.9052267234455896300, 11.35032329742801100, 11.50000000000000200 ) ) ;
#6468 = VERTEX_POINT ( 'NONE', #7092 ) ;
#6469 = DIRECTION ( 'NONE',  ( -0.2776535470382518500, 0.9606812727523511600, 0.0000000000000000000 ) ) ;
#6470 = CARTESIAN_POINT ( 'NONE',  ( 5.899999999999999500, -1.574230079803005100, 11.00000000000000000 ) ) ;
#6471 = VECTOR ( 'NONE', #3556, 1000.000000000000000 ) ;
#6472 = B_SPLINE_CURVE_WITH_KNOTS ( 'NONE', 3,
 ( #2716, #3419, #4885, #1991, #8414, #6958, #7671, #2677, #1253, #9087, #5517, #538, #4189, #4081, #8376, #5005, #3587, #3613, #9119, #6279, #7809, #4254, #2155, #5038, #1897, #9025, #4745, #479, #5457, #1196, #6194, #3269, #5404, #5366, #6099, #1107, #3207, #7499, #1775, #5334, #7618, #6897, #1194 ),
 .UNSPECIFIED., .F., .F.,
 ( 4, 1, 1, 1, 1, 1, 1, 1, 1, 1, 1, 1, 1, 1, 1, 1, 1, 1, 1, 1, 1, 1, 1, 1, 1, 1, 1, 1, 1, 1, 1, 1, 1, 1, 1, 1, 1, 1, 1, 1, 4 ),
 ( 0.4999999999999996100, 0.5231897360424455600, 0.5515860244566325200, 0.5782847652354880000, 0.6033903472622714800, 0.6153496585211679600, 0.6269721443440039500, 0.6383227877693006300, 0.6493793358607596900, 0.6602366933480536800, 0.6709844507434134000, 0.6815699823365224400, 0.6921653420815473400, 0.7025457798292982200, 0.7124401209341320000, 0.7219485596356262100, 0.7312242729325340000, 0.7403757207945234100, 0.7495157880236480400, 0.7587447454233887700, 0.7681132705008398800, 0.7774748492400649400, 0.7864887812210152900, 0.7952044094627946900, 0.8037572975077009700, 0.8121597866294283400, 0.8205642110505156900, 0.8289341202357479700, 0.8373385446568357700, 0.8542848028080258800, 0.8713038413358945600, 0.8887111968652230400, 0.9066393721419674400, 0.9160321689487368500, 0.9260833890959380100, 0.9366467739141990400, 0.9479249730236809500, 0.9599255533688846300, 0.9725912649294907700, 0.9859472123838233200, 1.000000000000000000 ),
 .UNSPECIFIED. ) ;
#6473 = CARTESIAN_POINT ( 'NONE',  ( -1.486716809909679700, 4.957847669829362800, 11.50000000000000200 ) ) ;
#6474 = DIRECTION ( 'NONE',  ( 1.000000000000000000, 0.0000000000000000000, 0.0000000000000000000 ) ) ;
#6475 = CARTESIAN_POINT ( 'NONE',  ( 0.4423433547637775600, -14.13135366185451300, 11.50000000000000000 ) ) ;
#6476 = ORIENTED_EDGE ( 'NONE', *, *, #214, .F. ) ;
#6477 = EDGE_CURVE ( 'NONE', #7362, #8676, #5821, .T. ) ;
#6478 = ORIENTED_EDGE ( 'NONE', *, *, #4467, .T. ) ;
#6479 = ADVANCED_FACE ( 'NONE', ( #4455 ), #7425, .F. ) ;
#6480 = DIRECTION ( 'NONE',  ( -0.0000000000000000000, 0.0000000000000000000, 1.000000000000000000 ) ) ;
#6481 = CARTESIAN_POINT ( 'NONE',  ( 1.261833733761025300, -10.64287322062764800, 11.49999999999999600 ) ) ;
#6482 = CARTESIAN_POINT ( 'NONE',  ( -0.3883531330070984500, 5.329559748427669800, 11.50000000000000000 ) ) ;
#6483 = VECTOR ( 'NONE', #917, 999.9999999999998900 ) ;
#6484 = CARTESIAN_POINT ( 'NONE',  ( 1.910831586303408200, 4.771069182389933200, 11.49999999999999800 ) ) ;
#6485 = CARTESIAN_POINT ( 'NONE',  ( -1.556623881174363100, -13.48923179004151300, 11.50000000000000400 ) ) ;
#6486 = EDGE_CURVE ( 'NONE', #1800, #9131, #6348, .T. ) ;
#6487 = CARTESIAN_POINT ( 'NONE',  ( -2.468387096774070400, 6.607741935483868000, 11.50000000000000000 ) ) ;
#6488 = VECTOR ( 'NONE', #7733, 1000.000000000000000 ) ;
#6489 = VERTEX_POINT ( 'NONE', #5757 ) ;
#6490 = CARTESIAN_POINT ( 'NONE',  ( 4.778789391771454100, 5.387546839174620800, 11.50000000000000000 ) ) ;
#6491 = CARTESIAN_POINT ( 'NONE',  ( 1.576147216398912300, 4.615094339622638500, 11.50000000000000000 ) ) ;
#6492 = CARTESIAN_POINT ( 'NONE',  ( 4.628076110489867100, -16.66431530789671100, 11.49999999999999800 ) ) ;
#6493 = ORIENTED_EDGE ( 'NONE', *, *, #1701, .T. ) ;
#6494 = EDGE_LOOP ( 'NONE', ( #7935, #152, #4711, #6201 ) ) ;
#6495 = ORIENTED_EDGE ( 'NONE', *, *, #202, .T. ) ;
#6496 = CARTESIAN_POINT ( 'NONE',  ( -0.1761840737648537600, -16.73359512866461400, 11.50000000000000900 ) ) ;
#6497 = CARTESIAN_POINT ( 'NONE',  ( 4.479592756203294900, -16.59056738689514200, 11.50000000000000400 ) ) ;
#6498 = AXIS2_PLACEMENT_3D ( 'NONE', #5066, #924, #8150 ) ;
#6499 = CARTESIAN_POINT ( 'NONE',  ( 2.410569615759102600, 4.651070481412338300, 11.50000000000000200 ) ) ;
#6500 = EDGE_CURVE ( 'NONE', #1040, #5585, #1441, .T. ) ;
#6501 = ORIENTED_EDGE ( 'NONE', *, *, #5892, .T. ) ;
#6502 = EDGE_LOOP ( 'NONE', ( #870, #3832 ) ) ;
#6503 = FACE_OUTER_BOUND ( 'NONE', #1017, .T. ) ;
#6504 = LINE ( 'NONE', #2026, #362 ) ;
#6505 = CARTESIAN_POINT ( 'NONE',  ( -1.513191085822636300, -9.583543543543559200, 11.50000000000000000 ) ) ;
#6506 = VERTEX_POINT ( 'NONE', #2275 ) ;
#6507 = ORIENTED_EDGE ( 'NONE', *, *, #838, .T. ) ;
#6508 = CARTESIAN_POINT ( 'NONE',  ( -0.5288581254242696900, 4.662928616506641300, 11.50000000000000000 ) ) ;
#6509 = DIRECTION ( 'NONE',  ( 1.000000000000000000, 0.0000000000000000000, 0.0000000000000000000 ) ) ;
#6510 = B_SPLINE_CURVE_WITH_KNOTS ( 'NONE', 3,
 ( #4050, #3285, #3999, #9055, #1934, #2346, #520, #3051, #1419, #5695 ),
 .UNSPECIFIED., .F., .F.,
 ( 4, 3, 3, 4 ),
 ( 4.336808689942017700E-019, 2.812697128398845700E-005, 5.625541138553611300E-005, 0.0001125039071138344400 ),
 .UNSPECIFIED. ) ;
#6511 = VERTEX_POINT ( 'NONE', #971 ) ;
#6512 = CARTESIAN_POINT ( 'NONE',  ( -0.3610530325823126900, -14.56715537299779600, 11.50000000000000400 ) ) ;
#6513 = CC_DESIGN_PERSON_AND_ORGANIZATION_ASSIGNMENT ( #2645, #1401, ( #4593 ) ) ;
#6514 = ORIENTED_EDGE ( 'NONE', *, *, #3022, .T. ) ;
#6515 = EDGE_CURVE ( 'NONE', #830, #3618, #8026, .T. ) ;
#6516 = ORIENTED_EDGE ( 'NONE', *, *, #5918, .F. ) ;
#6517 = CARTESIAN_POINT ( 'NONE',  ( 0.7727517194135618000, -16.14106487325051000, 11.49999999999999600 ) ) ;
#6518 = DIRECTION ( 'NONE',  ( -1.000000000000000000, 0.0000000000000000000, -0.0000000000000000000 ) ) ;
#6519 = CARTESIAN_POINT ( 'NONE',  ( -1.512421663697445000, -16.13778417748973800, 11.49999999999999800 ) ) ;
#6520 = CARTESIAN_POINT ( 'NONE',  ( -0.1347650850349043900, -16.66151546725354700, 11.50000000000000000 ) ) ;
#6521 = CARTESIAN_POINT ( 'NONE',  ( 1.896157553609237700, 5.143062874099946700, 11.49999999999999800 ) ) ;
#6522 = CARTESIAN_POINT ( 'NONE',  ( -3.292743414621676700, -16.44517417827988500, 11.50000000000000000 ) ) ;
#6523 = ORIENTED_EDGE ( 'NONE', *, *, #5551, .F. ) ;
#6524 = CARTESIAN_POINT ( 'NONE',  ( 4.534575652214379600, 5.420242480199553900, 11.49999999999999800 ) ) ;
#6525 = ORIENTED_EDGE ( 'NONE', *, *, #2462, .F. ) ;
#6526 = EDGE_LOOP ( 'NONE', ( #6562, #4716, #5635, #5805 ) ) ;
#6527 = CARTESIAN_POINT ( 'NONE',  ( 2.309941520467835700, -10.22863331167425100, 11.49999999999999600 ) ) ;
#6529 = CARTESIAN_POINT ( 'NONE',  ( -3.827212310485011300, 4.635860273921654300, 11.50000000000000000 ) ) ;
#6528 = DIRECTION ( 'NONE',  ( -0.0000000000000000000, -0.0000000000000000000, 1.000000000000000000 ) ) ;
#6530 = EDGE_CURVE ( 'NONE', #7865, #9104, #4944, .T. ) ;
#6531 = ORIENTED_EDGE ( 'NONE', *, *, #1796, .T. ) ;
#6532 = CARTESIAN_POINT ( 'NONE',  ( 4.833270582693157500, 5.352326536389107900, 11.49999999999999600 ) ) ;
#6533 = CARTESIAN_POINT ( 'NONE',  ( -2.467347398380160200, -9.598260308305866000, 11.50000000000000200 ) ) ;
#6534 = CARTESIAN_POINT ( 'NONE',  ( 7.431235973497767800, -4.728968346771310400, 11.50000000000000000 ) ) ;
#6535 = CARTESIAN_POINT ( 'NONE',  ( -2.751828558117743700, 4.599999999999996100, 11.50000000000000000 ) ) ;
#6536 = CARTESIAN_POINT ( 'NONE',  ( 1.737726601689287600, 9.999658788758919700, 11.50000000000000000 ) ) ;
#6537 = CARTESIAN_POINT ( 'NONE',  ( -3.136693931421237600, -17.11949916790749500, 11.50000000000000000 ) ) ;
#6538 = CARTESIAN_POINT ( 'NONE',  ( 2.109258342026425000, 5.295590529603317400, 11.49999999999999800 ) ) ;
#6539 = LINE ( 'NONE', #7448, #5308 ) ;
#6540 = ORIENTED_EDGE ( 'NONE', *, *, #6955, .F. ) ;
#6541 = AXIS2_PLACEMENT_3D ( 'NONE', #6845, #642, #8417 ) ;
#6542 = DIRECTION ( 'NONE',  ( -0.3201723590833782700, -0.9473593090686259800, 0.0000000000000000000 ) ) ;
#6543 = CARTESIAN_POINT ( 'NONE',  ( -1.247373193070991000, -13.23918648977350500, 11.50000000000000200 ) ) ;
#6544 = ORIENTED_EDGE ( 'NONE', *, *, #6592, .F. ) ;
#6545 = CARTESIAN_POINT ( 'NONE',  ( -1.358073391502609500, -16.32594507207235800, 11.50000000000000500 ) ) ;
#6546 = DIRECTION ( 'NONE',  ( -0.0000000000000000000, -0.0000000000000000000, -1.000000000000000000 ) ) ;
#6547 = CARTESIAN_POINT ( 'NONE',  ( -3.712021959076725200, -17.16242452062556700, 11.49999999999999600 ) ) ;
#6548 = LINE ( 'NONE', #1214, #73 ) ;
#6549 = VECTOR ( 'NONE', #4718, 1000.000000000000200 ) ;
#6550 = CARTESIAN_POINT ( 'NONE',  ( -1.093930103330775300, -14.31780014085902600, 11.49999999999999800 ) ) ;
#6551 = CARTESIAN_POINT ( 'NONE',  ( 0.7806451612904462500, 11.21806451612902800, 11.49999999999999800 ) ) ;
#6552 = CARTESIAN_POINT ( 'NONE',  ( -2.748538011695905900, -9.197660818713457000, 11.49999999999999800 ) ) ;
#6553 = CARTESIAN_POINT ( 'NONE',  ( -0.5026204573745307600, -1.707778803852021200, 11.00000000000000000 ) ) ;
#6554 = AXIS2_PLACEMENT_3D ( 'NONE', #5302, #6431, #5615 ) ;
#6555 = CARTESIAN_POINT ( 'NONE',  ( 3.455463035072836100, -11.20457710173002200, 11.50000000000000500 ) ) ;
#6556 = EDGE_CURVE ( 'NONE', #3852, #6327, #9257, .T. ) ;
#6557 = VECTOR ( 'NONE', #6287, 999.9999999999998900 ) ;
#6558 = CARTESIAN_POINT ( 'NONE',  ( 2.461875958307235400, -0.8388614376454143200, 11.50000000000000000 ) ) ;
#6559 = CARTESIAN_POINT ( 'NONE',  ( 0.5000000000000023300, 1.499999999999997800, 11.60000000000000000 ) ) ;
#6560 = B_SPLINE_CURVE_WITH_KNOTS ( 'NONE', 3,
 ( #6387, #5597, #5656, #9189, #5221, #8301, #4137, #4701, #6836, #1841, #2826, #226, #6931, #1937, #1124, #5822, #5138, #3212, #1648 ),
 .UNSPECIFIED., .F., .F.,
 ( 4, 1, 1, 1, 1, 1, 1, 1, 1, 1, 1, 1, 1, 1, 1, 1, 4 ),
 ( 0.0000000000000000000, 0.07160172206226067500, 0.1403079654098455800, 0.2066975984480062800, 0.2704689724273085000, 0.3335934226869722300, 0.3958129762432897000, 0.4584083635536391200, 0.5215050789919921700, 0.5842917213185729900, 0.6448749816468051200, 0.7042146875535697500, 0.7627824426643217100, 0.8206163802329088400, 0.8792662644849123000, 0.9388473572342752600, 1.000000000000000000 ),
 .UNSPECIFIED. ) ;
#6561 = B_SPLINE_CURVE_WITH_KNOTS ( 'NONE', 3,
 ( #4694, #780, #5125, #4998, #6840, #727, #1301, #5588, #3216, #6605, #122 ),
 .UNSPECIFIED., .F., .F.,
 ( 4, 1, 1, 1, 1, 1, 1, 1, 4 ),
 ( 0.0000000000000000000, 0.1403873816971323900, 0.2709727533122687800, 0.3939862620933533000, 0.5109509589249068300, 0.6271973827879591100, 0.7452989032188495100, 0.8685597477518116600, 1.000000000000000000 ),
 .UNSPECIFIED. ) ;
#6562 = ORIENTED_EDGE ( 'NONE', *, *, #6848, .T. ) ;
#6563 = CARTESIAN_POINT ( 'NONE',  ( 4.640012716445443900, -16.96688286562210000, 11.50000000000000400 ) ) ;
#6564 = CARTESIAN_POINT ( 'NONE',  ( 0.5851291065752337600, -16.40592227206747800, 11.50000000000000000 ) ) ;
#6565 = CARTESIAN_POINT ( 'NONE',  ( -4.463115967941591000, 5.314623966746955500, 11.49999999999999800 ) ) ;
#6566 = FACE_OUTER_BOUND ( 'NONE', #4249, .T. ) ;
#6567 = CARTESIAN_POINT ( 'NONE',  ( -0.7744992191201239800, -13.39558699641513200, 11.49999999999999800 ) ) ;
#6568 = AXIS2_PLACEMENT_3D ( 'NONE', #120, #7035, #1081 ) ;
#6569 = FACE_OUTER_BOUND ( 'NONE', #1242, .T. ) ;
#6570 = EDGE_CURVE ( 'NONE', #8861, #8325, #1656, .T. ) ;
#6571 = CARTESIAN_POINT ( 'NONE',  ( 0.0000000000000000000, 0.0000000000000000000, 11.50000000000000000 ) ) ;
#6572 = EDGE_LOOP ( 'NONE', ( #2416, #1248, #8838, #6087 ) ) ;
#6573 = CARTESIAN_POINT ( 'NONE',  ( -2.568905333578098500, -9.514459797244262200, 11.50000000000000200 ) ) ;
#6574 = VERTEX_POINT ( 'NONE', #8892 ) ;
#6575 = CARTESIAN_POINT ( 'NONE',  ( 3.138318192406364600, 5.309433962264147800, 11.49999999999999800 ) ) ;
#6576 = CARTESIAN_POINT ( 'NONE',  ( -1.893745375875697000, 5.082604383509539600, 11.50000000000000000 ) ) ;
#6577 = CARTESIAN_POINT ( 'NONE',  ( -2.909585025612384500, 5.304224474103145700, 11.50000000000000400 ) ) ;
#6578 = VERTEX_POINT ( 'NONE', #2165 ) ;
#6579 = CARTESIAN_POINT ( 'NONE',  ( -1.462707860044870400, -17.04472240772335200, 11.49999999999999600 ) ) ;
#6580 = DIRECTION ( 'NONE',  ( 1.000000000000000000, 0.0000000000000000000, 0.0000000000000000000 ) ) ;
#6581 = CARTESIAN_POINT ( 'NONE',  ( -2.030628010231400300, 4.917772988603579700, 11.49999999999999500 ) ) ;
#6582 = EDGE_CURVE ( 'NONE', #8029, #302, #5067, .T. ) ;
#6583 = CARTESIAN_POINT ( 'NONE',  ( -3.427592603118420300, -16.58422773231949800, 11.50000000000000200 ) ) ;
#6584 = VECTOR ( 'NONE', #3065, 1000.000000000000000 ) ;
#6585 = CARTESIAN_POINT ( 'NONE',  ( -0.7311270653404462500, 8.967460940411410100, 11.49999999999999800 ) ) ;
#6586 = CARTESIAN_POINT ( 'NONE',  ( -1.766929811224213600, 5.324948896854333900, 11.50000000000000000 ) ) ;
#6587 = CARTESIAN_POINT ( 'NONE',  ( 4.298375365824315800, -16.83380283532099500, 11.50000000000000000 ) ) ;
#6588 = CARTESIAN_POINT ( 'NONE',  ( 3.891186500494386600, 5.330929955634617000, 11.49999999999999800 ) ) ;
#6589 = ORIENTED_EDGE ( 'NONE', *, *, #8253, .F. ) ;
#6590 = CARTESIAN_POINT ( 'NONE',  ( -4.067468363577755300, 4.934322704007845700, 11.50000000000000000 ) ) ;
#6591 = VECTOR ( 'NONE', #8549, 1000.000000000000000 ) ;
#6592 = EDGE_CURVE ( 'NONE', #3801, #3916, #3722, .T. ) ;
#6593 = VECTOR ( 'NONE', #5751, 1000.000000000000200 ) ;
#6594 = LINE ( 'NONE', #3975, #2787 ) ;
#6595 = CARTESIAN_POINT ( 'NONE',  ( 4.673818170117423100, 5.199905395099552400, 11.49999999999999500 ) ) ;
#6596 = DIRECTION ( 'NONE',  ( 0.0000000000000000000, 0.0000000000000000000, 1.000000000000000000 ) ) ;
#6597 = DIRECTION ( 'NONE',  ( -0.7071067811865443500, -0.7071067811865506800, -0.0000000000000000000 ) ) ;
#6598 = B_SPLINE_CURVE_WITH_KNOTS ( 'NONE', 3,
 ( #4151, #4888, #3528, #4290, #8571, #6764, #9214, #393, #2895, #773, #3495, #4579, #2427, #5011, #731, #7052, #3572, #2521, #5857 ),
 .UNSPECIFIED., .F., .F.,
 ( 4, 1, 1, 1, 1, 1, 1, 1, 1, 1, 1, 1, 1, 1, 1, 1, 4 ),
 ( 0.0000000000000000000, 0.07872489370337620900, 0.1533536607344963000, 0.2249992332174741700, 0.2930070084378066900, 0.3582679720385271200, 0.4211661208300299100, 0.4816072770265486000, 0.5403068847064787000, 0.5970595387072730200, 0.6533755576948661000, 0.7093674530179849800, 0.7652474966270129700, 0.8217510580657727500, 0.8796152915844960300, 0.9387493237989283900, 1.000000000000000000 ),
 .UNSPECIFIED. ) ;
#6599 = DIRECTION ( 'NONE',  ( 1.000000000000000000, 0.0000000000000000000, 0.0000000000000000000 ) ) ;
#6600 = CARTESIAN_POINT ( 'NONE',  ( -2.443834864000371500, 5.402077284311452000, 11.50000000000000400 ) ) ;
#6601 = VERTEX_POINT ( 'NONE', #6769 ) ;
#6602 = EDGE_CURVE ( 'NONE', #2039, #9058, #147, .T. ) ;
#6603 = CARTESIAN_POINT ( 'NONE',  ( -0.4347508283074011400, 10.01163886674070000, 11.50000000000000000 ) ) ;
#6604 = DIRECTION ( 'NONE',  ( 1.000000000000000000, 0.0000000000000000000, 0.0000000000000000000 ) ) ;
#6605 = CARTESIAN_POINT ( 'NONE',  ( -1.954051302475308300, 5.203054758507916800, 11.50000000000000200 ) ) ;
#6606 = CARTESIAN_POINT ( 'NONE',  ( 3.306420831200977100, -9.449426226000465300, 11.50000000000000200 ) ) ;
#6607 = CARTESIAN_POINT ( 'NONE',  ( -2.997852210681728900, -17.05168755518955900, 11.50000000000000000 ) ) ;
#6608 = ORIENTED_EDGE ( 'NONE', *, *, #1247, .T. ) ;
#6609 = CARTESIAN_POINT ( 'NONE',  ( 3.514907940633660700, -10.95664651808912500, 11.50000000000000000 ) ) ;
#6610 = CARTESIAN_POINT ( 'NONE',  ( -0.7856751540535005200, -10.37339634162784700, 11.50000000000000000 ) ) ;
#6611 = CARTESIAN_POINT ( 'NONE',  ( 8.285786437626931900, 24.69999999999999900, 0.0000000000000000000 ) ) ;
#6612 = DIRECTION ( 'NONE',  ( 0.0000000000000000000, -1.000000000000000000, 0.0000000000000000000 ) ) ;
#6613 = B_SPLINE_CURVE_WITH_KNOTS ( 'NONE', 3,
 ( #1497, #4279, #8592, #2179, #62, #8504, #7139, #2773, #7778, #3484, #2940 ),
 .UNSPECIFIED., .F., .F.,
 ( 4, 1, 1, 1, 1, 1, 1, 1, 4 ),
 ( 0.0000000000000000000, 0.1626273111764040500, 0.3130909597189041000, 0.4520621932925932300, 0.5799691482887086000, 0.6975377013767812800, 0.8057020687882692200, 0.9056604913613054400, 1.000000000000000000 ),
 .UNSPECIFIED. ) ;
#6614 = EDGE_LOOP ( 'NONE', ( #7299, #6544, #8313, #8871 ) ) ;
#6615 = CARTESIAN_POINT ( 'NONE',  ( -2.326695676068116100, -9.332769067184914400, 11.49999999999999500 ) ) ;
#6616 = DIRECTION ( 'NONE',  ( 1.000000000000000000, 0.0000000000000000000, 0.0000000000000000000 ) ) ;
#6617 = CARTESIAN_POINT ( 'NONE',  ( 3.742112975447797800, 4.697880456637397700, 11.50000000000000200 ) ) ;
#6618 = EDGE_CURVE ( 'NONE', #2619, #737, #4802, .T. ) ;
#6619 = VERTEX_POINT ( 'NONE', #4543 ) ;
#6620 = CARTESIAN_POINT ( 'NONE',  ( 2.192558496567830900, 5.396244255837432400, 11.50000000000000000 ) ) ;
#6621 = CARTESIAN_POINT ( 'NONE',  ( -1.642038726751208900, -16.30692279284165700, 11.50000000000000500 ) ) ;
#6622 = CARTESIAN_POINT ( 'NONE',  ( 2.588564406717222900, 6.869132469832172700, 11.50000000000000200 ) ) ;
#6623 = ORIENTED_EDGE ( 'NONE', *, *, #9217, .F. ) ;
#6624 = CARTESIAN_POINT ( 'NONE',  ( -2.939636284198656300, -16.14096166001621000, 11.50000000000000000 ) ) ;
#6625 = B_SPLINE_CURVE_WITH_KNOTS ( 'NONE', 3,
 ( #8233, #7004, #643, #4690, #6850, #8300, #5442 ),
 .UNSPECIFIED., .F., .F.,
 ( 4, 1, 1, 1, 4 ),
 ( 0.0000000000000000000, 0.2584341486431903600, 0.5063649199690734000, 0.7523587970493256200, 0.9999999999999998900 ),
 .UNSPECIFIED. ) ;
#6626 = CARTESIAN_POINT ( 'NONE',  ( -3.431413504937708600, -16.52283793654002200, 11.50000000000000200 ) ) ;
#6627 = DIRECTION ( 'NONE',  ( -0.0000000000000000000, -1.000000000000000000, -0.0000000000000000000 ) ) ;
#6628 = VERTEX_POINT ( 'NONE', #2261 ) ;
#6629 = EDGE_CURVE ( 'NONE', #2293, #5407, #8614, .T. ) ;
#6630 = CARTESIAN_POINT ( 'NONE',  ( 2.129979035639536700, 5.193710691823895300, 11.50000000000000000 ) ) ;
#6631 = ORIENTED_EDGE ( 'NONE', *, *, #6337, .F. ) ;
#6632 = ORIENTED_EDGE ( 'NONE', *, *, #5195, .T. ) ;
#6633 = VERTEX_POINT ( 'NONE', #1028 ) ;
#6634 = PLANE ( 'NONE',  #6218 ) ;
#6635 = ORIENTED_EDGE ( 'NONE', *, *, #2854, .T. ) ;
#6636 = CARTESIAN_POINT ( 'NONE',  ( 3.171564525408959100, 10.81718347042872000, 11.50000000000000200 ) ) ;
#6637 = LINE ( 'NONE', #8984, #2850 ) ;
#6638 = CARTESIAN_POINT ( 'NONE',  ( 0.4275896845450840000, -16.90676308311962100, 11.49999999999999800 ) ) ;
#6639 = EDGE_LOOP ( 'NONE', ( #6214, #2939, #1153, #506, #6952 ) ) ;
#6640 = CARTESIAN_POINT ( 'NONE',  ( -1.996834392754638100, 5.354961306857085800, 11.50000000000000400 ) ) ;
#6641 = EDGE_CURVE ( 'NONE', #3788, #3441, #80, .T. ) ;
#6642 = CARTESIAN_POINT ( 'NONE',  ( 1.976799440950507900, 5.364779874213833300, 11.49999999999999800 ) ) ;
#6643 = CARTESIAN_POINT ( 'NONE',  ( 3.911231521149780600, -16.36273999984728500, 11.49999999999999600 ) ) ;
#6644 = LINE ( 'NONE', #4245, #7096 ) ;
#6645 = CARTESIAN_POINT ( 'NONE',  ( -0.8163869988870337000, -11.48993404986733900, 11.50000000000000200 ) ) ;
#6646 = VERTEX_POINT ( 'NONE', #7025 ) ;
#6647 = VECTOR ( 'NONE', #5533, 1000.000000000000000 ) ;
#6648 = CARTESIAN_POINT ( 'NONE',  ( 2.322252638743024000, -10.86428425990885100, 11.49999999999999600 ) ) ;
#6649 = CARTESIAN_POINT ( 'NONE',  ( 0.8479532163742691300, -9.183040935672520900, 11.50000000000000200 ) ) ;
#6650 = CARTESIAN_POINT ( 'NONE',  ( -3.078081508602751500, 4.703536362388557100, 11.49999999999999800 ) ) ;
#6651 = CARTESIAN_POINT ( 'NONE',  ( -3.428534351824633400, 5.084702126733938100, 11.50000000000000000 ) ) ;
#6652 = PLANE ( 'NONE',  #1414 ) ;
#6653 = B_SPLINE_CURVE_WITH_KNOTS ( 'NONE', 3,
 ( #3119, #7128, #3863, #5136, #8859, #7622, #8799, #5867, #4165, #9160, #129 ),
 .UNSPECIFIED., .F., .F.,
 ( 4, 1, 1, 1, 1, 1, 1, 1, 4 ),
 ( 0.0000000000000000000, 0.1445265652824037100, 0.2766733705437100000, 0.3981346153979981000, 0.5141796209316036300, 0.6281158969724089900, 0.7440764447033197900, 0.8672318809111017000, 1.000000000000000000 ),
 .UNSPECIFIED. ) ;
#6654 = LINE ( 'NONE', #5541, #8573 ) ;
#6655 = CARTESIAN_POINT ( 'NONE',  ( -3.550965493697944500, -11.09786274090443000, 11.49999999999999500 ) ) ;
#6656 = ORIENTED_EDGE ( 'NONE', *, *, #8324, .F. ) ;
#6657 = CARTESIAN_POINT ( 'NONE',  ( -1.245272447548124500, 10.89533210567567800, 11.50000000000000000 ) ) ;
#6658 = LINE ( 'NONE', #8785, #9012 ) ;
#6659 = CARTESIAN_POINT ( 'NONE',  ( 0.0000000000000000000, -2.000000000000004000, 11.50000000000000000 ) ) ;
#6660 = CARTESIAN_POINT ( 'NONE',  ( -3.861539988479341500, 1.315783996074454000, 11.50000000000000000 ) ) ;
#6661 = CARTESIAN_POINT ( 'NONE',  ( 2.691096938148484600, 11.27772330629943000, 11.50000000000000500 ) ) ;
#6662 = CARTESIAN_POINT ( 'NONE',  ( 2.221700031240183600, 9.456162067058107500, 11.49999999999999600 ) ) ;
#6663 = ORIENTED_EDGE ( 'NONE', *, *, #4413, .F. ) ;
#6664 = CARTESIAN_POINT ( 'NONE',  ( -3.510841977333279300, -16.25719700768945900, 11.50000000000000500 ) ) ;
#6665 =( BOUNDED_CURVE ( )  B_SPLINE_CURVE ( 3, ( #7800, #4443, #3956, #1042 ),
 .UNSPECIFIED., .F., .F. ) 
 B_SPLINE_CURVE_WITH_KNOTS ( ( 4, 4 ),
 ( 5.239016251818435800, 6.283185307179586200 ),
 .UNSPECIFIED. ) 
 CURVE ( )  GEOMETRIC_REPRESENTATION_ITEM ( )  RATIONAL_B_SPLINE_CURVE ( ( 1.000000000000000000, 0.9111876897193861300, 0.9111876897193861300, 1.000000000000000000 ) ) 
 REPRESENTATION_ITEM ( '' )  );
#6666 = VERTEX_POINT ( 'NONE', #6880 ) ;
#6667 = EDGE_CURVE ( 'NONE', #1287, #241, #3113, .T. ) ;
#6668 = DIRECTION ( 'NONE',  ( 0.0000000000000000000, 0.0000000000000000000, 1.000000000000000000 ) ) ;
#6669 = DIRECTION ( 'NONE',  ( 0.07124704998790969100, 0.0000000000000000000, -0.9974586998307349800 ) ) ;
#6670 = CARTESIAN_POINT ( 'NONE',  ( 2.486466340554512700, 5.405031446540876400, 11.50000000000000000 ) ) ;
#6671 = APPROVAL_PERSON_ORGANIZATION ( #8588, #5080, #2836 ) ;
#6672 = VECTOR ( 'NONE', #5491, 1000.000000000000100 ) ;
#6674 = VERTEX_POINT ( 'NONE', #6393 ) ;
#6673 = VECTOR ( 'NONE', #8086, 1000.000000000000000 ) ;
#6675 = CARTESIAN_POINT ( 'NONE',  ( -0.1210186035139108600, -17.01020969171154100, 11.49999999999999600 ) ) ;
#6676 = VECTOR ( 'NONE', #6597, 1000.000000000000100 ) ;
#6677 = ORIENTED_EDGE ( 'NONE', *, *, #1168, .T. ) ;
#6678 = CARTESIAN_POINT ( 'NONE',  ( -0.4269005847953228900, 0.0000000000000000000, 11.50000000000000000 ) ) ;
#6679 = CARTESIAN_POINT ( 'NONE',  ( 1.984229291591424400, 4.667913334854016900, 11.50000000000000700 ) ) ;
#6680 = CARTESIAN_POINT ( 'NONE',  ( 6.397379542625473400, -0.7097228931188059900, 11.00000000000000000 ) ) ;
#6681 = CARTESIAN_POINT ( 'NONE',  ( 1.019726885009861500, -16.37491673628619900, 11.49999999999999800 ) ) ;
#6682 = AXIS2_PLACEMENT_3D ( 'NONE', #3400, #8428, #4133 ) ;
#6683 = CARTESIAN_POINT ( 'NONE',  ( -0.7147279331239380100, -11.74075127858305500, 11.50000000000000000 ) ) ;
#6684 = EDGE_CURVE ( 'NONE', #8958, #628, #6691, .T. ) ;
#6685 = B_SPLINE_CURVE_WITH_KNOTS ( 'NONE', 3,
 ( #7116, #4962, #2842, #3558, #6825, #5209 ),
 .UNSPECIFIED., .F., .F.,
 ( 4, 2, 4 ),
 ( 0.0000000000000000000, 0.0001727036760856374700, 0.0003454073521712749400 ),
 .UNSPECIFIED. ) ;
#6686 = CARTESIAN_POINT ( 'NONE',  ( 0.1577613309681398500, -16.65881550536926900, 11.50000000000000000 ) ) ;
#6687 = CARTESIAN_POINT ( 'NONE',  ( 0.8479532163742691300, -9.183040935672520900, 11.50000000000000200 ) ) ;
#6688 = VERTEX_POINT ( 'NONE', #5693 ) ;
#6689 = CARTESIAN_POINT ( 'NONE',  ( -2.035642198766964400, 11.41653865290735000, 11.50000000000000000 ) ) ;
#6690 = CARTESIAN_POINT ( 'NONE',  ( 1.022688536449427100, -16.40068472771936200, 11.50000000000000200 ) ) ;
#6691 = LINE ( 'NONE', #1490, #5903 ) ;
#6692 = CARTESIAN_POINT ( 'NONE',  ( 0.06091466084690554100, 4.651124561460211000, 11.50000000000000700 ) ) ;
#6693 = CARTESIAN_POINT ( 'NONE',  ( 0.8888888888888880600, -16.42667500186679100, 11.50000000000000000 ) ) ;
#6694 = CARTESIAN_POINT ( 'NONE',  ( -2.816684292779361600, -16.39642305943447200, 11.50000000000000000 ) ) ;
#6695 = LINE ( 'NONE', #2908, #6593 ) ;
#6696 = ORIENTED_EDGE ( 'NONE', *, *, #2546, .F. ) ;
#6697 = EDGE_CURVE ( 'NONE', #5644, #4258, #2647, .T. ) ;
#6698 = VECTOR ( 'NONE', #7110, 1000.000000000000000 ) ;
#6699 = CARTESIAN_POINT ( 'NONE',  ( -4.477179729205090600, 4.687931195007625900, 11.50000000000000000 ) ) ;
#6700 = CARTESIAN_POINT ( 'NONE',  ( 0.6581849031379908300, 4.688772869675965200, 11.50000000000000000 ) ) ;
#6701 = VERTEX_POINT ( 'NONE', #3712 ) ;
#6702 = ORIENTED_EDGE ( 'NONE', *, *, #7022, .F. ) ;
#6703 = EDGE_LOOP ( 'NONE', ( #3367, #6748, #7702, #7027, #1615, #8566, #2091, #1959, #1379, #6414 ) ) ;
#6704 = CARTESIAN_POINT ( 'NONE',  ( -2.763157894736841600, -11.47836257309942100, 11.50000000000000000 ) ) ;
#6705 = CARTESIAN_POINT ( 'NONE',  ( 2.191966311528032600, 5.395644788850792600, 11.50000000000000000 ) ) ;
#6706 = ORIENTED_EDGE ( 'NONE', *, *, #4421, .F. ) ;
#6707 = CARTESIAN_POINT ( 'NONE',  ( -3.742310350482286100, -17.05214594581493200, 11.50000000000000000 ) ) ;
#6708 = CARTESIAN_POINT ( 'NONE',  ( -12.90000000000000600, -20.49999999999999600, 0.0000000000000000000 ) ) ;
#6709 = CARTESIAN_POINT ( 'NONE',  ( -1.344487818499098900, -16.79070746553770400, 11.49999999999999800 ) ) ;
#6710 = B_SPLINE_CURVE_WITH_KNOTS ( 'NONE', 3,
 ( #5838, #1864, #8527, #5637, #2794, #6296, #657, #3474, #8498, #2079, #7037, #9198, #6356, #7069, #1360, #4239, #1326, #2763, #7769 ),
 .UNSPECIFIED., .F., .F.,
 ( 4, 1, 1, 1, 1, 1, 1, 1, 1, 1, 1, 1, 1, 1, 1, 1, 4 ),
 ( 0.0000000000000000000, 0.07159935695896013600, 0.1403033308448863300, 0.2066907709422177700, 0.2708581428148421100, 0.3335980921654516700, 0.3958155905243899700, 0.4584089102230509700, 0.5215035414901616500, 0.5842881098876426800, 0.6448693690675109100, 0.7042071149022234300, 0.7623966688018168900, 0.8206223055204421300, 0.8792702524861508700, 0.9388493771901217400, 1.000000000000000000 ),
 .UNSPECIFIED. ) ;
#6711 = CARTESIAN_POINT ( 'NONE',  ( 2.387718249258286900, 5.205627972278384700, 11.50000000000000000 ) ) ;
#6712 = CARTESIAN_POINT ( 'NONE',  ( 0.1930021426849171400, -16.70896581785661500, 11.49999999999999500 ) ) ;
#6713 = VECTOR ( 'NONE', #6542, 999.9999999999998900 ) ;
#6714 = ORIENTED_EDGE ( 'NONE', *, *, #4778, .T. ) ;
#6715 = EDGE_LOOP ( 'NONE', ( #4574, #4162, #6962 ) ) ;
#6716 = DIRECTION ( 'NONE',  ( -0.8645071866841926900, -0.5026204573745307600, -0.0000000000000000000 ) ) ;
#6717 = FACE_OUTER_BOUND ( 'NONE', #915, .T. ) ;
#6718 = DIRECTION ( 'NONE',  ( 1.000000000000000000, 0.0000000000000000000, 0.0000000000000000000 ) ) ;
#6719 = ORIENTED_EDGE ( 'NONE', *, *, #1827, .T. ) ;
#6720 = CARTESIAN_POINT ( 'NONE',  ( -1.762186273360881500, 5.204120036156680800, 11.50000000000000200 ) ) ;
#6721 = CARTESIAN_POINT ( 'NONE',  ( -1.506493664910517200, -14.52915168999202000, 11.50000000000000000 ) ) ;
#6722 = CARTESIAN_POINT ( 'NONE',  ( -1.409178023211935500, -17.14570728805403000, 11.49999999999999800 ) ) ;
#6723 = DIRECTION ( 'NONE',  ( -0.3218866140701355800, -0.9467782251839465000, 0.0000000000000000000 ) ) ;
#6724 = CARTESIAN_POINT ( 'NONE',  ( -0.4143884282166794800, 5.343300598575379600, 11.50000000000000000 ) ) ;
#6725 = ORIENTED_EDGE ( 'NONE', *, *, #1674, .F. ) ;
#6726 = LINE ( 'NONE', #2719, #3822 ) ;
#6727 = CARTESIAN_POINT ( 'NONE',  ( -2.653014378089081100, -9.484789223118873700, 11.49999999999999800 ) ) ;
#6728 = VECTOR ( 'NONE', #432, 1000.000000000000100 ) ;
#6729 = ORIENTED_EDGE ( 'NONE', *, *, #4804, .F. ) ;
#6730 = CARTESIAN_POINT ( 'NONE',  ( -2.171214270932428500, 5.027364293321619800, 11.49999999999999800 ) ) ;
#6731 = CARTESIAN_POINT ( 'NONE',  ( 3.748538011695905500, -16.76000833520012300, 11.50000000000000000 ) ) ;
#6732 = CARTESIAN_POINT ( 'NONE',  ( -0.8047887433330722700, 9.500256603481544100, 11.49999999999999800 ) ) ;
#6733 = B_SPLINE_CURVE_WITH_KNOTS ( 'NONE', 3,
 ( #4271, #2192, #3946, #5623, #3087, #4086, #5814, #7408, #4019, #1538, #2271, #7984, #986, #1978, #8531, #311, #1857, #1548, #1273 ),
 .UNSPECIFIED., .F., .F.,
 ( 4, 1, 1, 1, 1, 1, 1, 1, 1, 1, 1, 1, 1, 1, 1, 1, 4 ),
 ( 0.0000000000000000000, 0.06729945192175845700, 0.1324084119225739100, 0.1956075679245725700, 0.2574134164795636200, 0.3175164342669272200, 0.3770757677786387200, 0.4358114770737935300, 0.4944043203396966100, 0.5532852179490663800, 0.6126529533375777400, 0.6729695542582288000, 0.7344886977347662200, 0.7978265325172404500, 0.8629648512241207000, 0.9303012643021828500, 1.000000000000000000 ),
 .UNSPECIFIED. ) ;
#6734 = VECTOR ( 'NONE', #3583, 1000.000000000000000 ) ;
#6735 = ORIENTED_EDGE ( 'NONE', *, *, #4434, .F. ) ;
#6736 = CARTESIAN_POINT ( 'NONE',  ( 1.249592780119949800, -10.11957744803570200, 11.50000000000000200 ) ) ;
#6737 = ORIENTED_EDGE ( 'NONE', *, *, #8719, .T. ) ;
#6738 = AXIS2_PLACEMENT_3D ( 'NONE', #5567, #8075, #1939 ) ;
#6739 = ORIENTED_EDGE ( 'NONE', *, *, #1924, .F. ) ;
#6740 = CARTESIAN_POINT ( 'NONE',  ( 0.6597295889579094500, 4.671870377389494100, 11.50000000000000200 ) ) ;
#6741 = EDGE_CURVE ( 'NONE', #2138, #482, #4568, .T. ) ;
#6742 = EDGE_LOOP ( 'NONE', ( #7732, #7931, #1727, #8133, #889 ) ) ;
#6743 = ADVANCED_FACE ( 'NONE', ( #2108 ), #3792, .T. ) ;
#6744 = CARTESIAN_POINT ( 'NONE',  ( -3.053864147960352300, 4.723214354023533600, 11.50000000000000200 ) ) ;
#6745 = VERTEX_POINT ( 'NONE', #8952 ) ;
#6746 = CARTESIAN_POINT ( 'NONE',  ( 0.0000000000000000000, -16.42667500186679100, 11.50000000000000000 ) ) ;
#6747 = B_SPLINE_CURVE_WITH_KNOTS ( 'NONE', 3,
 ( #2371, #6224, #8578, #7255, #49, #1141, #8788, #1363, #4484, #4388, #7002, #7591, #6496, #632, #675, #6520, #137, #7500, #2217, #3244, #2511, #4264, #1852, #5616, #1303, #3390, #8468, #5169, #2022, #946, #4046, #6686, #2961 ),
 .UNSPECIFIED., .F., .F.,
 ( 4, 1, 1, 1, 1, 1, 1, 1, 1, 1, 1, 1, 1, 1, 1, 1, 1, 1, 1, 1, 1, 1, 1, 1, 1, 1, 1, 1, 1, 1, 4 ),
 ( 0.0000000000000000000, 0.01377228602026414600, 0.02757803399238911700, 0.04131042128614714800, 0.05508723394121639600, 0.06902513175656954700, 0.08327799009390912700, 0.09789797200361360900, 0.1131409970841762400, 0.1436209108028851900, 0.1737721517030421700, 0.2039047749781419700, 0.2347895012730478700, 0.2501742189329896300, 0.2650227180261696100, 0.2794287437285376500, 0.2938339037622015300, 0.3084077522650526800, 0.3231314293172367100, 0.3386211633339096800, 0.3548231203828791100, 0.3711515822703341800, 0.3871029924908211400, 0.4027768011063521700, 0.4181469214872761700, 0.4333555471336648600, 0.4484943157097690500, 0.4638262554520364800, 0.4795366201784869700, 0.4951082558012668300, 0.5000000000008478800 ),
 .UNSPECIFIED. ) ;
#6748 = ORIENTED_EDGE ( 'NONE', *, *, #2591, .F. ) ;
#6749 = DIRECTION ( 'NONE',  ( -0.3217593476488838600, -0.9468214838080959400, 0.0000000000000000000 ) ) ;
#6750 = ORIENTED_EDGE ( 'NONE', *, *, #1531, .F. ) ;
#6751 = CARTESIAN_POINT ( 'NONE',  ( 3.108920776491716200, 4.650022722364129300, 11.50000000000000400 ) ) ;
#6752 = EDGE_CURVE ( 'NONE', #8416, #7739, #2905, .T. ) ;
#6753 = CARTESIAN_POINT ( 'NONE',  ( -3.785399253296974500, -17.04781815231507400, 11.49999999999999600 ) ) ;
#6754 = VERTEX_POINT ( 'NONE', #855 ) ;
#6755 = CARTESIAN_POINT ( 'NONE',  ( -9.000000000000005300, 22.60000000000000100, 2.000000000000000000 ) ) ;
#6756 = CARTESIAN_POINT ( 'NONE',  ( -2.070369247046781600, 5.369585273735741500, 11.50000000000000400 ) ) ;
#6757 = CARTESIAN_POINT ( 'NONE',  ( -2.902395914174109600, 4.954258666213822200, 11.50000000000000200 ) ) ;
#6758 = CARTESIAN_POINT ( 'NONE',  ( -1.288371280911070100, -14.29690549956192800, 11.49999999999999800 ) ) ;
#6759 = DIRECTION ( 'NONE',  ( 0.0000000000000000000, -0.0000000000000000000, 1.000000000000000000 ) ) ;
#6760 = ORIENTED_EDGE ( 'NONE', *, *, #2103, .F. ) ;
#6761 = CARTESIAN_POINT ( 'NONE',  ( 1.536336837161493200, 4.625017473199790200, 11.50000000000000000 ) ) ;
#6762 = CARTESIAN_POINT ( 'NONE',  ( -1.639097823897267800, 4.698732191453769900, 11.49999999999999800 ) ) ;
#6763 = B_SPLINE_CURVE_WITH_KNOTS ( 'NONE', 3,
 ( #3248, #5879, #7363, #8940, #7698, #4322, #6891, #3681, #2797, #2306, #4022, #5785, #5462, #2867, #6183, #3459, #6935, #6317, #7291 ),
 .UNSPECIFIED., .F., .F.,
 ( 4, 1, 1, 1, 1, 1, 1, 1, 1, 1, 1, 1, 1, 1, 1, 1, 4 ),
 ( 0.0000000000000000000, 0.07940403343218682700, 0.1518704377024597800, 0.2179385870913258500, 0.2773097415409567800, 0.3306666820633997700, 0.3804953028906564700, 0.4283080752262988800, 0.4748667022560360000, 0.5221926802936234200, 0.5734843537207433600, 0.6287830386224158000, 0.6883272871840824300, 0.7555057411189378700, 0.8297868255536524600, 0.9103888409838081200, 0.9999999999999998900 ),
 .UNSPECIFIED. ) ;
#6764 = CARTESIAN_POINT ( 'NONE',  ( -4.222945688286377400, 5.003550988738317600, 11.50000000000000500 ) ) ;
#6765 = LINE ( 'NONE', #6659, #3995 ) ;
#6766 = LINE ( 'NONE', #4301, #4199 ) ;
#6767 = CARTESIAN_POINT ( 'NONE',  ( -2.688451941213798600, -11.75387692279997300, 11.49999999999999800 ) ) ;
#6768 = CARTESIAN_POINT ( 'NONE',  ( -2.027535763902545100, 5.419904998609693400, 11.50000000000000400 ) ) ;
#6769 = CARTESIAN_POINT ( 'NONE',  ( 0.4502923976608178000, -16.41497909543404200, 11.49999999999999800 ) ) ;
#6770 = ORIENTED_EDGE ( 'NONE', *, *, #108, .T. ) ;
#6771 = CARTESIAN_POINT ( 'NONE',  ( 4.851015549887719700, 4.637096304305347700, 11.49999999999999500 ) ) ;
#6772 = EDGE_CURVE ( 'NONE', #2438, #7695, #443, .T. ) ;
#6773 = CYLINDRICAL_SURFACE ( 'NONE', #2045, 0.9999999999999991100 ) ;
#6774 = CARTESIAN_POINT ( 'NONE',  ( -3.120812148945597100, -16.34824392739497900, 11.49999999999999800 ) ) ;
#6775 = ORIENTED_EDGE ( 'NONE', *, *, #6028, .T. ) ;
#6776 = CARTESIAN_POINT ( 'NONE',  ( -2.178681312771757900, 4.605619643047655900, 11.50000000000000400 ) ) ;
#6777 = CARTESIAN_POINT ( 'NONE',  ( 0.0000000000000000000, 5.334591194968549400, 11.50000000000000000 ) ) ;
#6778 = CARTESIAN_POINT ( 'NONE',  ( -8.700000000000018800, 24.69999999999999900, 2.000000000000000000 ) ) ;
#6779 = EDGE_CURVE ( 'NONE', #819, #3019, #3005, .T. ) ;
#6780 = ORIENTED_EDGE ( 'NONE', *, *, #3272, .F. ) ;
#6781 = B_SPLINE_CURVE_WITH_KNOTS ( 'NONE', 3,
 ( #4772, #441, #7443, #8863, #5724, #5638, #746, #2623, #7211, #6984, #2356 ),
 .UNSPECIFIED., .F., .F.,
 ( 4, 1, 1, 1, 1, 1, 1, 1, 4 ),
 ( 0.0000000000000000000, 0.07191176799627885300, 0.1520201745813618600, 0.2469694380913573000, 0.3562957332035129300, 0.4871257044671160100, 0.6369830330178734000, 0.8083252984426421200, 1.000000000000000000 ),
 .UNSPECIFIED. ) ;
#6782 = CARTESIAN_POINT ( 'NONE',  ( -1.486603895661748000, 11.91909987707795600, 11.49999999999999500 ) ) ;
#6783 = CARTESIAN_POINT ( 'NONE',  ( 0.9614100998809834700, 7.136583541988661000, 11.50000000000000000 ) ) ;
#6784 = FACE_BOUND ( 'NONE', #7173, .T. ) ;
#6785 = CARTESIAN_POINT ( 'NONE',  ( 2.028997389220529500, 5.357634676194063400, 11.49999999999999300 ) ) ;
#6786 = VERTEX_POINT ( 'NONE', #7231 ) ;
#6787 = DIRECTION ( 'NONE',  ( -0.3220181909349907300, -0.9467334813488724700, 0.0000000000000000000 ) ) ;
#6788 = CARTESIAN_POINT ( 'NONE',  ( -3.156285586812184600, -9.784148199094117300, 11.49999999999999800 ) ) ;
#6789 = CARTESIAN_POINT ( 'NONE',  ( -1.689142687981944200, -16.20501896998986500, 11.50000000000000200 ) ) ;
#6790 = ADVANCED_FACE ( 'NONE', ( #3115 ), #1172, .T. ) ;
#6791 = CARTESIAN_POINT ( 'NONE',  ( 2.457919270201431000, -9.687944188206087000, 11.49999999999999800 ) ) ;
#6792 = VECTOR ( 'NONE', #1549, 1000.000000000000200 ) ;
#6793 = EDGE_CURVE ( 'NONE', #3535, #1740, #5560, .T. ) ;
#6794 = ORIENTED_EDGE ( 'NONE', *, *, #3258, .T. ) ;
#6795 = CARTESIAN_POINT ( 'NONE',  ( 2.092799523413277900, 4.972603304587175400, 11.49999999999999800 ) ) ;
#6796 = CARTESIAN_POINT ( 'NONE',  ( -0.3053462380172515300, -16.72650191098595600, 11.50000000000000400 ) ) ;
#6797 = CARTESIAN_POINT ( 'NONE',  ( 2.513658299143438900, 5.331256967267632900, 11.49999999999999800 ) ) ;
#6798 = CARTESIAN_POINT ( 'NONE',  ( 4.151874554342993100, 5.349797102458200700, 11.50000000000000000 ) ) ;
#6799 = ORIENTED_EDGE ( 'NONE', *, *, #5489, .F. ) ;
#6800 = CARTESIAN_POINT ( 'NONE',  ( -0.7416388367346614700, 10.70452844862618700, 11.49999999999999100 ) ) ;
#6801 = CARTESIAN_POINT ( 'NONE',  ( 0.8777985592319205200, -16.78688654671387000, 11.50000000000000400 ) ) ;
#6802 = VERTEX_POINT ( 'NONE', #578 ) ;
#6803 = CARTESIAN_POINT ( 'NONE',  ( 0.3110728455926966000, 4.709040380082821100, 11.49999999999999600 ) ) ;
#6804 = CARTESIAN_POINT ( 'NONE',  ( 2.004713108578724900, 4.684742474399889100, 11.50000000000000000 ) ) ;
#6805 = VERTEX_POINT ( 'NONE', #960 ) ;
#6806 = EDGE_CURVE ( 'NONE', #7859, #7782, #1232, .T. ) ;
#6807 = B_SPLINE_CURVE_WITH_KNOTS ( 'NONE', 3,
 ( #1869, #3420, #6607, #5433, #450, #9002, #6831, #1609, #9231, #4246, #4214, #8532, #3522, #9204, #7775, #2769, #3483, #7041, #4936 ),
 .UNSPECIFIED., .F., .F.,
 ( 4, 1, 1, 1, 1, 1, 1, 1, 1, 1, 1, 1, 1, 1, 1, 1, 4 ),
 ( 0.0000000000000000000, 0.04492095954876540500, 0.08826859633481998200, 0.1313813491479189900, 0.1745250182452462400, 0.2184952108840715300, 0.2643830033751783900, 0.3124902760776194800, 0.3640372139938906600, 0.4195984003055844800, 0.4809162723024014200, 0.5491128538141836200, 0.6238330176583705100, 0.7063383572593090500, 0.7960214490337308400, 0.8940021665350448300, 0.9999999999999998900 ),
 .UNSPECIFIED. ) ;
#6808 = CARTESIAN_POINT ( 'NONE',  ( 2.162328252375837600, -9.593952966933169800, 11.50000000000000200 ) ) ;
#6809 = CARTESIAN_POINT ( 'NONE',  ( 0.2486022951165553800, -9.550934997120549500, 11.50000000000000200 ) ) ;
#6810 = DIRECTION ( 'NONE',  ( -0.0000000000000000000, 0.0000000000000000000, 1.000000000000000000 ) ) ;
#6811 = ADVANCED_FACE ( 'NONE', ( #5041 ), #5758, .F. ) ;
#6812 = DIRECTION ( 'NONE',  ( -1.000000000000000000, 0.0000000000000000000, -0.0000000000000000000 ) ) ;
#6813 = VECTOR ( 'NONE', #2430, 1000.000000000000000 ) ;
#6814 = ORIENTED_EDGE ( 'NONE', *, *, #7149, .T. ) ;
#6815 = CARTESIAN_POINT ( 'NONE',  ( 2.070506527750323800, 5.008416809489933300, 11.50000000000000000 ) ) ;
#6816 = CARTESIAN_POINT ( 'NONE',  ( 3.770273779420987300, 5.052598880395224900, 11.50000000000000000 ) ) ;
#6817 = CARTESIAN_POINT ( 'NONE',  ( -1.455437958549897800, -14.47471482341252800, 11.49999999999999800 ) ) ;
#6818 = CARTESIAN_POINT ( 'NONE',  ( -2.911061141224996300, -9.508515205327862300, 11.49999999999999800 ) ) ;
#6819 = CARTESIAN_POINT ( 'NONE',  ( -4.242581266381754400, 5.418772163068714700, 11.50000000000000000 ) ) ;
#6820 = EDGE_CURVE ( 'NONE', #3881, #4009, #9003, .T. ) ;
#6821 = ORIENTED_EDGE ( 'NONE', *, *, #282, .T. ) ;
#6822 = DIRECTION ( 'NONE',  ( 0.0000000000000000000, 1.000000000000000000, 0.0000000000000000000 ) ) ;
#6823 = CARTESIAN_POINT ( 'NONE',  ( 2.488256063612877000, 4.687199743728337300, 11.50000000000000500 ) ) ;
#6824 = CARTESIAN_POINT ( 'NONE',  ( 0.0000000000000000000, 5.399999999999996800, 11.50000000000000000 ) ) ;
#6825 = CARTESIAN_POINT ( 'NONE',  ( 4.655490433446408900, 4.992133219502005800, 11.50000000000000200 ) ) ;
#6826 = CARTESIAN_POINT ( 'NONE',  ( -3.647077976470810800, -17.00793574165148000, 11.50000000000000000 ) ) ;
#6827 = LINE ( 'NONE', #831, #7053 ) ;
#6828 = CARTESIAN_POINT ( 'NONE',  ( 4.755254791828106100, 4.682083664277774600, 11.49999999999999800 ) ) ;
#6829 = ORIENTED_EDGE ( 'NONE', *, *, #4961, .T. ) ;
#6830 = CARTESIAN_POINT ( 'NONE',  ( -2.121253457669368900, -9.571621939871874900, 11.49999999999999500 ) ) ;
#6831 = CARTESIAN_POINT ( 'NONE',  ( -3.074138077755252900, -17.01940490884181400, 11.49999999999999500 ) ) ;
#6832 = CARTESIAN_POINT ( 'NONE',  ( 0.0000000000000000000, 5.420125786163518800, 11.50000000000000000 ) ) ;
#6833 = CARTESIAN_POINT ( 'NONE',  ( -3.567424711678612900, -16.66846497897953200, 11.50000000000000200 ) ) ;
#6834 = CARTESIAN_POINT ( 'NONE',  ( -1.787731235727280500, -16.98228159895734600, 11.50000000000000400 ) ) ;
#6835 = ORIENTED_EDGE ( 'NONE', *, *, #192, .T. ) ;
#6836 = CARTESIAN_POINT ( 'NONE',  ( 4.240898569863310800, -17.04611441458395400, 11.49999999999999800 ) ) ;
#6837 = DIRECTION ( 'NONE',  ( -0.0000000000000000000, 0.0000000000000000000, 1.000000000000000000 ) ) ;
#6838 = VECTOR ( 'NONE', #7390, 1000.000000000000000 ) ;
#6839 = VERTEX_POINT ( 'NONE', #4057 ) ;
#6840 = CARTESIAN_POINT ( 'NONE',  ( -2.054476425374493600, 5.096151906312523600, 11.50000000000000200 ) ) ;
#6841 = ORIENTED_EDGE ( 'NONE', *, *, #1198, .F. ) ;
#6842 = CARTESIAN_POINT ( 'NONE',  ( 0.4653602826528838200, -16.49702980956957200, 11.49999999999999500 ) ) ;
#6843 = CARTESIAN_POINT ( 'NONE',  ( 2.192128928912453000, 5.395873807061129000, 11.50000000000000000 ) ) ;
#6844 = ORIENTED_EDGE ( 'NONE', *, *, #4190, .T. ) ;
#6845 = CARTESIAN_POINT ( 'NONE',  ( 5.900000000000000400, 42.00000000000001400, 11.50000000000000000 ) ) ;
#6846 = CARTESIAN_POINT ( 'NONE',  ( 1.739285827077570800, -0.4468998305685427700, 11.50000000000000000 ) ) ;
#6847 = CARTESIAN_POINT ( 'NONE',  ( 1.652046783625730900, 0.0000000000000000000, 11.50000000000000000 ) ) ;
#6848 = EDGE_CURVE ( 'NONE', #8723, #2685, #1647, .T. ) ;
#6849 = CARTESIAN_POINT ( 'NONE',  ( -1.625519916725525000, -16.28814302929471900, 11.50000000000000200 ) ) ;
#6850 = CARTESIAN_POINT ( 'NONE',  ( -4.153590192150220500, 4.648767796129273000, 11.50000000000000400 ) ) ;
#6851 = CARTESIAN_POINT ( 'NONE',  ( -0.4105243430942574500, -10.95221065725565300, 11.50000000000000000 ) ) ;
#6852 = ORIENTED_EDGE ( 'NONE', *, *, #5266, .T. ) ;
#6853 = CARTESIAN_POINT ( 'NONE',  ( 3.389129019788204000, 5.331871846421910800, 11.50000000000000000 ) ) ;
#6854 = VERTEX_POINT ( 'NONE', #8829 ) ;
#6855 = CARTESIAN_POINT ( 'NONE',  ( 2.105996045862462000, 4.843494021825980800, 11.50000000000000000 ) ) ;
#6856 = DIRECTION ( 'NONE',  ( 1.000000000000000000, 0.0000000000000000000, 0.0000000000000000000 ) ) ;
#6857 = CARTESIAN_POINT ( 'NONE',  ( 0.0000000000000000000, 0.0000000000000000000, 11.50000000000000000 ) ) ;
#6858 = CARTESIAN_POINT ( 'NONE',  ( 0.4506432566000074800, -16.43645650287384900, 11.50000000000000200 ) ) ;
#6859 = CARTESIAN_POINT ( 'NONE',  ( -0.5431672818670217900, 4.681757918967552000, 11.50000000000000200 ) ) ;
#6860 = B_SPLINE_CURVE_WITH_KNOTS ( 'NONE', 3,
 ( #210, #5548, #5669, #7020, #4339, #8534, #5811, #7236, #6711, #4766 ),
 .UNSPECIFIED., .F., .F.,
 ( 4, 3, 3, 4 ),
 ( 0.0000000000000000000, 3.849437443790218000E-005, 7.640533182995054600E-005, 0.0001508925302103459400 ),
 .UNSPECIFIED. ) ;
#6861 = CARTESIAN_POINT ( 'NONE',  ( 4.671776149935219300, 4.834607924119210600, 11.50000000000000200 ) ) ;
#6862 = AXIS2_PLACEMENT_3D ( 'NONE', #3550, #6338, #7015 ) ;
#6863 = ORIENTED_EDGE ( 'NONE', *, *, #6570, .F. ) ;
#6864 = CARTESIAN_POINT ( 'NONE',  ( -2.053762983556204800, 10.64771711680632100, 11.49999999999999800 ) ) ;
#6865 = EDGE_CURVE ( 'NONE', #4473, #7854, #6781, .T. ) ;
#6866 = LINE ( 'NONE', #1774, #3050 ) ;
#6867 = CARTESIAN_POINT ( 'NONE',  ( 0.7134502923976598900, -16.68398494338725900, 11.50000000000000000 ) ) ;
#6868 = CARTESIAN_POINT ( 'NONE',  ( -3.372651647618750000, -9.534029307250905900, 11.50000000000000000 ) ) ;
#6869 = VERTEX_POINT ( 'NONE', #1431 ) ;
#6870 = CARTESIAN_POINT ( 'NONE',  ( -1.222586960916802500, 10.92757381758714400, 11.50000000000000200 ) ) ;
#6872 = LINE ( 'NONE', #5101, #3571 ) ;
#6871 = PLANE ( 'NONE',  #3805 ) ;
#6873 = ORIENTED_EDGE ( 'NONE', *, *, #3620, .T. ) ;
#6874 = LINE ( 'NONE', #816, #6549 ) ;
#6875 = B_SPLINE_CURVE_WITH_KNOTS ( 'NONE', 3,
 ( #6630, #1631, #5347, #4695, #6075, #3186, #518, #6538, #7511, #993, #2404, #2544, #144, #2821, #6785, #5383, #7394, #1499, #6642 ),
 .UNSPECIFIED., .F., .F.,
 ( 4, 1, 1, 1, 1, 1, 1, 1, 1, 1, 1, 1, 1, 1, 1, 1, 4 ),
 ( 0.0000000000000000000, 0.07689209647221850700, 0.1490575356839891600, 0.2175056243969274400, 0.2820617712569617500, 0.3432918756353662300, 0.4015505057354142900, 0.4574532388649080700, 0.5126951869018138200, 0.5675506941822237000, 0.6223553943469371000, 0.6788663959541370000, 0.7368243062245534200, 0.7975894071484819200, 0.8611213845587419900, 0.9286569154197954500, 1.000000000000000000 ),
 .UNSPECIFIED. ) ;
#6876 = CARTESIAN_POINT ( 'NONE',  ( 0.3557540530301840900, -14.52771543900978700, 11.50000000000000200 ) ) ;
#6877 = CARTESIAN_POINT ( 'NONE',  ( 0.6000071923788106200, 4.742132322508854100, 11.50000000000000000 ) ) ;
#6878 = EDGE_CURVE ( 'NONE', #5399, #4827, #2330, .T. ) ;
#6879 = VERTEX_POINT ( 'NONE', #4856 ) ;
#6880 = CARTESIAN_POINT ( 'NONE',  ( 0.9181286549707594600, -16.88281535274398200, 11.50000000000000000 ) ) ;
#6881 = CARTESIAN_POINT ( 'NONE',  ( 2.573191525533757400, 6.663673868575045800, 11.50000000000000000 ) ) ;
#6882 = CARTESIAN_POINT ( 'NONE',  ( -1.544032630611293000, -16.66499422430605600, 11.50000000000000000 ) ) ;
#6883 = CARTESIAN_POINT ( 'NONE',  ( -1.123714744907101400, 4.686397405463112300, 11.49999999999999500 ) ) ;
#6884 = LINE ( 'NONE', #3089, #3070 ) ;
#6885 = CARTESIAN_POINT ( 'NONE',  ( -2.378756114605048700, 5.238993710691820700, 11.50000000000000000 ) ) ;
#6886 = ADVANCED_FACE ( 'NONE', ( #5967 ), #3634, .F. ) ;
#6887 = CARTESIAN_POINT ( 'NONE',  ( 3.576500885240624600, -2.291195879607273300, 11.50000000000000000 ) ) ;
#6888 = CARTESIAN_POINT ( 'NONE',  ( -5.899999999999999500, -1.574230079803005100, 11.00000000000000000 ) ) ;
#6889 = CARTESIAN_POINT ( 'NONE',  ( 0.3176640210249661000, 4.738542048572991700, 11.50000000000000000 ) ) ;
#6890 = CARTESIAN_POINT ( 'NONE',  ( -4.385744234800714700, 5.410062893081755100, 11.50000000000000000 ) ) ;
#6891 = CARTESIAN_POINT ( 'NONE',  ( 2.683565672726384600, 4.693523965261354300, 11.49999999999999800 ) ) ;
#6892 = CARTESIAN_POINT ( 'NONE',  ( 5.900000000000000400, 1.430232558139532500, 11.50000000000000000 ) ) ;
#6893 = EDGE_CURVE ( 'NONE', #3160, #3264, #5955, .T. ) ;
#6894 = CARTESIAN_POINT ( 'NONE',  ( 12.90000000000000200, 3.070870396052431900, 11.00000000000000000 ) ) ;
#6895 = CARTESIAN_POINT ( 'NONE',  ( 0.1261403801652919200, 10.07687696797926200, 11.49999999999999800 ) ) ;
#6896 = VERTEX_POINT ( 'NONE', #8529 ) ;
#6897 = CARTESIAN_POINT ( 'NONE',  ( -0.4817389370697610100, -13.89095587394934700, 11.50000000000000000 ) ) ;
#6898 = CARTESIAN_POINT ( 'NONE',  ( -12.90000000000000600, -20.49999999999999600, -9.500000000000000000 ) ) ;
#6899 = DIRECTION ( 'NONE',  ( -0.0000000000000000000, 0.0000000000000000000, 1.000000000000000000 ) ) ;
#6900 = ORIENTED_EDGE ( 'NONE', *, *, #1796, .F. ) ;
#6901 = COORDINATED_UNIVERSAL_TIME_OFFSET ( 8, 0, .AHEAD. ) ;
#6902 = VECTOR ( 'NONE', #5072, 1000.000000000000000 ) ;
#6903 = CARTESIAN_POINT ( 'NONE',  ( 2.690654109675500100, -16.14392465805140400, 11.50000000000000000 ) ) ;
#6904 = DIRECTION ( 'NONE',  ( 1.000000000000000000, 0.0000000000000000000, 0.0000000000000000000 ) ) ;
#6905 = FACE_OUTER_BOUND ( 'NONE', #1353, .T. ) ;
#6906 = CARTESIAN_POINT ( 'NONE',  ( 2.895317959469024600, 5.334591194968549400, 11.50000000000000000 ) ) ;
#6907 = ORIENTED_EDGE ( 'NONE', *, *, #1555, .F. ) ;
#6908 = CARTESIAN_POINT ( 'NONE',  ( 0.1593674636328828700, -16.66037442156183700, 11.50000000000000000 ) ) ;
#6909 = CARTESIAN_POINT ( 'NONE',  ( -0.09250799591800784600, -14.76333257452752100, 11.50000000000000000 ) ) ;
#6910 = DIRECTION ( 'NONE',  ( -0.5026204573745309800, 0.8645071866841924600, 0.0000000000000000000 ) ) ;
#6911 = CARTESIAN_POINT ( 'NONE',  ( -2.090659212671668800, 5.420125786163518800, 11.50000000000000000 ) ) ;
#6912 = VECTOR ( 'NONE', #3598, 1000.000000000000000 ) ;
#6913 = CARTESIAN_POINT ( 'NONE',  ( 3.320340166348107100, 10.07758822793517500, 11.50000000000000000 ) ) ;
#6914 = CARTESIAN_POINT ( 'NONE',  ( -0.9328458552968563700, 4.928679663583716700, 11.50000000000000200 ) ) ;
#6915 = ORIENTED_EDGE ( 'NONE', *, *, #2506, .T. ) ;
#6916 = CARTESIAN_POINT ( 'NONE',  ( 1.913182677674476300, 4.785716700486637400, 11.50000000000000000 ) ) ;
#6917 = ORIENTED_EDGE ( 'NONE', *, *, #2893, .F. ) ;
#6918 = CARTESIAN_POINT ( 'NONE',  ( -2.699706971634729100, -9.476951999092730000, 11.50000000000000200 ) ) ;
#6919 = CARTESIAN_POINT ( 'NONE',  ( -2.945129051593389700, -17.04874567229631300, 11.49999999999999800 ) ) ;
#6920 = AXIS2_PLACEMENT_3D ( 'NONE', #1949, #3292, #4196 ) ;
#6921 = EDGE_CURVE ( 'NONE', #3920, #1163, #7882, .T. ) ;
#6922 = CARTESIAN_POINT ( 'NONE',  ( -3.062287444677257200, 5.369811320754712900, 11.50000000000000400 ) ) ;
#6923 = VECTOR ( 'NONE', #2871, 1000.000000000000000 ) ;
#6924 = VERTEX_POINT ( 'NONE', #7666 ) ;
#6925 = CARTESIAN_POINT ( 'NONE',  ( 2.525618681402891100, -9.239087797645398200, 11.50000000000000500 ) ) ;
#6926 = B_SPLINE_CURVE_WITH_KNOTS ( 'NONE', 3,
 ( #3403, #5027, #6068, #2704, #1295, #2734, #1618, #2981, #3497, #6782, #4153, #361, #6362, #6294, #6689, #7105, #4412, #7089, #3933, #8102, #344, #1767, #2571 ),
 .UNSPECIFIED., .F., .F.,
 ( 4, 1, 1, 1, 1, 1, 1, 1, 1, 1, 1, 1, 1, 1, 1, 1, 1, 1, 1, 1, 4 ),
 ( 0.0000000000000000000, 0.1169004770560392300, 0.2336342054344086000, 0.3514889090151889200, 0.4699993005715604700, 0.5272842549841667600, 0.5803783668798698800, 0.6292589342899292900, 0.6743688419376585600, 0.7157164144544305700, 0.7539707061405314100, 0.7894298004609465700, 0.8226630054109553800, 0.8537072082197785200, 0.8818702795656643300, 0.9076162824437840100, 0.9305825309315487500, 0.9513771708826793700, 0.9697580937490367600, 0.9858014366116461000, 1.000000000000000000 ),
 .UNSPECIFIED. ) ;
#6927 = CARTESIAN_POINT ( 'NONE',  ( 0.6813879877955687500, 4.732237868855737200, 11.50000000000000000 ) ) ;
#6928 = ORIENTED_EDGE ( 'NONE', *, *, #3924, .F. ) ;
#6929 = CARTESIAN_POINT ( 'NONE',  ( 4.660168339337850800, 5.156173621501523900, 11.50000000000000200 ) ) ;
#6930 = EDGE_CURVE ( 'NONE', #8512, #4357, #2189, .T. ) ;
#6931 = CARTESIAN_POINT ( 'NONE',  ( 4.337977083273059100, -17.12725818456480600, 11.49999999999999600 ) ) ;
#6932 = CARTESIAN_POINT ( 'NONE',  ( -3.922496133783750500, -16.44725311685565600, 11.49999999999999800 ) ) ;
#6933 = VERTEX_POINT ( 'NONE', #7263 ) ;
#6934 = ORIENTED_EDGE ( 'NONE', *, *, #7919, .F. ) ;
#6935 = CARTESIAN_POINT ( 'NONE',  ( 2.759218362737421600, 4.649985167285918500, 11.49999999999999800 ) ) ;
#6936 = CARTESIAN_POINT ( 'NONE',  ( -1.463591893780449500, 5.047798742138361700, 11.50000000000000000 ) ) ;
#6937 = CARTESIAN_POINT ( 'NONE',  ( 4.870171197637972700, 5.280676092163481900, 11.50000000000000500 ) ) ;
#6938 = CARTESIAN_POINT ( 'NONE',  ( -4.085720941066728800, 4.605031446540875700, 11.50000000000000000 ) ) ;
#6939 = CARTESIAN_POINT ( 'NONE',  ( -2.678152094033926700, -16.49431981445220100, 11.49999999999999800 ) ) ;
#6940 = VECTOR ( 'NONE', #1861, 1000.000000000000200 ) ;
#6941 = VECTOR ( 'NONE', #4990, 1000.000000000000000 ) ;
#6942 = EDGE_CURVE ( 'NONE', #4374, #151, #2431, .T. ) ;
#6943 = FACE_OUTER_BOUND ( 'NONE', #6225, .T. ) ;
#6944 = B_SPLINE_CURVE_WITH_KNOTS ( 'NONE', 3,
 ( #3315, #5657, #8762, #949, #8495, #4536, #523, #7860, #6791, #8011, #182, #900, #3181, #2372, #7508, #8515, #9215, #6378, #3644, #499, #7947, #7032, #7064, #3509, #7917, #3472, #7137, #8617, #3018, #1780, #2914, #1016, #6133, #3710, #4474, #1903 ),
 .UNSPECIFIED., .F., .F.,
 ( 4, 1, 1, 1, 1, 1, 1, 1, 1, 1, 1, 1, 1, 1, 1, 1, 1, 1, 1, 1, 1, 1, 1, 1, 1, 1, 1, 1, 1, 1, 1, 1, 1, 4 ),
 ( 0.0000000000000000000, 0.02001129098206466700, 0.03868464811762339900, 0.05618401443891563000, 0.07255897583150461300, 0.08783386458804110000, 0.1019665699264166200, 0.1151869652013478600, 0.1275444129591781800, 0.1391523679689379300, 0.1499938028401971400, 0.1600894405303178200, 0.1697240356150465600, 0.1789978193090978600, 0.1880304599405225900, 0.1969867089452425100, 0.2061423756635713000, 0.2152394113996647400, 0.2241997329695082400, 0.2328619371810341000, 0.2417527714403852100, 0.2508638329364655300, 0.2605330770184773900, 0.2705919077307862300, 0.2813590544864369400, 0.3036999251331241600, 0.3260677244629537300, 0.3489358287146755400, 0.3724383352303239900, 0.3970002203161552300, 0.4228448830309262700, 0.4498738290610290200, 0.4783272769410088500, 0.4999999999999997200 ),
 .UNSPECIFIED. ) ;
#6945 = CARTESIAN_POINT ( 'NONE',  ( -0.2982456140350875900, -13.85717998700455500, 11.50000000000000700 ) ) ;
#6946 = VERTEX_POINT ( 'NONE', #887 ) ;
#6947 = CARTESIAN_POINT ( 'NONE',  ( -1.487429545628857100, -13.38391742573636900, 11.49999999999999800 ) ) ;
#6948 = CARTESIAN_POINT ( 'NONE',  ( 12.90000000000000200, 5.499999999999998200, 11.00000000000000000 ) ) ;
#6949 = VERTEX_POINT ( 'NONE', #2031 ) ;
#6950 = CARTESIAN_POINT ( 'NONE',  ( -3.748538011695906800, -17.05240599601883700, 11.49999999999999600 ) ) ;
#6951 = CARTESIAN_POINT ( 'NONE',  ( 0.9975039628674103900, -16.30049431756784600, 11.50000000000000200 ) ) ;
#6952 = ORIENTED_EDGE ( 'NONE', *, *, #5918, .T. ) ;
#6953 = CYLINDRICAL_SURFACE ( 'NONE', #6390, 0.9999999999999991100 ) ;
#6954 = EDGE_LOOP ( 'NONE', ( #3665, #6501, #6493, #7102, #1771, #4401, #5060, #8933, #7688, #5573 ) ) ;
#6955 = EDGE_CURVE ( 'NONE', #8005, #826, #9202, .T. ) ;
#6956 = DIRECTION ( 'NONE',  ( 1.000000000000000000, 0.0000000000000000000, 0.0000000000000000000 ) ) ;
#6957 = CARTESIAN_POINT ( 'NONE',  ( -2.272258064516005300, 10.85290322580644900, 11.49999999999999600 ) ) ;
#6958 = CARTESIAN_POINT ( 'NONE',  ( 0.4250599943626385300, -13.69440444025646600, 11.50000000000000400 ) ) ;
#6959 = ORIENTED_EDGE ( 'NONE', *, *, #1067, .T. ) ;
#6960 = DIRECTION ( 'NONE',  ( 0.0000000000000000000, 0.0000000000000000000, 1.000000000000000000 ) ) ;
#6961 = B_SPLINE_CURVE_WITH_KNOTS ( 'NONE', 3,
 ( #1968, #4066, #3120, #8894, #19, #9252, #5341, #3008, #4269, #8928, #3234, #7531, #7970, #4409, #985, #4097, #5078, #3657, #7561 ),
 .UNSPECIFIED., .F., .F.,
 ( 4, 1, 1, 1, 1, 1, 1, 1, 1, 1, 1, 1, 1, 1, 1, 1, 4 ),
 ( 0.0000000000000000000, 0.09168485310311580400, 0.1768186229297219500, 0.2556585578015845300, 0.3285614703919463900, 0.3958763511840992500, 0.4577690154711979700, 0.5152451606006338600, 0.5691213400743584400, 0.6202315695203752800, 0.6695416653691430600, 0.7188754311615724900, 0.7687246272546699500, 0.8207924528706913600, 0.8764701212576923000, 0.9356465558816505800, 1.000000000000000000 ),
 .UNSPECIFIED. ) ;
#6962 = ORIENTED_EDGE ( 'NONE', *, *, #6176, .F. ) ;
#6963 = B_SPLINE_CURVE_WITH_KNOTS ( 'NONE', 3,
 ( #3249, #335, #2308, #2675, #3183, #5484, #2868, #3228, #1397, #4782, #6074, #7955, #5818, #5225, #3756, #6457, #7852, #6304, #3029 ),
 .UNSPECIFIED., .F., .F.,
 ( 4, 1, 1, 1, 1, 1, 1, 1, 1, 1, 1, 1, 1, 1, 1, 1, 4 ),
 ( 0.0000000000000000000, 0.07081936052022919100, 0.1388294523939251900, 0.2033309294583887100, 0.2653418489888821300, 0.3254847166574901300, 0.3833932232224575000, 0.4404896170308337800, 0.4969715350306853600, 0.5537344067269952500, 0.6113081535493114500, 0.6698979600994350300, 0.7303811654901259900, 0.7931406355936956300, 0.8586499475997970700, 0.9278691470691168300, 1.000000000000000000 ),
 .UNSPECIFIED. ) ;
#6964 = CARTESIAN_POINT ( 'NONE',  ( 0.0000000000000000000, 0.0000000000000000000, 11.50000000000000000 ) ) ;
#6965 = CARTESIAN_POINT ( 'NONE',  ( -3.195228460179075500, -16.24318095912816100, 11.50000000000000200 ) ) ;
#6966 = CARTESIAN_POINT ( 'NONE',  ( -3.431417571520795700, -16.77517175260752700, 11.49999999999999600 ) ) ;
#6967 = ORIENTED_EDGE ( 'NONE', *, *, #7908, .F. ) ;
#6968 = CARTESIAN_POINT ( 'NONE',  ( -1.087568196886191200, -14.04241547747111200, 11.50000000000000200 ) ) ;
#6969 = CARTESIAN_POINT ( 'NONE',  ( 0.7193539906058282800, 4.651680304372820100, 11.50000000000000000 ) ) ;
#6970 = CARTESIAN_POINT ( 'NONE',  ( 4.442458913964277800, 4.859676388972992800, 11.49999999999999800 ) ) ;
#6971 = CARTESIAN_POINT ( 'NONE',  ( -1.225439694488178000, -16.41030314146086900, 11.49999999999999800 ) ) ;
#6972 = CARTESIAN_POINT ( 'NONE',  ( -4.795321637426899200, 0.0000000000000000000, 11.50000000000000000 ) ) ;
#6973 = VERTEX_POINT ( 'NONE', #5450 ) ;
#6974 = AXIS2_PLACEMENT_3D ( 'NONE', #3990, #5288, #4234 ) ;
#6975 = EDGE_CURVE ( 'NONE', #7642, #6674, #512, .T. ) ;
#6976 = ORIENTED_EDGE ( 'NONE', *, *, #5515, .F. ) ;
#6977 = CARTESIAN_POINT ( 'NONE',  ( 1.526151904040274500, 4.624255914887291000, 11.50000000000000000 ) ) ;
#6978 = CARTESIAN_POINT ( 'NONE',  ( -0.2438762304444056500, -13.60594667843775200, 11.50000000000000200 ) ) ;
#6979 = PLANE ( 'NONE',  #8836 ) ;
#6980 = VERTEX_POINT ( 'NONE', #1129 ) ;
#6981 = DIRECTION ( 'NONE',  ( -0.0000000000000000000, 0.0000000000000000000, 1.000000000000000000 ) ) ;
#6982 = CARTESIAN_POINT ( 'NONE',  ( -2.412725868188590800, 5.347514740747365100, 11.49999999999999600 ) ) ;
#6983 = CARTESIAN_POINT ( 'NONE',  ( -1.719982425949011100, 8.302236665663206900, 11.50000000000000000 ) ) ;
#6984 = CARTESIAN_POINT ( 'NONE',  ( 3.052598178079712000, 5.334520605547902900, 11.50000000000000000 ) ) ;
#6985 = CARTESIAN_POINT ( 'NONE',  ( 3.138318192406364600, 5.309433962264147800, 11.49999999999999800 ) ) ;
#6986 = VERTEX_POINT ( 'NONE', #5187 ) ;
#6987 = CARTESIAN_POINT ( 'NONE',  ( 0.0000000000000000000, 4.599999999999996100, 11.50000000000000000 ) ) ;
#6988 = CARTESIAN_POINT ( 'NONE',  ( 2.520009317493716100, 5.399999999999996800, 11.50000000000000200 ) ) ;
#6989 = ORIENTED_EDGE ( 'NONE', *, *, #50, .F. ) ;
#6990 = SECURITY_CLASSIFICATION ( '', '', #7833 ) ;
#6991 = EDGE_CURVE ( 'NONE', #5464, #271, #7746, .T. ) ;
#6992 = B_SPLINE_CURVE_WITH_KNOTS ( 'NONE', 3,
 ( #8204, #305, #8916, #369, #5351, #1092, #6077, #1785, #6788, #2518, #7515, #8231, #8944, #5385, #6818, #3968, #4697, #6136, #2575 ),
 .UNSPECIFIED., .F., .F.,
 ( 4, 1, 1, 1, 1, 1, 1, 1, 1, 1, 1, 1, 1, 1, 1, 1, 4 ),
 ( 0.0000000000000000000, 0.1059548019906355600, 0.2040994047640724000, 0.2941615949212220700, 0.3771547521973563900, 0.4529005261196390500, 0.5217107876176507700, 0.5836108433699649400, 0.6399431329723489500, 0.6918942601931684600, 0.7399668495204774200, 0.7856818596333601200, 0.8294766428273633300, 0.8716525798395362600, 0.9134889171739993800, 0.9561080029611982400, 1.000000000000000000 ),
 .UNSPECIFIED. ) ;
#6993 = LINE ( 'NONE', #1567, #4519 ) ;
#6994 = ORIENTED_EDGE ( 'NONE', *, *, #8019, .F. ) ;
#6995 = CARTESIAN_POINT ( 'NONE',  ( -4.097575066549180400, 5.351589886682386800, 11.50000000000000200 ) ) ;
#6996 = CARTESIAN_POINT ( 'NONE',  ( 0.7394979498726109700, 4.650579883799420800, 11.50000000000000000 ) ) ;
#6997 = B_SPLINE_CURVE_WITH_KNOTS ( 'NONE', 3,
 ( #7574, #2919, #6233, #5271, #8095, #1447, #3004, #6565, #5554, #7094, #550, #879, #2455, #8608, #3015, #2655, #1702, #7701, #4646 ),
 .UNSPECIFIED., .F., .F.,
 ( 4, 1, 1, 1, 1, 1, 1, 1, 1, 1, 1, 1, 1, 1, 1, 1, 4 ),
 ( 0.0000000000000000000, 0.08127201340518130900, 0.1557966685327445400, 0.2234190712079586700, 0.2841869321306963500, 0.3387620653537016800, 0.3893383324153278900, 0.4378471610206318100, 0.4842400188078288500, 0.5318797948618005900, 0.5815689259542562400, 0.6360822876427838500, 0.6948202193993329200, 0.7601723554677342100, 0.8327455006883348600, 0.9129239877864714400, 1.000000000000000000 ),
 .UNSPECIFIED. ) ;
#6998 = ADVANCED_FACE ( 'NONE', ( #2971 ), #904, .F. ) ;
#6999 = CARTESIAN_POINT ( 'NONE',  ( -3.086916369193664500, -11.31597349217960500, 11.50000000000000400 ) ) ;
#7000 = EDGE_CURVE ( 'NONE', #7474, #8120, #6765, .T. ) ;
#7001 = CARTESIAN_POINT ( 'NONE',  ( -0.9817625199902008100, -13.44397124486861200, 11.50000000000000200 ) ) ;
#7002 = CARTESIAN_POINT ( 'NONE',  ( -0.1939813996932669700, -16.81489041576191900, 11.50000000000000500 ) ) ;
#7003 = CARTESIAN_POINT ( 'NONE',  ( 8.999999999999994700, 22.60000000000000100, 0.0000000000000000000 ) ) ;
#7004 = CARTESIAN_POINT ( 'NONE',  ( -4.094330219140955400, 4.608579834705598600, 11.50000000000000200 ) ) ;
#7005 = CARTESIAN_POINT ( 'NONE',  ( -2.057973978988728800, -9.730352307798733900, 11.49999999999999300 ) ) ;
#7006 = LINE ( 'NONE', #2114, #3196 ) ;
#7007 = FACE_BOUND ( 'NONE', #1592, .T. ) ;
#7008 = CARTESIAN_POINT ( 'NONE',  ( 4.284744074791088800, 5.409622232528684000, 11.50000000000000000 ) ) ;
#7009 = ORIENTED_EDGE ( 'NONE', *, *, #668, .T. ) ;
#7010 = CARTESIAN_POINT ( 'NONE',  ( 1.732081603008145800, 5.330682723068442800, 11.49999999999999800 ) ) ;
#7011 = CARTESIAN_POINT ( 'NONE',  ( -0.3146631400513715800, -16.79037136527915000, 11.50000000000000000 ) ) ;
#7012 = ORIENTED_EDGE ( 'NONE', *, *, #4552, .T. ) ;
#7013 = ORIENTED_EDGE ( 'NONE', *, *, #4260, .T. ) ;
#7014 = CARTESIAN_POINT ( 'NONE',  ( -0.9735086987850299900, 11.02254790748241800, 11.49999999999999800 ) ) ;
#7015 = DIRECTION ( 'NONE',  ( 1.000000000000000000, 0.0000000000000000000, 0.0000000000000000000 ) ) ;
#7016 = CARTESIAN_POINT ( 'NONE',  ( -2.305520614954454500, 5.410062893081756900, 11.50000000000000000 ) ) ;
#7017 = CARTESIAN_POINT ( 'NONE',  ( 3.216584614593098300, -10.99639024309200500, 11.49999999999999600 ) ) ;
#7018 = CARTESIAN_POINT ( 'NONE',  ( -0.2908589430699742300, -14.23857055594531400, 11.50000000000000900 ) ) ;
#7019 = VERTEX_POINT ( 'NONE', #3349 ) ;
#7020 = CARTESIAN_POINT ( 'NONE',  ( 2.433512479425969000, 5.280650611459432900, 11.50000000000000400 ) ) ;
#7021 = AXIS2_PLACEMENT_3D ( 'NONE', #1234, #187, #7189 ) ;
#7022 = EDGE_CURVE ( 'NONE', #3883, #2913, #8104, .T. ) ;
#7023 = VERTEX_POINT ( 'NONE', #1240 ) ;
#7024 = VERTEX_POINT ( 'NONE', #8199 ) ;
#7025 = CARTESIAN_POINT ( 'NONE',  ( -4.362077801071388100, 4.650314465408800200, 11.50000000000000000 ) ) ;
#7026 = CARTESIAN_POINT ( 'NONE',  ( 1.436395832608035100, -10.38688066367861600, 11.50000000000000200 ) ) ;
#7027 = ORIENTED_EDGE ( 'NONE', *, *, #121, .F. ) ;
#7028 = CARTESIAN_POINT ( 'NONE',  ( 4.605603845539367700, -17.14068481988266900, 11.49999999999999500 ) ) ;
#7029 = FACE_OUTER_BOUND ( 'NONE', #2764, .T. ) ;
#7030 = ORIENTED_EDGE ( 'NONE', *, *, #6162, .T. ) ;
#7031 = CARTESIAN_POINT ( 'NONE',  ( -2.670728137397224300, -9.199751733092844200, 11.50000000000000400 ) ) ;
#7032 = CARTESIAN_POINT ( 'NONE',  ( 2.979630380829319000, -9.505535679708978900, 11.50000000000000000 ) ) ;
#7033 = VERTEX_POINT ( 'NONE', #6109 ) ;
#7034 = AXIS2_PLACEMENT_3D ( 'NONE', #2076, #4236, #7818 ) ;
#7035 = DIRECTION ( 'NONE',  ( -0.0000000000000000000, -0.0000000000000000000, 1.000000000000000000 ) ) ;
#7036 = EDGE_CURVE ( 'NONE', #6619, #2952, #4880, .T. ) ;
#7037 = CARTESIAN_POINT ( 'NONE',  ( 4.684101266634608700, -16.55679774791098100, 11.49999999999999800 ) ) ;
#7038 = DIRECTION ( 'NONE',  ( 1.000000000000000000, 0.0000000000000000000, 0.0000000000000000000 ) ) ;
#7039 = CARTESIAN_POINT ( 'NONE',  ( -1.807005043208083500, 5.135035231299675700, 11.50000000000000000 ) ) ;
#7040 = ADVANCED_FACE ( 'NONE', ( #8570 ), #2402, .T. ) ;
#7041 = CARTESIAN_POINT ( 'NONE',  ( -3.175284777200862800, -16.68918658444156500, 11.50000000000000000 ) ) ;
#7042 = ORIENTED_EDGE ( 'NONE', *, *, #6146, .F. ) ;
#7043 = DIRECTION ( 'NONE',  ( -0.0000000000000000000, 0.0000000000000000000, 1.000000000000000000 ) ) ;
#7044 = CARTESIAN_POINT ( 'NONE',  ( -5.899999999999903500, 1.430232558139473900, 11.50000000000000000 ) ) ;
#7045 = CARTESIAN_POINT ( 'NONE',  ( -1.272585227207146500, -10.50113625118619300, 11.50000000000000900 ) ) ;
#7046 = VERTEX_POINT ( 'NONE', #8622 ) ;
#7047 = EDGE_CURVE ( 'NONE', #7335, #6701, #3844, .T. ) ;
#7048 = ORIENTED_EDGE ( 'NONE', *, *, #9207, .T. ) ;
#7049 = B_SPLINE_CURVE_WITH_KNOTS ( 'NONE', 3,
 ( #7542, #7757, #3897, #1500, #8446, #2348, #8059, #1601, #6020, #6409, #5555, #8220, #7738, #5297, #6416, #6776, #4107, #4760, #368 ),
 .UNSPECIFIED., .F., .F.,
 ( 4, 1, 1, 1, 1, 1, 1, 1, 1, 1, 1, 1, 1, 1, 1, 1, 4 ),
 ( 0.0000000000000000000, 0.06105483283469803600, 0.1203734167884994400, 0.1786261060706528800, 0.2361711903795576900, 0.2931140101562161900, 0.3501202786096352400, 0.4075687257169923200, 0.4658294588080540400, 0.5254081663179135400, 0.5861893694423692100, 0.6491507682266707300, 0.7142388983337572000, 0.7812726843132716800, 0.8512947521046512200, 0.9241505372853046100, 1.000000000000000000 ),
 .UNSPECIFIED. ) ;
#7050 = CARTESIAN_POINT ( 'NONE',  ( 1.237735849056727400, 5.420125786163518800, 11.50000000000000000 ) ) ;
#7051 = CARTESIAN_POINT ( 'NONE',  ( 0.6706933080356998200, -9.212446625465567300, 11.50000000000000000 ) ) ;
#7052 = CARTESIAN_POINT ( 'NONE',  ( -4.043854307261305800, 5.135041180204925800, 11.50000000000000500 ) ) ;
#7053 = VECTOR ( 'NONE', #8281, 1000.000000000000000 ) ;
#7054 = ORIENTED_EDGE ( 'NONE', *, *, #612, .T. ) ;
#7055 = DIRECTION ( 'NONE',  ( 1.000000000000000000, 0.0000000000000000000, 0.0000000000000000000 ) ) ;
#7056 = CARTESIAN_POINT ( 'NONE',  ( -2.788077194655028500, -17.09189147257028600, 11.50000000000000200 ) ) ;
#7057 = ORIENTED_EDGE ( 'NONE', *, *, #4879, .T. ) ;
#7058 = CARTESIAN_POINT ( 'NONE',  ( 4.389793035000155700, -1.159567971509478700, 11.50000000000000000 ) ) ;
#7059 = CARTESIAN_POINT ( 'NONE',  ( -0.3018467908207223500, -10.33149216989934200, 11.49999999999999800 ) ) ;
#7060 = CARTESIAN_POINT ( 'NONE',  ( 4.788605267946319800, -16.92995297772576200, 11.49999999999999600 ) ) ;
#7061 = EDGE_CURVE ( 'NONE', #2497, #5380, #3176, .T. ) ;
#7062 = CARTESIAN_POINT ( 'NONE',  ( 0.2713339687509644900, -14.11905390039507700, 11.50000000000000000 ) ) ;
#7063 = ORIENTED_EDGE ( 'NONE', *, *, #3866, .T. ) ;
#7064 = CARTESIAN_POINT ( 'NONE',  ( 3.015087015067726900, -9.533921651983721500, 11.49999999999999600 ) ) ;
#7065 = ORIENTED_EDGE ( 'NONE', *, *, #7345, .T. ) ;
#7066 = ORIENTED_EDGE ( 'NONE', *, *, #1085, .F. ) ;
#7067 = CARTESIAN_POINT ( 'NONE',  ( 0.7429859041892489200, -16.25726239076145800, 11.50000000000000200 ) ) ;
#7068 = CARTESIAN_POINT ( 'NONE',  ( -4.106517591284624100, 5.419895775464585300, 11.50000000000000400 ) ) ;
#7069 = CARTESIAN_POINT ( 'NONE',  ( 4.605603848434126000, -16.50798682005908800, 11.49999999999999500 ) ) ;
#7070 = ORIENTED_EDGE ( 'NONE', *, *, #5098, .T. ) ;
#7071 = CARTESIAN_POINT ( 'NONE',  ( 3.911231521149780600, -16.54908953605003000, 11.49999999999999600 ) ) ;
#7072 = CARTESIAN_POINT ( 'NONE',  ( 4.471393934355133700, 5.003550988738320300, 11.50000000000000500 ) ) ;
#7073 = VECTOR ( 'NONE', #181, 1000.000000000000000 ) ;
#7074 = DIRECTION ( 'NONE',  ( 0.3225311624017540000, 0.9465588461790283000, 0.0000000000000000000 ) ) ;
#7075 = ORIENTED_EDGE ( 'NONE', *, *, #4636, .F. ) ;
#7076 = EDGE_CURVE ( 'NONE', #1759, #7520, #3069, .T. ) ;
#7077 = CARTESIAN_POINT ( 'NONE',  ( -2.184828464539683200, 5.027712416919248600, 11.49999999999999800 ) ) ;
#7078 = ORIENTED_EDGE ( 'NONE', *, *, #8619, .T. ) ;
#7079 = VERTEX_POINT ( 'NONE', #3964 ) ;
#7080 = CARTESIAN_POINT ( 'NONE',  ( -1.250152954047887500, 5.389202725772747700, 11.50000000000000400 ) ) ;
#7081 = CARTESIAN_POINT ( 'NONE',  ( -1.128250820984011400, -14.35878025181245500, 11.50000000000000000 ) ) ;
#7082 = CARTESIAN_POINT ( 'NONE',  ( -1.546510020660083500, -11.49723734007839800, 11.49999999999999600 ) ) ;
#7083 = B_SPLINE_CURVE_WITH_KNOTS ( 'NONE', 3,
 ( #7455, #1080, #1150, #1189, #8633, #8372, #7627, #4458, #4433, #5708, #3705, #747, #1571, #7001, #2044, #5535, #1922, #3934, #615, #4489, #2066, #2185, #1138, #8541, #2725, #1377, #5741, #6968, #4858, #8201, #3185, #7475, #6758, #4607, #2543, #8229, #2454, #6817, #8882, #6721, #8816, #2383, #4537, #7379, #987, #269, #8089 ),
 .UNSPECIFIED., .F., .F.,
 ( 4, 1, 1, 1, 1, 1, 1, 1, 1, 1, 1, 1, 1, 1, 1, 1, 1, 1, 1, 1, 1, 1, 1, 1, 1, 1, 1, 1, 1, 1, 1, 1, 1, 1, 1, 1, 1, 1, 1, 1, 1, 1, 1, 1, 4 ),
 ( 0.0000000000000000000, 0.02963892207519902600, 0.05714030079054588400, 0.08300234533215789000, 0.1076886911870669200, 0.1315524488387641600, 0.1545151111224365400, 0.1765068983383414300, 0.1984071553879340800, 0.2196847321607589000, 0.2399441772601826900, 0.2601301533804090100, 0.2809126247152028400, 0.3016315155435755900, 0.3216519428165262000, 0.3414556878968546500, 0.3619113097211452700, 0.3838397705906015900, 0.4078984753429001400, 0.4347853230820393200, 0.4647409664058302900, 0.4815721689929924900, 0.5006819433071876300, 0.5219684560147959100, 0.5454536628249511100, 0.5711977834941263100, 0.5992655548299954400, 0.6295781612789314000, 0.6621137017316256500, 0.6948132236587978300, 0.7256112983403303400, 0.7545119634061046000, 0.7815042596847240300, 0.8065106399309816000, 0.8296326936272433400, 0.8507842089976629400, 0.8701951375466658900, 0.8881842029161345400, 0.9053593343801751300, 0.9219207305054283300, 0.9379466872220795200, 0.9536799795452287600, 0.9691358368967425400, 0.9844712571607974200, 1.000000000000000000 ),
 .UNSPECIFIED. ) ;
#7084 = DIRECTION ( 'NONE',  ( 1.000000000000000000, 0.0000000000000000000, 0.0000000000000000000 ) ) ;
#7085 = VERTEX_POINT ( 'NONE', #5817 ) ;
#7086 = VECTOR ( 'NONE', #8545, 1000.000000000000200 ) ;
#7087 = B_SPLINE_CURVE_WITH_KNOTS ( 'NONE', 3,
 ( #4613, #8033, #2188, #6473, #3423, #862, #2150, #495, #6080, #3302, #2925, #7297, #1870, #7927, #6399, #7916, #2661, #609, #1668 ),
 .UNSPECIFIED., .F., .F.,
 ( 4, 1, 1, 1, 1, 1, 1, 1, 1, 1, 1, 1, 1, 1, 1, 1, 4 ),
 ( 0.0000000000000000000, 0.09168485310311580400, 0.1768186229297220600, 0.2556585578015845300, 0.3285614703919463900, 0.3958763511840993600, 0.4577690154711979700, 0.5152451606006338600, 0.5691213400743584400, 0.6202315695203753900, 0.6695416653691428400, 0.7188754311615724900, 0.7687246272546699500, 0.8207924528706913600, 0.8764701212576923000, 0.9356465558816510200, 1.000000000000000000 ),
 .UNSPECIFIED. ) ;
#7088 = CARTESIAN_POINT ( 'NONE',  ( -1.118262701121130600, -11.44812318344096600, 11.50000000000000000 ) ) ;
#7089 = CARTESIAN_POINT ( 'NONE',  ( -2.193784490828157600, 11.13451065273315200, 11.49999999999999300 ) ) ;
#7090 = FACE_OUTER_BOUND ( 'NONE', #2433, .T. ) ;
#7091 = VERTEX_POINT ( 'NONE', #3182 ) ;
#7092 = CARTESIAN_POINT ( 'NONE',  ( 3.312368972746454700, 5.349685534591191800, 11.50000000000000000 ) ) ;
#7093 = PLANE ( 'NONE',  #5568 ) ;
#7094 = CARTESIAN_POINT ( 'NONE',  ( -4.469981104624194400, 5.328477676166340200, 11.49999999999999800 ) ) ;
#7095 = CARTESIAN_POINT ( 'NONE',  ( -0.1508761551796625200, -17.13154722742857300, 11.49999999999999800 ) ) ;
#7096 = VECTOR ( 'NONE', #1735, 999.9999999999998900 ) ;
#7097 = AXIS2_PLACEMENT_3D ( 'NONE', #622, #8062, #4509 ) ;
#7098 = CARTESIAN_POINT ( 'NONE',  ( -0.2044713534930442400, -10.44908638567411300, 11.50000000000000500 ) ) ;
#7099 = CARTESIAN_POINT ( 'NONE',  ( 3.017377125553349200, 4.599999999999996100, 11.50000000000000000 ) ) ;
#7100 = EDGE_CURVE ( 'NONE', #6854, #8093, #6763, .T. ) ;
#7101 = CARTESIAN_POINT ( 'NONE',  ( -2.852850838868716400, -16.16362147522494300, 11.50000000000000000 ) ) ;
#7102 = ORIENTED_EDGE ( 'NONE', *, *, #5847, .T. ) ;
#7103 = DIRECTION ( 'NONE',  ( -0.0000000000000000000, -1.000000000000000000, -0.0000000000000000000 ) ) ;
#7104 = CARTESIAN_POINT ( 'NONE',  ( 0.4830102664324019100, -11.15726024982443800, 11.50000000000000200 ) ) ;
#7105 = CARTESIAN_POINT ( 'NONE',  ( -2.098219306306513300, 11.31553537128752600, 11.49999999999999300 ) ) ;
#7106 = FACE_BOUND ( 'NONE', #2287, .T. ) ;
#7107 = ORIENTED_EDGE ( 'NONE', *, *, #4303, .F. ) ;
#7108 = CARTESIAN_POINT ( 'NONE',  ( -1.923870967741812000, 7.070967741935480600, 11.50000000000000000 ) ) ;
#7109 = CARTESIAN_POINT ( 'NONE',  ( -3.606338480095604600, -16.34981706558744100, 11.49999999999999600 ) ) ;
#7110 = DIRECTION ( 'NONE',  ( 0.9974586998307349800, 0.0000000000000000000, -0.07124704998790969100 ) ) ;
#7111 = DIRECTION ( 'NONE',  ( 1.000000000000000000, 0.0000000000000000000, 0.0000000000000000000 ) ) ;
#7112 = DIRECTION ( 'NONE',  ( -1.000000000000000000, 0.0000000000000000000, -0.0000000000000000000 ) ) ;
#7113 = EDGE_CURVE ( 'NONE', #364, #4374, #4906, .T. ) ;
#7114 = DIRECTION ( 'NONE',  ( 0.3218467139341441000, 0.9467917895344218900, 0.0000000000000000000 ) ) ;
#7115 = CARTESIAN_POINT ( 'NONE',  ( -4.029575344483289400, 5.303689015230244100, 11.49999999999999800 ) ) ;
#7116 = CARTESIAN_POINT ( 'NONE',  ( 4.860563708362574800, 5.183647798742134300, 11.50000000000000000 ) ) ;
#7117 = CARTESIAN_POINT ( 'NONE',  ( 0.0000000000000000000, 5.425157232704399300, 11.50000000000000000 ) ) ;
#7118 = CARTESIAN_POINT ( 'NONE',  ( -1.505657004668990300, 5.242686235021454700, 11.49999999999999600 ) ) ;
#7119 = CARTESIAN_POINT ( 'NONE',  ( -1.032257097428239900, 10.82555553746024100, 11.49999999999999800 ) ) ;
#7120 = FACE_OUTER_BOUND ( 'NONE', #2151, .T. ) ;
#7121 = VERTEX_POINT ( 'NONE', #1345 ) ;
#7122 = CARTESIAN_POINT ( 'NONE',  ( -1.894445558684249500, 7.158814336423067600, 11.50000000000000400 ) ) ;
#7123 = EDGE_CURVE ( 'NONE', #8115, #8827, #1192, .T. ) ;
#7124 = LOCAL_TIME ( 19, 43, 38.00000000000000000, #9027 ) ;
#7125 = DIRECTION ( 'NONE',  ( 0.8645071866841928000, -0.5026204573745306500, 0.0000000000000000000 ) ) ;
#7126 = CARTESIAN_POINT ( 'NONE',  ( -2.287630158114743600, 5.411248835620122000, 11.50000000000000000 ) ) ;
#7127 = EDGE_LOOP ( 'NONE', ( #8817, #7753, #962, #5152, #3357, #4866, #6316, #4589, #1046, #4822, #2898, #3950, #2467, #2855, #5099, #3154, #7959, #4829, #4377, #2597, #5626, #4302, #1325, #4396, #9177, #755, #3695 ) ) ;
#7128 = CARTESIAN_POINT ( 'NONE',  ( -4.780667877816565400, 4.650173163748250200, 11.49999999999999600 ) ) ;
#7129 = CARTESIAN_POINT ( 'NONE',  ( 0.5390685120443500200, -11.09864286192677500, 11.50000000000000000 ) ) ;
#7130 = CARTESIAN_POINT ( 'NONE',  ( 1.684840514689557300, 4.647969210790650500, 11.50000000000000400 ) ) ;
#7131 = CARTESIAN_POINT ( 'NONE',  ( -3.872281787263355900, 5.362157052293644800, 11.50000000000000400 ) ) ;
#7132 = CARTESIAN_POINT ( 'NONE',  ( 4.742218044690514700, 4.697869518532359100, 11.49999999999999300 ) ) ;
#7133 = LINE ( 'NONE', #3374, #2542 ) ;
#7134 = CARTESIAN_POINT ( 'NONE',  ( 4.468018454790554400, -17.05781043878662800, 11.50000000000000200 ) ) ;
#7135 = ADVANCED_FACE ( 'NONE', ( #6333 ), #7680, .T. ) ;
#7136 = ORIENTED_EDGE ( 'NONE', *, *, #5071, .F. ) ;
#7137 = CARTESIAN_POINT ( 'NONE',  ( 3.157360959467250700, -9.748266634583908200, 11.50000000000000500 ) ) ;
#7138 = CARTESIAN_POINT ( 'NONE',  ( 4.434195201490923400, 5.364779874213833300, 11.50000000000000000 ) ) ;
#7139 = CARTESIAN_POINT ( 'NONE',  ( -0.6733362667710680600, 4.659896323414432800, 11.50000000000000000 ) ) ;
#7140 = CARTESIAN_POINT ( 'NONE',  ( -2.042627911096810000, 0.6960065474848340400, 11.50000000000000000 ) ) ;
#7141 = CARTESIAN_POINT ( 'NONE',  ( -1.628683529638111700, 5.084400194503478700, 11.50000000000000200 ) ) ;
#7142 = CARTESIAN_POINT ( 'NONE',  ( 0.9640016325301473700, -16.68613309313031200, 11.50000000000000000 ) ) ;
#7143 = ADVANCED_FACE ( 'NONE', ( #4995 ), #3895, .T. ) ;
#7144 = CARTESIAN_POINT ( 'NONE',  ( 0.0000000000000000000, 5.133333333333330200, 11.50000000000000000 ) ) ;
#7145 = AXIS2_PLACEMENT_3D ( 'NONE', #9110, #7932, #7207 ) ;
#7146 = VERTEX_POINT ( 'NONE', #7909 ) ;
#7147 = LINE ( 'NONE', #1411, #1161 ) ;
#7148 = CARTESIAN_POINT ( 'NONE',  ( 3.381481785564752800, 4.682006210031067500, 11.50000000000000000 ) ) ;
#7149 = EDGE_CURVE ( 'NONE', #4410, #9050, #170, .T. ) ;
#7150 = CARTESIAN_POINT ( 'NONE',  ( -1.071543761574788300, 5.368729268363496000, 11.50000000000000200 ) ) ;
#7151 = EDGE_LOOP ( 'NONE', ( #1762, #1179, #8287, #6388 ) ) ;
#7152 = CARTESIAN_POINT ( 'NONE',  ( -3.473438427586042800, -16.97323057818009700, 11.49999999999999800 ) ) ;
#7153 = CARTESIAN_POINT ( 'NONE',  ( 0.0000000000000000000, 0.0000000000000000000, 11.50000000000000000 ) ) ;
#7154 = ORIENTED_EDGE ( 'NONE', *, *, #2949, .T. ) ;
#7155 = CARTESIAN_POINT ( 'NONE',  ( -0.7196781112903422000, -11.46446105241470500, 11.50000000000000200 ) ) ;
#7156 = ORIENTED_EDGE ( 'NONE', *, *, #5515, .T. ) ;
#7157 = CARTESIAN_POINT ( 'NONE',  ( 1.722245515956331200, 4.645283018867921500, 11.50000000000000000 ) ) ;
#7158 = LINE ( 'NONE', #8810, #9061 ) ;
#7159 = AXIS2_PLACEMENT_3D ( 'NONE', #7003, #7721, #3433 ) ;
#7160 = CARTESIAN_POINT ( 'NONE',  ( 0.3101682806845054200, 4.697463286827110500, 11.50000000000000200 ) ) ;
#7161 = EDGE_CURVE ( 'NONE', #1580, #2231, #2049, .T. ) ;
#7162 = CARTESIAN_POINT ( 'NONE',  ( -3.933425800637648800, 5.394412178830966900, 11.50000000000000700 ) ) ;
#7163 = CARTESIAN_POINT ( 'NONE',  ( -1.944497625182472800, 5.413635919436595500, 11.49999999999999500 ) ) ;
#7164 = CARTESIAN_POINT ( 'NONE',  ( -2.678177178545909400, 4.652408402535784600, 11.50000000000000400 ) ) ;
#7165 = CARTESIAN_POINT ( 'NONE',  ( -0.5442764929088008700, 4.689925185027410800, 11.50000000000000400 ) ) ;
#7166 = B_SPLINE_CURVE_WITH_KNOTS ( 'NONE', 3,
 ( #6311, #329, #6918, #6727, #7713, #6573, #6141, #4472, #6533, #4826, #1537, #8494, #798, #7249, #150, #8994, #1135, #1038, #1162 ),
 .UNSPECIFIED., .F., .F.,
 ( 4, 1, 1, 1, 1, 1, 1, 1, 1, 1, 1, 1, 1, 1, 1, 1, 4 ),
 ( 0.0000000000000000000, 0.05785463404005575200, 0.1119476379885285800, 0.1642167551327009500, 0.2148419330285851200, 0.2650290603592705400, 0.3154395998027699200, 0.3669756254081094600, 0.4209920387452058500, 0.4777735415901748200, 0.5382146744534973500, 0.6029491534295157200, 0.6716348386939408100, 0.7455491987790384700, 0.8252268106950729800, 0.9095587401217665200, 1.000000000000000000 ),
 .UNSPECIFIED. ) ;
#7167 = VERTEX_POINT ( 'NONE', #2480 ) ;
#7168 = CARTESIAN_POINT ( 'NONE',  ( -1.359896447414514800, -16.75974566088491700, 11.49999999999999800 ) ) ;
#7169 = VECTOR ( 'NONE', #3778, 1000.000000000000000 ) ;
#7170 = CARTESIAN_POINT ( 'NONE',  ( 4.224016017341955200, 4.673720578805455400, 11.50000000000000000 ) ) ;
#7171 = VERTEX_POINT ( 'NONE', #8707 ) ;
#7172 = CARTESIAN_POINT ( 'NONE',  ( -3.820293802553841100, -17.15660835610859900, 11.50000000000000000 ) ) ;
#7173 = EDGE_LOOP ( 'NONE', ( #5057, #8106, #4507, #1105, #1474, #885, #3552, #4469, #7845, #2539, #1747, #6250, #2784, #6967, #118, #7586 ) ) ;
#7174 = CARTESIAN_POINT ( 'NONE',  ( -0.2236198462612329600, 4.599999999999996100, 11.50000000000000000 ) ) ;
#7175 = CARTESIAN_POINT ( 'NONE',  ( -1.301220321295187800, -16.20056198475593900, 11.50000000000000200 ) ) ;
#7176 = CARTESIAN_POINT ( 'NONE',  ( 1.025312515913954700, -16.76193893167018700, 11.50000000000000200 ) ) ;
#7177 = ORIENTED_EDGE ( 'NONE', *, *, #4293, .F. ) ;
#7178 = CIRCLE ( 'NONE', #4959, 0.9999999999999991100 ) ;
#7179 = EDGE_CURVE ( 'NONE', #135, #5399, #1824, .T. ) ;
#7180 = B_SPLINE_CURVE_WITH_KNOTS ( 'NONE', 3,
 ( #8280, #4218, #5197, #5001, #1492, #7072, #2909, #725, #5675, #8469, #4148, #4141, #8438, #2208, #3356, #2125, #6929, #1036, #5686 ),
 .UNSPECIFIED., .F., .F.,
 ( 4, 1, 1, 1, 1, 1, 1, 1, 1, 1, 1, 1, 1, 1, 1, 1, 4 ),
 ( 0.0000000000000000000, 0.07872489370337620900, 0.1533536607344963000, 0.2249992332174741700, 0.2930070084378066900, 0.3582679720385271200, 0.4211661208300299100, 0.4816072770265486000, 0.5403068847064787000, 0.5970595387072730200, 0.6533755576948661000, 0.7093674530179849800, 0.7652474966270129700, 0.8217510580657727500, 0.8796152915844960300, 0.9387493237989283900, 1.000000000000000000 ),
 .UNSPECIFIED. ) ;
#7181 = CARTESIAN_POINT ( 'NONE',  ( -0.3857873253043731000, 5.302590999146072900, 11.50000000000000200 ) ) ;
#7182 = EDGE_LOOP ( 'NONE', ( #894, #3811 ) ) ;
#7183 = CARTESIAN_POINT ( 'NONE',  ( 0.4940135103658343000, 5.334591194968549400, 11.49999999999999600 ) ) ;
#7184 = VERTEX_POINT ( 'NONE', #6535 ) ;
#7185 = CARTESIAN_POINT ( 'NONE',  ( 0.06756050344038547200, -17.05335667002353600, 11.50000000000000400 ) ) ;
#7186 = CARTESIAN_POINT ( 'NONE',  ( -4.046616130390560800, 4.991191261167893200, 11.49999999999999600 ) ) ;
#7187 = VERTEX_POINT ( 'NONE', #86 ) ;
#7188 = CARTESIAN_POINT ( 'NONE',  ( 3.787582944523731700, 5.062336674058450100, 11.50000000000000000 ) ) ;
#7189 = DIRECTION ( 'NONE',  ( 1.000000000000000000, 0.0000000000000000000, 0.0000000000000000000 ) ) ;
#7190 = CARTESIAN_POINT ( 'NONE',  ( 3.703929566435306200, 4.967252525279037400, 11.50000000000000000 ) ) ;
#7191 = DIRECTION ( 'NONE',  ( 1.000000000000000000, 0.0000000000000000000, 0.0000000000000000000 ) ) ;
#7192 = CARTESIAN_POINT ( 'NONE',  ( -3.851817504619543500, -16.29382624410584800, 11.49999999999999800 ) ) ;
#7193 = ORIENTED_EDGE ( 'NONE', *, *, #4804, .T. ) ;
#7194 = AXIS2_PLACEMENT_3D ( 'NONE', #9115, #7989, #3305 ) ;
#7195 = CARTESIAN_POINT ( 'NONE',  ( 4.038768470444610500, -16.33013845053373500, 11.49999999999999800 ) ) ;
#7196 = CARTESIAN_POINT ( 'NONE',  ( -4.044945403984619300, 4.888565919839406200, 11.49999999999999600 ) ) ;
#7197 = ORIENTED_EDGE ( 'NONE', *, *, #4663, .F. ) ;
#7198 = CARTESIAN_POINT ( 'NONE',  ( 0.0000000000000000000, 0.0000000000000000000, 11.50000000000000000 ) ) ;
#7199 = CARTESIAN_POINT ( 'NONE',  ( 1.880671135457056200, 4.717784357249169800, 11.50000000000000000 ) ) ;
#7200 = DIRECTION ( 'NONE',  ( 0.3225311624017466200, 0.9465588461790307400, 0.0000000000000000000 ) ) ;
#7201 = CARTESIAN_POINT ( 'NONE',  ( -1.409959342288390500, -16.71103443771442800, 11.49999999999999500 ) ) ;
#7202 = VERTEX_POINT ( 'NONE', #8000 ) ;
#7203 = CARTESIAN_POINT ( 'NONE',  ( 3.399857944138682300, 5.313284817675478800, 11.49999999999999600 ) ) ;
#7204 = CARTESIAN_POINT ( 'NONE',  ( -2.261262516352996200, 5.025049805047947500, 11.50000000000000200 ) ) ;
#7205 = EDGE_LOOP ( 'NONE', ( #5374, #719, #6623, #3208, #3830, #1003, #2334, #1056, #5418, #8935, #1936, #4181, #688, #939, #8850, #8985, #145, #4417, #6405, #3054, #989, #1540, #7462, #2809, #7994, #605, #6841 ) ) ;
#7206 = CARTESIAN_POINT ( 'NONE',  ( 1.413658131422743700, -9.336941622261612400, 11.50000000000000000 ) ) ;
#7207 = DIRECTION ( 'NONE',  ( 1.000000000000000000, 0.0000000000000000000, 0.0000000000000000000 ) ) ;
#7208 = CARTESIAN_POINT ( 'NONE',  ( 3.751306121252694600, 10.98017452473449200, 11.49999999999999600 ) ) ;
#7209 = CARTESIAN_POINT ( 'NONE',  ( -4.061565534165435300, 4.922973685328121200, 11.49999999999999600 ) ) ;
#7210 = LINE ( 'NONE', #7380, #4077 ) ;
#7211 = CARTESIAN_POINT ( 'NONE',  ( 3.064599626489712000, 5.334386914679074100, 11.50000000000000000 ) ) ;
#7212 = CARTESIAN_POINT ( 'NONE',  ( 0.4953193828343085400, 4.655446761086790500, 11.50000000000000000 ) ) ;
#7213 = ORIENTED_EDGE ( 'NONE', *, *, #8891, .F. ) ;
#7214 = CARTESIAN_POINT ( 'NONE',  ( 0.03264692753831276200, -16.50812549028425000, 11.50000000000000000 ) ) ;
#7215 = CARTESIAN_POINT ( 'NONE',  ( 3.857174762335058300, -16.29401811533086100, 11.50000000000000400 ) ) ;
#7216 = EDGE_CURVE ( 'NONE', #470, #4353, #3162, .T. ) ;
#7217 = CARTESIAN_POINT ( 'NONE',  ( 3.748538011695905500, -16.15182120069719900, 11.50000000000000000 ) ) ;
#7218 = CARTESIAN_POINT ( 'NONE',  ( 4.450959535181432600, -16.59380303614526800, 11.50000000000000200 ) ) ;
#7219 = CARTESIAN_POINT ( 'NONE',  ( 3.337956691283644300, 5.349419084477632100, 11.50000000000000000 ) ) ;
#7220 = CARTESIAN_POINT ( 'NONE',  ( 16.70000000000005300, -16.69999999999991000, 0.0000000000000000000 ) ) ;
#7221 = CARTESIAN_POINT ( 'NONE',  ( -1.876580217349485000, 5.400294168801340600, 11.49999999999999800 ) ) ;
#7222 = CARTESIAN_POINT ( 'NONE',  ( 4.479591993886331600, -17.05810608936813100, 11.49999999999999800 ) ) ;
#7223 = CARTESIAN_POINT ( 'NONE',  ( 3.784524500048094700, -16.64329941596378900, 11.49999999999999800 ) ) ;
#7224 = CARTESIAN_POINT ( 'NONE',  ( 4.735302634957296400, 4.709716078801352300, 11.49999999999999500 ) ) ;
#7225 = CARTESIAN_POINT ( 'NONE',  ( -2.021283666072636500, -10.98758627046821200, 11.50000000000000200 ) ) ;
#7226 = CARTESIAN_POINT ( 'NONE',  ( -1.175438596491229100, -13.22982456140350900, 11.49999999999999800 ) ) ;
#7227 = DIRECTION ( 'NONE',  ( 1.000000000000000000, 0.0000000000000000000, 0.0000000000000000000 ) ) ;
#7228 = EDGE_CURVE ( 'NONE', #3721, #2123, #4623, .T. ) ;
#7229 = LINE ( 'NONE', #1466, #1104 ) ;
#7230 = VERTEX_POINT ( 'NONE', #4306 ) ;
#7231 = CARTESIAN_POINT ( 'NONE',  ( -0.8479532163742687900, -9.197660818713455200, 11.50000000000000000 ) ) ;
#7232 = CARTESIAN_POINT ( 'NONE',  ( 1.734723475976807100E-015, 0.1999999999999961800, 11.00000000000000000 ) ) ;
#7233 = CARTESIAN_POINT ( 'NONE',  ( 2.380191767841577400, -11.08969677412635800, 11.50000000000000000 ) ) ;
#7234 = VERTEX_POINT ( 'NONE', #6649 ) ;
#7235 = CARTESIAN_POINT ( 'NONE',  ( -0.9503740838361143300, -14.13690012012573400, 11.49999999999999800 ) ) ;
#7236 = CARTESIAN_POINT ( 'NONE',  ( 2.399696794390146600, 5.227514318654589200, 11.50000000000000000 ) ) ;
#7237 = CARTESIAN_POINT ( 'NONE',  ( 4.672514619883037800, -16.82433582058024200, 11.49999999999999800 ) ) ;
#7238 = CARTESIAN_POINT ( 'NONE',  ( 3.406285419837956000, 4.668820575686381400, 11.50000000000000200 ) ) ;
#7239 = LINE ( 'NONE', #4659, #2237 ) ;
#7240 = EDGE_LOOP ( 'NONE', ( #2353, #3072 ) ) ;
#7241 = EDGE_CURVE ( 'NONE', #3603, #5961, #3387, .T. ) ;
#7242 = CARTESIAN_POINT ( 'NONE',  ( -2.976608187134503100, -17.05240599601883700, 11.50000000000000000 ) ) ;
#7243 = CARTESIAN_POINT ( 'NONE',  ( 4.139203354297817900, 5.399999999999995900, 11.50000000000000000 ) ) ;
#7244 = ORIENTED_EDGE ( 'NONE', *, *, #954, .T. ) ;
#7245 = CARTESIAN_POINT ( 'NONE',  ( 0.7748427672957211000, 4.650314465408802000, 11.50000000000000000 ) ) ;
#7246 = CARTESIAN_POINT ( 'NONE',  ( -4.795321637426899200, -16.15182120069719900, 11.50000000000000000 ) ) ;
#7247 = DIRECTION ( 'NONE',  ( -0.0000000000000000000, 0.0000000000000000000, 1.000000000000000000 ) ) ;
#7248 = CARTESIAN_POINT ( 'NONE',  ( 0.0000000000000000000, 0.0000000000000000000, 2.000000000000000000 ) ) ;
#7249 = CARTESIAN_POINT ( 'NONE',  ( -2.363348158848985700, -9.838405231638503800, 11.50000000000000400 ) ) ;
#7250 = CARTESIAN_POINT ( 'NONE',  ( 1.612730549255336300, 4.681580111873475200, 11.49999999999999500 ) ) ;
#7251 = CARTESIAN_POINT ( 'NONE',  ( 0.3136544091297237500, 4.722721723590710000, 11.49999999999999800 ) ) ;
#7252 = EDGE_CURVE ( 'NONE', #4911, #395, #716, .T. ) ;
#7253 = VERTEX_POINT ( 'NONE', #724 ) ;
#7254 = CARTESIAN_POINT ( 'NONE',  ( 0.7625806451614141100, 11.33419354838709500, 11.50000000000000200 ) ) ;
#7255 = CARTESIAN_POINT ( 'NONE',  ( -0.1581254229036139200, -16.96747655962030900, 11.49999999999999600 ) ) ;
#7256 = CARTESIAN_POINT ( 'NONE',  ( -3.107027286202687800, -17.13543154596403900, 11.50000000000000200 ) ) ;
#7257 = CARTESIAN_POINT ( 'NONE',  ( -1.082506405776722600, 5.369811320754712900, 11.50000000000000000 ) ) ;
#7258 = CARTESIAN_POINT ( 'NONE',  ( -1.276453374861042300, -17.05580705470273300, 11.50000000000000000 ) ) ;
#7259 = ORIENTED_EDGE ( 'NONE', *, *, #558, .F. ) ;
#7260 = CARTESIAN_POINT ( 'NONE',  ( -4.260144421150586800, 5.364779874213831500, 11.50000000000000000 ) ) ;
#7261 = DIRECTION ( 'NONE',  ( -0.0000000000000000000, -0.0000000000000000000, 1.000000000000000000 ) ) ;
#7262 = DIRECTION ( 'NONE',  ( 0.7071067811865489100, 0.7071067811865462400, 0.0000000000000000000 ) ) ;
#7263 = CARTESIAN_POINT ( 'NONE',  ( -12.90000000000000200, -14.36866448766850000, 11.00000000000000000 ) ) ;
#7265 = DIRECTION ( 'NONE',  ( -0.0000000000000000000, 0.0000000000000000000, 1.000000000000000000 ) ) ;
#7264 = CARTESIAN_POINT ( 'NONE',  ( -0.09405673852589252500, -10.95539366913738100, 11.50000000000000000 ) ) ;
#7266 = CARTESIAN_POINT ( 'NONE',  ( 4.434228102885258600, -17.05033103280155900, 11.50000000000000200 ) ) ;
#7267 = VERTEX_POINT ( 'NONE', #8890 ) ;
#7268 = CARTESIAN_POINT ( 'NONE',  ( -2.261621427967667000, 4.660818592508123400, 11.50000000000000200 ) ) ;
#7269 = AXIS2_PLACEMENT_3D ( 'NONE', #4182, #3524, #4969 ) ;
#7270 = EDGE_CURVE ( 'NONE', #1005, #1580, #3616, .T. ) ;
#7271 = FACE_OUTER_BOUND ( 'NONE', #3385, .T. ) ;
#7272 = LINE ( 'NONE', #5755, #7727 ) ;
#7273 = ORIENTED_EDGE ( 'NONE', *, *, #1018, .F. ) ;
#7274 = CARTESIAN_POINT ( 'NONE',  ( 4.038670052914859800, -16.58158161647356700, 11.49999999999999600 ) ) ;
#7275 = CARTESIAN_POINT ( 'NONE',  ( 1.084202172485504400E-015, 1.356728382832171700, 11.00000000000000000 ) ) ;
#7276 = ORIENTED_EDGE ( 'NONE', *, *, #4395, .F. ) ;
#7277 = CARTESIAN_POINT ( 'NONE',  ( -1.717373457705536400, -11.07417486923359100, 11.50000000000000000 ) ) ;
#7278 = CARTESIAN_POINT ( 'NONE',  ( 0.4728043894473786300, -17.03842523937200300, 11.50000000000000000 ) ) ;
#7279 = B_SPLINE_CURVE_WITH_KNOTS ( 'NONE', 3,
 ( #9071, #7302, #9169, #284, #4832, #2707, #9024, #753, #7490, #4209, #3380 ),
 .UNSPECIFIED., .F., .F.,
 ( 4, 1, 1, 1, 1, 1, 1, 1, 4 ),
 ( 0.0000000000000000000, 0.09990149782749258000, 0.2065676734789829700, 0.3202585472526718900, 0.4410193741314838400, 0.5700321209992382800, 0.7052140170984566600, 0.8487923209290699800, 1.000000000000000000 ),
 .UNSPECIFIED. ) ;
#7280 = DIRECTION ( 'NONE',  ( -0.0000000000000000000, -0.0000000000000000000, 1.000000000000000000 ) ) ;
#7281 = CARTESIAN_POINT ( 'NONE',  ( 4.185247425189615500, 5.348032645891271000, 11.50000000000000200 ) ) ;
#7282 = LINE ( 'NONE', #2415, #1803 ) ;
#7283 = ORIENTED_EDGE ( 'NONE', *, *, #6095, .T. ) ;
#7284 = ORIENTED_EDGE ( 'NONE', *, *, #2758, .T. ) ;
#7285 = LINE ( 'NONE', #2778, #6046 ) ;
#7286 = CARTESIAN_POINT ( 'NONE',  ( 0.0000000000000000000, -11.71228070175439100, 11.50000000000000000 ) ) ;
#7287 = DIRECTION ( 'NONE',  ( 0.0000000000000000000, -0.0000000000000000000, -1.000000000000000000 ) ) ;
#7288 = EDGE_CURVE ( 'NONE', #1070, #6157, #7645, .T. ) ;
#7289 = VERTEX_POINT ( 'NONE', #4068 ) ;
#7290 = CARTESIAN_POINT ( 'NONE',  ( 3.141713596526817000, 5.302454768769479200, 11.49999999999999800 ) ) ;
#7291 = CARTESIAN_POINT ( 'NONE',  ( 2.773445143256586300, 4.650314465408802000, 11.50000000000000000 ) ) ;
#7292 = DIRECTION ( 'NONE',  ( 0.8645071866841929100, -0.5026204573745303200, 0.0000000000000000000 ) ) ;
#7293 = CARTESIAN_POINT ( 'NONE',  ( -4.300038721681422000, 4.938386607458926200, 11.49999999999999800 ) ) ;
#7294 = CARTESIAN_POINT ( 'NONE',  ( -1.537968263156177300, -16.13981247104965200, 11.49999999999999800 ) ) ;
#7295 = CARTESIAN_POINT ( 'NONE',  ( -0.6929824561403518100, -14.74736842105263300, 11.50000000000000000 ) ) ;
#7296 = ORIENTED_EDGE ( 'NONE', *, *, #5357, .F. ) ;
#7297 = CARTESIAN_POINT ( 'NONE',  ( -1.453668148750815200, 4.704670281567753200, 11.49999999999999800 ) ) ;
#7298 = ORIENTED_EDGE ( 'NONE', *, *, #2805, .F. ) ;
#7299 = ORIENTED_EDGE ( 'NONE', *, *, #3833, .F. ) ;
#7300 = VERTEX_POINT ( 'NONE', #6044 ) ;
#7301 = CARTESIAN_POINT ( 'NONE',  ( 1.734723475976807100E-015, 0.1999999999999961800, 11.00000000000000000 ) ) ;
#7302 = CARTESIAN_POINT ( 'NONE',  ( 1.738021829859571800, 4.590017496001197900, 11.50000000000000000 ) ) ;
#7303 = CARTESIAN_POINT ( 'NONE',  ( -0.8361290322579412200, 9.006451612903223500, 11.50000000000000000 ) ) ;
#7304 = CARTESIAN_POINT ( 'NONE',  ( -5.900000000000000400, 42.00000000000001400, 11.49999999999999300 ) ) ;
#7305 = EDGE_CURVE ( 'NONE', #388, #8378, #3006, .T. ) ;
#7306 = LINE ( 'NONE', #8298, #822 ) ;
#7307 = B_SPLINE_CURVE_WITH_KNOTS ( 'NONE', 3,
 ( #933, #2561, #5799, #2284, #6298, #811, #8761, #8295, #6662, #1087, #9091, #2920, #5306, #8426, #6065, #6913, #3310, #784, #5663, #1776, #7208, #3682, #4626 ),
 .UNSPECIFIED., .F., .F.,
 ( 4, 1, 1, 1, 1, 1, 1, 1, 1, 1, 1, 1, 1, 1, 1, 1, 1, 1, 1, 1, 4 ),
 ( 0.0000000000000000000, 0.1118716355408656500, 0.2198788009580535700, 0.3243901255218451000, 0.4251015266425293100, 0.4729306848429777300, 0.5167444856366952800, 0.5570835419510321600, 0.5934872422798750400, 0.6265298895468700600, 0.6559963490826896700, 0.6817870894485045200, 0.7045936101633243400, 0.7461146198245969300, 0.7859081894897672600, 0.8243191659444817400, 0.8620518319129183400, 0.8986238357156284300, 0.9334839440302606900, 0.9670483750047415000, 1.000000000000000000 ),
 .UNSPECIFIED. ) ;
#7308 = CARTESIAN_POINT ( 'NONE',  ( 0.3162692681373024400, 4.673782995660552300, 11.50000000000000000 ) ) ;
#7309 = ORIENTED_EDGE ( 'NONE', *, *, #7998, .F. ) ;
#7310 = CARTESIAN_POINT ( 'NONE',  ( 0.2854880037271199100, 5.254088050314462200, 11.50000000000000000 ) ) ;
#7311 = CARTESIAN_POINT ( 'NONE',  ( 1.977996123568025700, 5.089113204984328400, 11.50000000000000400 ) ) ;
#7312 = CARTESIAN_POINT ( 'NONE',  ( 3.729154753765232800, 5.042492322728495700, 11.50000000000000400 ) ) ;
#7313 = DIRECTION ( 'NONE',  ( 1.000000000000000000, 0.0000000000000000000, 0.0000000000000000000 ) ) ;
#7314 = ORIENTED_EDGE ( 'NONE', *, *, #3076, .T. ) ;
#7315 = CARTESIAN_POINT ( 'NONE',  ( 0.6178254560073749300, -17.00977720632684900, 11.50000000000000400 ) ) ;
#7316 = DIRECTION ( 'NONE',  ( -0.3217668006678924800, -0.9468189510080312600, 0.0000000000000000000 ) ) ;
#7317 = ORIENTED_EDGE ( 'NONE', *, *, #3214, .T. ) ;
#7318 = CARTESIAN_POINT ( 'NONE',  ( 4.045088743033537600, 4.737989813420125700, 11.49999999999999600 ) ) ;
#7319 = LINE ( 'NONE', #1675, #7552 ) ;
#7320 = CARTESIAN_POINT ( 'NONE',  ( 2.001729740844707000, -10.34774976373598900, 11.50000000000000000 ) ) ;
#7321 = CARTESIAN_POINT ( 'NONE',  ( -3.567423340893919100, -16.62932939543150800, 11.50000000000000200 ) ) ;
#7322 = DIRECTION ( 'NONE',  ( -0.0000000000000000000, -1.000000000000000000, -0.0000000000000000000 ) ) ;
#7323 = ADVANCED_FACE ( 'NONE', ( #4861 ), #3739, .F. ) ;
#7324 = DIRECTION ( 'NONE',  ( 1.000000000000000000, 0.0000000000000000000, 0.0000000000000000000 ) ) ;
#7325 = FACE_OUTER_BOUND ( 'NONE', #6239, .T. ) ;
#7326 = CARTESIAN_POINT ( 'NONE',  ( 4.668809690193462800, 4.841509433962261100, 11.50000000000000000 ) ) ;
#7327 = ORIENTED_EDGE ( 'NONE', *, *, #2136, .T. ) ;
#7328 = CARTESIAN_POINT ( 'NONE',  ( -1.217719215501439400, -16.78402676977432900, 11.50000000000000000 ) ) ;
#7329 = CARTESIAN_POINT ( 'NONE',  ( -1.447368421052632100, -10.13333333333333800, 11.50000000000000000 ) ) ;
#7330 = FACE_BOUND ( 'NONE', #5235, .T. ) ;
#7331 = VERTEX_POINT ( 'NONE', #5074 ) ;
#7332 = AXIS2_PLACEMENT_3D ( 'NONE', #8862, #1641, #1931 ) ;
#7333 = EDGE_CURVE ( 'NONE', #5677, #8848, #6866, .T. ) ;
#7334 = B_SPLINE_CURVE_WITH_KNOTS ( 'NONE', 3,
 ( #3886, #6467, #3151, #7963, #4939 ),
 .UNSPECIFIED., .F., .F.,
 ( 4, 1, 4 ),
 ( 0.0000000000000000000, 0.5017960115663846500, 1.000000000000000000 ),
 .UNSPECIFIED. ) ;
#7335 = VERTEX_POINT ( 'NONE', #5941 ) ;
#7336 = CARTESIAN_POINT ( 'NONE',  ( 0.3812876129431547700, -11.25785803902089400, 11.49999999999999800 ) ) ;
#7337 = CARTESIAN_POINT ( 'NONE',  ( -3.935672514619883400, -16.64889722408901600, 11.49999999999999600 ) ) ;
#7338 = CARTESIAN_POINT ( 'NONE',  ( 4.058479532163741700, -16.45591476794866300, 11.49999999999999800 ) ) ;
#7339 = ORIENTED_EDGE ( 'NONE', *, *, #8010, .F. ) ;
#7340 = CARTESIAN_POINT ( 'NONE',  ( -4.217097600745275600, 4.781132075471692400, 11.50000000000000000 ) ) ;
#7341 = CARTESIAN_POINT ( 'NONE',  ( -3.315058092714693300, -16.74335114275542600, 11.50000000000000500 ) ) ;
#7342 = CARTESIAN_POINT ( 'NONE',  ( 1.468122743488101000, -9.392936579334156400, 11.50000000000000200 ) ) ;
#7343 = CARTESIAN_POINT ( 'NONE',  ( 0.9719026567683564100, -16.25341377619970700, 11.50000000000000200 ) ) ;
#7344 = LINE ( 'NONE', #429, #4445 ) ;
#7345 = EDGE_CURVE ( 'NONE', #577, #9016, #6216, .T. ) ;
#7346 = ORIENTED_EDGE ( 'NONE', *, *, #7517, .T. ) ;
#7347 = B_SPLINE_CURVE_WITH_KNOTS ( 'NONE', 3,
 ( #8369, #7539, #6882, #9171, #7620, #8349, #6222, #5744, #7201, #3143, #5511, #4976, #7168, #7467, #6709, #7356, #240, #6192, #5516, #5229, #4198, #4225, #3362, #5006, #3175, #2532, #4308, #2768, #2317, #5842, #8001, #6579, #5973, #399, #7549, #6249, #1681, #5991, #8309, #9076, #996, #1407, #4844, #5576, #4794, #8203, #5116 ),
 .UNSPECIFIED., .F., .F.,
 ( 4, 1, 1, 1, 1, 1, 1, 1, 1, 1, 1, 1, 1, 1, 1, 1, 1, 1, 1, 1, 1, 1, 1, 1, 1, 1, 1, 1, 1, 1, 1, 1, 1, 1, 1, 1, 1, 1, 1, 1, 1, 1, 1, 1, 4 ),
 ( 0.0000000000000000000, 0.03266311648813291500, 0.06317912116161961100, 0.09184010653456931000, 0.1181987191277645800, 0.1429415990283370300, 0.1660085007429273900, 0.1872063629386618900, 0.2071280251810130300, 0.2261504118331955100, 0.2446455062542863800, 0.2630082978624303000, 0.2817829159825564500, 0.3004524611232439700, 0.3199581060344969300, 0.3399505726935301300, 0.3610331000483867300, 0.3822309622441176800, 0.4027446485835147700, 0.4229521534748365000, 0.4428208954443818600, 0.4626966086579513700, 0.4826071414791883700, 0.5029581043099377000, 0.5235929911899384100, 0.5441485050648884300, 0.5639627871550234600, 0.5833129833959265200, 0.6025295550013120000, 0.6218180828668615800, 0.6414793566278662600, 0.6616085561987359300, 0.6826437188541676400, 0.7035957356405525600, 0.7236932519349736900, 0.7433164401853416000, 0.7625272436466363800, 0.7813239851313488200, 0.8001869410265105600, 0.8191246600474757500, 0.8385049020842194600, 0.8778232217541382900, 0.9172028008530569400, 0.9578454602666901500, 1.000000000000000000 ),
 .UNSPECIFIED. ) ;
#7348 = CARTESIAN_POINT ( 'NONE',  ( 0.0000000000000000000, 0.0000000000000000000, 11.50000000000000000 ) ) ;
#7349 = CARTESIAN_POINT ( 'NONE',  ( -0.4504378460425573200, -14.34533492780838200, 11.49999999999999300 ) ) ;
#7350 = DIRECTION ( 'NONE',  ( -0.0000000000000000000, -1.000000000000000000, -0.0000000000000000000 ) ) ;
#7351 = ORGANIZATION ( '未指定', '未指定', '' ) ;
#7352 = CARTESIAN_POINT ( 'NONE',  ( -2.345337897104950100, 7.378703219910077500, 11.50000000000000200 ) ) ;
#7353 = CARTESIAN_POINT ( 'NONE',  ( -3.427596466779619700, -16.71363883159212100, 11.49999999999999300 ) ) ;
#7354 = CARTESIAN_POINT ( 'NONE',  ( -5.900000000000000400, -9.723564011813067500, 11.49999999999999300 ) ) ;
#7355 = ORIENTED_EDGE ( 'NONE', *, *, #9144, .T. ) ;
#7356 = CARTESIAN_POINT ( 'NONE',  ( -1.339097255313137100, -16.80772841263517100, 11.50000000000000000 ) ) ;
#7357 = CARTESIAN_POINT ( 'NONE',  ( 3.216212438854071400, 4.740880503144650100, 11.50000000000000000 ) ) ;
#7358 = CARTESIAN_POINT ( 'NONE',  ( -0.1117456369016112400, -14.57237948674572600, 11.50000000000000500 ) ) ;
#7359 = EDGE_CURVE ( 'NONE', #5508, #9195, #2516, .T. ) ;
#7360 = VECTOR ( 'NONE', #8673, 1000.000000000000100 ) ;
#7361 = VECTOR ( 'NONE', #4034, 1000.000000000000000 ) ;
#7362 = VERTEX_POINT ( 'NONE', #2899 ) ;
#7363 = CARTESIAN_POINT ( 'NONE',  ( 2.690286531228975400, 4.734225037863526900, 11.49999999999999600 ) ) ;
#7364 = CARTESIAN_POINT ( 'NONE',  ( -1.031830280609211000, -10.13956035080934400, 11.49999999999999800 ) ) ;
#7365 = CARTESIAN_POINT ( 'NONE',  ( 4.525133938970541600, 4.670440251572323100, 11.50000000000000000 ) ) ;
#7366 = CARTESIAN_POINT ( 'NONE',  ( 4.658530668130667100, -16.72215390979815200, 11.49999999999999800 ) ) ;
#7367 = CARTESIAN_POINT ( 'NONE',  ( -0.4904259127854774800, -11.25730710909605200, 11.50000000000000200 ) ) ;
#7368 = ORIENTED_EDGE ( 'NONE', *, *, #5828, .T. ) ;
#7369 = EDGE_CURVE ( 'NONE', #4131, #6248, #2849, .T. ) ;
#7370 = ORIENTED_EDGE ( 'NONE', *, *, #3413, .T. ) ;
#7371 = CARTESIAN_POINT ( 'NONE',  ( -2.079726727643617800, 4.759525545007670100, 11.50000000000000200 ) ) ;
#7372 = CARTESIAN_POINT ( 'NONE',  ( -0.3163573798877567500, -16.81820683488992100, 11.50000000000000000 ) ) ;
#7373 = CARTESIAN_POINT ( 'NONE',  ( 2.024355978855348700, -10.04972398180076400, 11.50000000000000900 ) ) ;
#7374 = VERTEX_POINT ( 'NONE', #1212 ) ;
#7375 = B_SPLINE_CURVE_WITH_KNOTS ( 'NONE', 3,
 ( #5734, #1724, #8783, #2010, #6590, #7209, #7730, #7196, #3457, #9175 ),
 .UNSPECIFIED., .F., .F.,
 ( 4, 3, 3, 4 ),
 ( 0.0000000000000000000, 3.835242233791935200E-005, 7.663842885417089200E-005, 0.0001528921574983700200 ),
 .UNSPECIFIED. ) ;
#7376 = CARTESIAN_POINT ( 'NONE',  ( -0.1301729593290727200, -17.00151125628436700, 11.50000000000000000 ) ) ;
#7377 = CARTESIAN_POINT ( 'NONE',  ( 1.578730786335160100, 4.735864883206046400, 11.50000000000000500 ) ) ;
#7378 = CIRCLE ( 'NONE', #3656, 1.000000000000000900 ) ;
#7379 = CARTESIAN_POINT ( 'NONE',  ( -1.568371513075745000, -14.64804913990859900, 11.49999999999999600 ) ) ;
#7380 = CARTESIAN_POINT ( 'NONE',  ( 0.5614035087719289100, 0.0000000000000000000, 11.50000000000000000 ) ) ;
#7381 = DIRECTION ( 'NONE',  ( 0.8645071866841929100, -0.5026204573745303200, -0.0000000000000000000 ) ) ;
#7382 = CARTESIAN_POINT ( 'NONE',  ( -4.189704169578259800, 5.364779874213832400, 11.50000000000000200 ) ) ;
#7383 = CARTESIAN_POINT ( 'NONE',  ( -1.665070749470437300, -17.12026170587886400, 11.50000000000000500 ) ) ;
#7384 = ORIENTED_EDGE ( 'NONE', *, *, #4190, .F. ) ;
#7385 = CARTESIAN_POINT ( 'NONE',  ( -0.4415681476653224900, -10.22418793911201400, 11.50000000000000400 ) ) ;
#7386 = CARTESIAN_POINT ( 'NONE',  ( -2.951227817893659700, -16.25184176641616700, 11.50000000000000400 ) ) ;
#7387 = CARTESIAN_POINT ( 'NONE',  ( -3.785356156458175500, -16.25567747716569800, 11.49999999999999600 ) ) ;
#7388 = ORIENTED_EDGE ( 'NONE', *, *, #2805, .T. ) ;
#7389 = VECTOR ( 'NONE', #3626, 1000.000000000000000 ) ;
#7390 = DIRECTION ( 'NONE',  ( -1.000000000000000000, 0.0000000000000000000, 0.0000000000000000000 ) ) ;
#7392 = CARTESIAN_POINT ( 'NONE',  ( -2.897181458187623200, 4.967295597484273600, 11.50000000000000200 ) ) ;
#7391 = CARTESIAN_POINT ( 'NONE',  ( -1.255433224217538600, -11.70071610942170000, 11.49999999999999800 ) ) ;
#7393 = CIRCLE ( 'NONE', #2191, 0.7000000000000000700 ) ;
#7394 = CARTESIAN_POINT ( 'NONE',  ( 1.995122729439482700, 5.363743416476972400, 11.49999999999999500 ) ) ;
#7395 = B_SPLINE_CURVE_WITH_KNOTS ( 'NONE', 3,
 ( #1182, #3227, #7651, #4869, #6253, #5012, #786, #3056, #4510, #5939, #1525 ),
 .UNSPECIFIED., .F., .F.,
 ( 4, 1, 1, 1, 1, 1, 1, 1, 4 ),
 ( 0.0000000000000000000, 0.1177091441626838500, 0.2332993246781849300, 0.3500248365855268600, 0.4691277900998093200, 0.5919009081332951000, 0.7201674350572719900, 0.8554787029917853000, 1.000000000000000000 ),
 .UNSPECIFIED. ) ;
#7396 = CARTESIAN_POINT ( 'NONE',  ( 0.4319286273779892000, -9.790142784334641100, 11.50000000000000000 ) ) ;
#7397 = EDGE_CURVE ( 'NONE', #4288, #8582, #18, .T. ) ;
#7398 = B_SPLINE_CURVE_WITH_KNOTS ( 'NONE', 3,
 ( #5945, #4515, #1062, #6039, #1761, #6761, #2485 ),
 .UNSPECIFIED., .F., .F.,
 ( 4, 1, 1, 1, 4 ),
 ( 0.0000000000000000000, 0.3518072801690758100, 0.6372720424181330700, 0.8528600275336583000, 1.000000000000000000 ),
 .UNSPECIFIED. ) ;
#7399 = CARTESIAN_POINT ( 'NONE',  ( -2.748538011695905500, -9.475438596491233800, 11.50000000000000000 ) ) ;
#7400 = ADVANCED_FACE ( 'NONE', ( #4874 ), #2181, .T. ) ;
#7401 = EDGE_LOOP ( 'NONE', ( #7617, #1799, #3680, #7928 ) ) ;
#7402 = FACE_BOUND ( 'NONE', #1063, .T. ) ;
#7403 = CARTESIAN_POINT ( 'NONE',  ( -3.103495783807636700, 4.686397405463115000, 11.50000000000000400 ) ) ;
#7404 = CARTESIAN_POINT ( 'NONE',  ( -3.302606781644501100, -16.85219704917094000, 11.50000000000000400 ) ) ;
#7405 = VERTEX_POINT ( 'NONE', #7174 ) ;
#7406 = CARTESIAN_POINT ( 'NONE',  ( 4.485380116959061200, -17.05825394923521200, 11.50000000000000000 ) ) ;
#7407 = B_SPLINE_CURVE_WITH_KNOTS ( 'NONE', 3,
 ( #6551, #6404, #9134, #639, #7832 ),
 .UNSPECIFIED., .F., .F.,
 ( 4, 1, 4 ),
 ( 0.0000000000000000000, 0.4825229098482567400, 1.000000000000000000 ),
 .UNSPECIFIED. ) ;
#7408 = CARTESIAN_POINT ( 'NONE',  ( -0.8774373045387200400, 4.763630240021775800, 11.50000000000000200 ) ) ;
#7409 = DIRECTION ( 'NONE',  ( 1.000000000000000000, 0.0000000000000000000, 0.0000000000000000000 ) ) ;
#7410 = LINE ( 'NONE', #1763, #2407 ) ;
#7411 = ORIENTED_EDGE ( 'NONE', *, *, #8719, .F. ) ;
#7412 = CARTESIAN_POINT ( 'NONE',  ( 1.122807017543859600, -13.58947368421052800, 11.50000000000000000 ) ) ;
#7413 = EDGE_CURVE ( 'NONE', #2601, #8562, #3469, .T. ) ;
#7414 = EDGE_LOOP ( 'NONE', ( #776, #9070, #8480, #1351 ) ) ;
#7415 = CARTESIAN_POINT ( 'NONE',  ( -1.756878168371555500, 5.218843869054670600, 11.50000000000000000 ) ) ;
#7416 = CARTESIAN_POINT ( 'NONE',  ( 4.583140748851257700, 4.615532396116243800, 11.49999999999999800 ) ) ;
#7417 = VERTEX_POINT ( 'NONE', #6264 ) ;
#7418 = CARTESIAN_POINT ( 'NONE',  ( 0.3366718256882060800, -16.80405392173485500, 11.50000000000000000 ) ) ;
#7419 = CARTESIAN_POINT ( 'NONE',  ( -2.809316820851605700, -16.44884071305399000, 11.50000000000000900 ) ) ;
#7420 = ORIENTED_EDGE ( 'NONE', *, *, #4395, .T. ) ;
#7421 = CARTESIAN_POINT ( 'NONE',  ( -1.891265332592889900, 8.497400748192665900, 11.50000000000000000 ) ) ;
#7422 = VERTEX_POINT ( 'NONE', #4314 ) ;
#7423 = CARTESIAN_POINT ( 'NONE',  ( 0.0000000000000000000, 4.599999999999996100, 11.50000000000000000 ) ) ;
#7424 = CARTESIAN_POINT ( 'NONE',  ( -4.470533426508144900, 4.745911949685528900, 11.50000000000000000 ) ) ;
#7425 = PLANE ( 'NONE',  #2435 ) ;
#7426 = EDGE_CURVE ( 'NONE', #2146, #7253, #8860, .T. ) ;
#7427 = CARTESIAN_POINT ( 'NONE',  ( 1.307017543859649000, -14.29122807017544100, 11.50000000000000000 ) ) ;
#7428 = CARTESIAN_POINT ( 'NONE',  ( -0.5999999999999977600, 1.499999999999997800, 10.49999999999999800 ) ) ;
#7429 = B_SPLINE_CURVE_WITH_KNOTS ( 'NONE', 3,
 ( #3900, #501, #1673, #7516, #3491, #4771, #4061, #7639, #6982, #4256, #2968, #9054, #306 ),
 .UNSPECIFIED., .F., .F.,
 ( 4, 3, 3, 3, 4 ),
 ( 1.226634733346699300E-018, 1.273194087801924200E-005, 3.294387269946387500E-005, 5.659342542570704400E-005, 9.228278502454024100E-005 ),
 .UNSPECIFIED. ) ;
#7430 = CARTESIAN_POINT ( 'NONE',  ( -2.373077524893185700, 4.722088487237182400, 11.50000000000000200 ) ) ;
#7431 = VERTEX_POINT ( 'NONE', #8153 ) ;
#7432 = VECTOR ( 'NONE', #7569, 1000.000000000000100 ) ;
#7433 = CARTESIAN_POINT ( 'NONE',  ( -1.394774169023666400, -16.52065156591209300, 11.50000000000000500 ) ) ;
#7434 = CARTESIAN_POINT ( 'NONE',  ( 3.109629519480048300, -9.265239108594865800, 11.50000000000000200 ) ) ;
#7435 = CARTESIAN_POINT ( 'NONE',  ( 2.294604597451501200, -10.60792295079128600, 11.49999999999999800 ) ) ;
#7436 = CARTESIAN_POINT ( 'NONE',  ( 0.7256788858927677400, -16.25748490285996100, 11.50000000000000000 ) ) ;
#7437 = EDGE_CURVE ( 'NONE', #1077, #7663, #2399, .T. ) ;
#7438 = VECTOR ( 'NONE', #6812, 1000.000000000000000 ) ;
#7439 = B_SPLINE_CURVE_WITH_KNOTS ( 'NONE', 3,
 ( #693, #7077, #5650, #2085, #3610, #7864, #635, #7204, #8536, #8473, #752 ),
 .UNSPECIFIED., .F., .F.,
 ( 4, 1, 1, 1, 1, 1, 1, 1, 4 ),
 ( 0.0000000000000000000, 0.1853472055001741400, 0.3516303722117978300, 0.5026316177500953500, 0.6365101135879556200, 0.7533189928801340400, 0.8510688586204719900, 0.9340290958962693700, 1.000000000000000000 ),
 .UNSPECIFIED. ) ;
#7440 = DIRECTION ( 'NONE',  ( -0.0000000000000000000, -0.0000000000000000000, 1.000000000000000000 ) ) ;
#7441 = DIRECTION ( 'NONE',  ( -0.0000000000000000000, -0.0000000000000000000, 1.000000000000000000 ) ) ;
#7442 = CARTESIAN_POINT ( 'NONE',  ( 3.213779983886543100, 4.733330802684175600, 11.50000000000000000 ) ) ;
#7443 = CARTESIAN_POINT ( 'NONE',  ( 3.134629916554675600, 5.315933612268325200, 11.50000000000000000 ) ) ;
#7444 = CARTESIAN_POINT ( 'NONE',  ( -3.443372932680984100, 5.047798742138361700, 11.49999999999999800 ) ) ;
#7445 = CARTESIAN_POINT ( 'NONE',  ( -0.4283966341242737000, 5.346261502246435700, 11.50000000000000000 ) ) ;
#7446 = VECTOR ( 'NONE', #88, 1000.000000000000000 ) ;
#7447 = CARTESIAN_POINT ( 'NONE',  ( -0.9211792437215142700, -11.49349675619938400, 11.50000000000000200 ) ) ;
#7448 = CARTESIAN_POINT ( 'NONE',  ( 0.0000000000000000000, -14.58947368421052600, 11.50000000000000000 ) ) ;
#7449 = CARTESIAN_POINT ( 'NONE',  ( -1.020229638871267100, 5.360016395297279200, 11.50000000000000400 ) ) ;
#7450 = ORIENTED_EDGE ( 'NONE', *, *, #7149, .F. ) ;
#7451 = AXIS2_PLACEMENT_3D ( 'NONE', #7248, #5040, #5679 ) ;
#7452 = EDGE_CURVE ( 'NONE', #8042, #3672, #2967, .T. ) ;
#7453 = CARTESIAN_POINT ( 'NONE',  ( -0.7195893126305745700, 9.619248949098892600, 11.49999999999999800 ) ) ;
#7454 = DIRECTION ( 'NONE',  ( 0.0000000000000000000, 0.0000000000000000000, -1.000000000000000000 ) ) ;
#7455 = CARTESIAN_POINT ( 'NONE',  ( -1.447368421052632500, -13.65087719298245600, 11.50000000000000000 ) ) ;
#7456 = B_SPLINE_CURVE_WITH_KNOTS ( 'NONE', 3,
 ( #1312, #1442, #1603, #8088, #2936, #7925, #2551, #3688, #7794, #7318, #8336 ),
 .UNSPECIFIED., .F., .F.,
 ( 4, 1, 1, 1, 1, 1, 1, 1, 4 ),
 ( 0.0000000000000000000, 0.1445265652824018200, 0.2766733705437083300, 0.3981346153979967700, 0.5141796209316025200, 0.6281158969724081100, 0.7440764447033192400, 0.8672318809111014800, 1.000000000000000000 ),
 .UNSPECIFIED. ) ;
#7457 = LINE ( 'NONE', #8502, #6672 ) ;
#7458 = VECTOR ( 'NONE', #2234, 1000.000000000000000 ) ;
#7459 = CARTESIAN_POINT ( 'NONE',  ( 4.658440380554510300, -16.92641482181010900, 11.50000000000000000 ) ) ;
#7460 = DIRECTION ( 'NONE',  ( -0.8645071866841926900, -0.5026204573745307600, 0.0000000000000000000 ) ) ;
#7461 = VECTOR ( 'NONE', #2471, 1000.000000000000000 ) ;
#7462 = ORIENTED_EDGE ( 'NONE', *, *, #8449, .F. ) ;
#7463 = CARTESIAN_POINT ( 'NONE',  ( 0.7368421052631570800, -16.14012529426445000, 11.50000000000000000 ) ) ;
#7464 = CARTESIAN_POINT ( 'NONE',  ( -3.217311248770930100, -17.04965220888155400, 11.50000000000000400 ) ) ;
#7465 = CARTESIAN_POINT ( 'NONE',  ( 1.294464084149779600, 4.679046077113037300, 11.49999999999999800 ) ) ;
#7466 = CC_DESIGN_PERSON_AND_ORGANIZATION_ASSIGNMENT ( #766, #3551, ( #6990 ) ) ;
#7467 = CARTESIAN_POINT ( 'NONE',  ( -1.351178899965012900, -16.77452767002169400, 11.49999999999999800 ) ) ;
#7468 = EDGE_CURVE ( 'NONE', #3721, #8705, #4416, .T. ) ;
#7469 = CIRCLE ( 'NONE', #6554, 1.000000000000000000 ) ;
#7470 = ORIENTED_EDGE ( 'NONE', *, *, #7887, .F. ) ;
#7471 = ADVANCED_FACE ( 'NONE', ( #7325 ), #6118, .T. ) ;
#7472 = CARTESIAN_POINT ( 'NONE',  ( 0.4032298282518621500, -14.39610165187951900, 11.50000000000000200 ) ) ;
#7473 = VECTOR ( 'NONE', #508, 1000.000000000000000 ) ;
#7474 = VERTEX_POINT ( 'NONE', #7044 ) ;
#7475 = CARTESIAN_POINT ( 'NONE',  ( -1.249580635100856700, -14.24996035746296000, 11.50000000000000700 ) ) ;
#7476 = DIRECTION ( 'NONE',  ( 1.000000000000000000, 0.0000000000000000000, 0.0000000000000000000 ) ) ;
#7477 = CARTESIAN_POINT ( 'NONE',  ( -1.224101030098231800, -16.36620513969677800, 11.50000000000000000 ) ) ;
#7479 = CARTESIAN_POINT ( 'NONE',  ( -0.3987887258326289800, 5.254088050314462200, 11.50000000000000000 ) ) ;
#7478 = FACE_OUTER_BOUND ( 'NONE', #5160, .T. ) ;
#7480 = CARTESIAN_POINT ( 'NONE',  ( -3.912974609829832100, 4.594968553459109400, 11.50000000000000000 ) ) ;
#7481 = CARTESIAN_POINT ( 'NONE',  ( -0.6962848397101558700, -10.12418286683963600, 11.50000000000000000 ) ) ;
#7482 = ORIENTED_EDGE ( 'NONE', *, *, #2983, .F. ) ;
#7483 = EDGE_CURVE ( 'NONE', #596, #3599, #185, .T. ) ;
#7484 = DIRECTION ( 'NONE',  ( 1.577021341797098200E-015, -1.000000000000000000, 0.0000000000000000000 ) ) ;
#7485 = ORIENTED_EDGE ( 'NONE', *, *, #6667, .F. ) ;
#7486 = DIRECTION ( 'NONE',  ( 1.000000000000000000, 0.0000000000000000000, 0.0000000000000000000 ) ) ;
#7487 = CARTESIAN_POINT ( 'NONE',  ( 3.386681802556252400, 4.674208672533491300, 11.49999999999999800 ) ) ;
#7488 = ORIENTED_EDGE ( 'NONE', *, *, #6582, .T. ) ;
#7489 = VERTEX_POINT ( 'NONE', #3632 ) ;
#7490 = CARTESIAN_POINT ( 'NONE',  ( 1.600663397204501700, 4.609079137012792600, 11.50000000000000400 ) ) ;
#7491 = CARTESIAN_POINT ( 'NONE',  ( -1.725146198830409100, -10.85728828243448700, 11.50000000000000000 ) ) ;
#7492 = LINE ( 'NONE', #6185, #9159 ) ;
#7493 = B_SPLINE_CURVE_WITH_KNOTS ( 'NONE', 3,
 ( #7807, #2835, #8626, #5800, #4397, #951, #3299, #4757, #6521, #2846, #58 ),
 .UNSPECIFIED., .F., .F.,
 ( 4, 1, 1, 1, 1, 1, 1, 1, 4 ),
 ( 0.0000000000000000000, 0.08628013742707774100, 0.1750874956715576800, 0.2717511585117011700, 0.3813562678561852600, 0.5073165009705917800, 0.6514141816803833400, 0.8150305873908496600, 1.000000000000000000 ),
 .UNSPECIFIED. ) ;
#7494 = CARTESIAN_POINT ( 'NONE',  ( 4.485380116959061200, -17.05825394923521200, 11.50000000000000000 ) ) ;
#7495 = DIRECTION ( 'NONE',  ( 1.000000000000000000, 0.0000000000000000000, 0.0000000000000000000 ) ) ;
#7496 = CARTESIAN_POINT ( 'NONE',  ( 3.750480315115315200, 11.32786279984336800, 11.49999999999999300 ) ) ;
#7497 = VERTEX_POINT ( 'NONE', #3767 ) ;
#7498 = EDGE_LOOP ( 'NONE', ( #2718, #4330, #1678, #1717, #3456, #4206, #7765, #940, #4555, #1814, #8924, #8177, #5184, #5299, #2942, #1743, #8393, #8671, #2774, #2550, #8342, #1913 ) ) ;
#7499 = CARTESIAN_POINT ( 'NONE',  ( -0.4622105088245371800, -13.70212101603077000, 11.49999999999999800 ) ) ;
#7500 = CARTESIAN_POINT ( 'NONE',  ( -0.1048338994101374600, -16.63522668674791700, 11.49999999999999500 ) ) ;
#7501 = LINE ( 'NONE', #8109, #3691 ) ;
#7502 = CARTESIAN_POINT ( 'NONE',  ( -3.677978148760577200, -17.03288307760195900, 11.50000000000000200 ) ) ;
#7503 = CARTESIAN_POINT ( 'NONE',  ( -0.7487334983040056000, -13.44063880306551400, 11.50000000000000000 ) ) ;
#7504 = ORIENTED_EDGE ( 'NONE', *, *, #2006, .T. ) ;
#7505 = CARTESIAN_POINT ( 'NONE',  ( 0.2126444085690465700, -9.615386316735858000, 11.50000000000000000 ) ) ;
#7506 = VECTOR ( 'NONE', #7114, 1000.000000000000200 ) ;
#7507 = VECTOR ( 'NONE', #8041, 1000.000000000000000 ) ;
#7508 = CARTESIAN_POINT ( 'NONE',  ( 2.682847113265611800, -9.475228866142606100, 11.49999999999999500 ) ) ;
#7509 = ORIENTED_EDGE ( 'NONE', *, *, #7887, .T. ) ;
#7510 = CARTESIAN_POINT ( 'NONE',  ( -3.676913460453367300, -17.15666198253000000, 11.49999999999999600 ) ) ;
#7511 = CARTESIAN_POINT ( 'NONE',  ( 2.101547164665166000, 5.308241541491849300, 11.49999999999999800 ) ) ;
#7512 = CARTESIAN_POINT ( 'NONE',  ( -1.271929824561403500, -11.33974442278536500, 11.50000000000000400 ) ) ;
#7513 = CARTESIAN_POINT ( 'NONE',  ( 1.331254581304217800, -10.54777371962818600, 11.50000000000000000 ) ) ;
#7514 = CARTESIAN_POINT ( 'NONE',  ( -0.3735342748951631100, -11.57700962044306800, 11.49999999999999800 ) ) ;
#7515 = CARTESIAN_POINT ( 'NONE',  ( -3.087232047491077000, -9.660794018240464400, 11.50000000000000000 ) ) ;
#7516 = CARTESIAN_POINT ( 'NONE',  ( -2.377766742299398200, 5.337885365892404400, 11.49999999999999600 ) ) ;
#7517 = EDGE_CURVE ( 'NONE', #3564, #4720, #5459, .T. ) ;
#7518 = CARTESIAN_POINT ( 'NONE',  ( 1.771154756245051600, 5.360095536548741700, 11.49999999999999500 ) ) ;
#7519 = VERTEX_POINT ( 'NONE', #2183 ) ;
#7520 = VERTEX_POINT ( 'NONE', #1961 ) ;
#7521 = CARTESIAN_POINT ( 'NONE',  ( -0.2913141824561782900, -13.79995060200461100, 11.50000000000000400 ) ) ;
#7522 = CARTESIAN_POINT ( 'NONE',  ( -1.281794541494370800, -13.24746797527933500, 11.49999999999999800 ) ) ;
#7523 = VERTEX_POINT ( 'NONE', #8259 ) ;
#7524 = CARTESIAN_POINT ( 'NONE',  ( 2.190453829217928300, 5.393395411885491900, 11.49999999999999800 ) ) ;
#7525 = CARTESIAN_POINT ( 'NONE',  ( 0.5143256555904860400, 5.344041170799847000, 11.49999999999999800 ) ) ;
#7526 = PLANE ( 'NONE',  #7145 ) ;
#7527 = CARTESIAN_POINT ( 'NONE',  ( 0.0000000000000000000, -16.76000833520012300, 11.50000000000000000 ) ) ;
#7528 = CARTESIAN_POINT ( 'NONE',  ( 4.632774088476074000, 4.922973685328130100, 11.50000000000000000 ) ) ;
#7529 = ORIENTED_EDGE ( 'NONE', *, *, #5390, .T. ) ;
#7530 = DIRECTION ( 'NONE',  ( 0.0000000000000000000, 0.0000000000000000000, 1.000000000000000000 ) ) ;
#7531 = CARTESIAN_POINT ( 'NONE',  ( -3.433449187651349100, 4.704670281567754100, 11.49999999999999800 ) ) ;
#7532 = VERTEX_POINT ( 'NONE', #7412 ) ;
#7533 = VERTEX_POINT ( 'NONE', #6948 ) ;
#7534 = CARTESIAN_POINT ( 'NONE',  ( 0.7806451612904462500, 11.21806451612902800, 11.49999999999999800 ) ) ;
#7535 = EDGE_CURVE ( 'NONE', #3852, #3117, #2524, .T. ) ;
#7536 = CARTESIAN_POINT ( 'NONE',  ( 4.332261821570122100, 4.650314465408802000, 11.50000000000000000 ) ) ;
#7537 = CARTESIAN_POINT ( 'NONE',  ( -3.610427677646254700, -10.50187916679574100, 11.49999999999999800 ) ) ;
#7538 = CARTESIAN_POINT ( 'NONE',  ( 0.3366463104375948000, -16.84321843443402900, 11.50000000000000000 ) ) ;
#7539 = CARTESIAN_POINT ( 'NONE',  ( -1.563193430177714400, -16.66209302704417900, 11.49999999999999800 ) ) ;
#7540 = ORIENTED_EDGE ( 'NONE', *, *, #4007, .F. ) ;
#7541 = B_SPLINE_CURVE_WITH_KNOTS ( 'NONE', 3,
 ( #4707, #4011, #7496, #9222, #2411, #3651, #2134, #1304, #4187, #5405, #2627, #8979, #2628, #1250, #8883, #2504, #7630, #3219, #4463 ),
 .UNSPECIFIED., .F., .F.,
 ( 4, 1, 1, 1, 1, 1, 1, 1, 1, 1, 1, 1, 1, 1, 1, 1, 4 ),
 ( 0.0000000000000000000, 0.05326439675200844700, 0.1037399974607238200, 0.1523797563969275800, 0.2007886993322470800, 0.2502260861468238500, 0.3017340284005524100, 0.3567802268596668200, 0.4161922209782641400, 0.4791087856488136500, 0.5443592685227570700, 0.6123171366965027800, 0.6833082900987835800, 0.7575108282128275600, 0.8350807337836095900, 0.9157176808386027200, 1.000000000000000000 ),
 .UNSPECIFIED. ) ;
#7542 = CARTESIAN_POINT ( 'NONE',  ( -1.839645935243296800, 4.841509433962261100, 11.50000000000000400 ) ) ;
#7543 = CARTESIAN_POINT ( 'NONE',  ( -0.05491707636368934500, -17.04745296155859800, 11.49999999999999600 ) ) ;
#7544 = CARTESIAN_POINT ( 'NONE',  ( -1.082506405776722600, 5.369811320754712900, 11.50000000000000000 ) ) ;
#7545 = EDGE_CURVE ( 'NONE', #6802, #1110, #3797, .T. ) ;
#7546 = CARTESIAN_POINT ( 'NONE',  ( 1.092265551590799700, -0.3721793731346366700, 11.50000000000000000 ) ) ;
#7547 = ORIENTED_EDGE ( 'NONE', *, *, #2879, .T. ) ;
#7548 = CARTESIAN_POINT ( 'NONE',  ( 2.293587160809720700, 6.430844292419563700, 11.49999999999999800 ) ) ;
#7549 = CARTESIAN_POINT ( 'NONE',  ( -1.519140515777076800, -17.04963365680755800, 11.50000000000000000 ) ) ;
#7550 = CARTESIAN_POINT ( 'NONE',  ( -4.206728441554664000, 5.419785521154530300, 11.50000000000000000 ) ) ;
#7551 = ORIENTED_EDGE ( 'NONE', *, *, #6991, .F. ) ;
#7552 = VECTOR ( 'NONE', #7655, 1000.000000000000000 ) ;
#7553 = DIRECTION ( 'NONE',  ( 0.8645071866841925700, 0.5026204573745310900, 0.0000000000000000000 ) ) ;
#7554 = LINE ( 'NONE', #8524, #1736 ) ;
#7555 = LINE ( 'NONE', #5858, #69 ) ;
#7556 = CARTESIAN_POINT ( 'NONE',  ( -4.080695759794586800, 4.604180842723173400, 11.50000000000000000 ) ) ;
#7557 = EDGE_CURVE ( 'NONE', #5227, #5552, #2070, .T. ) ;
#7558 = ORIENTED_EDGE ( 'NONE', *, *, #8992, .T. ) ;
#7559 = B_SPLINE_CURVE_WITH_KNOTS ( 'NONE', 3,
 ( #4079, #519, #1889, #252, #5382, #5807, #5303, #3461, #8467, #324, #5523, #9051, #5213, #6481, #283, #7513, #2096, #100, #7026, #6256, #8775, #2799, #4591, #8915, #4346, #1347, #4495, #8755, #8897, #7808, #2731, #7342, #7206, #8340, #7632, #934, #3064, #3239, #6193, #8577, #5569, #6269, #9181 ),
 .UNSPECIFIED., .F., .F.,
 ( 4, 1, 1, 1, 1, 1, 1, 1, 1, 1, 1, 1, 1, 1, 1, 1, 1, 1, 1, 1, 1, 1, 1, 1, 1, 1, 1, 1, 1, 1, 1, 1, 1, 1, 1, 1, 1, 1, 1, 1, 4 ),
 ( 0.0000000000000000000, 0.03529066429589666800, 0.06921752136309167200, 0.1017993164581616500, 0.1332837489506003600, 0.1632920762072847000, 0.1919363885886650200, 0.2194859243789780700, 0.2456971053449944500, 0.2704356285919020700, 0.2939478247690409100, 0.3161283268536363400, 0.3370856319115513900, 0.3566808366638064600, 0.3750948304338773700, 0.3920497162169659400, 0.4077919324631854600, 0.4372079487251076000, 0.4648271449085690200, 0.4909146875391540200, 0.5152980464018062100, 0.5382323622049877100, 0.5596631351699399300, 0.5797434222116237800, 0.5986130804115503700, 0.6339262085316799100, 0.6666895738180765900, 0.6973205948121503600, 0.7267028934584935900, 0.7546252201674200600, 0.7808579197963403400, 0.8058045475389216100, 0.8298706209035087200, 0.8530529539663698200, 0.8747679089730892000, 0.8952094895264478500, 0.9148210310741163900, 0.9344068943965927500, 0.9550622178805099300, 0.9768934425481632400, 1.000000000000000000 ),
 .UNSPECIFIED. ) ;
#7560 = CARTESIAN_POINT ( 'NONE',  ( 3.933126876442341000, 5.266801250812664900, 11.50000000000000400 ) ) ;
#7561 = CARTESIAN_POINT ( 'NONE',  ( -3.276776147216274200, 4.635220125786159600, 11.50000000000000000 ) ) ;
#7562 = CARTESIAN_POINT ( 'NONE',  ( -3.672613608685472800, 4.859383587775006700, 11.50000000000000200 ) ) ;
#7563 = CARTESIAN_POINT ( 'NONE',  ( -1.389254083271417100, 10.67369745636542300, 11.50000000000000000 ) ) ;
#7564 = CARTESIAN_POINT ( 'NONE',  ( -2.437572669665415000, -11.28154106095637000, 11.50000000000000000 ) ) ;
#7565 = CARTESIAN_POINT ( 'NONE',  ( 5.899999999999999500, -1.574230079803005100, 11.00000000000000000 ) ) ;
#7566 = EDGE_CURVE ( 'NONE', #4171, #3225, #6548, .T. ) ;
#7567 = CARTESIAN_POINT ( 'NONE',  ( 1.047980453203973600, -16.93455532199567100, 11.50000000000000200 ) ) ;
#7568 = CARTESIAN_POINT ( 'NONE',  ( -2.465530242089367400, 5.400202060581463600, 11.50000000000000000 ) ) ;
#7569 = DIRECTION ( 'NONE',  ( 0.9863939238321410800, -0.1643989873053727200, 0.0000000000000000000 ) ) ;
#7570 = CARTESIAN_POINT ( 'NONE',  ( -4.496556587533327800, 5.406075541288207600, 11.49999999999999800 ) ) ;
#7571 = ORIENTED_EDGE ( 'NONE', *, *, #50, .T. ) ;
#7572 = CARTESIAN_POINT ( 'NONE',  ( -1.656920787801282600, -16.32943287887753700, 11.50000000000000400 ) ) ;
#7573 = CARTESIAN_POINT ( 'NONE',  ( 2.200046587468094600, 5.399999999999996800, 11.50000000000000000 ) ) ;
#7574 = CARTESIAN_POINT ( 'NONE',  ( -4.473887724202066700, 5.254088050314459600, 11.50000000000000000 ) ) ;
#7575 = DIRECTION ( 'NONE',  ( -0.9974586998307349800, 0.0000000000000000000, -0.07124704998790969100 ) ) ;
#7576 = DIRECTION ( 'NONE',  ( 1.000000000000000000, 0.0000000000000000000, 0.0000000000000000000 ) ) ;
#7577 = CARTESIAN_POINT ( 'NONE',  ( 0.6278378215886752900, -16.15880950465159000, 11.49999999999999600 ) ) ;
#7578 = CARTESIAN_POINT ( 'NONE',  ( 4.536581549709081800, -17.05027655006073000, 11.49999999999999800 ) ) ;
#7579 = CARTESIAN_POINT ( 'NONE',  ( -12.90000000000000200, 7.699999999999987700, 11.00000000000000000 ) ) ;
#7580 = AXIS2_PLACEMENT_3D ( 'NONE', #126, #8063, #807 ) ;
#7581 = CARTESIAN_POINT ( 'NONE',  ( -2.823408005574907800, 4.798364307885188800, 11.50000000000000000 ) ) ;
#7582 = EDGE_CURVE ( 'NONE', #4032, #7929, #7210, .T. ) ;
#7583 = CARTESIAN_POINT ( 'NONE',  ( -3.974353272049624900, 5.405500515679638500, 11.49999999999999800 ) ) ;
#7584 = ORIENTED_EDGE ( 'NONE', *, *, #3243, .T. ) ;
#7585 = CARTESIAN_POINT ( 'NONE',  ( -0.09941690920277893000, -13.41685562171617000, 11.50000000000000400 ) ) ;
#7586 = ORIENTED_EDGE ( 'NONE', *, *, #6530, .F. ) ;
#7587 = DIRECTION ( 'NONE',  ( -0.0000000000000000000, -0.0000000000000000000, 1.000000000000000000 ) ) ;
#7588 = ORIENTED_EDGE ( 'NONE', *, *, #914, .T. ) ;
#7589 = CARTESIAN_POINT ( 'NONE',  ( -4.020521452524085300, 5.199905395099550600, 11.49999999999999500 ) ) ;
#7590 = CARTESIAN_POINT ( 'NONE',  ( -1.282780448595610700, -11.32833608780032900, 11.50000000000000700 ) ) ;
#7591 = CARTESIAN_POINT ( 'NONE',  ( -0.1881441888407851800, -16.77365311486626000, 11.49999999999999600 ) ) ;
#7592 = CARTESIAN_POINT ( 'NONE',  ( 4.859074382602240200, 5.314416152401936900, 11.50000000000000000 ) ) ;
#7593 = EDGE_CURVE ( 'NONE', #2003, #7716, #2309, .T. ) ;
#7594 = B_SPLINE_CURVE_WITH_KNOTS ( 'NONE', 3,
 ( #1205, #3940, #4847, #13, #3503 ),
 .UNSPECIFIED., .F., .F.,
 ( 4, 1, 4 ),
 ( 0.0000000000000000000, 0.4511153358646519100, 1.000000000000000000 ),
 .UNSPECIFIED. ) ;
#7595 = VERTEX_POINT ( 'NONE', #7903 ) ;
#7596 = CARTESIAN_POINT ( 'NONE',  ( -3.423637171275614000, -11.39450340952793200, 11.50000000000000000 ) ) ;
#7597 = CARTESIAN_POINT ( 'NONE',  ( 3.185534454014988800, 4.682963299201128700, 11.50000000000000400 ) ) ;
#7598 = FACE_OUTER_BOUND ( 'NONE', #4345, .T. ) ;
#7599 = LINE ( 'NONE', #3693, #1790 ) ;
#7600 = CARTESIAN_POINT ( 'NONE',  ( 3.041719258004700300, 10.61042971681196800, 11.49999999999999800 ) ) ;
#7601 = CARTESIAN_POINT ( 'NONE',  ( -4.076023391812865900, -16.64889722408901600, 11.50000000000000000 ) ) ;
#7602 = CARTESIAN_POINT ( 'NONE',  ( 0.6672587455909089200, 4.664010845339918300, 11.50000000000000000 ) ) ;
#7603 = CARTESIAN_POINT ( 'NONE',  ( 3.660470533426631900, 4.967295597484272700, 11.50000000000000000 ) ) ;
#7604 = ORIENTED_EDGE ( 'NONE', *, *, #874, .T. ) ;
#7605 = ORIENTED_EDGE ( 'NONE', *, *, #16, .T. ) ;
#7606 = CARTESIAN_POINT ( 'NONE',  ( 0.0000000000000000000, 0.0000000000000000000, 0.0000000000000000000 ) ) ;
#7607 = CARTESIAN_POINT ( 'NONE',  ( 8.992893218813483400, -24.40710678118654500, 0.0000000000000000000 ) ) ;
#7608 = EDGE_CURVE ( 'NONE', #1568, #5201, #5980, .T. ) ;
#7609 = FACE_OUTER_BOUND ( 'NONE', #6742, .T. ) ;
#7610 = DIRECTION ( 'NONE',  ( 0.5368754921931595500, 0.8436614877321072500, 0.0000000000000000000 ) ) ;
#7611 = CARTESIAN_POINT ( 'NONE',  ( 2.195821638002985100, 10.14421751411470200, 11.50000000000000200 ) ) ;
#7612 = CARTESIAN_POINT ( 'NONE',  ( -2.715051251358739900, 4.649937074799294300, 11.50000000000000400 ) ) ;
#7613 = ORIENTED_EDGE ( 'NONE', *, *, #4989, .T. ) ;
#7614 = EDGE_LOOP ( 'NONE', ( #6309, #4971, #6127, #1098, #6476, #3754, #6272, #607, #8140, #2244, #4604, #3437, #4183, #2804, #5959, #4325, #3935, #3741, #5081 ) ) ;
#7615 = CIRCLE ( 'NONE', #5428, 1.000000000000000900 ) ;
#7616 = CARTESIAN_POINT ( 'NONE',  ( -0.7598618771452456700, 5.335684608174132900, 11.49999999999999800 ) ) ;
#7617 = ORIENTED_EDGE ( 'NONE', *, *, #2938, .T. ) ;
#7618 = CARTESIAN_POINT ( 'NONE',  ( -0.4799395022992984900, -13.85419133011941100, 11.49999999999999600 ) ) ;
#7619 = LINE ( 'NONE', #1879, #9066 ) ;
#7620 = CARTESIAN_POINT ( 'NONE',  ( -1.490997734888968700, -16.67712578190555900, 11.50000000000000200 ) ) ;
#7621 = VERTEX_POINT ( 'NONE', #1468 ) ;
#7622 = CARTESIAN_POINT ( 'NONE',  ( -4.696676798913149900, 4.671114212204574100, 11.50000000000000200 ) ) ;
#7623 = CARTESIAN_POINT ( 'NONE',  ( 0.03081706491712450600, -13.39464496256575800, 11.50000000000000400 ) ) ;
#7624 = VERTEX_POINT ( 'NONE', #6367 ) ;
#7625 = FACE_OUTER_BOUND ( 'NONE', #2711, .T. ) ;
#7626 = CARTESIAN_POINT ( 'NONE',  ( -1.749921190560216300, 5.258295767583127200, 11.50000000000000200 ) ) ;
#7627 = CARTESIAN_POINT ( 'NONE',  ( -1.279077289593957300, -13.43894988463957500, 11.49999999999999600 ) ) ;
#7628 = VERTEX_POINT ( 'NONE', #5048 ) ;
#7629 = CARTESIAN_POINT ( 'NONE',  ( -3.608464568538644300, 5.084400194503476900, 11.49999999999999600 ) ) ;
#7630 = CARTESIAN_POINT ( 'NONE',  ( 1.526580919947431600, 12.43647011316712700, 11.49999999999999500 ) ) ;
#7631 = PLANE ( 'NONE',  #5121 ) ;
#7632 = CARTESIAN_POINT ( 'NONE',  ( 1.292127065723041000, -9.256033872002310800, 11.50000000000000200 ) ) ;
#7633 = EDGE_CURVE ( 'NONE', #8691, #1487, #6654, .T. ) ;
#7634 = CARTESIAN_POINT ( 'NONE',  ( -1.456514277962749600, -16.24478708330001100, 11.50000000000000700 ) ) ;
#7635 = ADVANCED_FACE ( 'NONE', ( #2194 ), #1417, .F. ) ;
#7636 = ORIENTED_EDGE ( 'NONE', *, *, #1416, .F. ) ;
#7637 = EDGE_LOOP ( 'NONE', ( #1573, #8702, #4058, #4569 ) ) ;
#7638 = ORIENTED_EDGE ( 'NONE', *, *, #5234, .T. ) ;
#7639 = CARTESIAN_POINT ( 'NONE',  ( -2.404774723166188500, 5.346441391809921800, 11.50000000000000000 ) ) ;
#7640 = CARTESIAN_POINT ( 'NONE',  ( 1.052631578947367500, -16.87111944631123400, 11.50000000000000400 ) ) ;
#7641 = LINE ( 'NONE', #8424, #5494 ) ;
#7642 = VERTEX_POINT ( 'NONE', #8654 ) ;
#7643 = CARTESIAN_POINT ( 'NONE',  ( -0.2237384637647111500, 9.634990885059238500, 11.49999999999999800 ) ) ;
#7644 = EDGE_CURVE ( 'NONE', #7202, #2349, #4222, .T. ) ;
#7645 = LINE ( 'NONE', #7997, #6427 ) ;
#7646 = CARTESIAN_POINT ( 'NONE',  ( 0.0000000000000000000, 0.0000000000000000000, 11.50000000000000000 ) ) ;
#7647 = CARTESIAN_POINT ( 'NONE',  ( 3.143347960628998900, -11.65213674526365000, 11.50000000000000000 ) ) ;
#7648 = CARTESIAN_POINT ( 'NONE',  ( -4.181286549707600400, 0.0000000000000000000, 11.50000000000000000 ) ) ;
#7649 = VERTEX_POINT ( 'NONE', #5870 ) ;
#7650 = CARTESIAN_POINT ( 'NONE',  ( 12.89999999999999500, 7.699999999999998400, 11.00000000000000000 ) ) ;
#7651 = CARTESIAN_POINT ( 'NONE',  ( -3.835265240039268200, 5.314416152401934200, 11.49999999999999500 ) ) ;
#7652 = EDGE_CURVE ( 'NONE', #3831, #7300, #6884, .T. ) ;
#7653 = CARTESIAN_POINT ( 'NONE',  ( -2.604632376617152200, 4.673942873637063400, 11.50000000000000500 ) ) ;
#7654 = CARTESIAN_POINT ( 'NONE',  ( -3.728685809735861500, 1.267350385176426700, 11.50000000000000000 ) ) ;
#7655 = DIRECTION ( 'NONE',  ( 1.000000000000000000, 0.0000000000000000000, 0.0000000000000000000 ) ) ;
#7656 = CYLINDRICAL_SURFACE ( 'NONE', #1183, 1.000000000000000900 ) ;
#7657 = CARTESIAN_POINT ( 'NONE',  ( 1.268387096774317400, 12.43999999999999600, 11.49999999999999500 ) ) ;
#7658 = LINE ( 'NONE', #8330, #4563 ) ;
#7659 = ORIENTED_EDGE ( 'NONE', *, *, #7426, .T. ) ;
#7660 = CARTESIAN_POINT ( 'NONE',  ( 0.2104322894005886100, -11.49505021523726400, 11.49999999999999800 ) ) ;
#7661 = VECTOR ( 'NONE', #1012, 1000.000000000000000 ) ;
#7662 = CARTESIAN_POINT ( 'NONE',  ( 0.4151812253266143300, -14.34653323897171100, 11.50000000000000000 ) ) ;
#7663 = VERTEX_POINT ( 'NONE', #6425 ) ;
#7664 = DIRECTION ( 'NONE',  ( -0.7071067811865444600, -0.7071067811865505700, 0.0000000000000000000 ) ) ;
#7665 = CARTESIAN_POINT ( 'NONE',  ( -2.253715350570573600, 4.599999999999996100, 11.50000000000000400 ) ) ;
#7666 = CARTESIAN_POINT ( 'NONE',  ( -2.017543859649122000, -10.11871345029240200, 11.50000000000000000 ) ) ;
#7667 = CARTESIAN_POINT ( 'NONE',  ( -0.5343093554203212100, 4.740374175383919000, 11.50000000000000200 ) ) ;
#7668 = VERTEX_POINT ( 'NONE', #534 ) ;
#7669 = CARTESIAN_POINT ( 'NONE',  ( -2.973013462326657800, 4.678568008551089000, 11.50000000000000700 ) ) ;
#7670 = CARTESIAN_POINT ( 'NONE',  ( 3.392313067784888900, 5.259119496855342700, 11.50000000000000000 ) ) ;
#7671 = CARTESIAN_POINT ( 'NONE',  ( 0.4115229049492065100, -13.63042038612003500, 11.50000000000000200 ) ) ;
#7672 = APPROVAL_DATE_TIME ( #317, #8439 ) ;
#7673 = EDGE_LOOP ( 'NONE', ( #5131, #2501, #5094, #5471 ) ) ;
#7674 = DIRECTION ( 'NONE',  ( -1.000000000000000000, 0.0000000000000000000, -0.0000000000000000000 ) ) ;
#7675 = FACE_OUTER_BOUND ( 'NONE', #9048, .T. ) ;
#7676 = DIRECTION ( 'NONE',  ( -0.0000000000000000000, -0.0000000000000000000, 1.000000000000000000 ) ) ;
#7677 = EDGE_LOOP ( 'NONE', ( #6739, #1706, #5311, #5083, #2025 ) ) ;
#7678 = DIRECTION ( 'NONE',  ( 0.5368754921931588900, 0.8436614877321078100, 0.0000000000000000000 ) ) ;
#7679 = CARTESIAN_POINT ( 'NONE',  ( 0.0000000000000000000, 5.329559748427669800, 11.50000000000000000 ) ) ;
#7680 = PLANE ( 'NONE',  #836 ) ;
#7681 = CARTESIAN_POINT ( 'NONE',  ( -1.279582537310237600, 9.385087331652671900, 11.50000000000000200 ) ) ;
#7682 = CARTESIAN_POINT ( 'NONE',  ( 4.453861392650498600, 4.835768711501806600, 11.49999999999999800 ) ) ;
#7683 = DIRECTION ( 'NONE',  ( 0.8645071866841928000, 0.5026204573745306500, -0.0000000000000000000 ) ) ;
#7684 = CARTESIAN_POINT ( 'NONE',  ( 1.400165311419344600, 6.913010323551221200, 11.49999999999999800 ) ) ;
#7685 = LINE ( 'NONE', #1471, #7923 ) ;
#7686 = CARTESIAN_POINT ( 'NONE',  ( -4.472780529962163200, 4.738516243207143900, 11.49999999999999800 ) ) ;
#7688 = ORIENTED_EDGE ( 'NONE', *, *, #121, .T. ) ;
#7687 = DIRECTION ( 'NONE',  ( -1.000000000000000000, 0.0000000000000000000, 0.0000000000000000000 ) ) ;
#7689 = CARTESIAN_POINT ( 'NONE',  ( 4.672284592179739300, 5.413611835744140100, 11.50000000000000200 ) ) ;
#7690 = DIRECTION ( 'NONE',  ( -1.000000000000000000, 0.0000000000000000000, -0.0000000000000000000 ) ) ;
#7691 = ORIENTED_EDGE ( 'NONE', *, *, #5046, .F. ) ;
#7692 = DIRECTION ( 'NONE',  ( 0.8645071866841925700, 0.5026204573745310900, 0.0000000000000000000 ) ) ;
#7693 = CARTESIAN_POINT ( 'NONE',  ( 4.506604720781441000, 4.706248579491774100, 11.50000000000000400 ) ) ;
#7694 = AXIS2_PLACEMENT_3D ( 'NONE', #6428, #6088, #4705 ) ;
#7695 = VERTEX_POINT ( 'NONE', #6057 ) ;
#7696 = EDGE_CURVE ( 'NONE', #1792, #6933, #9010, .T. ) ;
#7697 = CARTESIAN_POINT ( 'NONE',  ( -12.90000000000000600, 24.69999999999999900, 11.50000000000000000 ) ) ;
#7698 = CARTESIAN_POINT ( 'NONE',  ( 2.684504308058369900, 4.712195488202295800, 11.49999999999999600 ) ) ;
#7699 = ADVANCED_FACE ( 'NONE', ( #3298 ), #417, .F. ) ;
#7700 = VECTOR ( 'NONE', #3607, 1000.000000000000000 ) ;
#7701 = CARTESIAN_POINT ( 'NONE',  ( -4.542465068298516200, 5.349797102458198900, 11.50000000000000000 ) ) ;
#7702 = ORIENTED_EDGE ( 'NONE', *, *, #5204, .F. ) ;
#7703 = B_SPLINE_CURVE_WITH_KNOTS ( 'NONE', 3,
 ( #4163, #5557, #1319, #6324, #2033, #7028, #2755, #7760, #3464, #8491, #9185, #651, #1349, #2068, #7060, #2785, #7792, #3505, #8520 ),
 .UNSPECIFIED., .F., .F.,
 ( 4, 1, 1, 1, 1, 1, 1, 1, 1, 1, 1, 1, 1, 1, 1, 1, 4 ),
 ( 0.0000000000000000000, 0.06115158218817340300, 0.1207316416155619400, 0.1793805086956507000, 0.2376070589031236100, 0.2957975257254716900, 0.3551362024966626700, 0.4157184121222090600, 0.4785039655325881200, 0.5415995866771035100, 0.6041938883882105300, 0.6664123628634134300, 0.7295357183482329400, 0.7933059863330153000, 0.8596944679678779600, 0.9283995197349168600, 1.000000000000000000 ),
 .UNSPECIFIED. ) ;
#7704 = ORIENTED_EDGE ( 'NONE', *, *, #3157, .T. ) ;
#7705 = VERTEX_POINT ( 'NONE', #4273 ) ;
#7706 = CARTESIAN_POINT ( 'NONE',  ( -3.276776147216274200, 4.635220125786159600, 11.50000000000000000 ) ) ;
#7707 = EDGE_LOOP ( 'NONE', ( #3766, #9040, #1835, #6230 ) ) ;
#7708 = CARTESIAN_POINT ( 'NONE',  ( 4.560839472376997600, 4.631044888736706600, 11.49999999999999800 ) ) ;
#7709 = ORIENTED_EDGE ( 'NONE', *, *, #6419, .T. ) ;
#7710 = EDGE_CURVE ( 'NONE', #3428, #3152, #969, .T. ) ;
#7711 = B_SPLINE_CURVE_WITH_KNOTS ( 'NONE', 3,
 ( #6890, #1187, #8870, #8146, #7763, #8492, #4203, #6819, #7550, #8267 ),
 .UNSPECIFIED., .F., .F.,
 ( 4, 3, 3, 4 ),
 ( 0.0000000000000000000, 5.379089492082836600E-005, 0.0001075824601467133900, 0.0002151577805157756600 ),
 .UNSPECIFIED. ) ;
#7712 = CARTESIAN_POINT ( 'NONE',  ( 1.908101429585509200, 4.841151730901242600, 11.49999999999999800 ) ) ;
#7713 = CARTESIAN_POINT ( 'NONE',  ( -2.609523083970831900, -9.497134192423883900, 11.50000000000000400 ) ) ;
#7714 = CARTESIAN_POINT ( 'NONE',  ( -2.807017543859649400, -16.75416038198375200, 11.50000000000000000 ) ) ;
#7715 = ORIENTED_EDGE ( 'NONE', *, *, #5928, .F. ) ;
#7716 = VERTEX_POINT ( 'NONE', #4643 ) ;
#7717 = CARTESIAN_POINT ( 'NONE',  ( 0.0000000000000000000, 4.599999999999994300, 11.50000000000000000 ) ) ;
#7718 = PLANE ( 'NONE',  #2493 ) ;
#7719 = CARTESIAN_POINT ( 'NONE',  ( -1.420626013853048000, -10.88457362245710800, 11.50000000000000200 ) ) ;
#7720 = CARTESIAN_POINT ( 'NONE',  ( -1.342237902269733700, -16.60242602359770800, 11.49999999999999800 ) ) ;
#7721 = DIRECTION ( 'NONE',  ( 0.0000000000000000000, 0.0000000000000000000, 1.000000000000000000 ) ) ;
#7722 = CARTESIAN_POINT ( 'NONE',  ( -2.568869646164945800, 6.969165878642670000, 11.50000000000000000 ) ) ;
#7723 = CARTESIAN_POINT ( 'NONE',  ( -4.181286549707600400, -16.15182120069719900, 11.50000000000000000 ) ) ;
#7724 = FACE_OUTER_BOUND ( 'NONE', #5759, .T. ) ;
#7725 = VECTOR ( 'NONE', #2481, 1000.000000000000000 ) ;
#7726 = EDGE_CURVE ( 'NONE', #7519, #135, #2630, .T. ) ;
#7727 = VECTOR ( 'NONE', #7440, 1000.000000000000000 ) ;
#7728 = CARTESIAN_POINT ( 'NONE',  ( -3.844584206848233900, 5.329559748427668000, 11.50000000000000200 ) ) ;
#7729 = CARTESIAN_POINT ( 'NONE',  ( -0.5923605159614048200, -11.38417232657629800, 11.50000000000000200 ) ) ;
#7730 = CARTESIAN_POINT ( 'NONE',  ( -4.056009534028908600, 4.911471395774846400, 11.49999999999999600 ) ) ;
#7731 = CARTESIAN_POINT ( 'NONE',  ( 2.528799999296614100, -11.69131022205099100, 11.50000000000000400 ) ) ;
#7732 = ORIENTED_EDGE ( 'NONE', *, *, #3888, .T. ) ;
#7733 = DIRECTION ( 'NONE',  ( -1.000000000000000000, 0.0000000000000000000, -0.0000000000000000000 ) ) ;
#7734 = CARTESIAN_POINT ( 'NONE',  ( 4.417925056835652100, -16.60472228145499300, 11.50000000000000000 ) ) ;
#7735 = DIRECTION ( 'NONE',  ( 0.0000000000000000000, -1.000000000000000000, 0.0000000000000000000 ) ) ;
#7736 = CARTESIAN_POINT ( 'NONE',  ( -4.052948121497363900, 4.600433221741997000, 11.50000000000000200 ) ) ;
#7737 = CARTESIAN_POINT ( 'NONE',  ( -3.051324800475322600, 5.368729268363496000, 11.50000000000000000 ) ) ;
#7738 = CARTESIAN_POINT ( 'NONE',  ( -2.078044298257643300, 4.627524763082723400, 11.50000000000000200 ) ) ;
#7739 = VERTEX_POINT ( 'NONE', #6731 ) ;
#7740 = ORIENTED_EDGE ( 'NONE', *, *, #4094, .F. ) ;
#7741 = EDGE_CURVE ( 'NONE', #2231, #634, #3410, .T. ) ;
#7742 = CARTESIAN_POINT ( 'NONE',  ( 0.0000000000000000000, -16.70152880303638200, 11.50000000000000000 ) ) ;
#7743 = CARTESIAN_POINT ( 'NONE',  ( -3.076295578649197000, -17.14811914212100400, 11.50000000000000500 ) ) ;
#7744 = ORIENTED_EDGE ( 'NONE', *, *, #420, .T. ) ;
#7745 = CARTESIAN_POINT ( 'NONE',  ( 1.579905745615121100, 6.820406285277627500, 11.50000000000000400 ) ) ;
#7746 = B_SPLINE_CURVE_WITH_KNOTS ( 'NONE', 3,
 ( #1859, #44, #2884, #4070, #847, #5521, #528, #6796, #868, #7011, #8663 ),
 .UNSPECIFIED., .F., .F.,
 ( 4, 1, 1, 1, 1, 1, 1, 1, 4 ),
 ( 0.0000000000000000000, 0.1552536449830676000, 0.2951829311329392500, 0.4201605882721758400, 0.5297114218973570900, 0.6354230627419467100, 0.7475572731990298700, 0.8696251617779526800, 1.000000000000000000 ),
 .UNSPECIFIED. ) ;
#7747 = ORIENTED_EDGE ( 'NONE', *, *, #3243, .F. ) ;
#7748 = EDGE_LOOP ( 'NONE', ( #63, #2933 ) ) ;
#7749 = CARTESIAN_POINT ( 'NONE',  ( 0.8275155362957157300, -9.184686653933825400, 11.50000000000000200 ) ) ;
#7750 = VERTEX_POINT ( 'NONE', #9196 ) ;
#7751 = CARTESIAN_POINT ( 'NONE',  ( 3.380813119587073000, 4.704515857569652400, 11.50000000000000000 ) ) ;
#7752 = CARTESIAN_POINT ( 'NONE',  ( -5.899999999999999500, -9.723564011813064000, 11.00000000000000000 ) ) ;
#7753 = ORIENTED_EDGE ( 'NONE', *, *, #5861, .T. ) ;
#7754 = CARTESIAN_POINT ( 'NONE',  ( 2.182686220880262900, 6.483601643800492200, 11.50000000000000000 ) ) ;
#7755 = CARTESIAN_POINT ( 'NONE',  ( -1.722083216826389500, 1.158685621198001700, 11.50000000000000000 ) ) ;
#7756 = CARTESIAN_POINT ( 'NONE',  ( 0.06518260570488008900, -16.50804281375455300, 11.50000000000000000 ) ) ;
#7757 = CARTESIAN_POINT ( 'NONE',  ( -1.843904437886440200, 4.832054395514845200, 11.50000000000000200 ) ) ;
#7758 = EDGE_LOOP ( 'NONE', ( #1165, #5927, #7866, #2252 ) ) ;
#7759 = AXIS2_PLACEMENT_3D ( 'NONE', #4640, #3470, #4614 ) ;
#7760 = CARTESIAN_POINT ( 'NONE',  ( 4.659175462544280500, -17.11126595752951500, 11.49999999999999800 ) ) ;
#7761 = CARTESIAN_POINT ( 'NONE',  ( 0.5475711676482009100, -16.59900384540542400, 11.49999999999999800 ) ) ;
#7762 = EDGE_CURVE ( 'NONE', #6126, #9213, #5106, .T. ) ;
#7763 = CARTESIAN_POINT ( 'NONE',  ( -4.314180327709750400, 5.414810494712147800, 11.50000000000000000 ) ) ;
#7764 = CARTESIAN_POINT ( 'NONE',  ( -1.745246938784052100, -17.05320291938431500, 11.50000000000000000 ) ) ;
#7765 = ORIENTED_EDGE ( 'NONE', *, *, #1120, .T. ) ;
#7766 = CARTESIAN_POINT ( 'NONE',  ( 4.250747160491321200, 4.655379059129870700, 11.49999999999999800 ) ) ;
#7767 = CARTESIAN_POINT ( 'NONE',  ( 3.748538011695905500, -16.76000833520012300, 11.50000000000000000 ) ) ;
#7768 = ORIENTED_EDGE ( 'NONE', *, *, #3076, .F. ) ;
#7769 = CARTESIAN_POINT ( 'NONE',  ( 4.485380116959061200, -16.48515453403053500, 11.50000000000000000 ) ) ;
#7770 = CARTESIAN_POINT ( 'NONE',  ( 2.099044956906715800, 4.821383647798738200, 11.49999999999999800 ) ) ;
#7771 = CARTESIAN_POINT ( 'NONE',  ( -2.546522604457687400, 4.742635764362540300, 11.50000000000000700 ) ) ;
#7772 = DIRECTION ( 'NONE',  ( 0.0000000000000000000, 0.0000000000000000000, 1.000000000000000000 ) ) ;
#7773 = ORIENTED_EDGE ( 'NONE', *, *, #7483, .F. ) ;
#7774 = VECTOR ( 'NONE', #916, 1000.000000000000000 ) ;
#7775 = CARTESIAN_POINT ( 'NONE',  ( -3.168136514394776600, -16.81133014360677400, 11.50000000000000000 ) ) ;
#7776 = CARTESIAN_POINT ( 'NONE',  ( 1.494675686405640700, 0.1265333914417474100, 11.50000000000000000 ) ) ;
#7777 = EDGE_CURVE ( 'NONE', #806, #6574, #4788, .T. ) ;
#7778 = CARTESIAN_POINT ( 'NONE',  ( -0.6535028367914225100, 4.669124196271789100, 11.50000000000000000 ) ) ;
#7779 = CARTESIAN_POINT ( 'NONE',  ( 0.4740228139603269200, 4.650220933813673500, 11.50000000000000000 ) ) ;
#7780 = CARTESIAN_POINT ( 'NONE',  ( 3.921136880224569900, -16.40538709425566600, 11.49999999999999800 ) ) ;
#7781 = CARTESIAN_POINT ( 'NONE',  ( 2.545586943079392000, 5.334377151145527100, 11.49999999999999600 ) ) ;
#7782 = VERTEX_POINT ( 'NONE', #2448 ) ;
#7783 = CARTESIAN_POINT ( 'NONE',  ( 4.731795946890411400, 4.715723270440248500, 11.50000000000000000 ) ) ;
#7784 = CARTESIAN_POINT ( 'NONE',  ( 0.0000000000000000000, 4.605031446540877500, 11.50000000000000000 ) ) ;
#7785 = CARTESIAN_POINT ( 'NONE',  ( 0.0000000000000000000, 4.650314465408802000, 11.50000000000000000 ) ) ;
#7786 = CARTESIAN_POINT ( 'NONE',  ( 0.1450172643629236100, -13.46033124779969900, 11.50000000000000000 ) ) ;
#7787 = CARTESIAN_POINT ( 'NONE',  ( -3.139681911655191300, -16.19246980177002700, 11.50000000000000000 ) ) ;
#7788 = EDGE_CURVE ( 'NONE', #7300, #733, #4307, .T. ) ;
#7789 = DIRECTION ( 'NONE',  ( 1.000000000000000000, 0.0000000000000000000, 0.0000000000000000000 ) ) ;
#7790 = CARTESIAN_POINT ( 'NONE',  ( 0.0000000000000000000, 0.0000000000000000000, 11.50000000000000000 ) ) ;
#7791 = CARTESIAN_POINT ( 'NONE',  ( 0.6712737577855932800, 4.662024408286564300, 11.50000000000000000 ) ) ;
#7792 = CARTESIAN_POINT ( 'NONE',  ( 4.800285330605223800, -16.86091019847272300, 11.49999999999999600 ) ) ;
#7793 = CARTESIAN_POINT ( 'NONE',  ( 1.031960792149146000, -16.99174852634036600, 11.50000000000000500 ) ) ;
#7794 = CARTESIAN_POINT ( 'NONE',  ( 4.040044558107861200, 4.722719119728746600, 11.50000000000000200 ) ) ;
#7795 = LINE ( 'NONE', #3279, #2987 ) ;
#7796 = CARTESIAN_POINT ( 'NONE',  ( -5.900000000000000400, 42.00000000000001400, 11.49999999999999300 ) ) ;
#7797 = VERTEX_POINT ( 'NONE', #1456 ) ;
#7798 = CARTESIAN_POINT ( 'NONE',  ( -5.900000000000000400, -10.08842704038315800, 11.49999999999999300 ) ) ;
#7799 = CARTESIAN_POINT ( 'NONE',  ( 2.483424961166041700, 5.407464200490295500, 11.50000000000000200 ) ) ;
#7800 = CARTESIAN_POINT ( 'NONE',  ( -6.397379542625473400, -0.7097228931188052100, 11.46447288981245900 ) ) ;
#7801 = CARTESIAN_POINT ( 'NONE',  ( 2.487507880057007200, 5.325044182018279700, 11.50000000000000000 ) ) ;
#7802 = CARTESIAN_POINT ( 'NONE',  ( 2.588447970562868200, 6.943208119167465500, 11.50000000000000200 ) ) ;
#7803 = LINE ( 'NONE', #4688, #6673 ) ;
#7804 = CARTESIAN_POINT ( 'NONE',  ( -0.6929824561403518100, -14.58947368421052600, 11.50000000000000000 ) ) ;
#7805 = CIRCLE ( 'NONE', #8466, 1.000000000000000900 ) ;
#7806 = ORIENTED_EDGE ( 'NONE', *, *, #734, .F. ) ;
#7807 = CARTESIAN_POINT ( 'NONE',  ( 1.820265548567559000, 5.274213836477984300, 11.50000000000000400 ) ) ;
#7808 = CARTESIAN_POINT ( 'NONE',  ( 1.559128380019641200, -9.534398005109196100, 11.50000000000000500 ) ) ;
#7809 = CARTESIAN_POINT ( 'NONE',  ( 0.04178498831649284800, -13.23108347444564000, 11.50000000000000000 ) ) ;
#7810 = VECTOR ( 'NONE', #5251, 1000.000000000000000 ) ;
#7811 = CARTESIAN_POINT ( 'NONE',  ( 0.04449803725957460200, -14.59570820909817400, 11.50000000000000900 ) ) ;
#7812 = ORIENTED_EDGE ( 'NONE', *, *, #7305, .T. ) ;
#7813 = CARTESIAN_POINT ( 'NONE',  ( -2.359934777544717900, 4.776100628930813700, 11.50000000000000000 ) ) ;
#7814 = CARTESIAN_POINT ( 'NONE',  ( -12.90000000000000600, -20.49999999999999600, 2.000000000000000000 ) ) ;
#7815 = EDGE_CURVE ( 'NONE', #1669, #8662, #923, .T. ) ;
#7816 = CIRCLE ( 'NONE', #8009, 0.9999999999999991100 ) ;
#7817 = ORIENTED_EDGE ( 'NONE', *, *, #1662, .F. ) ;
#7818 = DIRECTION ( 'NONE',  ( 1.000000000000000000, 0.0000000000000000000, 0.0000000000000000000 ) ) ;
#7819 = CARTESIAN_POINT ( 'NONE',  ( 3.742822770536223600, 4.955371096825626200, 11.50000000000000000 ) ) ;
#7820 = CARTESIAN_POINT ( 'NONE',  ( -1.632344445845557800, -16.16601014134926800, 11.49999999999999600 ) ) ;
#7821 = ORIENTED_EDGE ( 'NONE', *, *, #3323, .T. ) ;
#7822 = CARTESIAN_POINT ( 'NONE',  ( 9.999999999999994700, 22.60000000000000100, 2.000000000000000000 ) ) ;
#7823 = CIRCLE ( 'NONE', #7995, 1.000000000000000900 ) ;
#7824 = LINE ( 'NONE', #6358, #5589 ) ;
#7825 = CARTESIAN_POINT ( 'NONE',  ( -1.605900001739878300, -10.41775464022868800, 11.50000000000000400 ) ) ;
#7826 = CARTESIAN_POINT ( 'NONE',  ( 4.614445302724949900, -16.99988075347257800, 11.49999999999999600 ) ) ;
#7827 = CARTESIAN_POINT ( 'NONE',  ( -12.90000000000000200, -20.49999999999999600, 10.99999999999999300 ) ) ;
#7828 = EDGE_CURVE ( 'NONE', #5630, #2888, #5796, .T. ) ;
#7829 = CARTESIAN_POINT ( 'NONE',  ( 0.6980735993532545300, -16.54175970700135100, 11.50000000000000200 ) ) ;
#7830 = CARTESIAN_POINT ( 'NONE',  ( 2.406084383235546700, -11.15410542007278100, 11.49999999999999600 ) ) ;
#7831 = CARTESIAN_POINT ( 'NONE',  ( 2.095026410956970100, 4.812367458386786400, 11.50000000000000400 ) ) ;
#7832 = CARTESIAN_POINT ( 'NONE',  ( 0.7625806451614141100, 11.33419354838709500, 11.50000000000000200 ) ) ;
#7833 = SECURITY_CLASSIFICATION_LEVEL ( 'unclassified' ) ;
#7834 = CARTESIAN_POINT ( 'NONE',  ( 4.215333182191062500, 4.705107758779215400, 11.50000000000000400 ) ) ;
#7836 = VERTEX_POINT ( 'NONE', #636 ) ;
#7835 = CARTESIAN_POINT ( 'NONE',  ( -0.2560954656108426800, -14.37381806447582000, 11.50000000000000700 ) ) ;
#7837 = ADVANCED_FACE ( 'NONE', ( #9139 ), #4237, .T. ) ;
#7838 = CARTESIAN_POINT ( 'NONE',  ( -3.853541674401380000, -17.14737712082554600, 11.49999999999999800 ) ) ;
#7839 = B_SPLINE_CURVE_WITH_KNOTS ( 'NONE', 3,
 ( #705, #7126, #6417, #7855, #4297, #5728, #5019, #6448, #7886, #8612 ),
 .UNSPECIFIED., .F., .F.,
 ( 4, 3, 3, 4 ),
 ( 0.0000000000000000000, 5.378916387843250800E-005, 0.0001075790918360665100, 0.0002151429802543177500 ),
 .UNSPECIFIED. ) ;
#7840 = CARTESIAN_POINT ( 'NONE',  ( 2.965261200061470000, -11.73546761981016400, 11.50000000000000000 ) ) ;
#7841 = ORIENTED_EDGE ( 'NONE', *, *, #3620, .F. ) ;
#7842 = CARTESIAN_POINT ( 'NONE',  ( -1.001676839584857600, -10.36646445572156800, 11.50000000000000400 ) ) ;
#7843 = CARTESIAN_POINT ( 'NONE',  ( -1.469031994673095200, 5.274729504240201400, 11.50000000000000400 ) ) ;
#7844 = CARTESIAN_POINT ( 'NONE',  ( -1.667193630134589800, -11.27798292501417500, 11.50000000000000000 ) ) ;
#7845 = ORIENTED_EDGE ( 'NONE', *, *, #4467, .F. ) ;
#7846 = EDGE_CURVE ( 'NONE', #161, #4310, #7334, .T. ) ;
#7847 = B_SPLINE_CURVE_WITH_KNOTS ( 'NONE', 3,
 ( #1999, #5326, #6690, #6681, #3452, #1713, #6951, #4576, #7343, #2857, #3282, #8264, #336, #1561, #8279, #1970, #6517, #3262, #1955 ),
 .UNSPECIFIED., .F., .F.,
 ( 4, 1, 1, 1, 1, 1, 1, 1, 1, 1, 1, 1, 1, 1, 1, 1, 4 ),
 ( 0.0000000000000000000, 0.05690564260689068300, 0.1136769990848698300, 0.1699000191406868600, 0.2262646063830782200, 0.2831070950354549500, 0.3411667634060888700, 0.3999984693385264500, 0.4609792726586670100, 0.5221346879348864900, 0.5825329029326578000, 0.6444271903578688800, 0.7077840032963080800, 0.7744623533036861800, 0.8444585668199849900, 0.9198587060954217500, 1.000000000000000000 ),
 .UNSPECIFIED. ) ;
#7848 = CARTESIAN_POINT ( 'NONE',  ( -1.847929983222603700, 7.256528020280472700, 11.49999999999999800 ) ) ;
#7849 = EDGE_LOOP ( 'NONE', ( #8553, #5151, #2841, #1213 ) ) ;
#7850 = VECTOR ( 'NONE', #9011, 1000.000000000000000 ) ;
#7851 = DIRECTION ( 'NONE',  ( 0.0000000000000000000, 0.0000000000000000000, 1.000000000000000000 ) ) ;
#7852 = CARTESIAN_POINT ( 'NONE',  ( 1.643321677366215400, 5.186419470377458700, 11.49999999999999600 ) ) ;
#7853 = CARTESIAN_POINT ( 'NONE',  ( -12.90000000000000600, 24.69999999999999900, 2.000000000000000000 ) ) ;
#7854 = VERTEX_POINT ( 'NONE', #8285 ) ;
#7855 = CARTESIAN_POINT ( 'NONE',  ( -2.251842177321837100, 5.413512455961612300, 11.50000000000000000 ) ) ;
#7856 = CARTESIAN_POINT ( 'NONE',  ( 4.875471698113331700, 4.635220125786159600, 11.49999999999999600 ) ) ;
#7857 = EDGE_CURVE ( 'NONE', #950, #1669, #6090, .T. ) ;
#7858 = B_SPLINE_CURVE_WITH_KNOTS ( 'NONE', 3,
 ( #7714, #4915, #4734, #5896, #9162, #339, #2062, #2896, #425, #3034, #5342, #4500, #6263, #2607, #59, #6919, #3906, #6210, #8354 ),
 .UNSPECIFIED., .F., .F.,
 ( 4, 1, 1, 1, 1, 1, 1, 1, 1, 1, 1, 1, 1, 1, 1, 1, 4 ),
 ( 0.0000000000000000000, 0.1096363244534535000, 0.2104009609143929800, 0.3025608777246519000, 0.3853409666945105700, 0.4607170978626410300, 0.5283020340637318800, 0.5892006520639183600, 0.6442425687520372300, 0.6954069078504775400, 0.7437908538663176000, 0.7894453734088846500, 0.8330505236278675800, 0.8757905089970936500, 0.9172489501063585400, 0.9586919877444970400, 1.000000000000000000 ),
 .UNSPECIFIED. ) ;
#7859 = VERTEX_POINT ( 'NONE', #194 ) ;
#7860 = CARTESIAN_POINT ( 'NONE',  ( 2.427517337736324200, -9.745471898729192600, 11.49999999999999300 ) ) ;
#7861 = VERTEX_POINT ( 'NONE', #2038 ) ;
#7862 = ORIENTED_EDGE ( 'NONE', *, *, #3685, .T. ) ;
#7863 = ORIENTED_EDGE ( 'NONE', *, *, #7228, .T. ) ;
#7864 = CARTESIAN_POINT ( 'NONE',  ( -2.240307577169822200, 5.026465455684064700, 11.50000000000000000 ) ) ;
#7865 = VERTEX_POINT ( 'NONE', #3659 ) ;
#7866 = ORIENTED_EDGE ( 'NONE', *, *, #8731, .T. ) ;
#7867 = CARTESIAN_POINT ( 'NONE',  ( -3.062287444677257200, 5.369811320754712900, 11.50000000000000400 ) ) ;
#7868 = CARTESIAN_POINT ( 'NONE',  ( -2.626154502194521100E-013, 5.077987421383758400, 11.50000000000000000 ) ) ;
#7869 = CARTESIAN_POINT ( 'NONE',  ( 2.557216081439862800, 5.334518134914459300, 11.49999999999999800 ) ) ;
#7870 = CARTESIAN_POINT ( 'NONE',  ( 0.0000000000000000000, 4.650314465408800200, 11.50000000000000000 ) ) ;
#7871 = CARTESIAN_POINT ( 'NONE',  ( 2.541417559858786900, 6.501764448485071000, 11.50000000000000400 ) ) ;
#7872 = CARTESIAN_POINT ( 'NONE',  ( -0.7619846261354469300, 4.599999999999996100, 11.50000000000000000 ) ) ;
#7873 = DIRECTION ( 'NONE',  ( -0.0000000000000000000, -0.0000000000000000000, 1.000000000000000000 ) ) ;
#7874 = DIRECTION ( 'NONE',  ( -0.08435435510659540500, 0.9964358196966578400, 0.0000000000000000000 ) ) ;
#7875 = ORIENTED_EDGE ( 'NONE', *, *, #2327, .F. ) ;
#7876 = DIRECTION ( 'NONE',  ( 0.3225311624017392900, 0.9465588461790334100, 0.0000000000000000000 ) ) ;
#7877 = ORIENTED_EDGE ( 'NONE', *, *, #5966, .F. ) ;
#7878 = CARTESIAN_POINT ( 'NONE',  ( -2.040529854434085500, 4.843964578360394800, 11.49999999999999800 ) ) ;
#7879 = CARTESIAN_POINT ( 'NONE',  ( -3.941022741352749700, -16.20557025755792300, 11.50000000000000000 ) ) ;
#7880 = CARTESIAN_POINT ( 'NONE',  ( 0.8178256875212816000, -17.04050845482068500, 11.50000000000000200 ) ) ;
#7881 = CARTESIAN_POINT ( 'NONE',  ( 4.606950609237696200, 4.967115414373019200, 11.50000000000000000 ) ) ;
#7882 = LINE ( 'NONE', #7717, #5244 ) ;
#7883 = CARTESIAN_POINT ( 'NONE',  ( -0.3175075172435247200, -16.84702689875657800, 11.50000000000000000 ) ) ;
#7884 = AXIS2_PLACEMENT_3D ( 'NONE', #5824, #5409, #4769 ) ;
#7885 = ORIENTED_EDGE ( 'NONE', *, *, #6848, .F. ) ;
#7886 = CARTESIAN_POINT ( 'NONE',  ( -2.126502737261948300, 5.419737172224205100, 11.50000000000000000 ) ) ;
#7887 = EDGE_CURVE ( 'NONE', #7739, #1452, #8352, .T. ) ;
#7888 = CARTESIAN_POINT ( 'NONE',  ( 2.173956887279656900, 7.734406048667502800, 11.50000000000000400 ) ) ;
#7889 = CARTESIAN_POINT ( 'NONE',  ( 4.474825233709707600, -16.48545786942656800, 11.50000000000000000 ) ) ;
#7890 = CARTESIAN_POINT ( 'NONE',  ( 4.228332955213995900, 5.321914184945235600, 11.50000000000000200 ) ) ;
#7891 = CARTESIAN_POINT ( 'NONE',  ( -2.324616933785380800, 6.640196145680706200, 11.50000000000000200 ) ) ;
#7892 = DIRECTION ( 'NONE',  ( 1.000000000000000000, 0.0000000000000000000, 0.0000000000000000000 ) ) ;
#7893 = CARTESIAN_POINT ( 'NONE',  ( -1.965093468201533300, 5.055905435879268800, 11.50000000000000400 ) ) ;
#7894 = CARTESIAN_POINT ( 'NONE',  ( 0.2284381175358520800, -14.37988097215232500, 11.50000000000000200 ) ) ;
#7895 = VECTOR ( 'NONE', #4993, 1000.000000000000000 ) ;
#7896 = VECTOR ( 'NONE', #404, 1000.000000000000100 ) ;
#7897 = CARTESIAN_POINT ( 'NONE',  ( -0.4842672931200184800, -14.06956034044074700, 11.50000000000000400 ) ) ;
#7898 = CARTESIAN_POINT ( 'NONE',  ( -2.705856525247160700, -16.32026821625090900, 11.50000000000000000 ) ) ;
#7899 = VECTOR ( 'NONE', #4561, 1000.000000000000000 ) ;
#7900 = EDGE_CURVE ( 'NONE', #5677, #1792, #446, .T. ) ;
#7901 = ORIENTED_EDGE ( 'NONE', *, *, #8127, .T. ) ;
#7902 = CARTESIAN_POINT ( 'NONE',  ( 4.301588479385101100, -16.76998482622991200, 11.50000000000000000 ) ) ;
#7903 = CARTESIAN_POINT ( 'NONE',  ( -1.271929824561403500, -11.33974442278536500, 11.50000000000000400 ) ) ;
#7904 = CARTESIAN_POINT ( 'NONE',  ( -2.976608187134503100, -17.16351710712994800, 11.50000000000000200 ) ) ;
#7905 = VECTOR ( 'NONE', #1720, 1000.000000000000000 ) ;
#7906 = VERTEX_POINT ( 'NONE', #6704 ) ;
#7907 = CARTESIAN_POINT ( 'NONE',  ( 4.519929855540199000, 4.679077330107782400, 11.50000000000000000 ) ) ;
#7908 = EDGE_CURVE ( 'NONE', #3414, #2446, #1072, .T. ) ;
#7909 = CARTESIAN_POINT ( 'NONE',  ( -1.068387096774070100, 10.82580645161290000, 11.50000000000000000 ) ) ;
#7910 = CARTESIAN_POINT ( 'NONE',  ( -3.070415233512882900, 5.421220724533308800, 11.49999999999999600 ) ) ;
#7911 = APPROVAL_PERSON_ORGANIZATION ( #541, #8439, #8404 ) ;
#7912 = VERTEX_POINT ( 'NONE', #820 ) ;
#7913 = TOROIDAL_SURFACE ( 'NONE', #8773, 0.5000000000000000000, 0.1000000000000000100 ) ;
#7914 = CARTESIAN_POINT ( 'NONE',  ( 2.083008371723956500, 7.785261613655357000, 11.49999999999999500 ) ) ;
#7915 = ORIENTED_EDGE ( 'NONE', *, *, #5721, .F. ) ;
#7916 = CARTESIAN_POINT ( 'NONE',  ( -1.361031802000046300, 4.646467708242382400, 11.49999999999999800 ) ) ;
#7917 = CARTESIAN_POINT ( 'NONE',  ( 3.078959104866436200, -9.607065925738389500, 11.49999999999999800 ) ) ;
#7918 = LINE ( 'NONE', #4910, #4350 ) ;
#7919 = EDGE_CURVE ( 'NONE', #9131, #1800, #7816, .T. ) ;
#7920 = CARTESIAN_POINT ( 'NONE',  ( 3.136930025857470800, 5.192027998213549500, 11.49999999999999800 ) ) ;
#7921 = CARTESIAN_POINT ( 'NONE',  ( -4.273469679854738200, 4.899936923852816800, 11.50000000000000200 ) ) ;
#7922 = CARTESIAN_POINT ( 'NONE',  ( -1.758397391101670800, 5.213836477987418200, 11.50000000000000000 ) ) ;
#7923 = VECTOR ( 'NONE', #6469, 1000.000000000000100 ) ;
#7924 = EDGE_LOOP ( 'NONE', ( #8186, #2966, #7070, #5065, #3877, #1283 ) ) ;
#7925 = CARTESIAN_POINT ( 'NONE',  ( 3.997662823728360700, 4.671114212204574100, 11.49999999999999800 ) ) ;
#7926 = ORIENTED_EDGE ( 'NONE', *, *, #165, .T. ) ;
#7927 = CARTESIAN_POINT ( 'NONE',  ( -1.413675601073016900, 4.669658093725873400, 11.50000000000000000 ) ) ;
#7928 = ORIENTED_EDGE ( 'NONE', *, *, #5195, .F. ) ;
#7929 = VERTEX_POINT ( 'NONE', #3930 ) ;
#7930 = CARTESIAN_POINT ( 'NONE',  ( 3.479067257612751700, -11.12683608646586800, 11.50000000000000000 ) ) ;
#7931 = ORIENTED_EDGE ( 'NONE', *, *, #134, .T. ) ;
#7932 = DIRECTION ( 'NONE',  ( -0.0000000000000000000, 0.0000000000000000000, 1.000000000000000000 ) ) ;
#7933 = PLANE ( 'NONE',  #6541 ) ;
#7934 = CARTESIAN_POINT ( 'NONE',  ( -0.7281027709946634700, -13.74508091025392900, 11.49999999999999500 ) ) ;
#7935 = ORIENTED_EDGE ( 'NONE', *, *, #3807, .F. ) ;
#7936 = CARTESIAN_POINT ( 'NONE',  ( 1.293850215975417500, -9.712589754149997000, 11.49999999999999600 ) ) ;
#7937 = AXIS2_PLACEMENT_3D ( 'NONE', #3892, #1404, #8887 ) ;
#7938 = ORIENTED_EDGE ( 'NONE', *, *, #6602, .F. ) ;
#7939 = CARTESIAN_POINT ( 'NONE',  ( -3.260233918128654400, -10.52807017543860200, 11.50000000000000000 ) ) ;
#7940 = EDGE_CURVE ( 'NONE', #5508, #5630, #2333, .T. ) ;
#7941 = CARTESIAN_POINT ( 'NONE',  ( -1.082506405776722600, 5.369811320754712900, 11.50000000000000000 ) ) ;
#7942 = VECTOR ( 'NONE', #3896, 999.9999999999998900 ) ;
#7943 = CARTESIAN_POINT ( 'NONE',  ( -4.456926872734928000, 5.407943766027671900, 11.50000000000000200 ) ) ;
#7944 = B_SPLINE_CURVE_WITH_KNOTS ( 'NONE', 3,
 ( #4894, #260, #7720, #367, #3016, #418, #5075, #2169, #6447, #2729, #8787, #6971, #186, #7477, #3734, #4698, #2611, #3319, #3342, #6370, #8510, #3082, #7175, #2843, #421, #9118, #1838, #5727, #3568, #4296, #5798, #810, #6519, #7294, #4503, #6170, #1973, #7820, #8737, #3586, #6789, #8791, #666, #5062, #5580, #3970, #5594 ),
 .UNSPECIFIED., .F., .F.,
 ( 4, 1, 1, 1, 1, 1, 1, 1, 1, 1, 1, 1, 1, 1, 1, 1, 1, 1, 1, 1, 1, 1, 1, 1, 1, 1, 1, 1, 1, 1, 1, 1, 1, 1, 1, 1, 1, 1, 1, 1, 1, 1, 1, 1, 4 ),
 ( 0.0000000000000000000, 0.02808002069924520100, 0.05450155362916619900, 0.07955327476376394800, 0.1034015655059096200, 0.1261238693059230100, 0.1482191407677885300, 0.1696859344756578300, 0.1908126386558101100, 0.2116398172759889100, 0.2318241570615811000, 0.2512803902385930500, 0.2705016101223292100, 0.2892294677809990100, 0.3080036768134212200, 0.3265136934270900200, 0.3451134892225247200, 0.3635086971931765800, 0.3817546655508496900, 0.3994964846254838200, 0.4171861773799685500, 0.4349565498087514200, 0.4529667928883636100, 0.4712840735209735700, 0.4902692784504048000, 0.5095347229592166500, 0.5290949115616006000, 0.5487575851559252100, 0.5688763313919411600, 0.5897243650026138300, 0.6110591686597788300, 0.6329510886619180700, 0.6558662167119150300, 0.6785813474384145800, 0.7004616848510265600, 0.7216457346986797600, 0.7421857730423825400, 0.7626286112614535400, 0.7825837914145229400, 0.8027097364149646800, 0.8230326482038828900, 0.8645249832394986700, 0.9075112563879261800, 0.9525355570837278400, 1.000000000000000000 ),
 .UNSPECIFIED. ) ;
#7945 = CARTESIAN_POINT ( 'NONE',  ( -2.522833509676528900, -9.230419978731868400, 11.49999999999999600 ) ) ;
#7946 = VERTEX_POINT ( 'NONE', #5525 ) ;
#7947 = CARTESIAN_POINT ( 'NONE',  ( 2.941518277951048700, -9.483924850986159800, 11.49999999999999800 ) ) ;
#7948 = CARTESIAN_POINT ( 'NONE',  ( -2.862252675016286700, -17.14072425819955500, 11.50000000000000200 ) ) ;
#7949 = ORIENTED_EDGE ( 'NONE', *, *, #7333, .T. ) ;
#7950 = CC_DESIGN_DATE_AND_TIME_ASSIGNMENT ( #2432, #5646, ( #6990 ) ) ;
#7951 = CARTESIAN_POINT ( 'NONE',  ( -2.674802137349368000, 5.221207648058648200, 11.50000000000000200 ) ) ;
#7952 = EDGE_CURVE ( 'NONE', #6646, #3920, #9262, .T. ) ;
#7953 = CARTESIAN_POINT ( 'NONE',  ( -3.760909359542414300, -16.14039498173048100, 11.50000000000000000 ) ) ;
#7954 = DIRECTION ( 'NONE',  ( -1.000000000000000000, 0.0000000000000000000, -0.0000000000000000000 ) ) ;
#7955 = CARTESIAN_POINT ( 'NONE',  ( 1.650840359806359000, 5.086172736621346500, 11.49999999999999800 ) ) ;
#7956 = VECTOR ( 'NONE', #7103, 1000.000000000000000 ) ;
#7957 = LINE ( 'NONE', #8966, #9170 ) ;
#7958 = CARTESIAN_POINT ( 'NONE',  ( 3.400758103843181300, 5.307597028545292700, 11.49999999999999600 ) ) ;
#7959 = ORIENTED_EDGE ( 'NONE', *, *, #706, .T. ) ;
#7960 = CARTESIAN_POINT ( 'NONE',  ( -1.561541965440498700, -10.33041053517120400, 11.50000000000000200 ) ) ;
#7961 = ORIENTED_EDGE ( 'NONE', *, *, #8837, .T. ) ;
#7962 = CARTESIAN_POINT ( 'NONE',  ( 0.5290322580646396000, 11.29032258064515800, 11.50000000000000000 ) ) ;
#7963 = CARTESIAN_POINT ( 'NONE',  ( 1.475551438492776600, 11.38641857329420200, 11.50000000000000000 ) ) ;
#7964 = CARTESIAN_POINT ( 'NONE',  ( 2.428555007396451700, 6.404321369419221800, 11.50000000000000000 ) ) ;
#7965 = ORIENTED_EDGE ( 'NONE', *, *, #2364, .T. ) ;
#7966 = ORIENTED_EDGE ( 'NONE', *, *, #3130, .F. ) ;
#7967 = EDGE_CURVE ( 'NONE', #4136, #5506, #264, .T. ) ;
#7968 = VERTEX_POINT ( 'NONE', #9101 ) ;
#7969 = DIRECTION ( 'NONE',  ( -0.0000000000000000000, 0.0000000000000000000, 1.000000000000000000 ) ) ;
#7970 = CARTESIAN_POINT ( 'NONE',  ( -3.415085824976550100, 4.685672932598059500, 11.50000000000000000 ) ) ;
#7971 = CARTESIAN_POINT ( 'NONE',  ( -3.007534631082398500, -16.14137574694198600, 11.50000000000000400 ) ) ;
#7972 = FACE_OUTER_BOUND ( 'NONE', #2615, .T. ) ;
#7973 = CARTESIAN_POINT ( 'NONE',  ( -16.70000000000002400, 16.69999999999996000, 0.0000000000000000000 ) ) ;
#7974 = EDGE_LOOP ( 'NONE', ( #7197, #1587, #5844, #7821 ) ) ;
#7975 = CARTESIAN_POINT ( 'NONE',  ( 1.439067394791824000, -0.4890034836671231500, 11.50000000000000000 ) ) ;
#7976 = CARTESIAN_POINT ( 'NONE',  ( 3.578947368421051300, -16.76000833520012300, 11.50000000000000000 ) ) ;
#7977 = CARTESIAN_POINT ( 'NONE',  ( 3.748938053970196600, 4.950004211503590500, 11.50000000000000000 ) ) ;
#7978 = CARTESIAN_POINT ( 'NONE',  ( -0.07882259949823700000, -17.15587549360783700, 11.49999999999999800 ) ) ;
#7979 = CARTESIAN_POINT ( 'NONE',  ( 3.824171671711948100, -16.27857731327960900, 11.50000000000000400 ) ) ;
#7980 = ORIENTED_EDGE ( 'NONE', *, *, #5804, .T. ) ;
#7981 = ORIENTED_EDGE ( 'NONE', *, *, #7644, .T. ) ;
#7982 = AXIS2_PLACEMENT_3D ( 'NONE', #7565, #9121, #2710 ) ;
#7983 = CARTESIAN_POINT ( 'NONE',  ( 0.1248416827248476800, -13.44035299119023600, 11.50000000000000500 ) ) ;
#7984 = CARTESIAN_POINT ( 'NONE',  ( -1.036463002651243600, 4.656567440518069000, 11.49999999999999800 ) ) ;
#7985 = LINE ( 'NONE', #1332, #4740 ) ;
#7986 = ORIENTED_EDGE ( 'NONE', *, *, #4421, .T. ) ;
#7987 = ADVANCED_FACE ( 'NONE', ( #4242, #6138 ), #3155, .T. ) ;
#7988 = DIRECTION ( 'NONE',  ( -0.0000000000000000000, 0.0000000000000000000, 1.000000000000000000 ) ) ;
#7989 = DIRECTION ( 'NONE',  ( -0.0000000000000000000, 0.0000000000000000000, 1.000000000000000000 ) ) ;
#7990 = ORIENTED_EDGE ( 'NONE', *, *, #4703, .F. ) ;
#7991 = DIRECTION ( 'NONE',  ( 0.0000000000000000000, -1.000000000000000000, 0.0000000000000000000 ) ) ;
#7992 = CARTESIAN_POINT ( 'NONE',  ( -3.966181536975507300, -17.07195346595233300, 11.49999999999999600 ) ) ;
#7993 = FACE_OUTER_BOUND ( 'NONE', #6019, .T. ) ;
#7994 = ORIENTED_EDGE ( 'NONE', *, *, #8511, .F. ) ;
#7995 = AXIS2_PLACEMENT_3D ( 'NONE', #5643, #4129, #1279 ) ;
#7996 = VERTEX_POINT ( 'NONE', #606 ) ;
#7997 = CARTESIAN_POINT ( 'NONE',  ( 1.517697122419702900, 0.07956019103282745100, 11.50000000000000000 ) ) ;
#7998 = EDGE_CURVE ( 'NONE', #930, #9131, #670, .T. ) ;
#7999 = DIRECTION ( 'NONE',  ( 0.0000000000000000000, -0.0000000000000000000, 1.000000000000000000 ) ) ;
#8000 = CARTESIAN_POINT ( 'NONE',  ( 2.164640111810046900, 5.384905660377355300, 11.49999999999999800 ) ) ;
#8001 = CARTESIAN_POINT ( 'NONE',  ( -1.445293536007215700, -17.03958732413910900, 11.50000000000000200 ) ) ;
#8002 = B_SPLINE_CURVE_WITH_KNOTS ( 'NONE', 3,
 ( #4966, #4892, #1265, #7629, #8261, #5864, #3694, #2901, #8326, #2167, #5279, #8997, #9023, #4860, #1371, #4031, #7910, #5196, #4842 ),
 .UNSPECIFIED., .F., .F.,
 ( 4, 1, 1, 1, 1, 1, 1, 1, 1, 1, 1, 1, 1, 1, 1, 1, 4 ),
 ( 0.0000000000000000000, 0.06658858504395293000, 0.1309157575791450900, 0.1935647902244648200, 0.2547120035346729400, 0.3148053720398548100, 0.3740308096633723200, 0.4327515519404524500, 0.4914935543649839900, 0.5506242587863934300, 0.6101993271867016700, 0.6709678024470313600, 0.7328675984070249800, 0.7964456708816952700, 0.8621043458012389600, 0.9297891003979956700, 1.000000000000000000 ),
 .UNSPECIFIED. ) ;
#8003 = CARTESIAN_POINT ( 'NONE',  ( 0.2647253336308685300, -13.83827987525123300, 11.50000000000000500 ) ) ;
#8004 = DIRECTION ( 'NONE',  ( 0.3225311624017466200, 0.9465588461790307400, 0.0000000000000000000 ) ) ;
#8005 = VERTEX_POINT ( 'NONE', #5466 ) ;
#8006 = CARTESIAN_POINT ( 'NONE',  ( -3.999895970076209100, 4.784168311481296100, 11.50000000000000000 ) ) ;
#8007 = CARTESIAN_POINT ( 'NONE',  ( -9.000000000000005300, 22.60000000000000100, 2.000000000000000000 ) ) ;
#8008 = DIRECTION ( 'NONE',  ( 0.0000000000000000000, 0.0000000000000000000, 1.000000000000000000 ) ) ;
#8009 = AXIS2_PLACEMENT_3D ( 'NONE', #2976, #4864, #3081 ) ;
#8010 = EDGE_CURVE ( 'NONE', #8562, #6280, #4468, .T. ) ;
#8011 = CARTESIAN_POINT ( 'NONE',  ( 2.490792325770099200, -9.636588760726766600, 11.49999999999999800 ) ) ;
#8012 = CARTESIAN_POINT ( 'NONE',  ( 3.143492477534520100, 5.293173958509818500, 11.49999999999999800 ) ) ;
#8013 = CARTESIAN_POINT ( 'NONE',  ( -4.187734901860067400, 4.706248579491769700, 11.50000000000000000 ) ) ;
#8014 = CARTESIAN_POINT ( 'NONE',  ( -0.4824561403508770800, -13.90981156595192300, 11.50000000000000000 ) ) ;
#8015 = DIRECTION ( 'NONE',  ( 0.0000000000000000000, 1.000000000000000000, 0.0000000000000000000 ) ) ;
#8016 = CARTESIAN_POINT ( 'NONE',  ( 2.814074535813575000, -9.182192305814711000, 11.50000000000000400 ) ) ;
#8017 = DIRECTION ( 'NONE',  ( 1.000000000000000000, 0.0000000000000000000, 0.0000000000000000000 ) ) ;
#8018 = ADVANCED_FACE ( 'NONE', ( #4362, #6360 ), #1338, .T. ) ;
#8019 = EDGE_CURVE ( 'NONE', #634, #2771, #6254, .T. ) ;
#8020 = CIRCLE ( 'NONE', #5736, 0.9999999999999991100 ) ;
#8021 = ORIENTED_EDGE ( 'NONE', *, *, #1067, .F. ) ;
#8022 = CARTESIAN_POINT ( 'NONE',  ( 1.015684036172449100, 8.280180133861476200, 11.50000000000000000 ) ) ;
#8023 = CARTESIAN_POINT ( 'NONE',  ( 2.132960633589688500, 5.394968553459116300, 11.50000000000000000 ) ) ;
#8024 = ORIENTED_EDGE ( 'NONE', *, *, #6129, .T. ) ;
#8025 = DIRECTION ( 'NONE',  ( -0.2776535470382519600, -0.9606812727523511600, 0.0000000000000000000 ) ) ;
#8026 = LINE ( 'NONE', #4631, #7360 ) ;
#8027 = CARTESIAN_POINT ( 'NONE',  ( -2.848674258412515800, -11.75389740966220000, 11.49999999999999300 ) ) ;
#8028 = ADVANCED_FACE ( 'NONE', ( #8143 ), #6234, .T. ) ;
#8029 = VERTEX_POINT ( 'NONE', #4952 ) ;
#8030 = EDGE_CURVE ( 'NONE', #3007, #3345, #2668, .T. ) ;
#8031 = CARTESIAN_POINT ( 'NONE',  ( 2.193220940432964600, 5.396805869740210100, 11.50000000000000000 ) ) ;
#8032 = CARTESIAN_POINT ( 'NONE',  ( -3.748538011695906800, -16.25123640537556100, 11.49999999999999800 ) ) ;
#8033 = CARTESIAN_POINT ( 'NONE',  ( -1.468106486677193100, 5.032189582299711400, 11.49999999999999800 ) ) ;
#8034 = B_SPLINE_CURVE_WITH_KNOTS ( 'NONE', 3,
 ( #6397, #7878, #5174, #2318, #864, #6581, #8921, #2986, #2148, #3635, #5139, #654, #2082, #3992, #2311, #3737, #8741, #6730, #3874 ),
 .UNSPECIFIED., .F., .F.,
 ( 4, 1, 1, 1, 1, 1, 1, 1, 1, 1, 1, 1, 1, 1, 1, 1, 4 ),
 ( 0.0000000000000000000, 0.08053420539886402300, 0.1551580827586889200, 0.2231629897633147200, 0.2869963329059347400, 0.3453807794179739600, 0.4012064561837184200, 0.4532875982628960000, 0.5044832158862155900, 0.5552548459392696600, 0.6068709685117955600, 0.6616138626635199600, 0.7192999269168374200, 0.7810781247259708200, 0.8483547653437785200, 0.9212113292029446800, 1.000000000000000000 ),
 .UNSPECIFIED. ) ;
#8035 = VECTOR ( 'NONE', #1784, 999.9999999999998900 ) ;
#8036 = ORIENTED_EDGE ( 'NONE', *, *, #2786, .T. ) ;
#8037 = CARTESIAN_POINT ( 'NONE',  ( 4.510923891276311400, 4.697146225329641200, 11.50000000000000400 ) ) ;
#8038 = EDGE_CURVE ( 'NONE', #9050, #1792, #566, .T. ) ;
#8039 = CARTESIAN_POINT ( 'NONE',  ( -0.5838941018714833800, 9.806193815310898300, 11.49999999999999800 ) ) ;
#8040 = CARTESIAN_POINT ( 'NONE',  ( 4.664764278158219000, 5.303689015230246700, 11.49999999999999800 ) ) ;
#8042 = VERTEX_POINT ( 'NONE', #168 ) ;
#8041 = DIRECTION ( 'NONE',  ( -0.0000000000000000000, -0.0000000000000000000, -1.000000000000000000 ) ) ;
#8043 = CARTESIAN_POINT ( 'NONE',  ( 1.890063284627840700, 4.616261265369687700, 11.50000000000000200 ) ) ;
#8044 = CARTESIAN_POINT ( 'NONE',  ( -0.7744734330280517200, -13.86440214178710800, 11.49999999999999800 ) ) ;
#8045 = CARTESIAN_POINT ( 'NONE',  ( 4.523456790123581200, 5.420125786163518800, 11.50000000000000000 ) ) ;
#8046 = CARTESIAN_POINT ( 'NONE',  ( -1.223969346564714100, -16.76288203956355400, 11.50000000000000000 ) ) ;
#8047 = PLANE ( 'NONE',  #7451 ) ;
#8048 = ADVANCED_FACE ( 'NONE', ( #5495 ), #4762, .F. ) ;
#8049 = CARTESIAN_POINT ( 'NONE',  ( -2.710796297091516500, -16.98099588088121700, 11.50000000000000500 ) ) ;
#8050 = ORIENTED_EDGE ( 'NONE', *, *, #1207, .F. ) ;
#8051 = ORIENTED_EDGE ( 'NONE', *, *, #7216, .T. ) ;
#8052 = B_SPLINE_CURVE_WITH_KNOTS ( 'NONE', 3,
 ( #3308, #4940, #7312, #3815, #6816, #7188, #8518, #5726, #8486, #143, #5411 ),
 .UNSPECIFIED., .F., .F.,
 ( 4, 1, 1, 1, 1, 1, 1, 1, 4 ),
 ( 0.0000000000000000000, 0.1388853228282718200, 0.2661630487437831600, 0.3844377110143424300, 0.4990414577838892000, 0.6137338486368046900, 0.7329399209499545300, 0.8606162627048923300, 1.000000000000000000 ),
 .UNSPECIFIED. ) ;
#8053 = CARTESIAN_POINT ( 'NONE',  ( -3.055349309986662700, -16.27493450415855100, 11.50000000000000000 ) ) ;
#8054 = AXIS2_PLACEMENT_3D ( 'NONE', #5191, #6154, #2586 ) ;
#8055 = EDGE_CURVE ( 'NONE', #1280, #2285, #8652, .T. ) ;
#8056 = ORIENTED_EDGE ( 'NONE', *, *, #2818, .F. ) ;
#8057 = VERTEX_POINT ( 'NONE', #5384 ) ;
#8058 = CARTESIAN_POINT ( 'NONE',  ( 3.904044554977907000, -16.34456389472032400, 11.50000000000000400 ) ) ;
#8059 = CARTESIAN_POINT ( 'NONE',  ( -1.922309488901196900, 4.718233100760860700, 11.50000000000000500 ) ) ;
#8060 = CARTESIAN_POINT ( 'NONE',  ( 0.0000000000000000000, 0.0000000000000000000, 11.50000000000000000 ) ) ;
#8061 = CARTESIAN_POINT ( 'NONE',  ( -1.775114832306523100, -17.00767752003369200, 11.49999999999999800 ) ) ;
#8062 = DIRECTION ( 'NONE',  ( -0.07124704998790969100, 0.0000000000000000000, -0.9974586998307349800 ) ) ;
#8063 = DIRECTION ( 'NONE',  ( 0.0000000000000000000, 0.0000000000000000000, 1.000000000000000000 ) ) ;
#8064 = EDGE_CURVE ( 'NONE', #7187, #30, #4957, .T. ) ;
#8065 = VERTEX_POINT ( 'NONE', #2232 ) ;
#8066 = DIRECTION ( 'NONE',  ( 0.0000000000000000000, -1.000000000000000000, 0.0000000000000000000 ) ) ;
#8067 = CARTESIAN_POINT ( 'NONE',  ( -1.608868500079081700, 9.294207786615482200, 11.49999999999999800 ) ) ;
#8068 = CARTESIAN_POINT ( 'NONE',  ( 2.925263262512978200, 11.19630574982511500, 11.50000000000000200 ) ) ;
#8069 = CARTESIAN_POINT ( 'NONE',  ( -0.1191347541285224100, -10.66719479176515200, 11.50000000000000200 ) ) ;
#8070 = CARTESIAN_POINT ( 'NONE',  ( -2.970760233918129600, -16.25123640537556500, 11.50000000000000000 ) ) ;
#8071 = VECTOR ( 'NONE', #2527, 1000.000000000000000 ) ;
#8072 = VERTEX_POINT ( 'NONE', #2219 ) ;
#8073 = ORIENTED_EDGE ( 'NONE', *, *, #3449, .T. ) ;
#8074 = EDGE_LOOP ( 'NONE', ( #8310, #5173 ) ) ;
#8075 = DIRECTION ( 'NONE',  ( 0.5026204573745302100, 0.8645071866841930200, 0.0000000000000000000 ) ) ;
#8076 = EDGE_CURVE ( 'NONE', #4600, #5257, #7178, .T. ) ;
#8077 = CARTESIAN_POINT ( 'NONE',  ( -3.597695495466021400, -10.23884066568231400, 11.49999999999999800 ) ) ;
#8078 = VERTEX_POINT ( 'NONE', #7245 ) ;
#8079 = CARTESIAN_POINT ( 'NONE',  ( -0.4191706166585078000, -10.73860065933079400, 11.50000000000000900 ) ) ;
#8080 = ORIENTED_EDGE ( 'NONE', *, *, #2289, .F. ) ;
#8081 = CARTESIAN_POINT ( 'NONE',  ( -3.157255513894496900, 4.659450101209042600, 11.50000000000000400 ) ) ;
#8082 = VECTOR ( 'NONE', #8087, 1000.000000000000000 ) ;
#8083 = CARTESIAN_POINT ( 'NONE',  ( 0.0000000000000000000, 4.942138364779869300, 11.50000000000000000 ) ) ;
#8084 = ADVANCED_FACE ( 'NONE', ( #5268 ), #6953, .F. ) ;
#8085 = VERTEX_POINT ( 'NONE', #1853 ) ;
#8086 = DIRECTION ( 'NONE',  ( 1.000000000000000000, 0.0000000000000000000, 0.0000000000000000000 ) ) ;
#8087 = DIRECTION ( 'NONE',  ( -0.0000000000000000000, -0.0000000000000000000, -1.000000000000000000 ) ) ;
#8088 = CARTESIAN_POINT ( 'NONE',  ( 3.955861404239628500, 4.653714337042737600, 11.49999999999999800 ) ) ;
#8089 = CARTESIAN_POINT ( 'NONE',  ( -1.578947368421053800, -14.71228070175438600, 11.50000000000000000 ) ) ;
#8090 = CARTESIAN_POINT ( 'NONE',  ( -3.969752662730935200, 4.726812007266439700, 11.50000000000000000 ) ) ;
#8091 = CARTESIAN_POINT ( 'NONE',  ( 3.143584478451326700, 5.249963740883822900, 11.50000000000000000 ) ) ;
#8092 = CARTESIAN_POINT ( 'NONE',  ( -6.081952832271270800, -10.40468357619830900, 11.48700336912347600 ) ) ;
#8093 = VERTEX_POINT ( 'NONE', #8096 ) ;
#8094 = CARTESIAN_POINT ( 'NONE',  ( -1.642362157124850100, -17.13231872641086500, 11.49999999999999600 ) ) ;
#8095 = CARTESIAN_POINT ( 'NONE',  ( -4.463028468390922000, 5.287806869539162200, 11.49999999999999600 ) ) ;
#8096 = CARTESIAN_POINT ( 'NONE',  ( 2.773445143256586300, 4.650314465408802000, 11.50000000000000000 ) ) ;
#8097 = CARTESIAN_POINT ( 'NONE',  ( -2.915154262828099500, -16.25991464374862300, 11.50000000000000400 ) ) ;
#8098 = CARTESIAN_POINT ( 'NONE',  ( 2.978844757243043900, 10.55649743587728300, 11.50000000000000400 ) ) ;
#8099 = AXIS2_PLACEMENT_3D ( 'NONE', #955, #7262, #4595 ) ;
#8100 = EDGE_CURVE ( 'NONE', #7854, #3780, #1486, .T. ) ;
#8101 = DIRECTION ( 'NONE',  ( 1.000000000000000000, 0.0000000000000000000, 0.0000000000000000000 ) ) ;
#8102 = CARTESIAN_POINT ( 'NONE',  ( -2.252770151389837100, 10.98144809452326200, 11.49999999999999300 ) ) ;
#8103 = PLANE ( 'NONE',  #805 ) ;
#8104 = B_SPLINE_CURVE_WITH_KNOTS ( 'NONE', 3,
 ( #3779, #465, #613, #3215, #8341, #9242, #2667, #3230, #659, #5910, #3320 ),
 .UNSPECIFIED., .F., .F.,
 ( 4, 1, 1, 1, 1, 1, 1, 1, 4 ),
 ( 0.0000000000000000000, 0.1613676751312477200, 0.3130651773236364800, 0.4530174550122477700, 0.5833444192994070600, 0.7029910524310172300, 0.8120733889808364700, 0.9117482828623088000, 1.000000000000000000 ),
 .UNSPECIFIED. ) ;
#8105 = FACE_BOUND ( 'NONE', #213, .T. ) ;
#8106 = ORIENTED_EDGE ( 'NONE', *, *, #5149, .F. ) ;
#8107 = CARTESIAN_POINT ( 'NONE',  ( 0.1754385964912280900, -11.65380116959065000, 11.50000000000000200 ) ) ;
#8108 = CARTESIAN_POINT ( 'NONE',  ( -0.7351681070294666700, -10.38707902210612300, 11.50000000000000500 ) ) ;
#8109 = CARTESIAN_POINT ( 'NONE',  ( 0.0000000000000000000, 4.650314465408802000, 11.50000000000000000 ) ) ;
#8110 = ORIENTED_EDGE ( 'NONE', *, *, #5601, .T. ) ;
#8111 = CARTESIAN_POINT ( 'NONE',  ( 3.927554002066315800, 5.305279371059143900, 11.50000000000000000 ) ) ;
#8112 = VECTOR ( 'NONE', #5778, 1000.000000000000000 ) ;
#8113 =( GEOMETRIC_REPRESENTATION_CONTEXT ( 3 ) GLOBAL_UNCERTAINTY_ASSIGNED_CONTEXT ( ( #8506 ) ) GLOBAL_UNIT_ASSIGNED_CONTEXT ( ( #1176, #1119, #2656 ) ) REPRESENTATION_CONTEXT ( 'NONE', 'WORKASPACE' ) );
#8114 = EDGE_CURVE ( 'NONE', #8154, #7861, #2713, .T. ) ;
#8115 = VERTEX_POINT ( 'NONE', #7872 ) ;
#8116 = CARTESIAN_POINT ( 'NONE',  ( 0.5346986255321123400, -16.21583618877689800, 11.49999999999999800 ) ) ;
#8117 = CARTESIAN_POINT ( 'NONE',  ( 0.1661557262823055700, -16.98297274641164000, 11.50000000000000000 ) ) ;
#8118 = CARTESIAN_POINT ( 'NONE',  ( -8.000000000000003600, 22.60000000000000100, 0.0000000000000000000 ) ) ;
#8119 = COORDINATED_UNIVERSAL_TIME_OFFSET ( 8, 0, .AHEAD. ) ;
#8120 = VERTEX_POINT ( 'NONE', #1947 ) ;
#8121 = CARTESIAN_POINT ( 'NONE',  ( 0.5921470883070910600, -16.44651915041217900, 11.50000000000000500 ) ) ;
#8122 = VECTOR ( 'NONE', #6207, 1000.000000000000000 ) ;
#8123 = ORIENTED_EDGE ( 'NONE', *, *, #5325, .T. ) ;
#8124 = CARTESIAN_POINT ( 'NONE',  ( -2.368887530498144500, 1.843817872741005300, 11.50000000000000000 ) ) ;
#8125 = CARTESIAN_POINT ( 'NONE',  ( -2.807134294562506000, -16.49814708137246200, 11.50000000000000400 ) ) ;
#8126 = VECTOR ( 'NONE', #9232, 1000.000000000000000 ) ;
#8127 = EDGE_CURVE ( 'NONE', #7797, #3039, #1956, .T. ) ;
#8128 = DIRECTION ( 'NONE',  ( 1.000000000000000000, 0.0000000000000000000, 0.0000000000000000000 ) ) ;
#8129 = ORIENTED_EDGE ( 'NONE', *, *, #8962, .F. ) ;
#8130 = LINE ( 'NONE', #7117, #8826 ) ;
#8131 = CARTESIAN_POINT ( 'NONE',  ( -0.3157894736842116700, -16.80397627975286700, 11.50000000000000000 ) ) ;
#8132 = CARTESIAN_POINT ( 'NONE',  ( -3.844584206848233900, 5.329559748427668000, 11.50000000000000200 ) ) ;
#8133 = ORIENTED_EDGE ( 'NONE', *, *, #202, .F. ) ;
#8134 = CARTESIAN_POINT ( 'NONE',  ( -0.5264546248891368600, 8.891459353698209600, 11.50000000000000200 ) ) ;
#8135 = CARTESIAN_POINT ( 'NONE',  ( -2.058064516128908800, 10.64774193548386800, 11.50000000000000000 ) ) ;
#8136 = VERTEX_POINT ( 'NONE', #3819 ) ;
#8137 = VECTOR ( 'NONE', #4590, 1000.000000000000000 ) ;
#8138 = CARTESIAN_POINT ( 'NONE',  ( 0.0000000000000000000, -2.000000000000004000, 11.00000000000000000 ) ) ;
#8139 = VERTEX_POINT ( 'NONE', #738 ) ;
#8140 = ORIENTED_EDGE ( 'NONE', *, *, #2922, .F. ) ;
#8141 = CARTESIAN_POINT ( 'NONE',  ( 0.6660751480094694300, 4.707669562130350400, 11.50000000000000000 ) ) ;
#8142 = FACE_OUTER_BOUND ( 'NONE', #6139, .T. ) ;
#8143 = FACE_OUTER_BOUND ( 'NONE', #228, .T. ) ;
#8144 = ORIENTED_EDGE ( 'NONE', *, *, #8441, .T. ) ;
#8145 = CARTESIAN_POINT ( 'NONE',  ( 2.193996205769394200, 5.397237812235103700, 11.50000000000000400 ) ) ;
#8146 = CARTESIAN_POINT ( 'NONE',  ( -4.332075989169440300, 5.413693290752089400, 11.50000000000000000 ) ) ;
#8147 = CARTESIAN_POINT ( 'NONE',  ( 1.013494825399748900, -16.74181449540629200, 11.50000000000000400 ) ) ;
#8148 = PLANE ( 'NONE',  #761 ) ;
#8149 = B_SPLINE_CURVE_WITH_KNOTS ( 'NONE', 3,
 ( #3198, #1156, #2465, #2408, #3112, #8379, #8876, #3149, #4598, #5100, #1528, #2258, #8554, #7793, #1832, #7567, #8835, #1812, #5051 ),
 .UNSPECIFIED., .F., .F.,
 ( 4, 1, 1, 1, 1, 1, 1, 1, 1, 1, 1, 1, 1, 1, 1, 1, 4 ),
 ( 0.0000000000000000000, 0.07304075044791369400, 0.1428831325471667800, 0.2090479411590812100, 0.2729960711278686100, 0.3347345647684385500, 0.3950562798263370600, 0.4544313757111044800, 0.5135255627797898900, 0.5723846350651614600, 0.6307825109513420800, 0.6884876883488371100, 0.7468346610008700400, 0.8065109229746614300, 0.8685933752290724300, 0.9327409932289151300, 0.9999999999999998900 ),
 .UNSPECIFIED. ) ;
#8150 = DIRECTION ( 'NONE',  ( 1.000000000000000000, 0.0000000000000000000, -0.0000000000000000000 ) ) ;
#8151 = CARTESIAN_POINT ( 'NONE',  ( 3.663328089912278900, 4.669165008656375600, 11.49999999999999800 ) ) ;
#8152 = LINE ( 'NONE', #206, #800 ) ;
#8153 = CARTESIAN_POINT ( 'NONE',  ( -6.397379542625473400, -0.7097228931188052100, 11.46447288981245900 ) ) ;
#8154 = VERTEX_POINT ( 'NONE', #6061 ) ;
#8155 = CARTESIAN_POINT ( 'NONE',  ( 1.934233209709422600, 5.117503276163357200, 11.50000000000000000 ) ) ;
#8156 = CARTESIAN_POINT ( 'NONE',  ( 2.410322580645285000, 6.402580645161286600, 11.50000000000000000 ) ) ;
#8157 = CARTESIAN_POINT ( 'NONE',  ( -2.012381498058304400, 5.360546591739625600, 11.49999999999999800 ) ) ;
#8158 = CARTESIAN_POINT ( 'NONE',  ( 4.584490505056422200, -16.62323755562641700, 11.50000000000000200 ) ) ;
#8159 = ORIENTED_EDGE ( 'NONE', *, *, #526, .T. ) ;
#8160 = ORIENTED_EDGE ( 'NONE', *, *, #7652, .F. ) ;
#8161 = CARTESIAN_POINT ( 'NONE',  ( -0.4426070432905123100, 5.348248601742505500, 11.50000000000000000 ) ) ;
#8162 = CARTESIAN_POINT ( 'NONE',  ( 16.70000000000006300, 16.69999999999989300, 0.0000000000000000000 ) ) ;
#8163 = ORIENTED_EDGE ( 'NONE', *, *, #1483, .T. ) ;
#8164 = CARTESIAN_POINT ( 'NONE',  ( 5.900000000000000400, 42.00000000000001400, 11.50000000000000000 ) ) ;
#8165 = ORIENTED_EDGE ( 'NONE', *, *, #2583, .F. ) ;
#8166 = CARTESIAN_POINT ( 'NONE',  ( 0.7475482297956594900, -9.495547339275026000, 11.49999999999999600 ) ) ;
#8167 = CARTESIAN_POINT ( 'NONE',  ( 3.135709294199982500, 5.183647798742134300, 11.50000000000000000 ) ) ;
#8168 = CARTESIAN_POINT ( 'NONE',  ( 1.272339113161637300, 4.756945834141094000, 11.50000000000000200 ) ) ;
#8169 = ORIENTED_EDGE ( 'NONE', *, *, #7483, .T. ) ;
#8170 = CARTESIAN_POINT ( 'NONE',  ( -1.832079288192316200, 5.114929079533344400, 11.50000000000000000 ) ) ;
#8172 = ORIENTED_EDGE ( 'NONE', *, *, #4064, .T. ) ;
#8171 = CARTESIAN_POINT ( 'NONE',  ( 0.0000000000000000000, 5.042767295597480300, 11.50000000000000000 ) ) ;
#8173 = VECTOR ( 'NONE', #1078, 1000.000000000000000 ) ;
#8174 = DIRECTION ( 'NONE',  ( 0.0000000000000000000, -0.0000000000000000000, -1.000000000000000000 ) ) ;
#8175 = LINE ( 'NONE', #5504, #6276 ) ;
#8176 = CARTESIAN_POINT ( 'NONE',  ( 2.326828918379968200E-015, 1.499999999999997800, 11.60000000000000000 ) ) ;
#8177 = ORIENTED_EDGE ( 'NONE', *, *, #3202, .T. ) ;
#8178 = ORIENTED_EDGE ( 'NONE', *, *, #6078, .F. ) ;
#8179 = DIRECTION ( 'NONE',  ( -1.000000000000000000, 0.0000000000000000000, 0.0000000000000000000 ) ) ;
#8180 = AXIS2_PLACEMENT_3D ( 'NONE', #5324, #7851, #8641 ) ;
#8181 = CARTESIAN_POINT ( 'NONE',  ( -4.537097396323743800, 5.400973344245494800, 11.50000000000000400 ) ) ;
#8182 = EDGE_CURVE ( 'NONE', #7405, #1255, #3601, .T. ) ;
#8183 = CARTESIAN_POINT ( 'NONE',  ( -0.8943866655157177700, 5.232015575007050500, 11.49999999999999800 ) ) ;
#8184 = CARTESIAN_POINT ( 'NONE',  ( 0.4669046024744507600, 5.280583424607913300, 11.49999999999999300 ) ) ;
#8185 = LINE ( 'NONE', #890, #8082 ) ;
#8186 = ORIENTED_EDGE ( 'NONE', *, *, #4562, .T. ) ;
#8187 = ORIENTED_EDGE ( 'NONE', *, *, #762, .F. ) ;
#8188 = CARTESIAN_POINT ( 'NONE',  ( -1.354893451273852000, -11.22524177062527800, 11.50000000000000200 ) ) ;
#8189 = DIRECTION ( 'NONE',  ( 0.0000000000000000000, 0.0000000000000000000, 1.000000000000000000 ) ) ;
#8190 = CARTESIAN_POINT ( 'NONE',  ( -1.310276127361388500, -14.57289610924993900, 11.49999999999999800 ) ) ;
#8191 = VERTEX_POINT ( 'NONE', #5488 ) ;
#8192 = CARTESIAN_POINT ( 'NONE',  ( 2.803633822501868900, 4.650314465408802000, 11.50000000000000000 ) ) ;
#8193 = B_SPLINE_CURVE_WITH_KNOTS ( 'NONE', 3,
 ( #3538, #1386, #7570, #6063, #7943, #4773, #4304, #4685, #858, #46, #1177 ),
 .UNSPECIFIED., .F., .F.,
 ( 4, 1, 1, 1, 1, 1, 1, 1, 4 ),
 ( 0.0000000000000000000, 0.1674443455452414600, 0.3236614984912636900, 0.4671133158773878000, 0.5979279945369070400, 0.7174537362591586500, 0.8242942861031108400, 0.9184920090125722200, 1.000000000000000000 ),
 .UNSPECIFIED. ) ;
#8194 = CARTESIAN_POINT ( 'NONE',  ( -4.042872811639822000, -16.93094172208818900, 11.50000000000000000 ) ) ;
#8195 = CARTESIAN_POINT ( 'NONE',  ( -0.6746683396301358400, -11.44351079899028400, 11.50000000000000700 ) ) ;
#8196 = CARTESIAN_POINT ( 'NONE',  ( 1.052631578947367500, -16.87111944631123400, 11.50000000000000400 ) ) ;
#8197 = VERTEX_POINT ( 'NONE', #5124 ) ;
#8198 = EDGE_CURVE ( 'NONE', #3067, #8191, #1413, .T. ) ;
#8199 = CARTESIAN_POINT ( 'NONE',  ( -0.09951083158618080600, 4.861635220125783100, 11.50000000000000000 ) ) ;
#8200 = VERTEX_POINT ( 'NONE', #8709 ) ;
#8201 = CARTESIAN_POINT ( 'NONE',  ( -1.166630470911715200, -14.14682924509488300, 11.50000000000000400 ) ) ;
#8202 = DIRECTION ( 'NONE',  ( -0.0000000000000000000, 0.0000000000000000000, 1.000000000000000000 ) ) ;
#8203 = CARTESIAN_POINT ( 'NONE',  ( -1.703453077448294300, -16.88922984448925000, 11.49999999999999600 ) ) ;
#8204 = CARTESIAN_POINT ( 'NONE',  ( -3.260233918128654400, -10.52807017543860200, 11.50000000000000000 ) ) ;
#8205 = B_SPLINE_CURVE_WITH_KNOTS ( 'NONE', 3,
 ( #6354, #6166, #7122, #7848, #8, #8815, #4169, #4926, #8698, #2202, #2837 ),
 .UNSPECIFIED., .F., .F.,
 ( 4, 1, 1, 1, 1, 1, 1, 1, 4 ),
 ( 0.0000000000000000000, 0.06342876895529414600, 0.1441007450563828200, 0.2420552883014416300, 0.3579654890105273800, 0.4914396096520989900, 0.6427951268942988500, 0.8129333765736260800, 0.9999999999999998900 ),
 .UNSPECIFIED. ) ;
#8206 = VERTEX_POINT ( 'NONE', #480 ) ;
#8207 = DIRECTION ( 'NONE',  ( -1.000000000000000000, 0.0000000000000000000, -0.0000000000000000000 ) ) ;
#8208 = CARTESIAN_POINT ( 'NONE',  ( 1.466946191474616900, 4.605031446540877500, 11.50000000000000000 ) ) ;
#8209 = CARTESIAN_POINT ( 'NONE',  ( -2.111417930650264300, 0.8567699132512466300, 11.50000000000000000 ) ) ;
#8210 = EDGE_CURVE ( 'NONE', #5552, #6973, #1927, .T. ) ;
#8211 = CARTESIAN_POINT ( 'NONE',  ( -24.51286444572863800, 9.822535771476056600, 10.17050968244794600 ) ) ;
#8212 = CARTESIAN_POINT ( 'NONE',  ( 4.232607543077341100, 5.297536904734375400, 11.50000000000000000 ) ) ;
#8213 = VERTEX_POINT ( 'NONE', #825 ) ;
#8214 = CARTESIAN_POINT ( 'NONE',  ( -0.6950210984488332000, 5.221207648058646500, 11.50000000000000000 ) ) ;
#8215 = VECTOR ( 'NONE', #7227, 1000.000000000000000 ) ;
#8216 = VERTEX_POINT ( 'NONE', #8451 ) ;
#8217 = CARTESIAN_POINT ( 'NONE',  ( 0.7293898138019383500, 4.651132069233455000, 11.50000000000000000 ) ) ;
#8218 = CARTESIAN_POINT ( 'NONE',  ( 1.105263157894736700, -13.58947368421052800, 11.50000000000000000 ) ) ;
#8219 = EDGE_CURVE ( 'NONE', #2510, #8136, #6726, .T. ) ;
#8220 = CARTESIAN_POINT ( 'NONE',  ( -2.047808151659126900, 4.638253314553248100, 11.50000000000000500 ) ) ;
#8221 = LINE ( 'NONE', #575, #8338 ) ;
#8222 = CARTESIAN_POINT ( 'NONE',  ( -3.833775914278934900, 5.183647798742132600, 11.50000000000000000 ) ) ;
#8223 = VERTEX_POINT ( 'NONE', #9152 ) ;
#8224 = CARTESIAN_POINT ( 'NONE',  ( -3.928055294095890800, 5.053885115914188700, 11.50000000000000400 ) ) ;
#8225 = LINE ( 'NONE', #3097, #750 ) ;
#8226 = CARTESIAN_POINT ( 'NONE',  ( -1.845137392260372900, 9.033002174534777500, 11.50000000000000000 ) ) ;
#8227 = CARTESIAN_POINT ( 'NONE',  ( 4.801169590643271900, -16.82433582058024200, 11.49999999999999800 ) ) ;
#8228 = CARTESIAN_POINT ( 'NONE',  ( -2.636143801466881400, 6.751746886820627400, 11.50000000000000200 ) ) ;
#8229 = CARTESIAN_POINT ( 'NONE',  ( -1.394404366456349500, -14.41435614989465500, 11.49999999999999800 ) ) ;
#8230 = CARTESIAN_POINT ( 'NONE',  ( 4.664709006845877900, -16.74520074698221700, 11.50000000000000000 ) ) ;
#8231 = CARTESIAN_POINT ( 'NONE',  ( -3.047915562636895400, -9.611326975468808000, 11.49999999999999800 ) ) ;
#8232 = CARTESIAN_POINT ( 'NONE',  ( 1.792759260105138300, 5.372588343504577100, 11.50000000000000500 ) ) ;
#8233 = CARTESIAN_POINT ( 'NONE',  ( -4.085720941066728800, 4.605031446540875700, 11.50000000000000000 ) ) ;
#8234 = CARTESIAN_POINT ( 'NONE',  ( 0.0000000000000000000, 0.0000000000000000000, 11.50000000000000000 ) ) ;
#8235 = CARTESIAN_POINT ( 'NONE',  ( -1.314826194786103500, -13.25885595174108300, 11.50000000000000200 ) ) ;
#8236 = CARTESIAN_POINT ( 'NONE',  ( -0.7879230342235429300, 11.06426626738879900, 11.50000000000000000 ) ) ;
#8237 = ORIENTED_EDGE ( 'NONE', *, *, #2772, .F. ) ;
#8238 = AXIS2_PLACEMENT_3D ( 'NONE', #1406, #7043, #664 ) ;
#8239 = CARTESIAN_POINT ( 'NONE',  ( -4.117466006827272400, 5.357296543262354000, 11.50000000000000000 ) ) ;
#8240 = EDGE_CURVE ( 'NONE', #8057, #1089, #6963, .T. ) ;
#8241 = CARTESIAN_POINT ( 'NONE',  ( -3.966528183272478400, 4.595365154411029000, 11.50000000000000000 ) ) ;
#8242 = ORIENTED_EDGE ( 'NONE', *, *, #1148, .T. ) ;
#8243 = CARTESIAN_POINT ( 'NONE',  ( -0.04895549649707627700, -13.39690598732182500, 11.50000000000000200 ) ) ;
#8244 = CYLINDRICAL_SURFACE ( 'NONE', #4946, 0.9999999999999991100 ) ;
#8245 = ORIENTED_EDGE ( 'NONE', *, *, #9207, .F. ) ;
#8246 = CARTESIAN_POINT ( 'NONE',  ( 0.8355175809324548700, -16.74911723536545300, 11.50000000000000200 ) ) ;
#8247 = DIRECTION ( 'NONE',  ( 0.0000000000000000000, 0.0000000000000000000, 1.000000000000000000 ) ) ;
#8248 = CARTESIAN_POINT ( 'NONE',  ( 8.285786437626928300, -24.69999999999999900, 0.0000000000000000000 ) ) ;
#8249 = CARTESIAN_POINT ( 'NONE',  ( 4.465548256167896700, 4.809334808789604000, 11.49999999999999800 ) ) ;
#8250 = CARTESIAN_POINT ( 'NONE',  ( 1.356400875523140300, 4.650641428945139200, 11.50000000000000000 ) ) ;
#8251 = CARTESIAN_POINT ( 'NONE',  ( -3.125366517578296800, 5.361747468453755200, 11.50000000000000000 ) ) ;
#8252 = ORIENTED_EDGE ( 'NONE', *, *, #6515, .T. ) ;
#8253 = EDGE_CURVE ( 'NONE', #8223, #5395, #1634, .T. ) ;
#8254 = DIRECTION ( 'NONE',  ( 1.000000000000000000, 0.0000000000000000000, 0.0000000000000000000 ) ) ;
#8255 = VECTOR ( 'NONE', #7350, 1000.000000000000000 ) ;
#8256 = ORIENTED_EDGE ( 'NONE', *, *, #2758, .F. ) ;
#8257 = CARTESIAN_POINT ( 'NONE',  ( 0.2332809053645240600, -11.44462708015214300, 11.50000000000000200 ) ) ;
#8258 = CARTESIAN_POINT ( 'NONE',  ( 2.433573217224595200, 4.655596491197372600, 11.50000000000000400 ) ) ;
#8259 = CARTESIAN_POINT ( 'NONE',  ( -2.042580945725477100, 4.836477987421380600, 11.50000000000000200 ) ) ;
#8260 = ADVANCED_FACE ( 'NONE', ( #8692 ), #3237, .T. ) ;
#8261 = CARTESIAN_POINT ( 'NONE',  ( -3.581238876032022800, 5.128464278885894100, 11.50000000000000400 ) ) ;
#8262 = CARTESIAN_POINT ( 'NONE',  ( -0.9453980908063793800, -13.25582495914554200, 11.49999999999999800 ) ) ;
#8263 = CARTESIAN_POINT ( 'NONE',  ( 0.0000000000000000000, 0.0000000000000000000, 11.50000000000000000 ) ) ;
#8264 = CARTESIAN_POINT ( 'NONE',  ( 0.9175265750357593000, -16.19051873835866600, 11.50000000000000500 ) ) ;
#8265 = CARTESIAN_POINT ( 'NONE',  ( -0.7108425699396043700, -13.60890978788790500, 11.49999999999999500 ) ) ;
#8266 = CARTESIAN_POINT ( 'NONE',  ( 0.8433387202045501400, -16.29722958268399700, 11.50000000000000200 ) ) ;
#8267 = CARTESIAN_POINT ( 'NONE',  ( -4.170882832517929000, 5.420125786163517000, 11.50000000000000000 ) ) ;
#8268 = VECTOR ( 'NONE', #2004, 1000.000000000000000 ) ;
#8269 = CARTESIAN_POINT ( 'NONE',  ( -1.068387096774070100, 10.82580645161290000, 11.50000000000000000 ) ) ;
#8270 = EDGE_CURVE ( 'NONE', #7474, #5677, #2482, .T. ) ;
#8271 = CARTESIAN_POINT ( 'NONE',  ( 2.340740740740862700, 4.650314465408802000, 11.50000000000000000 ) ) ;
#8272 = CARTESIAN_POINT ( 'NONE',  ( 0.0000000000000000000, -17.15182120069719900, 11.50000000000000000 ) ) ;
#8273 = ORIENTED_EDGE ( 'NONE', *, *, #4260, .F. ) ;
#8274 = CARTESIAN_POINT ( 'NONE',  ( 1.669774636527312700, 5.255022417656376500, 11.50000000000000000 ) ) ;
#8275 = CARTESIAN_POINT ( 'NONE',  ( -1.753908116794527600, 5.228633223466819600, 11.50000000000000000 ) ) ;
#8276 = CARTESIAN_POINT ( 'NONE',  ( -1.425887637939946600, 9.358200067821307800, 11.50000000000000500 ) ) ;
#8277 = CARTESIAN_POINT ( 'NONE',  ( -5.899999999999752600, 20.49999999999999600, 11.50000000000000500 ) ) ;
#8278 = FACE_OUTER_BOUND ( 'NONE', #2170, .T. ) ;
#8279 = CARTESIAN_POINT ( 'NONE',  ( 0.8385103103921712800, -16.15225686906161300, 11.49999999999999800 ) ) ;
#8280 = CARTESIAN_POINT ( 'NONE',  ( 4.357978103890177500, 4.992452830188676100, 11.50000000000000000 ) ) ;
#8281 = DIRECTION ( 'NONE',  ( -1.000000000000000000, 0.0000000000000000000, -0.0000000000000000000 ) ) ;
#8282 = CARTESIAN_POINT ( 'NONE',  ( -0.07796532576308624900, 9.814382952572522400, 11.49999999999999800 ) ) ;
#8283 = VERTEX_POINT ( 'NONE', #7670 ) ;
#8284 = VECTOR ( 'NONE', #9208, 999.9999999999998900 ) ;
#8285 = CARTESIAN_POINT ( 'NONE',  ( 3.046261355695439700, 5.334591194968549400, 11.50000000000000000 ) ) ;
#8286 = CARTESIAN_POINT ( 'NONE',  ( -2.068867888057346800, 4.776767859668105100, 11.50000000000000000 ) ) ;
#8287 = ORIENTED_EDGE ( 'NONE', *, *, #4413, .T. ) ;
#8288 = DIRECTION ( 'NONE',  ( 1.000000000000000000, 0.0000000000000000000, 0.0000000000000000000 ) ) ;
#8289 = PLANE ( 'NONE',  #7097 ) ;
#8290 = ORIENTED_EDGE ( 'NONE', *, *, #8406, .F. ) ;
#8291 = CARTESIAN_POINT ( 'NONE',  ( 3.819282332730294300, 4.790184613381296900, 11.49999999999999500 ) ) ;
#8292 = CARTESIAN_POINT ( 'NONE',  ( 4.305910814681730000, -16.90346139330842200, 11.49999999999999600 ) ) ;
#8293 = CARTESIAN_POINT ( 'NONE',  ( -3.447264139498174500, -16.88376202775070600, 11.49999999999999600 ) ) ;
#8294 = CARTESIAN_POINT ( 'NONE',  ( 2.099044956906715800, 4.821383647798738200, 11.49999999999999800 ) ) ;
#8295 = CARTESIAN_POINT ( 'NONE',  ( 2.005691793335546300, 9.397099889303936100, 11.50000000000000000 ) ) ;
#8296 = AXIS2_PLACEMENT_3D ( 'NONE', #6026, #1044, #3192 ) ;
#8297 = CARTESIAN_POINT ( 'NONE',  ( -1.726565964339271700, -10.89286467027712200, 11.50000000000000000 ) ) ;
#8298 = CARTESIAN_POINT ( 'NONE',  ( -3.292452830188567600, 1.097484276729522300, 11.50000000000000000 ) ) ;
#8299 = EDGE_CURVE ( 'NONE', #1523, #3957, #2970, .T. ) ;
#8300 = CARTESIAN_POINT ( 'NONE',  ( -4.163988952482281300, 4.663200045646369100, 11.50000000000000000 ) ) ;
#8301 = CARTESIAN_POINT ( 'NONE',  ( 4.192408939262602300, -16.96175315717279700, 11.50000000000000000 ) ) ;
#8302 = CARTESIAN_POINT ( 'NONE',  ( 1.624649524583083200, 4.671820875783134300, 11.50000000000000200 ) ) ;
#8303 = CARTESIAN_POINT ( 'NONE',  ( 0.3114595499563110900, 4.680538671057596500, 11.50000000000000000 ) ) ;
#8304 = ORIENTED_EDGE ( 'NONE', *, *, #794, .T. ) ;
#8305 = CARTESIAN_POINT ( 'NONE',  ( 3.871519144851926200, -16.60836462988075000, 11.50000000000000000 ) ) ;
#8306 = PLANE ( 'NONE',  #6323 ) ;
#8307 = CARTESIAN_POINT ( 'NONE',  ( 0.0000000000000000000, -16.14012529426445000, 11.50000000000000000 ) ) ;
#8308 = ORIENTED_EDGE ( 'NONE', *, *, #3258, .F. ) ;
#8309 = CARTESIAN_POINT ( 'NONE',  ( -1.588675653608722100, -17.03307424819139000, 11.49999999999999600 ) ) ;
#8310 = ORIENTED_EDGE ( 'NONE', *, *, #5032, .T. ) ;
#8311 = CARTESIAN_POINT ( 'NONE',  ( 0.6728197279988424900, 4.719222486067929300, 11.50000000000000000 ) ) ;
#8312 = EDGE_CURVE ( 'NONE', #8967, #1516, #7615, .T. ) ;
#8313 = ORIENTED_EDGE ( 'NONE', *, *, #3671, .F. ) ;
#8314 = CARTESIAN_POINT ( 'NONE',  ( -2.269199891942680600, 10.82677093691215500, 11.50000000000000000 ) ) ;
#8315 = CARTESIAN_POINT ( 'NONE',  ( 8.992893218813490500, 24.40710678118654500, 0.0000000000000000000 ) ) ;
#8316 = ORIENTED_EDGE ( 'NONE', *, *, #8902, .T. ) ;
#8317 = CARTESIAN_POINT ( 'NONE',  ( -2.737157303897752100, -16.26187028897566100, 11.50000000000000200 ) ) ;
#8318 = ORIENTED_EDGE ( 'NONE', *, *, #2865, .T. ) ;
#8319 = DIRECTION ( 'NONE',  ( -0.0000000000000000000, 0.0000000000000000000, 1.000000000000000000 ) ) ;
#8320 = VERTEX_POINT ( 'NONE', #3566 ) ;
#8321 = CARTESIAN_POINT ( 'NONE',  ( 0.1628950423574064600, -16.66379829787973700, 11.50000000000000000 ) ) ;
#8322 = DIRECTION ( 'NONE',  ( -0.1196515400260413500, 0.9928159491916900300, 0.0000000000000000000 ) ) ;
#8323 = CARTESIAN_POINT ( 'NONE',  ( -0.9029591772157861100, 5.258865105405536900, 11.50000000000000200 ) ) ;
#8324 = EDGE_CURVE ( 'NONE', #7431, #695, #6665, .T. ) ;
#8325 = VERTEX_POINT ( 'NONE', #4385 ) ;
#8326 = CARTESIAN_POINT ( 'NONE',  ( -3.448813033573627800, 5.274729504240196000, 11.49999999999999500 ) ) ;
#8327 = VECTOR ( 'NONE', #6716, 1000.000000000000000 ) ;
#8328 = CARTESIAN_POINT ( 'NONE',  ( -1.342464477055548500, 4.589937106918235100, 11.50000000000000200 ) ) ;
#8329 = CARTESIAN_POINT ( 'NONE',  ( 2.519077568134293600, 4.745911949685530700, 11.50000000000000200 ) ) ;
#8330 = CARTESIAN_POINT ( 'NONE',  ( 12.89999999999999500, 24.69999999999999900, 0.0000000000000000000 ) ) ;
#8331 = CARTESIAN_POINT ( 'NONE',  ( 1.920549195461690200, 5.413991805151408900, 11.49999999999999600 ) ) ;
#8332 = CARTESIAN_POINT ( 'NONE',  ( 4.221749190427533300, -16.62880558923693300, 11.50000000000000200 ) ) ;
#8333 = ORIENTED_EDGE ( 'NONE', *, *, #4328, .T. ) ;
#8334 = DIRECTION ( 'NONE',  ( 1.000000000000000000, 0.0000000000000000000, 0.0000000000000000000 ) ) ;
#8335 = CARTESIAN_POINT ( 'NONE',  ( 4.224358518017314900, 5.328477676166341900, 11.49999999999999800 ) ) ;
#8336 = CARTESIAN_POINT ( 'NONE',  ( 4.047705567202546800, 4.745911949685530700, 11.50000000000000000 ) ) ;
#8337 = CARTESIAN_POINT ( 'NONE',  ( 0.6897713908895000100, 4.655639585187049800, 11.50000000000000000 ) ) ;
#8338 = VECTOR ( 'NONE', #2278, 1000.000000000000000 ) ;
#8339 = ORIENTED_EDGE ( 'NONE', *, *, #7710, .F. ) ;
#8340 = CARTESIAN_POINT ( 'NONE',  ( 1.353499126418286700, -9.292410908745560900, 11.50000000000000200 ) ) ;
#8341 = CARTESIAN_POINT ( 'NONE',  ( 4.703465339704884200, 4.596412289359329300, 11.50000000000000000 ) ) ;
#8342 = ORIENTED_EDGE ( 'NONE', *, *, #6641, .T. ) ;
#8343 = CARTESIAN_POINT ( 'NONE',  ( -2.010598468501649400, 8.659589668023357900, 11.50000000000000200 ) ) ;
#8344 = EDGE_CURVE ( 'NONE', #9206, #6167, #5936, .T. ) ;
#8345 = DIRECTION ( 'NONE',  ( 1.000000000000000000, 0.0000000000000000000, 0.0000000000000000000 ) ) ;
#8346 = ORIENTED_EDGE ( 'NONE', *, *, #646, .T. ) ;
#8347 = CARTESIAN_POINT ( 'NONE',  ( -1.340240048703190000, -10.60136985286404800, 11.50000000000000700 ) ) ;
#8348 = FACE_BOUND ( 'NONE', #671, .T. ) ;
#8349 = CARTESIAN_POINT ( 'NONE',  ( -1.467545716553301500, -16.68416066589303200, 11.49999999999999600 ) ) ;
#8350 = CARTESIAN_POINT ( 'NONE',  ( 0.0000000000000000000, 0.0000000000000000000, 11.50000000000000000 ) ) ;
#8351 = ORIENTED_EDGE ( 'NONE', *, *, #5503, .F. ) ;
#8352 = B_SPLINE_CURVE_WITH_KNOTS ( 'NONE', 3,
 ( #7767, #2735, #3661, #3923, #6106, #2363, #2052, #603, #96, #1370, #5563, #8526, #5111, #7274, #4994, #8525, #9233, #8828, #4550 ),
 .UNSPECIFIED., .F., .F.,
 ( 4, 1, 1, 1, 1, 1, 1, 1, 1, 1, 1, 1, 1, 1, 1, 1, 4 ),
 ( 0.0000000000000000000, 0.07223839035551360400, 0.1409253545893655000, 0.2060159777340929700, 0.2690913701298163200, 0.3296674009855599100, 0.3885829653633137100, 0.4470743922339725000, 0.5056733812665918900, 0.5642723702992162900, 0.6220438342254672700, 0.6801913912195607400, 0.7401291271959282700, 0.8009716590855489000, 0.8643366813899924200, 0.9304008778792852700, 1.000000000000000000 ),
 .UNSPECIFIED. ) ;
#8353 = CARTESIAN_POINT ( 'NONE',  ( -2.469881201956551900, 5.399999999999996800, 11.50000000000000000 ) ) ;
#8354 = CARTESIAN_POINT ( 'NONE',  ( -2.976608187134503100, -17.05240599601883700, 11.50000000000000000 ) ) ;
#8355 = ADVANCED_FACE ( 'NONE', ( #21 ), #1140, .T. ) ;
#8356 = DIRECTION ( 'NONE',  ( 1.000000000000000000, 0.0000000000000000000, 0.0000000000000000000 ) ) ;
#8357 = CARTESIAN_POINT ( 'NONE',  ( 1.897679433064792100, 4.742858311159332100, 11.49999999999999600 ) ) ;
#8358 = ORIENTED_EDGE ( 'NONE', *, *, #9001, .T. ) ;
#8359 = DIRECTION ( 'NONE',  ( -0.0000000000000000000, -1.000000000000000000, -0.0000000000000000000 ) ) ;
#8360 = CARTESIAN_POINT ( 'NONE',  ( -1.438538216698066300, -16.25149912689305200, 11.50000000000000500 ) ) ;
#8361 = CARTESIAN_POINT ( 'NONE',  ( -0.9739453072459284300, -11.48863441508842000, 11.50000000000000000 ) ) ;
#8362 = DATE_AND_TIME ( #988, #2885 ) ;
#8363 = ORIENTED_EDGE ( 'NONE', *, *, #5790, .T. ) ;
#8364 = FACE_OUTER_BOUND ( 'NONE', #5189, .T. ) ;
#8365 = EDGE_CURVE ( 'NONE', #7624, #1005, #7641, .T. ) ;
#8366 = CARTESIAN_POINT ( 'NONE',  ( 0.5786150374409426700, 5.349674342778223000, 11.49999999999999600 ) ) ;
#8367 = VERTEX_POINT ( 'NONE', #5770 ) ;
#8368 = CARTESIAN_POINT ( 'NONE',  ( -3.312194092789984900, 5.260560982749862700, 11.50000000000000200 ) ) ;
#8369 = CARTESIAN_POINT ( 'NONE',  ( -1.573099415204679100, -16.66059313052176100, 11.50000000000000000 ) ) ;
#8370 = FACE_OUTER_BOUND ( 'NONE', #3381, .T. ) ;
#8371 = CARTESIAN_POINT ( 'NONE',  ( 0.6610656452533283400, 10.84706241388081200, 11.50000000000000200 ) ) ;
#8372 = CARTESIAN_POINT ( 'NONE',  ( -1.321591108118185500, -13.46592349099419100, 11.50000000000000200 ) ) ;
#8373 = ORIENTED_EDGE ( 'NONE', *, *, #9158, .F. ) ;
#8374 = CARTESIAN_POINT ( 'NONE',  ( 0.0000000000000000000, 4.801257861635217100, 11.50000000000000000 ) ) ;
#8375 = ORIENTED_EDGE ( 'NONE', *, *, #4850, .T. ) ;
#8376 = CARTESIAN_POINT ( 'NONE',  ( 0.2435423288999815900, -13.32734578027375400, 11.50000000000000000 ) ) ;
#8377 = EDGE_CURVE ( 'NONE', #6468, #1219, #4837, .T. ) ;
#8378 = VERTEX_POINT ( 'NONE', #2176 ) ;
#8379 = CARTESIAN_POINT ( 'NONE',  ( 0.8674682240904000300, -17.14435278738027100, 11.50000000000000200 ) ) ;
#8380 = DIRECTION ( 'NONE',  ( 0.0000000000000000000, 0.0000000000000000000, 1.000000000000000000 ) ) ;
#8381 = CARTESIAN_POINT ( 'NONE',  ( -1.596702348436333000, -13.57650469668627800, 11.50000000000000000 ) ) ;
#8382 = CIRCLE ( 'NONE', #8942, 0.5000000000000000000 ) ;
#8383 = ORIENTED_EDGE ( 'NONE', *, *, #3711, .T. ) ;
#8384 = CARTESIAN_POINT ( 'NONE',  ( 0.5857830038131796000, -16.42254869511688800, 11.49999999999999500 ) ) ;
#8385 = CARTESIAN_POINT ( 'NONE',  ( -6.899999999999999500, -1.574230079803000400, 11.00000000000000000 ) ) ;
#8386 = CARTESIAN_POINT ( 'NONE',  ( 1.307672869622479700, 4.665866109750338000, 11.49999999999999800 ) ) ;
#8387 = ORIENTED_EDGE ( 'NONE', *, *, #3333, .T. ) ;
#8388 = CARTESIAN_POINT ( 'NONE',  ( 3.874027486606226300, 5.329559748427669800, 11.50000000000000000 ) ) ;
#8389 = CARTESIAN_POINT ( 'NONE',  ( 0.01490798975087965400, 4.650314465408802000, 11.50000000000000000 ) ) ;
#8390 = EDGE_CURVE ( 'NONE', #737, #2999, #6658, .T. ) ;
#8391 = LINE ( 'NONE', #5672, #2915 ) ;
#8392 = CARTESIAN_POINT ( 'NONE',  ( 0.0000000000000000000, 0.0000000000000000000, 11.50000000000000000 ) ) ;
#8393 = ORIENTED_EDGE ( 'NONE', *, *, #6281, .T. ) ;
#8394 = CARTESIAN_POINT ( 'NONE',  ( 4.122059166084447700, 5.349685534591191800, 11.50000000000000000 ) ) ;
#8395 = CARTESIAN_POINT ( 'NONE',  ( -0.2023818219666700900, -14.71553158993691900, 11.50000000000000500 ) ) ;
#8396 = CARTESIAN_POINT ( 'NONE',  ( -1.050377525252905300, 5.366640084750192100, 11.49999999999999800 ) ) ;
#8397 = CARTESIAN_POINT ( 'NONE',  ( 2.326828918379968200E-015, 1.499999999999997800, 10.49999999999999800 ) ) ;
#8398 = DIRECTION ( 'NONE',  ( 0.3225311624017420700, 0.9465588461790323000, 0.0000000000000000000 ) ) ;
#8399 = CARTESIAN_POINT ( 'NONE',  ( 1.714378204669725300, 5.314044076159268200, 11.50000000000000200 ) ) ;
#8400 = VERTEX_POINT ( 'NONE', #4356 ) ;
#8401 = ORIENTED_EDGE ( 'NONE', *, *, #6582, .F. ) ;
#8402 = CARTESIAN_POINT ( 'NONE',  ( 2.132960633589688500, 5.394968553459116300, 11.50000000000000000 ) ) ;
#8403 = ORIENTED_EDGE ( 'NONE', *, *, #7967, .T. ) ;
#8404 = APPROVAL_ROLE ( '' ) ;
#8405 = CARTESIAN_POINT ( 'NONE',  ( -0.6891745738467306400, 5.185740918574633300, 11.49999999999999800 ) ) ;
#8406 = EDGE_CURVE ( 'NONE', #2927, #5493, #5841, .T. ) ;
#8407 = CARTESIAN_POINT ( 'NONE',  ( -1.246451612903102500, 10.88903225806451400, 11.50000000000000000 ) ) ;
#8408 = ORIENTED_EDGE ( 'NONE', *, *, #7241, .T. ) ;
#8409 = EDGE_LOOP ( 'NONE', ( #2459, #5691, #5722, #1826, #3043, #1134, #2273, #517, #5465, #4689, #6540, #6760, #6195, #6725, #5137, #3170, #2582, #2500, #6799, #7875, #6400, #243, #6863, #713, #2830 ) ) ;
#8410 = LINE ( 'NONE', #5360, #2699 ) ;
#8411 = CARTESIAN_POINT ( 'NONE',  ( 1.998707678445254700, -10.49828820636796500, 11.50000000000000200 ) ) ;
#8412 = VECTOR ( 'NONE', #8695, 1000.000000000000000 ) ;
#8413 = CARTESIAN_POINT ( 'NONE',  ( -1.236757045523789700, -10.46624681918649300, 11.50000000000000400 ) ) ;
#8414 = CARTESIAN_POINT ( 'NONE',  ( 0.4369696981549342500, -13.77927763183071400, 11.50000000000000000 ) ) ;
#8415 = ORIENTED_EDGE ( 'NONE', *, *, #1976, .F. ) ;
#8416 = VERTEX_POINT ( 'NONE', #7976 ) ;
#8417 = DIRECTION ( 'NONE',  ( -0.9974586998307349800, 0.0000000000000000000, 0.07124704998790969100 ) ) ;
#8418 = CARTESIAN_POINT ( 'NONE',  ( 1.913155011242372500, 4.814299990330737500, 11.49999999999999800 ) ) ;
#8419 = ADVANCED_FACE ( 'NONE', ( #8470, #1628 ), #454, .T. ) ;
#8420 = CARTESIAN_POINT ( 'NONE',  ( -2.816267953604903800, -11.47656647102621200, 11.50000000000000000 ) ) ;
#8421 = VERTEX_POINT ( 'NONE', #8014 ) ;
#8422 = CARTESIAN_POINT ( 'NONE',  ( 2.326828918379968200E-015, 1.499999999999997800, 10.49999999999999800 ) ) ;
#8423 = ORIENTED_EDGE ( 'NONE', *, *, #5149, .T. ) ;
#8424 = CARTESIAN_POINT ( 'NONE',  ( 12.90000000000000200, 42.00000000000001400, 11.00000000000000000 ) ) ;
#8425 = CARTESIAN_POINT ( 'NONE',  ( -3.044139692249741000, -17.15694488575604400, 11.50000000000000000 ) ) ;
#8426 = CARTESIAN_POINT ( 'NONE',  ( 3.010906819223448000, 9.799380607770238800, 11.50000000000000200 ) ) ;
#8427 = AXIS2_PLACEMENT_3D ( 'NONE', #6131, #1900, #8334 ) ;
#8428 = DIRECTION ( 'NONE',  ( 0.0000000000000000000, 0.0000000000000000000, 1.000000000000000000 ) ) ;
#8429 = CARTESIAN_POINT ( 'NONE',  ( -1.953031300559049400, 5.320641459551163500, 11.50000000000000200 ) ) ;
#8430 = EDGE_CURVE ( 'NONE', #2362, #7859, #1305, .T. ) ;
#8431 = DIRECTION ( 'NONE',  ( -0.8645071866841924600, -0.5026204573745309800, -0.0000000000000000000 ) ) ;
#8432 = ORIENTED_EDGE ( 'NONE', *, *, #461, .T. ) ;
#8433 = CARTESIAN_POINT ( 'NONE',  ( 1.830546091146830800, 5.294483269083480400, 11.50000000000000200 ) ) ;
#8434 = ORIENTED_EDGE ( 'NONE', *, *, #3880, .F. ) ;
#8435 = ORIENTED_EDGE ( 'NONE', *, *, #1384, .T. ) ;
#8436 = CARTESIAN_POINT ( 'NONE',  ( 1.970269119393960100, 5.419348750784789300, 11.50000000000000000 ) ) ;
#8437 = CARTESIAN_POINT ( 'NONE',  ( 6.397379542625473400, -10.58807119849727000, 11.00000000000000000 ) ) ;
#8438 = CARTESIAN_POINT ( 'NONE',  ( 4.612830852566145400, 5.080119676242454800, 11.50000000000000200 ) ) ;
#8439 = APPROVAL ( #3384, '未指定' ) ;
#8440 = ORIENTED_EDGE ( 'NONE', *, *, #4977, .T. ) ;
#8441 = EDGE_CURVE ( 'NONE', #2378, #950, #8002, .T. ) ;
#8442 = ORIENTED_EDGE ( 'NONE', *, *, #3729, .F. ) ;
#8443 = CARTESIAN_POINT ( 'NONE',  ( 2.486466340554512700, 5.405031446540876400, 11.50000000000000000 ) ) ;
#8444 = DIRECTION ( 'NONE',  ( 1.000000000000000000, 0.0000000000000000000, 0.0000000000000000000 ) ) ;
#8445 = CARTESIAN_POINT ( 'NONE',  ( -3.595928253421030600, 4.674946723950269800, 11.50000000000000000 ) ) ;
#8446 = CARTESIAN_POINT ( 'NONE',  ( -1.883982869455406800, 4.762366177765085400, 11.50000000000000200 ) ) ;
#8447 = ORIENTED_EDGE ( 'NONE', *, *, #1158, .T. ) ;
#8448 = CARTESIAN_POINT ( 'NONE',  ( -3.881215672884189300, -16.32754787230355800, 11.49999999999999600 ) ) ;
#8449 = EDGE_CURVE ( 'NONE', #5564, #1257, #4891, .T. ) ;
#8450 = CARTESIAN_POINT ( 'NONE',  ( -3.613043030075190600, -17.13428878245266400, 11.49999999999999600 ) ) ;
#8451 = CARTESIAN_POINT ( 'NONE',  ( 4.485380116959061200, -17.16351710712994800, 11.50000000000000000 ) ) ;
#8452 = DIRECTION ( 'NONE',  ( 0.0000000000000000000, -0.0000000000000000000, 1.000000000000000000 ) ) ;
#8453 = CARTESIAN_POINT ( 'NONE',  ( 0.8117319197142224300, -0.2759734351924902400, 11.50000000000000000 ) ) ;
#8454 = CARTESIAN_POINT ( 'NONE',  ( -2.598506245602858000, 6.905568218947285800, 11.49999999999999800 ) ) ;
#8455 = CARTESIAN_POINT ( 'NONE',  ( -1.673016068811894900, 4.754667203204141000, 11.50000000000000400 ) ) ;
#8456 = ORIENTED_EDGE ( 'NONE', *, *, #4094, .T. ) ;
#8457 = CARTESIAN_POINT ( 'NONE',  ( 2.549707602339179600, 0.0000000000000000000, 11.50000000000000000 ) ) ;
#8458 = ORIENTED_EDGE ( 'NONE', *, *, #3512, .T. ) ;
#8459 = CARTESIAN_POINT ( 'NONE',  ( -3.517013427636480800, -11.20751480747168000, 11.49999999999999500 ) ) ;
#8460 = DIRECTION ( 'NONE',  ( 0.0000000000000000000, -0.0000000000000000000, -1.000000000000000000 ) ) ;
#8461 = CARTESIAN_POINT ( 'NONE',  ( 0.7888185222375352400, -16.26412048993921300, 11.50000000000000000 ) ) ;
#8462 = VERTEX_POINT ( 'NONE', #4160 ) ;
#8463 = CARTESIAN_POINT ( 'NONE',  ( 3.634940600978460200, 4.670440251572323100, 11.50000000000000000 ) ) ;
#8464 = CARTESIAN_POINT ( 'NONE',  ( -0.8451612903224571300, 9.443870967741931500, 11.50000000000000000 ) ) ;
#8465 = CARTESIAN_POINT ( 'NONE',  ( -4.210114771941767300, 4.762290933280937100, 11.50000000000000000 ) ) ;
#8466 = AXIS2_PLACEMENT_3D ( 'NONE', #4806, #4347, #7084 ) ;
#8467 = CARTESIAN_POINT ( 'NONE',  ( 1.037795341514772900, -10.93047085361157800, 11.50000000000000200 ) ) ;
#8468 = CARTESIAN_POINT ( 'NONE',  ( 0.08020176303616544100, -16.61589257562151500, 11.49999999999999800 ) ) ;
#8469 = CARTESIAN_POINT ( 'NONE',  ( 4.561242600038999800, 5.038618302569441100, 11.50000000000000200 ) ) ;
#8470 = FACE_BOUND ( 'NONE', #4857, .T. ) ;
#8471 = CARTESIAN_POINT ( 'NONE',  ( -3.537462565069207500, 4.636432939130384200, 11.50000000000000200 ) ) ;
#8472 = ORIENTED_EDGE ( 'NONE', *, *, #6391, .T. ) ;
#8473 = CARTESIAN_POINT ( 'NONE',  ( -2.273967437366368300, 5.023025088852344700, 11.50000000000000200 ) ) ;
#8474 = CARTESIAN_POINT ( 'NONE',  ( -1.395599685483387600, 5.182919058851808800, 11.50000000000000500 ) ) ;
#8475 = CARTESIAN_POINT ( 'NONE',  ( 0.1421767150132414200, 4.728358948413787600, 11.50000000000000700 ) ) ;
#8476 = VERTEX_POINT ( 'NONE', #1817 ) ;
#8477 = LINE ( 'NONE', #2267, #6000 ) ;
#8478 = LINE ( 'NONE', #9093, #1215 ) ;
#8479 = CARTESIAN_POINT ( 'NONE',  ( -16.70000000000002400, -16.69999999999996000, 0.0000000000000000000 ) ) ;
#8480 = ORIENTED_EDGE ( 'NONE', *, *, #7998, .T. ) ;
#8481 = AXIS2_PLACEMENT_3D ( 'NONE', #4523, #5954, #8833 ) ;
#8482 = CARTESIAN_POINT ( 'NONE',  ( 4.223806196133365300, 4.745911949685530700, 11.50000000000000000 ) ) ;
#8483 = EDGE_CURVE ( 'NONE', #7331, #8658, #6115, .T. ) ;
#8484 = CARTESIAN_POINT ( 'NONE',  ( -1.769714586023333200, 5.184813969864833900, 11.50000000000000000 ) ) ;
#8485 = CARTESIAN_POINT ( 'NONE',  ( -2.927777137523274800, 5.322453398515455600, 11.50000000000000700 ) ) ;
#8486 = CARTESIAN_POINT ( 'NONE',  ( 3.825530133135225200, 5.111334500597815900, 11.50000000000000400 ) ) ;
#8487 = LINE ( 'NONE', #208, #1317 ) ;
#8488 = CARTESIAN_POINT ( 'NONE',  ( 0.1243338654933653400, -16.51655976643695600, 11.50000000000000200 ) ) ;
#8489 = CARTESIAN_POINT ( 'NONE',  ( -0.7279363916412010500, -13.49129063517943700, 11.49999999999999600 ) ) ;
#8490 = CARTESIAN_POINT ( 'NONE',  ( 2.200046587468094600, 5.399999999999996800, 11.50000000000000000 ) ) ;
#8491 = CARTESIAN_POINT ( 'NONE',  ( 4.708035195508558400, -17.07031393964339100, 11.50000000000000000 ) ) ;
#8492 = CARTESIAN_POINT ( 'NONE',  ( -4.296273690591852400, 5.415744421322124000, 11.50000000000000000 ) ) ;
#8493 = EDGE_LOOP ( 'NONE', ( #5949, #2963 ) ) ;
#8494 = CARTESIAN_POINT ( 'NONE',  ( -2.395115425013120400, -9.727454118739082400, 11.50000000000000200 ) ) ;
#8495 = CARTESIAN_POINT ( 'NONE',  ( 2.354732819732278800, -9.958401894236969200, 11.49999999999999600 ) ) ;
#8496 = AXIS2_PLACEMENT_3D ( 'NONE', #1274, #3389, #1725 ) ;
#8497 = EDGE_CURVE ( 'NONE', #2198, #6924, #8898, .T. ) ;
#8498 = CARTESIAN_POINT ( 'NONE',  ( 4.729859210366877100, -16.60255842480743000, 11.50000000000000000 ) ) ;
#8499 = CARTESIAN_POINT ( 'NONE',  ( 0.4470679906195386700, -16.98964706756859800, 11.50000000000000200 ) ) ;
#8500 = CARTESIAN_POINT ( 'NONE',  ( 0.9824857735756013000, -16.70413281174282400, 11.49999999999999800 ) ) ;
#8501 = ADVANCED_FACE ( 'NONE', ( #4333 ), #5218, .T. ) ;
#8502 = CARTESIAN_POINT ( 'NONE',  ( 1.366096348100966000, 0.08264039636660092100, 11.50000000000000000 ) ) ;
#8503 = LINE ( 'NONE', #8660, #6734 ) ;
#8504 = CARTESIAN_POINT ( 'NONE',  ( -0.6851440164503347400, 4.656393355877873400, 11.50000000000000400 ) ) ;
#8505 = ORIENTED_EDGE ( 'NONE', *, *, #965, .T. ) ;
#8506 = UNCERTAINTY_MEASURE_WITH_UNIT (LENGTH_MEASURE( 1.000000000000000100E-005 ), #1176, 'distance_accuracy_value', 'NONE');
#8507 = CARTESIAN_POINT ( 'NONE',  ( 3.429959731260108700, -11.27795296966987200, 11.50000000000000000 ) ) ;
#8508 = CARTESIAN_POINT ( 'NONE',  ( 1.042997678092683100, -16.80374953549741000, 11.50000000000000400 ) ) ;
#8509 = LINE ( 'NONE', #1266, #3232 ) ;
#8510 = CARTESIAN_POINT ( 'NONE',  ( -1.273360545411040600, -16.22989331753623100, 11.50000000000000000 ) ) ;
#8511 = EDGE_CURVE ( 'NONE', #4610, #3506, #8052, .T. ) ;
#8512 = VERTEX_POINT ( 'NONE', #9179 ) ;
#8513 = B_SPLINE_CURVE_WITH_KNOTS ( 'NONE', 3,
 ( #5323, #9227, #1470, #7141, #2877, #4284, #8564, #7118, #7843, #2844, #1409, #2810, #4975, #7080, #6371, #1375, #5654, #9209, #4220 ),
 .UNSPECIFIED., .F., .F.,
 ( 4, 1, 1, 1, 1, 1, 1, 1, 1, 1, 1, 1, 1, 1, 1, 1, 4 ),
 ( 0.0000000000000000000, 0.06658858504395293000, 0.1309157575791448600, 0.1935647902244646000, 0.2547120035346728300, 0.3148053720398545900, 0.3740308096633724300, 0.4327515519404524500, 0.4914935543649842100, 0.5506242587863934300, 0.6101993271867016700, 0.6709678024470313600, 0.7328675984070249800, 0.7964456708816952700, 0.8621043458012389600, 0.9297891003979956700, 1.000000000000000000 ),
 .UNSPECIFIED. ) ;
#8514 = CARTESIAN_POINT ( 'NONE',  ( 2.464857185253829500, 6.407787286626771100, 11.49999999999999600 ) ) ;
#8515 = CARTESIAN_POINT ( 'NONE',  ( 2.725425049697855200, -9.461509978869710100, 11.50000000000000200 ) ) ;
#8516 = ORIENTED_EDGE ( 'NONE', *, *, #8559, .F. ) ;
#8517 = DIRECTION ( 'NONE',  ( 0.7071067811865462400, 0.7071067811865489100, 0.0000000000000000000 ) ) ;
#8518 = CARTESIAN_POINT ( 'NONE',  ( 3.802565140597079700, 5.075500977822522400, 11.50000000000000400 ) ) ;
#8519 = DIRECTION ( 'NONE',  ( -0.0000000000000000000, 0.0000000000000000000, 1.000000000000000000 ) ) ;
#8520 = CARTESIAN_POINT ( 'NONE',  ( 4.801169590643271900, -16.82433582058024200, 11.49999999999999800 ) ) ;
#8521 = EDGE_CURVE ( 'NONE', #7079, #5037, #5537, .T. ) ;
#8522 = CARTESIAN_POINT ( 'NONE',  ( 0.4810146818834295000, -9.705778402684574100, 11.50000000000000000 ) ) ;
#8523 = ORIENTED_EDGE ( 'NONE', *, *, #8575, .T. ) ;
#8524 = CARTESIAN_POINT ( 'NONE',  ( 4.369125100909175600, -1.146000026467980600, 11.50000000000000000 ) ) ;
#8525 = CARTESIAN_POINT ( 'NONE',  ( 4.053730821051838800, -16.52203492436051800, 11.49999999999999300 ) ) ;
#8526 = CARTESIAN_POINT ( 'NONE',  ( 4.012770425852232300, -16.63371159066569800, 11.50000000000000200 ) ) ;
#8527 = CARTESIAN_POINT ( 'NONE',  ( 4.800282696930534800, -16.78776236764360900, 11.49999999999999800 ) ) ;
#8528 = CARTESIAN_POINT ( 'NONE',  ( -1.858667203651964900, 8.114554021170132400, 11.50000000000000400 ) ) ;
#8529 = CARTESIAN_POINT ( 'NONE',  ( -0.4751921733052580900, 4.599999999999997000, 11.50000000000000000 ) ) ;
#8530 = VERTEX_POINT ( 'NONE', #6911 ) ;
#8531 = CARTESIAN_POINT ( 'NONE',  ( -1.179554309690549000, 4.608716592721592100, 11.50000000000000200 ) ) ;
#8532 = CARTESIAN_POINT ( 'NONE',  ( -3.145093601448655000, -16.91660042078382600, 11.49999999999999600 ) ) ;
#8533 = EDGE_CURVE ( 'NONE', #6410, #6418, #1871, .T. ) ;
#8534 = CARTESIAN_POINT ( 'NONE',  ( 2.419281271948621200, 5.259629043156730100, 11.50000000000000000 ) ) ;
#8535 = ORIENTED_EDGE ( 'NONE', *, *, #2494, .T. ) ;
#8536 = CARTESIAN_POINT ( 'NONE',  ( -2.269204284635084600, 5.023891030002705100, 11.50000000000000200 ) ) ;
#8537 = CARTESIAN_POINT ( 'NONE',  ( 1.652046783625730900, -11.71228070175439100, 11.50000000000000000 ) ) ;
#8538 = CARTESIAN_POINT ( 'NONE',  ( -1.458572766455077200, 5.060281255649287300, 11.49999999999999800 ) ) ;
#8539 = EDGE_LOOP ( 'NONE', ( #66, #4354, #3798, #1026 ) ) ;
#8541 = CARTESIAN_POINT ( 'NONE',  ( -0.9732957898867920000, -13.86900770084489100, 11.50000000000000200 ) ) ;
#8540 = CARTESIAN_POINT ( 'NONE',  ( -0.8556063822112757200, -11.75676011586213600, 11.50000000000000000 ) ) ;
#8542 = ORIENTED_EDGE ( 'NONE', *, *, #5995, .T. ) ;
#8543 = ORIENTED_EDGE ( 'NONE', *, *, #75, .F. ) ;
#8544 = CARTESIAN_POINT ( 'NONE',  ( 4.434287435036755400, -16.59841499990901400, 11.50000000000000200 ) ) ;
#8545 = DIRECTION ( 'NONE',  ( -0.8628636480872843300, -0.5016649116786536800, -0.06163311772052035300 ) ) ;
#8546 = ORIENTED_EDGE ( 'NONE', *, *, #4584, .F. ) ;
#8547 = CARTESIAN_POINT ( 'NONE',  ( -0.3851461704512437200, 5.311350089885350700, 11.49999999999999800 ) ) ;
#8548 = ORIENTED_EDGE ( 'NONE', *, *, #3633, .F. ) ;
#8549 = DIRECTION ( 'NONE',  ( 0.0000000000000000000, 0.0000000000000000000, 1.000000000000000000 ) ) ;
#8550 = CARTESIAN_POINT ( 'NONE',  ( -1.848529485961643500, 4.981270982968975000, 11.49999999999999600 ) ) ;
#8551 = EDGE_CURVE ( 'NONE', #3713, #7267, #6198, .T. ) ;
#8552 = ORIENTED_EDGE ( 'NONE', *, *, #3109, .T. ) ;
#8553 = ORIENTED_EDGE ( 'NONE', *, *, #2078, .F. ) ;
#8554 = CARTESIAN_POINT ( 'NONE',  ( 1.020003850350492000, -17.01768733368767500, 11.50000000000000200 ) ) ;
#8555 = ORIENTED_EDGE ( 'NONE', *, *, #7535, .T. ) ;
#8556 = CARTESIAN_POINT ( 'NONE',  ( -4.660818713450290800, 0.0000000000000000000, 11.50000000000000000 ) ) ;
#8557 = CARTESIAN_POINT ( 'NONE',  ( -2.200662906078102700, 4.671147780335106200, 11.50000000000000500 ) ) ;
#8558 = EDGE_LOOP ( 'NONE', ( #8542, #4927, #1690, #7965, #4485 ) ) ;
#8559 = EDGE_CURVE ( 'NONE', #6284, #1122, #310, .T. ) ;
#8560 = CARTESIAN_POINT ( 'NONE',  ( 4.320373835468455300, -16.70092581943172000, 11.50000000000000200 ) ) ;
#8561 = B_SPLINE_CURVE_WITH_KNOTS ( 'NONE', 3,
 ( #8070, #1666, #7386, #3099, #8097, #3820, #8824, #4548, #277, #5255, #997, #5975, #1694, #6694, #2424, #7419, #3127, #8125, #3849 ),
 .UNSPECIFIED., .F., .F.,
 ( 4, 1, 1, 1, 1, 1, 1, 1, 1, 1, 1, 1, 1, 1, 1, 1, 4 ),
 ( 0.0000000000000000000, 0.05785463404005664100, 0.1119476379885286900, 0.1642167551327014000, 0.2148419330285853400, 0.2650290603592704300, 0.3154395998027692500, 0.3669756254081107900, 0.4209920387452035200, 0.4777735415901700500, 0.5382146744534981300, 0.6029491534295121600, 0.6716348386939424700, 0.7455491987790339200, 0.8252268106950699800, 0.9095587401217650700, 1.000000000000000000 ),
 .UNSPECIFIED. ) ;
#8562 = VERTEX_POINT ( 'NONE', #7382 ) ;
#8563 = FACE_BOUND ( 'NONE', #9109, .T. ) ;
#8564 = CARTESIAN_POINT ( 'NONE',  ( -1.540098892878853700, 5.207780677256122800, 11.50000000000000000 ) ) ;
#8565 = CARTESIAN_POINT ( 'NONE',  ( 0.6197238778795478600, -16.64341540906926300, 11.50000000000000200 ) ) ;
#8566 = ORIENTED_EDGE ( 'NONE', *, *, #8497, .F. ) ;
#8567 = B_SPLINE_CURVE_WITH_KNOTS ( 'NONE', 3,
 ( #6487, #1488, #3604, #7891, #26, #9260, #4997, #3548, #4275, #2834, #7108 ),
 .UNSPECIFIED., .F., .F.,
 ( 4, 1, 1, 1, 1, 1, 1, 1, 4 ),
 ( 0.0000000000000000000, 0.08763790701105156300, 0.1901772506454171300, 0.3084769465343963900, 0.4467026636955879800, 0.5909196609061282400, 0.7277156922993428500, 0.8623549548308207000, 1.000000000000000000 ),
 .UNSPECIFIED. ) ;
#8568 = CARTESIAN_POINT ( 'NONE',  ( 2.633930900122810800, -9.202806070895942300, 11.50000000000000500 ) ) ;
#8569 = CARTESIAN_POINT ( 'NONE',  ( 3.592266480316917300, 5.329559748427669800, 11.50000000000000000 ) ) ;
#8570 = FACE_OUTER_BOUND ( 'NONE', #7182, .T. ) ;
#8571 = CARTESIAN_POINT ( 'NONE',  ( -4.249206195240189400, 4.998620251355204900, 11.50000000000000000 ) ) ;
#8572 = CARTESIAN_POINT ( 'NONE',  ( -3.043194414872243000, -16.14780825826523600, 11.50000000000000000 ) ) ;
#8573 = VECTOR ( 'NONE', #968, 1000.000000000000000 ) ;
#8574 = ORIENTED_EDGE ( 'NONE', *, *, #4552, .F. ) ;
#8575 = EDGE_CURVE ( 'NONE', #5449, #7624, #1425, .T. ) ;
#8576 = CARTESIAN_POINT ( 'NONE',  ( -4.027679089932232300, -16.32632760855202700, 11.50000000000000400 ) ) ;
#8577 = CARTESIAN_POINT ( 'NONE',  ( 0.9859281016990151200, -9.176718627171139200, 11.49999999999999600 ) ) ;
#8578 = CARTESIAN_POINT ( 'NONE',  ( -0.1470694546395512100, -16.98281761736513900, 11.50000000000000000 ) ) ;
#8579 = DIRECTION ( 'NONE',  ( 0.3225311624017540000, 0.9465588461790283000, 0.0000000000000000000 ) ) ;
#8580 = DIRECTION ( 'NONE',  ( -0.0000000000000000000, 0.0000000000000000000, 1.000000000000000000 ) ) ;
#8581 = CARTESIAN_POINT ( 'NONE',  ( -3.935232811978544500, -16.59190567091258500, 11.49999999999999600 ) ) ;
#8582 = VERTEX_POINT ( 'NONE', #5742 ) ;
#8583 = CARTESIAN_POINT ( 'NONE',  ( -2.448168472529263200, 5.401645455172737100, 11.50000000000000400 ) ) ;
#8584 = CARTESIAN_POINT ( 'NONE',  ( -3.899420135824071200, 5.379874633727669500, 11.49999999999999800 ) ) ;
#8585 = VERTEX_POINT ( 'NONE', #1858 ) ;
#8586 = CARTESIAN_POINT ( 'NONE',  ( 0.7801652354693554600, -17.04979981722437200, 11.50000000000000200 ) ) ;
#8587 = CARTESIAN_POINT ( 'NONE',  ( -2.694534620835258300, -16.35320188989856400, 11.50000000000000000 ) ) ;
#8588 = PERSON_AND_ORGANIZATION ( #2876, #7351 ) ;
#8589 = LINE ( 'NONE', #2141, #4226 ) ;
#8590 = CARTESIAN_POINT ( 'NONE',  ( 1.849408315806254000, 4.921455504734695700, 11.50000000000000200 ) ) ;
#8591 = VERTEX_POINT ( 'NONE', #7579 ) ;
#8592 = CARTESIAN_POINT ( 'NONE',  ( -0.7283014362016286800, 4.650522581702317900, 11.50000000000000000 ) ) ;
#8593 = VECTOR ( 'NONE', #3697, 1000.000000000000100 ) ;
#8594 = ORIENTED_EDGE ( 'NONE', *, *, #4541, .F. ) ;
#8595 = CARTESIAN_POINT ( 'NONE',  ( 0.8888888888888880600, -16.42667500186679100, 11.50000000000000000 ) ) ;
#8596 = CARTESIAN_POINT ( 'NONE',  ( 6.397379542625473400, -10.58807119849727000, 11.00000000000000000 ) ) ;
#8597 = CARTESIAN_POINT ( 'NONE',  ( 0.7982456140350874300, -14.75614035087719400, 11.50000000000000000 ) ) ;
#8598 = CARTESIAN_POINT ( 'NONE',  ( 0.0000000000000000000, 5.349685534591191800, 11.50000000000000000 ) ) ;
#8599 = CARTESIAN_POINT ( 'NONE',  ( -3.490736228354638800, -17.01073500446754100, 11.50000000000000200 ) ) ;
#8600 = ORIENTED_EDGE ( 'NONE', *, *, #7535, .F. ) ;
#8601 = CARTESIAN_POINT ( 'NONE',  ( 3.634940600978460200, 4.670440251572323100, 11.50000000000000000 ) ) ;
#8602 = EDGE_CURVE ( 'NONE', #6666, #1995, #2397, .T. ) ;
#8603 = VERTEX_POINT ( 'NONE', #2080 ) ;
#8604 = ORIENTED_EDGE ( 'NONE', *, *, #4216, .F. ) ;
#8605 = CARTESIAN_POINT ( 'NONE',  ( -2.148877788756192100, 5.366224226472732900, 11.50000000000000200 ) ) ;
#8606 = LINE ( 'NONE', #8171, #7725 ) ;
#8607 = CARTESIAN_POINT ( 'NONE',  ( 0.0000000000000000000, 0.0000000000000000000, 11.50000000000000000 ) ) ;
#8608 = CARTESIAN_POINT ( 'NONE',  ( -4.498781478077932900, 5.345850326195470200, 11.49999999999999800 ) ) ;
#8609 = CARTESIAN_POINT ( 'NONE',  ( -0.1279042838390629900, -17.14134741054774800, 11.50000000000000200 ) ) ;
#8610 = CARTESIAN_POINT ( 'NONE',  ( 0.3404785653040450800, 4.658677939845322400, 11.50000000000000000 ) ) ;
#8611 = VERTEX_POINT ( 'NONE', #673 ) ;
#8612 = CARTESIAN_POINT ( 'NONE',  ( -2.090659212671668800, 5.420125786163518800, 11.50000000000000000 ) ) ;
#8613 = CARTESIAN_POINT ( 'NONE',  ( -5.899999999999999500, -1.574230079803004700, 11.50000000000000000 ) ) ;
#8614 = LINE ( 'NONE', #8437, #1225 ) ;
#8615 = VECTOR ( 'NONE', #3481, 999.9999999999998900 ) ;
#8616 = ORIENTED_EDGE ( 'NONE', *, *, #720, .F. ) ;
#8617 = CARTESIAN_POINT ( 'NONE',  ( 3.196365760519824600, -9.851906849952772700, 11.49999999999999600 ) ) ;
#8618 = AXIS2_PLACEMENT_3D ( 'NONE', #2824, #552, #7575 ) ;
#8619 = EDGE_CURVE ( 'NONE', #5192, #560, #2090, .T. ) ;
#8620 = VECTOR ( 'NONE', #1277, 1000.000000000000000 ) ;
#8621 = ORIENTED_EDGE ( 'NONE', *, *, #5021, .T. ) ;
#8622 = CARTESIAN_POINT ( 'NONE',  ( -1.033496389471108700, 5.425157232704399300, 11.50000000000000000 ) ) ;
#8623 = DIRECTION ( 'NONE',  ( -0.06038344136139844200, 0.9981752551578078100, 0.0000000000000000000 ) ) ;
#8624 = DIRECTION ( 'NONE',  ( 1.000000000000000000, 0.0000000000000000000, 0.0000000000000000000 ) ) ;
#8625 = CARTESIAN_POINT ( 'NONE',  ( 2.298307393286847400, -9.405688120283572900, 11.49999999999999800 ) ) ;
#8626 = CARTESIAN_POINT ( 'NONE',  ( 1.816133302273684100, 5.257576220209423400, 11.49999999999999800 ) ) ;
#8627 = CARTESIAN_POINT ( 'NONE',  ( -4.095038434660952300, 4.977358490566032900, 11.49999999999999600 ) ) ;
#8628 = VERTEX_POINT ( 'NONE', #1126 ) ;
#8629 = CARTESIAN_POINT ( 'NONE',  ( 0.5116347611558226300, -9.282728020468898200, 11.50000000000000200 ) ) ;
#8630 = CARTESIAN_POINT ( 'NONE',  ( 4.502738480386936400, -16.59086915609789500, 11.50000000000000200 ) ) ;
#8631 = ORIENTED_EDGE ( 'NONE', *, *, #2609, .T. ) ;
#8632 = PLANE ( 'NONE',  #5233 ) ;
#8633 = CARTESIAN_POINT ( 'NONE',  ( -1.360980556409108600, -13.50067364917025400, 11.50000000000000200 ) ) ;
#8634 = VERTEX_POINT ( 'NONE', #4078 ) ;
#8635 = EDGE_CURVE ( 'NONE', #6424, #8367, #7344, .T. ) ;
#8636 = CARTESIAN_POINT ( 'NONE',  ( 0.04771420629313834900, -17.05703458672600400, 11.50000000000000000 ) ) ;
#8637 = ORIENTED_EDGE ( 'NONE', *, *, #7397, .F. ) ;
#8638 = ORIENTED_EDGE ( 'NONE', *, *, #7270, .T. ) ;
#8639 = LINE ( 'NONE', #4134, #5059 ) ;
#8640 = ADVANCED_FACE ( 'NONE', ( #7120 ), #6335, .T. ) ;
#8641 = DIRECTION ( 'NONE',  ( 1.000000000000000000, 0.0000000000000000000, 0.0000000000000000000 ) ) ;
#8642 = ORIENTED_EDGE ( 'NONE', *, *, #8365, .T. ) ;
#8643 = CARTESIAN_POINT ( 'NONE',  ( 2.663507154466993900, -11.44379668364259200, 11.50000000000000000 ) ) ;
#8644 = CARTESIAN_POINT ( 'NONE',  ( 8.285786437626937200, 23.69999999999999900, -9.500000000000000000 ) ) ;
#8645 = VERTEX_POINT ( 'NONE', #3860 ) ;
#8646 = DIRECTION ( 'NONE',  ( -0.9974586998307349800, 0.0000000000000000000, -0.07124704998790969100 ) ) ;
#8647 = DIRECTION ( 'NONE',  ( 0.0000000000000000000, 1.000000000000000000, 0.0000000000000000000 ) ) ;
#8648 = CARTESIAN_POINT ( 'NONE',  ( 1.910831586303408200, 4.771069182389933200, 11.49999999999999800 ) ) ;
#8649 = CARTESIAN_POINT ( 'NONE',  ( -2.993349007119597600, -16.25207930133654300, 11.49999999999999800 ) ) ;
#8650 = VERTEX_POINT ( 'NONE', #1654 ) ;
#8651 = CARTESIAN_POINT ( 'NONE',  ( 3.084835779175525000, 4.650314465408802000, 11.50000000000000000 ) ) ;
#8652 = CIRCLE ( 'NONE', #3981, 1.000000000000000900 ) ;
#8653 = ORIENTED_EDGE ( 'NONE', *, *, #8945, .T. ) ;
#8654 = CARTESIAN_POINT ( 'NONE',  ( 3.202795248078389000, 5.425157232704399300, 11.50000000000000000 ) ) ;
#8655 = CARTESIAN_POINT ( 'NONE',  ( 3.135709294199982500, 5.183647798742134300, 11.50000000000000000 ) ) ;
#8656 = CARTESIAN_POINT ( 'NONE',  ( -0.6100294362265441500, 4.728749448521562600, 11.49999999999999800 ) ) ;
#8657 = CARTESIAN_POINT ( 'NONE',  ( 3.882972280456680600, 5.133333333333330200, 11.50000000000000000 ) ) ;
#8658 = VERTEX_POINT ( 'NONE', #5269 ) ;
#8659 = CARTESIAN_POINT ( 'NONE',  ( -9.000000000000000000, -22.60000000000000100, 2.000000000000000000 ) ) ;
#8660 = CARTESIAN_POINT ( 'NONE',  ( 0.0000000000000000000, -16.59041769192527100, 11.50000000000000000 ) ) ;
#8661 = CARTESIAN_POINT ( 'NONE',  ( -2.710564657626169300, 4.967939062615892400, 11.50000000000000200 ) ) ;
#8662 = VERTEX_POINT ( 'NONE', #5402 ) ;
#8663 = CARTESIAN_POINT ( 'NONE',  ( -0.3157894736842116700, -16.80397627975286700, 11.50000000000000000 ) ) ;
#8664 = CARTESIAN_POINT ( 'NONE',  ( -2.865553699078065000, 5.170096604813252800, 11.49999999999999800 ) ) ;
#8665 = ADVANCED_FACE ( 'NONE', ( #6566 ), #6871, .F. ) ;
#8666 = CARTESIAN_POINT ( 'NONE',  ( 2.538226762881040900, -11.35531929752536800, 11.49999999999999300 ) ) ;
#8667 = VERTEX_POINT ( 'NONE', #5333 ) ;
#8668 = VECTOR ( 'NONE', #2991, 1000.000000000000000 ) ;
#8669 = CARTESIAN_POINT ( 'NONE',  ( -1.707602339181287300, -16.87696739952760800, 11.49999999999999800 ) ) ;
#8670 = DIRECTION ( 'NONE',  ( -1.000000000000000000, 0.0000000000000000000, -0.0000000000000000000 ) ) ;
#8671 = ORIENTED_EDGE ( 'NONE', *, *, #1610, .T. ) ;
#8672 = CARTESIAN_POINT ( 'NONE',  ( -4.262760701464718400, 4.881122000375229100, 11.50000000000000400 ) ) ;
#8673 = DIRECTION ( 'NONE',  ( 0.3225311624017466200, 0.9465588461790307400, 0.0000000000000000000 ) ) ;
#8674 = CARTESIAN_POINT ( 'NONE',  ( -1.139333286686264200, 10.82736001264570400, 11.50000000000000000 ) ) ;
#8675 = AXIS2_PLACEMENT_3D ( 'NONE', #3996, #1327, #6604 ) ;
#8676 = VERTEX_POINT ( 'NONE', #4459 ) ;
#8677 = CARTESIAN_POINT ( 'NONE',  ( 4.852880490271354000, 5.324481410193779000, 11.50000000000000400 ) ) ;
#8678 = EDGE_CURVE ( 'NONE', #4320, #8072, #7795, .T. ) ;
#8679 = CARTESIAN_POINT ( 'NONE',  ( 0.9695865877337797000, -0.3296410241298129400, 11.50000000000000000 ) ) ;
#8680 = B_SPLINE_CURVE_WITH_KNOTS ( 'NONE', 3,
 ( #7640, #6305, #4437, #1957, #8508, #6438, #7176, #8147, #2393, #8500, #7142, #5487, #539, #219, #849, #5944, #6372, #2023, #1190 ),
 .UNSPECIFIED., .F., .F.,
 ( 4, 1, 1, 1, 1, 1, 1, 1, 1, 1, 1, 1, 1, 1, 1, 1, 4 ),
 ( 0.0000000000000000000, 0.05492503607078302900, 0.1082962822844818500, 0.1617733384910199400, 0.2146496626077579700, 0.2687718094362049300, 0.3237327356260931700, 0.3801361783705801100, 0.4389851379388141100, 0.4999020646127589900, 0.5631940049512205200, 0.6287248712237534200, 0.6967035860863641800, 0.7677571981827841000, 0.8423190649643920200, 0.9196096596571427000, 1.000000000000000000 ),
 .UNSPECIFIED. ) ;
#8681 = ORIENTED_EDGE ( 'NONE', *, *, #4076, .T. ) ;
#8682 = CARTESIAN_POINT ( 'NONE',  ( -2.791914552882689600, -11.75538611518488500, 11.49999999999999600 ) ) ;
#8683 = CARTESIAN_POINT ( 'NONE',  ( -3.832471465175744600, 4.594968553459115600, 11.50000000000000000 ) ) ;
#8684 = VECTOR ( 'NONE', #5888, 1000.000000000000200 ) ;
#8685 = CARTESIAN_POINT ( 'NONE',  ( -2.634001166202751600, 6.811481709111925300, 11.50000000000000000 ) ) ;
#8686 = CARTESIAN_POINT ( 'NONE',  ( -2.117856826138177200, 4.715879401506312800, 11.49999999999999600 ) ) ;
#8687 = VERTEX_POINT ( 'NONE', #8537 ) ;
#8688 = CARTESIAN_POINT ( 'NONE',  ( 3.390635918937928900, 4.735849056603769600, 11.50000000000000000 ) ) ;
#8689 = FACE_BOUND ( 'NONE', #6614, .T. ) ;
#8690 = EDGE_CURVE ( 'NONE', #5314, #4083, #5934, .T. ) ;
#8691 = VERTEX_POINT ( 'NONE', #5165 ) ;
#8692 = FACE_OUTER_BOUND ( 'NONE', #8558, .T. ) ;
#8693 = CARTESIAN_POINT ( 'NONE',  ( -1.758397391101670800, 5.213836477987418200, 11.50000000000000000 ) ) ;
#8694 = CARTESIAN_POINT ( 'NONE',  ( 3.385179733422982700, -9.569414251267213300, 11.50000000000000400 ) ) ;
#8695 = DIRECTION ( 'NONE',  ( -1.000000000000000000, 0.0000000000000000000, -0.0000000000000000000 ) ) ;
#8696 = ORIENTED_EDGE ( 'NONE', *, *, #4714, .F. ) ;
#8697 = CARTESIAN_POINT ( 'NONE',  ( -0.1461614673563440800, -13.45212767090468400, 11.50000000000000900 ) ) ;
#8698 = CARTESIAN_POINT ( 'NONE',  ( -1.362451112604718500, 8.007715215563294500, 11.50000000000000500 ) ) ;
#8699 = EDGE_CURVE ( 'NONE', #6330, #2892, #3758, .T. ) ;
#8700 = LINE ( 'NONE', #4005, #5547 ) ;
#8702 = ORIENTED_EDGE ( 'NONE', *, *, #9095, .T. ) ;
#8701 = CARTESIAN_POINT ( 'NONE',  ( 2.923976608187133200, -16.49685044046328000, 11.50000000000000000 ) ) ;
#8703 = CARTESIAN_POINT ( 'NONE',  ( 4.617710082300980000, 5.418608510276102100, 11.50000000000000000 ) ) ;
#8704 = CARTESIAN_POINT ( 'NONE',  ( 2.969738513105308000, -1.003661627114294200, 11.50000000000000000 ) ) ;
#8705 = VERTEX_POINT ( 'NONE', #3523 ) ;
#8706 = EDGE_CURVE ( 'NONE', #8634, #801, #3197, .T. ) ;
#8707 = CARTESIAN_POINT ( 'NONE',  ( -4.298245614035086400, -16.59041769192527100, 11.50000000000000000 ) ) ;
#8708 = ORIENTED_EDGE ( 'NONE', *, *, #5054, .T. ) ;
#8709 = CARTESIAN_POINT ( 'NONE',  ( -1.972327044025034200, 5.057861635220122700, 11.50000000000000000 ) ) ;
#8710 = CARTESIAN_POINT ( 'NONE',  ( -1.245900977523515500, -17.01243681387033700, 11.50000000000000400 ) ) ;
#8711 = DIRECTION ( 'NONE',  ( -0.0000000000000000000, -0.0000000000000000000, 1.000000000000000000 ) ) ;
#8712 = VERTEX_POINT ( 'NONE', #8701 ) ;
#8713 = PLANE ( 'NONE',  #3432 ) ;
#8714 = CARTESIAN_POINT ( 'NONE',  ( -1.971154592203483900, 5.340428495544626000, 11.50000000000000000 ) ) ;
#8715 = ORIENTED_EDGE ( 'NONE', *, *, #7113, .T. ) ;
#8716 = CARTESIAN_POINT ( 'NONE',  ( 1.110767299266542900, -9.499024044845100400, 11.50000000000000000 ) ) ;
#8717 = CARTESIAN_POINT ( 'NONE',  ( -3.302894264946160300, -16.49874951648632000, 11.49999999999999800 ) ) ;
#8718 = FACE_OUTER_BOUND ( 'NONE', #1428, .T. ) ;
#8719 = EDGE_CURVE ( 'NONE', #6628, #1872, #8477, .T. ) ;
#8720 = LINE ( 'NONE', #1102, #1460 ) ;
#8721 = CARTESIAN_POINT ( 'NONE',  ( -2.734684369904373900, 4.650314465408802000, 11.50000000000000000 ) ) ;
#8722 = DIRECTION ( 'NONE',  ( 1.404634393503487500E-016, -1.000000000000000000, 0.0000000000000000000 ) ) ;
#8723 = VERTEX_POINT ( 'NONE', #8032 ) ;
#8724 = CARTESIAN_POINT ( 'NONE',  ( -3.894406984029321600, -16.34978081076814500, 11.49999999999999800 ) ) ;
#8725 = CARTESIAN_POINT ( 'NONE',  ( 0.4584895824944672500, -17.01477296587980300, 11.49999999999999800 ) ) ;
#8726 = CARTESIAN_POINT ( 'NONE',  ( -1.685551389951233500, 4.942922973584813900, 11.50000000000000400 ) ) ;
#8727 = CARTESIAN_POINT ( 'NONE',  ( -3.289051767066187600, 5.282064222336805900, 11.49999999999999800 ) ) ;
#8728 = CARTESIAN_POINT ( 'NONE',  ( 1.911216991749303600, 4.827964215644977100, 11.50000000000000000 ) ) ;
#8729 = CARTESIAN_POINT ( 'NONE',  ( 2.326828918379968200E-015, 1.499999999999997800, 11.60000000000000000 ) ) ;
#8730 = CARTESIAN_POINT ( 'NONE',  ( 0.3141236607464660300, 4.677027366181594200, 11.49999999999999800 ) ) ;
#8731 = EDGE_CURVE ( 'NONE', #1280, #3890, #4664, .T. ) ;
#8732 = CARTESIAN_POINT ( 'NONE',  ( 3.188038545511903400, 5.411866317073948300, 11.49999999999999800 ) ) ;
#8733 = CARTESIAN_POINT ( 'NONE',  ( -1.776616816380428100, 5.341433803030692000, 11.49999999999999800 ) ) ;
#8734 = CARTESIAN_POINT ( 'NONE',  ( -2.092709061262398000, 5.369811320754712900, 11.50000000000000200 ) ) ;
#8735 = DIRECTION ( 'NONE',  ( 0.0000000000000000000, 0.0000000000000000000, 1.000000000000000000 ) ) ;
#8736 = CARTESIAN_POINT ( 'NONE',  ( -8.285786437626924800, -24.69999999999999900, 2.000000000000000000 ) ) ;
#8737 = CARTESIAN_POINT ( 'NONE',  ( -1.652667634821191300, -16.17712286465088300, 11.50000000000000200 ) ) ;
#8738 = ORIENTED_EDGE ( 'NONE', *, *, #3994, .F. ) ;
#8739 = CARTESIAN_POINT ( 'NONE',  ( -2.042580945725477100, 4.836477987421380600, 11.50000000000000200 ) ) ;
#8740 = CARTESIAN_POINT ( 'NONE',  ( -1.210456977136648000, -16.88186768735669200, 11.49999999999999600 ) ) ;
#8741 = CARTESIAN_POINT ( 'NONE',  ( -2.156608752025381400, 5.026770207649105900, 11.50000000000000000 ) ) ;
#8742 = VERTEX_POINT ( 'NONE', #7138 ) ;
#8743 = ORIENTED_EDGE ( 'NONE', *, *, #3512, .F. ) ;
#8744 = CARTESIAN_POINT ( 'NONE',  ( 2.715067498731933400, -11.75322140895007400, 11.50000000000000700 ) ) ;
#8745 = CARTESIAN_POINT ( 'NONE',  ( -1.550970109090437500, -16.24472223159585500, 11.50000000000000000 ) ) ;
#8746 = DIRECTION ( 'NONE',  ( -1.000000000000000000, 0.0000000000000000000, -0.0000000000000000000 ) ) ;
#8747 = EDGE_CURVE ( 'NONE', #3351, #723, #5743, .T. ) ;
#8748 = CARTESIAN_POINT ( 'NONE',  ( 3.906790848165562200, 5.327023354154889900, 11.50000000000000000 ) ) ;
#8749 = ORIENTED_EDGE ( 'NONE', *, *, #1095, .F. ) ;
#8750 = CARTESIAN_POINT ( 'NONE',  ( 2.326828918379968200E-015, 1.499999999999997800, 11.60000000000000000 ) ) ;
#8751 = VECTOR ( 'NONE', #3873, 1000.000000000000000 ) ;
#8752 = CARTESIAN_POINT ( 'NONE',  ( -1.970649895178074700, 5.062893081761003200, 11.50000000000000000 ) ) ;
#8753 = CIRCLE ( 'NONE', #4895, 1.000000000000000900 ) ;
#8754 = CARTESIAN_POINT ( 'NONE',  ( 1.813159928450411400, 4.664675808504973100, 11.49999999999999800 ) ) ;
#8755 = CARTESIAN_POINT ( 'NONE',  ( 1.614635851645889600, -9.712848549365826800, 11.49999999999999800 ) ) ;
#8756 = CARTESIAN_POINT ( 'NONE',  ( -3.170842206038564800, -9.328522087477388400, 11.49999999999999600 ) ) ;
#8757 = VERTEX_POINT ( 'NONE', #3466 ) ;
#8758 = ORIENTED_EDGE ( 'NONE', *, *, #4612, .F. ) ;
#8759 = CARTESIAN_POINT ( 'NONE',  ( 0.4269005847953207300, -16.87696739952760800, 11.50000000000000000 ) ) ;
#8760 = B_SPLINE_CURVE_WITH_KNOTS ( 'NONE', 3,
 ( #8889, #2323, #6199, #4752, #9031, #8212, #3841, #8948, #7890, #8335, #1423, #2381, #3810, #338, #7281, #6451, #4570, #6798, #6091 ),
 .UNSPECIFIED., .F., .F.,
 ( 4, 1, 1, 1, 1, 1, 1, 1, 1, 1, 1, 1, 1, 1, 1, 1, 4 ),
 ( 0.0000000000000000000, 0.08127201340518130900, 0.1557966685327445400, 0.2234190712079586700, 0.2841869321306963500, 0.3387620653537016800, 0.3893383324153278900, 0.4378471610206318100, 0.4842400188078288500, 0.5318797948618005900, 0.5815689259542562400, 0.6360822876427838500, 0.6948202193993329200, 0.7601723554677342100, 0.8327455006883348600, 0.9129239877864714400, 1.000000000000000000 ),
 .UNSPECIFIED. ) ;
#8761 = CARTESIAN_POINT ( 'NONE',  ( 1.767131539803007200, 9.340615704643440200, 11.50000000000000000 ) ) ;
#8762 = CARTESIAN_POINT ( 'NONE',  ( 2.321493906432683800, -10.13325100334102500, 11.49999999999999600 ) ) ;
#8763 = DIRECTION ( 'NONE',  ( 0.8645071866841929100, -0.5026204573745303200, -0.0000000000000000000 ) ) ;
#8764 = ORIENTED_EDGE ( 'NONE', *, *, #7345, .F. ) ;
#8765 = VERTEX_POINT ( 'NONE', #4907 ) ;
#8766 = CARTESIAN_POINT ( 'NONE',  ( 0.8780877548189800500, -16.99915810772341000, 11.50000000000000500 ) ) ;
#8767 = CARTESIAN_POINT ( 'NONE',  ( -0.5056396357372866500, 4.653358062581220100, 11.49999999999999600 ) ) ;
#8768 = DIRECTION ( 'NONE',  ( 0.7071067811865462400, 0.7071067811865489100, 0.0000000000000000000 ) ) ;
#8769 = CARTESIAN_POINT ( 'NONE',  ( -3.962543675751098800, 4.715723270440246800, 11.50000000000000000 ) ) ;
#8770 = CARTESIAN_POINT ( 'NONE',  ( -1.232144926833826000, -16.74306841502663100, 11.49999999999999800 ) ) ;
#8771 = CARTESIAN_POINT ( 'NONE',  ( 2.881180939292272900, -11.45951368183028100, 11.49999999999999800 ) ) ;
#8772 = ORIENTED_EDGE ( 'NONE', *, *, #3671, .T. ) ;
#8773 = AXIS2_PLACEMENT_3D ( 'NONE', #1806, #6668, #687 ) ;
#8774 = EDGE_CURVE ( 'NONE', #3891, #4639, #3555, .T. ) ;
#8775 = CARTESIAN_POINT ( 'NONE',  ( 1.516228488812897600, -10.24067023631185000, 11.50000000000000000 ) ) ;
#8776 = CARTESIAN_POINT ( 'NONE',  ( 4.669792644433692400, 5.185917231917903400, 11.50000000000000000 ) ) ;
#8777 = VERTEX_POINT ( 'NONE', #2923 ) ;
#8778 = CARTESIAN_POINT ( 'NONE',  ( 2.434727699423125300, -11.21282004609558800, 11.49999999999999800 ) ) ;
#8779 = LINE ( 'NONE', #6898, #1400 ) ;
#8780 = ORIENTED_EDGE ( 'NONE', *, *, #250, .T. ) ;
#8781 = FACE_OUTER_BOUND ( 'NONE', #598, .T. ) ;
#8782 = CARTESIAN_POINT ( 'NONE',  ( -3.035769485729765000, -16.26446704891021300, 11.49999999999999800 ) ) ;
#8783 = CARTESIAN_POINT ( 'NONE',  ( -4.080287870797255000, 4.956433159568457600, 11.50000000000000000 ) ) ;
#8784 = CARTESIAN_POINT ( 'NONE',  ( -2.889399473962852100, -17.15072744400405800, 11.50000000000000200 ) ) ;
#8786 = FACE_BOUND ( 'NONE', #7748, .T. ) ;
#8785 = CARTESIAN_POINT ( 'NONE',  ( -5.900000000000000400, 42.00000000000001400, 11.49999999999999300 ) ) ;
#8787 = CARTESIAN_POINT ( 'NONE',  ( -1.228733111075837300, -16.43302355851161800, 11.50000000000000200 ) ) ;
#8788 = CARTESIAN_POINT ( 'NONE',  ( -0.1821962380527690800, -16.91588445551622400, 11.50000000000000400 ) ) ;
#8789 = DIRECTION ( 'NONE',  ( -0.0000000000000000000, 0.0000000000000000000, 1.000000000000000000 ) ) ;
#8790 = EDGE_CURVE ( 'NONE', #7422, #6986, #3867, .T. ) ;
#8791 = CARTESIAN_POINT ( 'NONE',  ( -1.710493938918007200, -16.22768961834757900, 11.50000000000000000 ) ) ;
#8792 = B_SPLINE_CURVE_WITH_KNOTS ( 'NONE', 3,
 ( #1766, #4117, #1068, #6768, #1430, #5706, #7163, #2900, #2243, #7221, #1606, #5887, #903, #5178, #183, #3731, #8733, #4456, #4488 ),
 .UNSPECIFIED., .F., .F.,
 ( 4, 1, 1, 1, 1, 1, 1, 1, 1, 1, 1, 1, 1, 1, 1, 1, 4 ),
 ( 0.0000000000000000000, 0.09387677605848565600, 0.1834750333071349900, 0.2677782062457618700, 0.3479237868299236400, 0.4229799047368302300, 0.4935362503639643100, 0.5602350122410226800, 0.6221642193172349800, 0.6800216163976543500, 0.7342116639309580500, 0.7853191118985416400, 0.8326983602292975500, 0.8775440334153970000, 0.9196904995332480000, 0.9604203375832288700, 1.000000000000000000 ),
 .UNSPECIFIED. ) ;
#8793 = CARTESIAN_POINT ( 'NONE',  ( 4.502740737510013200, -17.05780795211605700, 11.50000000000000000 ) ) ;
#8794 = ADVANCED_FACE ( 'NONE', ( #6130 ), #1108, .T. ) ;
#8795 = DIRECTION ( 'NONE',  ( -1.000000000000000000, 0.0000000000000000000, -0.0000000000000000000 ) ) ;
#8796 = CARTESIAN_POINT ( 'NONE',  ( 2.476277582058528500, 5.413181282291303900, 11.50000000000000200 ) ) ;
#8797 = CARTESIAN_POINT ( 'NONE',  ( -1.367238568011720100, -11.64771006917539300, 11.49999999999999800 ) ) ;
#8798 = EDGE_CURVE ( 'NONE', #2339, #8197, #7803, .T. ) ;
#8799 = CARTESIAN_POINT ( 'NONE',  ( -4.679790555624372000, 4.684947907853481500, 11.49999999999999500 ) ) ;
#8800 = VERTEX_POINT ( 'NONE', #5338 ) ;
#8801 = CARTESIAN_POINT ( 'NONE',  ( -3.567756645807349500, -16.70595541061838000, 11.50000000000000200 ) ) ;
#8802 = CARTESIAN_POINT ( 'NONE',  ( -3.866431309918225300, -16.99173137527952100, 11.49999999999999600 ) ) ;
#8803 = PERSON_AND_ORGANIZATION ( #2876, #7351 ) ;
#8804 = CARTESIAN_POINT ( 'NONE',  ( 4.729466275620334900, 4.719306729763685500, 11.50000000000000000 ) ) ;
#8805 = FACE_BOUND ( 'NONE', #9120, .T. ) ;
#8806 = VERTEX_POINT ( 'NONE', #297 ) ;
#8807 = EDGE_CURVE ( 'NONE', #431, #380, #8487, .T. ) ;
#8808 = DIRECTION ( 'NONE',  ( 1.000000000000000000, 0.0000000000000000000, 0.0000000000000000000 ) ) ;
#8809 = CARTESIAN_POINT ( 'NONE',  ( 2.461376375403686800, 7.536600550640360800, 11.50000000000000400 ) ) ;
#8810 = CARTESIAN_POINT ( 'NONE',  ( 0.0000000000000000000, -9.197660818713455200, 11.50000000000000000 ) ) ;
#8811 = CARTESIAN_POINT ( 'NONE',  ( -1.312862902569035900, -11.67621565162376700, 11.50000000000000200 ) ) ;
#8812 = B_SPLINE_CURVE_WITH_KNOTS ( 'NONE', 3,
 ( #6945, #8959, #7521, #4981, #4556, #171, #6978, #5157, #4166, #3643, #2577, #8697, #3297, #7585, #684, #8243, #415, #1734, #7623, #1901, #5731, #81, #7983, #7786, #2926, #3944, #1354, #5874, #4002, #3709, #8003, #4439, #5964, #1687, #7062, #2074 ),
 .UNSPECIFIED., .F., .F.,
 ( 4, 1, 1, 1, 1, 1, 1, 1, 1, 1, 1, 1, 1, 1, 1, 1, 1, 1, 1, 1, 1, 1, 1, 1, 1, 1, 1, 1, 1, 1, 1, 1, 1, 4 ),
 ( 0.0000000000000000000, 0.02001129098206433400, 0.03868464811762317700, 0.05618401443891496400, 0.07255897583150439100, 0.08783386458804076600, 0.1019665699264160600, 0.1151869652013477500, 0.1275444129591780700, 0.1391523679689376000, 0.1499938028401969200, 0.1600894405303173700, 0.1697240356150461200, 0.1789978193090974200, 0.1880304599405223700, 0.1969867089452422800, 0.2061423756635711900, 0.2152394113996646300, 0.2241997329695081300, 0.2328619371810337600, 0.2417527714403848700, 0.2508638329364651900, 0.2605330770184771700, 0.2705919077307856700, 0.2813590544864365000, 0.3036999251331238300, 0.3260677244629530700, 0.3489358287146749900, 0.3724383352303237700, 0.3970002203161550100, 0.4228448830309258200, 0.4498738290610283500, 0.4783272769410080700, 0.5000000000000013300 ),
 .UNSPECIFIED. ) ;
#8813 = B_SPLINE_CURVE_WITH_KNOTS ( 'NONE', 3,
 ( #2687, #7568, #4429, #200, #5704, #8583, #6600, #1200, #2750, #832 ),
 .UNSPECIFIED., .F., .F.,
 ( 4, 3, 3, 4 ),
 ( 8.673617379884035500E-019, 1.306694770020321200E-005, 2.612874198185758200E-005, 5.223716767495269300E-005 ),
 .UNSPECIFIED. ) ;
#8814 = ORIENTED_EDGE ( 'NONE', *, *, #682, .F. ) ;
#8815 = CARTESIAN_POINT ( 'NONE',  ( -1.703316488588746200, 7.503650994466779500, 11.49999999999999800 ) ) ;
#8816 = CARTESIAN_POINT ( 'NONE',  ( -1.527314674294399300, -14.55727523515898300, 11.50000000000000200 ) ) ;
#8817 = ORIENTED_EDGE ( 'NONE', *, *, #2206, .T. ) ;
#8818 = CARTESIAN_POINT ( 'NONE',  ( -4.163914090097466500, 5.363902112738514000, 11.50000000000000000 ) ) ;
#8819 = CARTESIAN_POINT ( 'NONE',  ( 3.921136880224569900, -16.50644244164165300, 11.49999999999999500 ) ) ;
#8820 = CARTESIAN_POINT ( 'NONE',  ( -1.951049483810844100, 5.052107475689404700, 11.50000000000000200 ) ) ;
#8821 = CARTESIAN_POINT ( 'NONE',  ( 4.491167140280131400, -16.59056820344707700, 11.49999999999999600 ) ) ;
#8822 = CARTESIAN_POINT ( 'NONE',  ( -1.618482315620408700, -17.14190451498552300, 11.49999999999999800 ) ) ;
#8823 = CARTESIAN_POINT ( 'NONE',  ( 2.069122771519808200, -9.826702957309981600, 11.50000000000000400 ) ) ;
#8824 = CARTESIAN_POINT ( 'NONE',  ( -2.884094512787694200, -16.27606683679494300, 11.50000000000000400 ) ) ;
#8825 = CARTESIAN_POINT ( 'NONE',  ( 0.7134502923976598900, -16.68398494338725900, 11.50000000000000000 ) ) ;
#8826 = VECTOR ( 'NONE', #8896, 1000.000000000000000 ) ;
#8827 = VERTEX_POINT ( 'NONE', #9029 ) ;
#8828 = CARTESIAN_POINT ( 'NONE',  ( 4.058250911099813500, -16.46733490482588600, 11.49999999999999800 ) ) ;
#8829 = CARTESIAN_POINT ( 'NONE',  ( 2.695178197065111600, 4.745911949685530700, 11.50000000000000000 ) ) ;
#8830 = LINE ( 'NONE', #5590, #5469 ) ;
#8831 = ORIENTED_EDGE ( 'NONE', *, *, #9064, .T. ) ;
#8832 = CARTESIAN_POINT ( 'NONE',  ( 3.515450867797379300, -9.957340733760778700, 11.50000000000000700 ) ) ;
#8833 = DIRECTION ( 'NONE',  ( -0.7071067811865444600, -0.7071067811865505700, 0.0000000000000000000 ) ) ;
#8834 = B_SPLINE_CURVE_WITH_KNOTS ( 'NONE', 3,
 ( #4063, #7889, #2083, #2508, #6208, #1206, #2757, #964, #2977, #4192, #4361, #8332, #3971, #1178, #4000, #6450, #2071, #3447, #5762 ),
 .UNSPECIFIED., .F., .F.,
 ( 4, 1, 1, 1, 1, 1, 1, 1, 1, 1, 1, 1, 1, 1, 1, 1, 4 ),
 ( 0.0000000000000000000, 0.06115168335415177600, 0.1207318413476743400, 0.1793808054533819800, 0.2372138356768999100, 0.2957806719298636800, 0.3551194468678586800, 0.4157017567174446900, 0.4784874139969602600, 0.5415831395235730600, 0.6041775447874134800, 0.6663961221936078900, 0.7291371596524168800, 0.7933056443892405600, 0.8596942358537423800, 0.9283994012828263900, 1.000000000000000000 ),
 .UNSPECIFIED. ) ;
#8835 = CARTESIAN_POINT ( 'NONE',  ( 1.051921204390310100, -16.90335433168929000, 11.50000000000000700 ) ) ;
#8836 = AXIS2_PLACEMENT_3D ( 'NONE', #5875, #3530, #8460 ) ;
#8837 = EDGE_CURVE ( 'NONE', #3126, #1091, #437, .T. ) ;
#8838 = ORIENTED_EDGE ( 'NONE', *, *, #9026, .T. ) ;
#8839 = ORIENTED_EDGE ( 'NONE', *, *, #8299, .T. ) ;
#8840 = CARTESIAN_POINT ( 'NONE',  ( 3.871519144851925700, -16.30346490601658600, 11.50000000000000200 ) ) ;
#8841 = CARTESIAN_POINT ( 'NONE',  ( -2.356115087389230000, -11.01909181712656900, 11.50000000000000000 ) ) ;
#8842 = CARTESIAN_POINT ( 'NONE',  ( -0.3074477678448885900, -14.08475377047477300, 11.50000000000000500 ) ) ;
#8843 = DIRECTION ( 'NONE',  ( 1.000000000000000000, 0.0000000000000000000, 0.0000000000000000000 ) ) ;
#8844 = CARTESIAN_POINT ( 'NONE',  ( 0.2614930867023178600, -11.39545872526497000, 11.50000000000000200 ) ) ;
#8845 = CARTESIAN_POINT ( 'NONE',  ( -3.259109358646527200, -10.65160667860507900, 11.50000000000000200 ) ) ;
#8846 = VECTOR ( 'NONE', #4084, 1000.000000000000000 ) ;
#8847 = CARTESIAN_POINT ( 'NONE',  ( -1.826889132731250400, 8.467993367608244200, 11.49999999999999600 ) ) ;
#8848 = VERTEX_POINT ( 'NONE', #6553 ) ;
#8849 = EDGE_CURVE ( 'NONE', #2641, #2239, #4111, .T. ) ;
#8850 = ORIENTED_EDGE ( 'NONE', *, *, #2193, .F. ) ;
#8851 = CARTESIAN_POINT ( 'NONE',  ( -3.940368205604075900, 4.595140191844140400, 11.50000000000000200 ) ) ;
#8852 = CARTESIAN_POINT ( 'NONE',  ( 0.8942482881698881100, -16.97733036447082400, 11.50000000000000500 ) ) ;
#8853 = CARTESIAN_POINT ( 'NONE',  ( 3.202795248078389000, 5.425157232704399300, 11.50000000000000000 ) ) ;
#8854 = DIRECTION ( 'NONE',  ( 1.000000000000000000, 0.0000000000000000000, 0.0000000000000000000 ) ) ;
#8855 = CARTESIAN_POINT ( 'NONE',  ( -0.3883531330070984500, 5.329559748427669800, 11.50000000000000000 ) ) ;
#8856 = LINE ( 'NONE', #2475, #5403 ) ;
#8857 = ORIENTED_EDGE ( 'NONE', *, *, #3762, .T. ) ;
#8858 = CIRCLE ( 'NONE', #8427, 0.9999999999999991100 ) ;
#8859 = CARTESIAN_POINT ( 'NONE',  ( -4.716164213618522900, 4.660461072929716200, 11.49999999999999600 ) ) ;
#8860 = B_SPLINE_CURVE_WITH_KNOTS ( 'NONE', 3,
 ( #1127, #6389, #3760, #1166, #7421, #8847, #4841, #1884, #5176 ),
 .UNSPECIFIED., .F., .F.,
 ( 4, 1, 1, 1, 1, 1, 4 ),
 ( 0.0000000000000000000, 0.1342187603786363400, 0.2934264188267246000, 0.4068466519628198800, 0.5635898057423123200, 0.7603282177661365700, 1.000000000000000000 ),
 .UNSPECIFIED. ) ;
#8861 = VERTEX_POINT ( 'NONE', #8192 ) ;
#8862 = CARTESIAN_POINT ( 'NONE',  ( 0.0000000000000000000, 0.0000000000000000000, 11.50000000000000000 ) ) ;
#8863 = CARTESIAN_POINT ( 'NONE',  ( 3.127948013743953900, 5.320934446752551700, 11.49999999999999800 ) ) ;
#8864 = EDGE_CURVE ( 'NONE', #3293, #7146, #265, .T. ) ;
#8865 = DIRECTION ( 'NONE',  ( 1.000000000000000000, 0.0000000000000000000, 0.0000000000000000000 ) ) ;
#8866 = CARTESIAN_POINT ( 'NONE',  ( 0.1593674636328828700, -16.66037442156183700, 11.50000000000000000 ) ) ;
#8867 = CARTESIAN_POINT ( 'NONE',  ( -0.9830884929196150900, 5.421564075850687600, 11.50000000000000200 ) ) ;
#8868 = LINE ( 'NONE', #7650, #1930 ) ;
#8869 = CARTESIAN_POINT ( 'NONE',  ( -2.723464494194476800, -11.47739245839186000, 11.50000000000000000 ) ) ;
#8870 = CARTESIAN_POINT ( 'NONE',  ( -4.349971448951733600, 5.412576099382500900, 11.50000000000000000 ) ) ;
#8871 = ORIENTED_EDGE ( 'NONE', *, *, #6779, .F. ) ;
#8872 = CARTESIAN_POINT ( 'NONE',  ( 2.107016191422137500, 4.930830466298170100, 11.50000000000000000 ) ) ;
#8873 = EDGE_CURVE ( 'NONE', #249, #5878, #8834, .T. ) ;
#8874 = CARTESIAN_POINT ( 'NONE',  ( -1.690293854398550800, 4.821715333124943800, 11.49999999999999600 ) ) ;
#8875 = ORIENTED_EDGE ( 'NONE', *, *, #5134, .T. ) ;
#8876 = CARTESIAN_POINT ( 'NONE',  ( 0.8956254409775035200, -17.13336670911142100, 11.50000000000000700 ) ) ;
#8877 = ORIENTED_EDGE ( 'NONE', *, *, #6629, .F. ) ;
#8878 = ADVANCED_FACE ( 'NONE', ( #104, #551 ), #1352, .T. ) ;
#8879 = CARTESIAN_POINT ( 'NONE',  ( 4.320314559570348000, -16.94769604270250700, 11.50000000000000400 ) ) ;
#8880 = DIRECTION ( 'NONE',  ( -1.000000000000000000, 0.0000000000000000000, -0.0000000000000000000 ) ) ;
#8881 = ORIENTED_EDGE ( 'NONE', *, *, #2633, .T. ) ;
#8882 = CARTESIAN_POINT ( 'NONE',  ( -1.483243334907052200, -14.50116607537239900, 11.49999999999999800 ) ) ;
#8883 = CARTESIAN_POINT ( 'NONE',  ( 2.017369323215343800, 12.40073244734563900, 11.49999999999999300 ) ) ;
#8884 = CARTESIAN_POINT ( 'NONE',  ( -1.695106808252610800, -11.18530387430597300, 11.50000000000000000 ) ) ;
#8885 = CARTESIAN_POINT ( 'NONE',  ( -0.4569298858605809200, 5.349685534591192700, 11.50000000000000000 ) ) ;
#8886 = CARTESIAN_POINT ( 'NONE',  ( -0.3073910325612854700, -13.97388158267567500, 11.50000000000000400 ) ) ;
#8887 = DIRECTION ( 'NONE',  ( 1.000000000000000000, 0.0000000000000000000, 0.0000000000000000000 ) ) ;
#8888 = ORIENTED_EDGE ( 'NONE', *, *, #6095, .F. ) ;
#8889 = CARTESIAN_POINT ( 'NONE',  ( 4.220451898439444300, 5.254088050314462200, 11.50000000000000000 ) ) ;
#8890 = CARTESIAN_POINT ( 'NONE',  ( -2.897181458187623200, 4.967295597484273600, 11.50000000000000200 ) ) ;
#8891 = EDGE_CURVE ( 'NONE', #1220, #7996, #2996, .T. ) ;
#8892 = CARTESIAN_POINT ( 'NONE',  ( -5.899999999999903500, 3.630232558139470100, 11.50000000000000000 ) ) ;
#8893 = B_SPLINE_CURVE_WITH_KNOTS ( 'NONE', 3,
 ( #6867, #474, #3268, #5401, #8246, #3235, #6801, #1802, #3204, #4653, #384, #3261, #972, #8991, #4497 ),
 .UNSPECIFIED., .F., .F.,
 ( 4, 1, 1, 1, 1, 1, 1, 1, 1, 1, 1, 1, 4 ),
 ( 0.0000000000000000000, 0.1699940881363636300, 0.3241840477104954700, 0.4639667206896864700, 0.5899011840569258200, 0.6482842860871378400, 0.7033460874139825200, 0.7565172579201808700, 0.8066549435339849200, 0.8558639289848804000, 0.9044828067583178300, 0.9518123993349009200, 1.000000000000000000 ),
 .UNSPECIFIED. ) ;
#8894 = CARTESIAN_POINT ( 'NONE',  ( -3.466497848810214100, 4.957847669829361000, 11.50000000000000000 ) ) ;
#8895 = CARTESIAN_POINT ( 'NONE',  ( -2.487025390169921700, 5.349685534591191800, 11.50000000000000000 ) ) ;
#8896 = DIRECTION ( 'NONE',  ( 1.000000000000000000, 0.0000000000000000000, 0.0000000000000000000 ) ) ;
#8897 = CARTESIAN_POINT ( 'NONE',  ( 1.593790224457649000, -9.618817725299077600, 11.49999999999999800 ) ) ;
#8898 = LINE ( 'NONE', #6347, #2204 ) ;
#8899 = CC_DESIGN_APPROVAL ( #8439, ( #6990 ) ) ;
#8900 = CARTESIAN_POINT ( 'NONE',  ( 2.491466228383715000, 5.403588889711729200, 11.50000000000000400 ) ) ;
#8901 = CARTESIAN_POINT ( 'NONE',  ( 0.4741353058470294000, -16.51565976328992800, 11.50000000000000500 ) ) ;
#8902 = EDGE_CURVE ( 'NONE', #7121, #162, #6245, .T. ) ;
#8903 = CARTESIAN_POINT ( 'NONE',  ( -3.567251461988304700, -16.64889722408901600, 11.50000000000000000 ) ) ;
#8904 = CARTESIAN_POINT ( 'NONE',  ( -0.6729800572410686900, 10.79666268022616100, 11.49999999999999800 ) ) ;
#8905 = B_SPLINE_CURVE_WITH_KNOTS ( 'NONE', 3,
 ( #1106, #1420, #8674, #397, #3648, #5214, #4059 ),
 .UNSPECIFIED., .F., .F.,
 ( 4, 1, 1, 1, 4 ),
 ( 0.0000000000000000000, 0.3817125280626252300, 0.6608522409705894800, 0.8548295495206894600, 1.000000000000000000 ),
 .UNSPECIFIED. ) ;
#8906 = CARTESIAN_POINT ( 'NONE',  ( -0.3972078610048069800, 5.258861417269259600, 11.49999999999999800 ) ) ;
#8907 = CARTESIAN_POINT ( 'NONE',  ( 0.5148199521348683100, -16.23530124575806300, 11.49999999999999800 ) ) ;
#8908 = CARTESIAN_POINT ( 'NONE',  ( -0.5545337228706237500, -11.34724254181906600, 11.50000000000000000 ) ) ;
#8909 = CARTESIAN_POINT ( 'NONE',  ( 3.169981694417315600, 4.669884464011929900, 11.49999999999999800 ) ) ;
#8910 = CARTESIAN_POINT ( 'NONE',  ( -3.211707121297726200, 4.599506568366298800, 11.49999999999999800 ) ) ;
#8911 = ORIENTED_EDGE ( 'NONE', *, *, #3807, .T. ) ;
#8912 = FACE_OUTER_BOUND ( 'NONE', #6085, .T. ) ;
#8913 = FACE_BOUND ( 'NONE', #759, .T. ) ;
#8914 = ORIENTED_EDGE ( 'NONE', *, *, #8198, .F. ) ;
#8915 = CARTESIAN_POINT ( 'NONE',  ( 1.593512925535210500, -10.04180151708988900, 11.49999999999999800 ) ) ;
#8916 = CARTESIAN_POINT ( 'NONE',  ( -3.259107780534483900, -10.39389074402433300, 11.50000000000000200 ) ) ;
#8917 = CARTESIAN_POINT ( 'NONE',  ( -0.7900183203755788400, 10.81461233663176100, 11.49999999999999600 ) ) ;
#8918 = EDGE_CURVE ( 'NONE', #8611, #2490, #2745, .T. ) ;
#8919 = CARTESIAN_POINT ( 'NONE',  ( 0.1169590643274853700, -9.840935672514625300, 11.50000000000000000 ) ) ;
#8920 = CARTESIAN_POINT ( 'NONE',  ( 4.694443652565301100, 4.784168311481297800, 11.50000000000000000 ) ) ;
#8921 = CARTESIAN_POINT ( 'NONE',  ( -2.032472172086054100, 4.934882552464689100, 11.50000000000000700 ) ) ;
#8922 = VECTOR ( 'NONE', #2679, 1000.000000000000100 ) ;
#8923 = CARTESIAN_POINT ( 'NONE',  ( -2.832694900488413700, 5.391271462865880400, 11.50000000000000200 ) ) ;
#8924 = ORIENTED_EDGE ( 'NONE', *, *, #7397, .T. ) ;
#8925 = DIRECTION ( 'NONE',  ( -0.8645071866841930200, 0.5026204573745302100, 0.0000000000000000000 ) ) ;
#8926 = DIRECTION ( 'NONE',  ( -0.0000000000000000000, 0.0000000000000000000, 1.000000000000000000 ) ) ;
#8927 = B_SPLINE_CURVE_WITH_KNOTS ( 'NONE', 3,
 ( #6436, #2153, #6767, #591, #3, #1920, #2011, #5004, #1343, #2021, #5750, #4884, #4147, #5684, #2067, #7225, #4759, #1233, #3958 ),
 .UNSPECIFIED., .F., .F.,
 ( 4, 1, 1, 1, 1, 1, 1, 1, 1, 1, 1, 1, 1, 1, 1, 1, 4 ),
 ( 0.0000000000000000000, 0.05256703748310076500, 0.1037396649370566600, 0.1541270815064926800, 0.2045668486527182400, 0.2547386302635179500, 0.3060726947457826900, 0.3589846151859729100, 0.4137409101063264100, 0.4706649222420871100, 0.5310404779689026400, 0.5955920816669333400, 0.6647527198756970600, 0.7391369015813166200, 0.8196112530611390200, 0.9065786090042971000, 1.000000000000000000 ),
 .UNSPECIFIED. ) ;
#8928 = CARTESIAN_POINT ( 'NONE',  ( -3.460708488675000800, 4.751177155443116400, 11.50000000000000000 ) ) ;
#8929 = ORIENTED_EDGE ( 'NONE', *, *, #5162, .F. ) ;
#8930 = CARTESIAN_POINT ( 'NONE',  ( 0.6915443745633654800, 4.745911949685530700, 11.50000000000000000 ) ) ;
#8931 = AXIS2_PLACEMENT_3D ( 'NONE', #5086, #4092, #8843 ) ;
#8932 = EDGE_LOOP ( 'NONE', ( #6677, #3690 ) ) ;
#8933 = ORIENTED_EDGE ( 'NONE', *, *, #5243, .T. ) ;
#8934 = CARTESIAN_POINT ( 'NONE',  ( 0.5285180710164642000, -16.58338901551483200, 11.50000000000000200 ) ) ;
#8935 = ORIENTED_EDGE ( 'NONE', *, *, #6220, .F. ) ;
#8936 = DIRECTION ( 'NONE',  ( 1.000000000000000000, 0.0000000000000000000, 0.0000000000000000000 ) ) ;
#8937 = CARTESIAN_POINT ( 'NONE',  ( 3.131674956941535600, 4.653309046074815200, 11.49999999999999600 ) ) ;
#8938 = LINE ( 'NONE', #1758, #1559 ) ;
#8939 = CARTESIAN_POINT ( 'NONE',  ( -3.991826061947001800, 4.767734251153829200, 11.50000000000000200 ) ) ;
#8940 = CARTESIAN_POINT ( 'NONE',  ( 2.686691703227152700, 4.722816978705043100, 11.50000000000000200 ) ) ;
#8941 = DIRECTION ( 'NONE',  ( 1.000000000000000000, 0.0000000000000000000, 0.0000000000000000000 ) ) ;
#8942 = AXIS2_PLACEMENT_3D ( 'NONE', #8176, #7530, #6232 ) ;
#8943 = VECTOR ( 'NONE', #7954, 1000.000000000000000 ) ;
#8944 = CARTESIAN_POINT ( 'NONE',  ( -3.005611704276420300, -9.569221448803405700, 11.50000000000000400 ) ) ;
#8945 = EDGE_CURVE ( 'NONE', #6506, #1264, #1079, .T. ) ;
#8946 = CARTESIAN_POINT ( 'NONE',  ( 0.8423014209178970600, 4.967295597484273600, 11.50000000000000000 ) ) ;
#8947 = ORIENTED_EDGE ( 'NONE', *, *, #8270, .T. ) ;
#8948 = CARTESIAN_POINT ( 'NONE',  ( 4.231223654699916500, 5.314623966746957300, 11.49999999999999800 ) ) ;
#8949 = CARTESIAN_POINT ( 'NONE',  ( -3.860365582948021700, 5.128789024888042100, 11.49999999999999800 ) ) ;
#8950 = ORIENTED_EDGE ( 'NONE', *, *, #3202, .F. ) ;
#8951 = ORIENTED_EDGE ( 'NONE', *, *, #230, .F. ) ;
#8952 = CARTESIAN_POINT ( 'NONE',  ( -2.002923976608186800, -10.73274853801170400, 11.50000000000000200 ) ) ;
#8953 = CARTESIAN_POINT ( 'NONE',  ( -2.874167704416251500, 5.232015575007046900, 11.49999999999999800 ) ) ;
#8954 = DIRECTION ( 'NONE',  ( -1.000000000000000000, 0.0000000000000000000, 0.0000000000000000000 ) ) ;
#8955 = VECTOR ( 'NONE', #5468, 1000.000000000000000 ) ;
#8956 = B_SPLINE_CURVE_WITH_KNOTS ( 'NONE', 3,
 ( #2162, #8972, #6751, #8937, #546, #8909, #7597, #5926, #172, #7442, #1688 ),
 .UNSPECIFIED., .F., .F.,
 ( 4, 1, 1, 1, 1, 1, 1, 1, 4 ),
 ( 0.0000000000000000000, 0.1418431514821332200, 0.2712390580058899900, 0.3926366672217209700, 0.5071907408256404200, 0.6214715042451958200, 0.7390480891058057700, 0.8640682361081342100, 1.000000000000000000 ),
 .UNSPECIFIED. ) ;
#8957 = ORIENTED_EDGE ( 'NONE', *, *, #7123, .F. ) ;
#8958 = VERTEX_POINT ( 'NONE', #7723 ) ;
#8959 = CARTESIAN_POINT ( 'NONE',  ( -0.2960929707528628400, -13.83764556906003100, 11.50000000000000700 ) ) ;
#8960 = AXIS2_PLACEMENT_3D ( 'NONE', #9053, #220, #3106 ) ;
#8961 = CARTESIAN_POINT ( 'NONE',  ( 2.458597274094311400, -0.6374141080985247200, 11.50000000000000000 ) ) ;
#8962 = EDGE_CURVE ( 'NONE', #7167, #1333, #3998, .T. ) ;
#8963 = VERTEX_POINT ( 'NONE', #7357 ) ;
#8964 = CARTESIAN_POINT ( 'NONE',  ( 2.275406966683854600, -11.50460738540007800, 11.50000000000000200 ) ) ;
#8965 = CARTESIAN_POINT ( 'NONE',  ( -1.309270728165653500, 5.282064222336805900, 11.50000000000000200 ) ) ;
#8966 = CARTESIAN_POINT ( 'NONE',  ( 1.597131287001850800, -0.5426645757767985000, 11.50000000000000000 ) ) ;
#8967 = VERTEX_POINT ( 'NONE', #3783 ) ;
#8968 = B_SPLINE_CURVE_WITH_KNOTS ( 'NONE', 3,
 ( #1302, #702, #5463, #9124, #4024, #4608, #3612, #3967, #6321, #7977, #7819, #4414, #1629, #1704, #7190, #1243, #12, #6384, #7603 ),
 .UNSPECIFIED., .F., .F.,
 ( 4, 1, 1, 1, 1, 1, 1, 1, 1, 1, 1, 1, 1, 1, 1, 1, 4 ),
 ( 0.0000000000000000000, 0.07787665721121628200, 0.1488275245517969300, 0.2117289432419288100, 0.2680534822334407200, 0.3184316814279821700, 0.3654289798764686100, 0.4109774705181019600, 0.4562755842241998900, 0.5027992494387274500, 0.5532842702381313100, 0.6097679933595646600, 0.6718649149977391500, 0.7425791661141119000, 0.8193644202902891100, 0.9058018412037558400, 0.9999999999999998900 ),
 .UNSPECIFIED. ) ;
#8969 = CARTESIAN_POINT ( 'NONE',  ( 0.4154681720992925400, -9.351127567625733100, 11.50000000000000200 ) ) ;
#8970 = CARTESIAN_POINT ( 'NONE',  ( 3.002203920818042000, 6.139555285016959000, 11.50000000000000000 ) ) ;
#8971 = ADVANCED_FACE ( 'NONE', ( #3102, #7402 ), #6634, .T. ) ;
#8972 = CARTESIAN_POINT ( 'NONE',  ( 3.093106026221510000, 4.650214287400819700, 11.50000000000000400 ) ) ;
#8973 = CARTESIAN_POINT ( 'NONE',  ( 3.544256468465943700, -10.68558943642418400, 11.50000000000000000 ) ) ;
#8974 = ORIENTED_EDGE ( 'NONE', *, *, #7788, .T. ) ;
#8975 = EDGE_CURVE ( 'NONE', #587, #1551, #8561, .T. ) ;
#8976 = EDGE_LOOP ( 'NONE', ( #6004, #14 ) ) ;
#8977 = CARTESIAN_POINT ( 'NONE',  ( 0.2457402424400705100, -14.31783414585520500, 11.50000000000000200 ) ) ;
#8978 = CARTESIAN_POINT ( 'NONE',  ( -0.3859006413379321700, 5.324828261506880300, 11.50000000000000000 ) ) ;
#8979 = CARTESIAN_POINT ( 'NONE',  ( 2.668961650108546500, 12.27803759105429300, 11.49999999999999800 ) ) ;
#8980 = CARTESIAN_POINT ( 'NONE',  ( 0.6000000000000023100, 1.499999999999997800, 10.49999999999999800 ) ) ;
#8981 = CARTESIAN_POINT ( 'NONE',  ( 4.781365012811678000, 4.594968553459115600, 11.50000000000000000 ) ) ;
#8982 = CARTESIAN_POINT ( 'NONE',  ( -1.219354838709554300, 8.203870967741933000, 11.50000000000000200 ) ) ;
#8983 = ORIENTED_EDGE ( 'NONE', *, *, #5046, .T. ) ;
#8984 = CARTESIAN_POINT ( 'NONE',  ( -22.50906044749595500, 13.28666305086972500, 10.31363853946456600 ) ) ;
#8985 = ORIENTED_EDGE ( 'NONE', *, *, #6379, .F. ) ;
#8986 = CARTESIAN_POINT ( 'NONE',  ( 2.902709137034632300, -11.75000081605715600, 11.49999999999999600 ) ) ;
#8987 = CARTESIAN_POINT ( 'NONE',  ( 4.401091515444777600, 4.930305219039175000, 11.49999999999999800 ) ) ;
#8988 = ORIENTED_EDGE ( 'NONE', *, *, #4594, .T. ) ;
#8989 = CARTESIAN_POINT ( 'NONE',  ( -3.618967507280496300, -16.97309053606544500, 11.50000000000000000 ) ) ;
#8990 = CARTESIAN_POINT ( 'NONE',  ( 2.081714418821460900, 4.992452830188676100, 11.50000000000000000 ) ) ;
#8991 = CARTESIAN_POINT ( 'NONE',  ( 0.9179494178030106500, -16.87796831121291100, 11.50000000000000000 ) ) ;
#8992 = EDGE_CURVE ( 'NONE', #1321, #8806, #2558, .T. ) ;
#8993 = CARTESIAN_POINT ( 'NONE',  ( 2.192086271383519000, 5.395120847566577300, 11.49999999999999300 ) ) ;
#8994 = CARTESIAN_POINT ( 'NONE',  ( -2.344929479029595100, -9.969449365687285800, 11.50000000000000500 ) ) ;
#8995 = ORIENTED_EDGE ( 'NONE', *, *, #6486, .T. ) ;
#8996 = CARTESIAN_POINT ( 'NONE',  ( -0.6083795467201260600, 10.73765969495523400, 11.49999999999999600 ) ) ;
#8998 = FACE_OUTER_BOUND ( 'NONE', #4130, .T. ) ;
#8997 = CARTESIAN_POINT ( 'NONE',  ( -3.324427464933000600, 5.352388660022231000, 11.50000000000000500 ) ) ;
#8999 = CARTESIAN_POINT ( 'NONE',  ( 2.199079374335665400, 5.399541075008417400, 11.50000000000000000 ) ) ;
#9000 = CARTESIAN_POINT ( 'NONE',  ( 2.223972321015880800, 11.36190312207745400, 11.49999999999999800 ) ) ;
#9001 = EDGE_CURVE ( 'NONE', #4615, #8476, #7398, .T. ) ;
#9002 = CARTESIAN_POINT ( 'NONE',  ( -3.056676154276722500, -17.03152626348805800, 11.50000000000000000 ) ) ;
#9003 = B_SPLINE_CURVE_WITH_KNOTS ( 'NONE', 3,
 ( #1019, #5768, #1188, #2910, #8013, #2229, #5236, #3974, #8465, #7340 ),
 .UNSPECIFIED., .F., .F.,
 ( 4, 3, 3, 4 ),
 ( 0.0000000000000000000, 3.025118989062639800E-005, 6.046176987919580400E-005, 0.0001207109719921724500 ),
 .UNSPECIFIED. ) ;
#9004 = CARTESIAN_POINT ( 'NONE',  ( 5.900000000000000400, -10.08842704038316500, 11.50000000000000200 ) ) ;
#9005 = ORIENTED_EDGE ( 'NONE', *, *, #7696, .F. ) ;
#9006 = CARTESIAN_POINT ( 'NONE',  ( -0.5999999999999977600, 1.499999999999997800, 11.50000000000000000 ) ) ;
#9007 = ORIENTED_EDGE ( 'NONE', *, *, #1905, .T. ) ;
#9008 = CARTESIAN_POINT ( 'NONE',  ( 1.084202172485504400E-015, 1.356728382832171700, 11.50000000000000000 ) ) ;
#9009 = DIRECTION ( 'NONE',  ( -0.3162277660168379400, -0.9486832980505137700, 0.0000000000000000000 ) ) ;
#9010 = LINE ( 'NONE', #5421, #3531 ) ;
#9011 = DIRECTION ( 'NONE',  ( -1.000000000000000000, 0.0000000000000000000, -0.0000000000000000000 ) ) ;
#9012 = VECTOR ( 'NONE', #649, 1000.000000000000000 ) ;
#9013 = CARTESIAN_POINT ( 'NONE',  ( 0.5971582180499712700, -11.03260086325468200, 11.50000000000000000 ) ) ;
#9014 = CARTESIAN_POINT ( 'NONE',  ( -4.572280456557062500, 5.349685534591190000, 11.50000000000000000 ) ) ;
#9015 = CARTESIAN_POINT ( 'NONE',  ( -2.739642916045779600, 5.335684608174133800, 11.49999999999999600 ) ) ;
#9016 = VERTEX_POINT ( 'NONE', #3187 ) ;
#9017 = EDGE_CURVE ( 'NONE', #4127, #2580, #6992, .T. ) ;
#9018 = CARTESIAN_POINT ( 'NONE',  ( -3.853539579942131300, -16.15579795523764900, 11.50000000000000200 ) ) ;
#9019 = CARTESIAN_POINT ( 'NONE',  ( 0.7794516852442595600, 11.19778065954615400, 11.49999999999999800 ) ) ;
#9020 = ORIENTED_EDGE ( 'NONE', *, *, #2103, .T. ) ;
#9021 = CARTESIAN_POINT ( 'NONE',  ( -4.217097600745275600, 4.781132075471692400, 11.50000000000000000 ) ) ;
#9022 = CARTESIAN_POINT ( 'NONE',  ( 0.7368421052631570800, -16.25708435859193600, 11.50000000000000000 ) ) ;
#9023 = CARTESIAN_POINT ( 'NONE',  ( -3.278397466924263700, 5.372383084634111400, 11.49999999999999600 ) ) ;
#9024 = CARTESIAN_POINT ( 'NONE',  ( 1.647156413189669200, 4.599769769135048300, 11.50000000000000200 ) ) ;
#9025 = CARTESIAN_POINT ( 'NONE',  ( -0.1370929940657457100, -13.25097689746450400, 11.49999999999999600 ) ) ;
#9026 = EDGE_CURVE ( 'NONE', #7628, #6446, #5681, .T. ) ;
#9027 = COORDINATED_UNIVERSAL_TIME_OFFSET ( 8, 0, .AHEAD. ) ;
#9028 = CARTESIAN_POINT ( 'NONE',  ( -3.574056830875595600, -16.80807146596313100, 11.50000000000000200 ) ) ;
#9029 = CARTESIAN_POINT ( 'NONE',  ( -0.7448404379220761000, 4.650314465408802900, 11.50000000000000000 ) ) ;
#9030 = ORIENTED_EDGE ( 'NONE', *, *, #1350, .F. ) ;
#9031 = CARTESIAN_POINT ( 'NONE',  ( 4.231311154250585500, 5.287806869539164000, 11.49999999999999600 ) ) ;
#9032 = DIRECTION ( 'NONE',  ( 0.8628636480872846600, -0.5016649116786532400, 0.06163311772052038100 ) ) ;
#9033 = CARTESIAN_POINT ( 'NONE',  ( -3.836150297886468300, -17.02177087807449100, 11.50000000000000000 ) ) ;
#9034 = VECTOR ( 'NONE', #5901, 999.9999999999998900 ) ;
#9035 = CARTESIAN_POINT ( 'NONE',  ( 1.722245515956331200, 4.645283018867921500, 11.50000000000000000 ) ) ;
#9036 = CARTESIAN_POINT ( 'NONE',  ( -2.370934955656216000, -11.09771732280041200, 11.50000000000000200 ) ) ;
#9037 = CARTESIAN_POINT ( 'NONE',  ( 0.0000000000000000000, -16.15182120069719900, 11.50000000000000000 ) ) ;
#9038 = DIRECTION ( 'NONE',  ( -1.404634393503487500E-016, 1.000000000000000000, -0.0000000000000000000 ) ) ;
#9039 = CARTESIAN_POINT ( 'NONE',  ( -5.900000000000000400, -20.49999999999999600, 11.49999999999999300 ) ) ;
#9040 = ORIENTED_EDGE ( 'NONE', *, *, #5721, .T. ) ;
#9041 = EDGE_CURVE ( 'NONE', #151, #8200, #7306, .T. ) ;
#9042 = CARTESIAN_POINT ( 'NONE',  ( 0.5684002331564700400, -16.93101416467580100, 11.49999999999999600 ) ) ;
#9043 = CARTESIAN_POINT ( 'NONE',  ( 4.502701262738241000, 4.715546344880071000, 11.50000000000000400 ) ) ;
#9044 = CARTESIAN_POINT ( 'NONE',  ( 2.784379559410786100, 10.41109509650122600, 11.50000000000001100 ) ) ;
#9045 = CARTESIAN_POINT ( 'NONE',  ( 0.9165946543143651500, -16.91621938568967900, 11.50000000000000400 ) ) ;
#9046 = VECTOR ( 'NONE', #8452, 1000.000000000000000 ) ;
#9047 = CARTESIAN_POINT ( 'NONE',  ( 2.340699292960081800, -0.7954628728327756100, 11.50000000000000000 ) ) ;
#9048 = EDGE_LOOP ( 'NONE', ( #6835, #4193, #608, #7584, #5455 ) ) ;
#9049 = CARTESIAN_POINT ( 'NONE',  ( -4.555136268343690500, 5.399999999999995000, 11.50000000000000000 ) ) ;
#9050 = VERTEX_POINT ( 'NONE', #4798 ) ;
#9051 = CARTESIAN_POINT ( 'NONE',  ( 1.181353617787283000, -10.74965718514348000, 11.50000000000000000 ) ) ;
#9052 = EDGE_LOOP ( 'NONE', ( #5849, #3611, #6377, #823, #4678, #1364, #3677, #1988 ) ) ;
#9053 = CARTESIAN_POINT ( 'NONE',  ( 2.326828918379968200E-015, 1.499999999999997800, 11.50000000000000000 ) ) ;
#9054 = CARTESIAN_POINT ( 'NONE',  ( -2.444775972668800500, 5.349530747041578500, 11.50000000000000000 ) ) ;
#9055 = CARTESIAN_POINT ( 'NONE',  ( -2.389825168058914400, 5.406906243536619500, 11.50000000000000000 ) ) ;
#9056 = CARTESIAN_POINT ( 'NONE',  ( -2.686169493709640800, -16.38861619154610600, 11.50000000000000000 ) ) ;
#9057 = CARTESIAN_POINT ( 'NONE',  ( 0.6043656969960100600, -9.576539151656987800, 11.50000000000000000 ) ) ;
#9058 = VERTEX_POINT ( 'NONE', #6938 ) ;
#9059 = CARTESIAN_POINT ( 'NONE',  ( 4.525133938970541600, 4.670440251572323100, 11.50000000000000000 ) ) ;
#9060 = ORIENTED_EDGE ( 'NONE', *, *, #8240, .F. ) ;
#9061 = VECTOR ( 'NONE', #7674, 1000.000000000000000 ) ;
#9062 = CARTESIAN_POINT ( 'NONE',  ( 0.1600745399488764700, 4.796226415094336600, 11.50000000000000400 ) ) ;
#9063 = AXIS2_PLACEMENT_3D ( 'NONE', #1320, #7247, #7576 ) ;
#9064 = EDGE_CURVE ( 'NONE', #5257, #4600, #8020, .T. ) ;
#9065 = CARTESIAN_POINT ( 'NONE',  ( -1.420973549994218000, -16.25974266690159800, 11.50000000000000400 ) ) ;
#9066 = VECTOR ( 'NONE', #4461, 1000.000000000000000 ) ;
#9067 = CARTESIAN_POINT ( 'NONE',  ( -2.359391955904867700, 4.677269741990976100, 11.50000000000000000 ) ) ;
#9068 = ORIENTED_EDGE ( 'NONE', *, *, #7369, .T. ) ;
#9069 = PLANE ( 'NONE',  #227 ) ;
#9070 = ORIENTED_EDGE ( 'NONE', *, *, #3909, .F. ) ;
#9071 = CARTESIAN_POINT ( 'NONE',  ( 1.743675751223044500, 4.589937106918235100, 11.50000000000000200 ) ) ;
#9072 = CARTESIAN_POINT ( 'NONE',  ( 2.017133666558593900, 5.419307649550877800, 11.50000000000000200 ) ) ;
#9073 = CARTESIAN_POINT ( 'NONE',  ( -3.962543675751098800, 4.715723270440246800, 11.50000000000000000 ) ) ;
#9074 = CARTESIAN_POINT ( 'NONE',  ( -2.339609990243473300, -10.76777308073832600, 11.50000000000000200 ) ) ;
#9075 = VERTEX_POINT ( 'NONE', #7657 ) ;
#9076 = CARTESIAN_POINT ( 'NONE',  ( -1.603805140453455900, -17.02445815041841800, 11.50000000000000000 ) ) ;
#9077 = VECTOR ( 'NONE', #2135, 1000.000000000000000 ) ;
#9078 = ORIENTED_EDGE ( 'NONE', *, *, #4687, .T. ) ;
#9079 = CARTESIAN_POINT ( 'NONE',  ( -0.6977730992787218900, 10.70613286623218300, 11.49999999999999600 ) ) ;
#9080 = EDGE_CURVE ( 'NONE', #5380, #2497, #3905, .T. ) ;
#9081 = CARTESIAN_POINT ( 'NONE',  ( 1.086322612602271800, 4.706065477389948600, 11.50000000000000000 ) ) ;
#9082 = ORIENTED_EDGE ( 'NONE', *, *, #7305, .F. ) ;
#9083 = CARTESIAN_POINT ( 'NONE',  ( -2.684936082397875200, 5.033023660664464500, 11.50000000000000000 ) ) ;
#9084 = CARTESIAN_POINT ( 'NONE',  ( 2.191861103801339400, 5.395449334352434800, 11.50000000000000000 ) ) ;
#9085 = CARTESIAN_POINT ( 'NONE',  ( 2.461615989462560400, 5.311520444570228400, 11.50000000000000000 ) ) ;
#9086 = CARTESIAN_POINT ( 'NONE',  ( -0.2703443063460688200, -17.02215531563342700, 11.50000000000000000 ) ) ;
#9087 = CARTESIAN_POINT ( 'NONE',  ( 0.3666574540732725500, -13.50083655342595500, 11.50000000000000200 ) ) ;
#9088 = LINE ( 'NONE', #7144, #8751 ) ;
#9089 = ORIENTED_EDGE ( 'NONE', *, *, #3888, .F. ) ;
#9090 = ORIENTED_EDGE ( 'NONE', *, *, #9041, .F. ) ;
#9091 = CARTESIAN_POINT ( 'NONE',  ( 2.589188634658298800, 9.579443244446537200, 11.49999999999999800 ) ) ;
#9092 = CARTESIAN_POINT ( 'NONE',  ( 0.7926555758056650400, -10.79937161417928400, 11.49999999999999800 ) ) ;
#9093 = CARTESIAN_POINT ( 'NONE',  ( 0.0000000000000000000, 5.183647798742134300, 11.50000000000000000 ) ) ;
#9094 = CARTESIAN_POINT ( 'NONE',  ( 2.516660943086282300, 4.738351681929454900, 11.50000000000000400 ) ) ;
#9095 = EDGE_CURVE ( 'NONE', #7750, #6126, #7133, .T. ) ;
#9096 = ORIENTED_EDGE ( 'NONE', *, *, #6793, .F. ) ;
#9097 = CARTESIAN_POINT ( 'NONE',  ( 5.899999999999999500, -1.574230079803005100, 11.00000000000000000 ) ) ;
#9098 = CARTESIAN_POINT ( 'NONE',  ( 1.272930114932751700, 4.739881558893967100, 11.50000000000000500 ) ) ;
#9099 = ORIENTED_EDGE ( 'NONE', *, *, #4434, .T. ) ;
#9100 = CARTESIAN_POINT ( 'NONE',  ( -5.899999999999999500, -1.574230079803004700, 11.00000000000000000 ) ) ;
#9101 = CARTESIAN_POINT ( 'NONE',  ( 0.9649122807017540500, -14.12456140350877500, 11.50000000000000000 ) ) ;
#9102 = PLANE ( 'NONE',  #8618 ) ;
#9103 = CARTESIAN_POINT ( 'NONE',  ( -0.2045089426201042400, -14.47954644708374500, 11.50000000000000200 ) ) ;
#9104 = VERTEX_POINT ( 'NONE', #1293 ) ;
#9105 = CARTESIAN_POINT ( 'NONE',  ( -3.012376373523572200, -11.71764543835482500, 11.49999999999999500 ) ) ;
#9106 = CARTESIAN_POINT ( 'NONE',  ( -0.1669305267378206600, -14.73478613323059200, 11.50000000000000000 ) ) ;
#9107 = CARTESIAN_POINT ( 'NONE',  ( -3.303340115864386500, 4.590787484515761500, 11.50000000000000200 ) ) ;
#9108 = LINE ( 'NONE', #1402, #2305 ) ;
#9109 = EDGE_LOOP ( 'NONE', ( #4487, #5969, #5813 ) ) ;
#9110 = CARTESIAN_POINT ( 'NONE',  ( 0.0000000000000000000, 0.0000000000000000000, 11.50000000000000000 ) ) ;
#9111 = CARTESIAN_POINT ( 'NONE',  ( -2.593039663884769000, 4.680906478928013000, 11.50000000000000400 ) ) ;
#9112 = VECTOR ( 'NONE', #7200, 1000.000000000000100 ) ;
#9113 = CARTESIAN_POINT ( 'NONE',  ( 2.346840775086521900, 10.19747217302285200, 11.50000000000000000 ) ) ;
#9114 = FACE_OUTER_BOUND ( 'NONE', #5802, .T. ) ;
#9115 = CARTESIAN_POINT ( 'NONE',  ( 0.0000000000000000000, 0.0000000000000000000, 11.50000000000000000 ) ) ;
#9116 = CARTESIAN_POINT ( 'NONE',  ( -1.154181877625340700, -10.41062005449610500, 11.50000000000000700 ) ) ;
#9117 = CARTESIAN_POINT ( 'NONE',  ( 0.0000000000000000000, 4.599999999999996100, 11.50000000000000000 ) ) ;
#9118 = CARTESIAN_POINT ( 'NONE',  ( -1.353854429154800700, -16.16618951645136800, 11.49999999999999600 ) ) ;
#9119 = CARTESIAN_POINT ( 'NONE',  ( 0.1142698081039717900, -13.24706878804153500, 11.50000000000000200 ) ) ;
#9120 = EDGE_LOOP ( 'NONE', ( #6780, #7551, #6516, #5186, #7877 ) ) ;
#9121 = DIRECTION ( 'NONE',  ( -1.000000000000000000, 0.0000000000000000000, -0.0000000000000000000 ) ) ;
#9122 = CARTESIAN_POINT ( 'NONE',  ( 0.4329404546615655000, -14.23874510543385700, 11.50000000000000400 ) ) ;
#9123 = CARTESIAN_POINT ( 'NONE',  ( 5.900000000000000400, -1.574230079803000400, 11.50000000000000000 ) ) ;
#9124 = CARTESIAN_POINT ( 'NONE',  ( 3.755093355032967000, 4.899695923829781900, 11.50000000000000400 ) ) ;
#9125 = CARTESIAN_POINT ( 'NONE',  ( -6.397379542625473400, -0.7097228931188052100, 11.00000000000000000 ) ) ;
#9126 = CARTESIAN_POINT ( 'NONE',  ( -12.89999999999999900, -20.49999999999999600, 11.50000000000000000 ) ) ;
#9127 = CARTESIAN_POINT ( 'NONE',  ( 0.1580863074098773400, 4.786115984294022900, 11.50000000000000200 ) ) ;
#9128 = VECTOR ( 'NONE', #5881, 1000.000000000000000 ) ;
#9129 = LINE ( 'NONE', #1100, #7461 ) ;
#9130 = EDGE_CURVE ( 'NONE', #7750, #5717, #6466, .T. ) ;
#9131 = VERTEX_POINT ( 'NONE', #1974 ) ;
#9132 = CARTESIAN_POINT ( 'NONE',  ( 3.253408688163642400, -10.76770507482272900, 11.50000000000000000 ) ) ;
#9133 = DIRECTION ( 'NONE',  ( -1.000000000000000000, 0.0000000000000000000, -0.0000000000000000000 ) ) ;
#9134 = CARTESIAN_POINT ( 'NONE',  ( 0.7789944077238693000, 11.27656261801037400, 11.50000000000000200 ) ) ;
#9135 = ORIENTED_EDGE ( 'NONE', *, *, #1892, .F. ) ;
#9136 = MANIFOLD_SOLID_BREP ( '圆角1', #1778 ) ;
#9137 = LINE ( 'NONE', #7058, #1440 ) ;
#9138 = LINE ( 'NONE', #8083, #1764 ) ;
#9139 = FACE_OUTER_BOUND ( 'NONE', #7205, .T. ) ;
#9140 = ORIENTED_EDGE ( 'NONE', *, *, #2618, .F. ) ;
#9141 = CARTESIAN_POINT ( 'NONE',  ( 3.245027699782968300, -11.57062355459512800, 11.49999999999999800 ) ) ;
#9142 = CARTESIAN_POINT ( 'NONE',  ( 2.191846107475035100, 5.395391970471258100, 11.50000000000000000 ) ) ;
#9143 = CARTESIAN_POINT ( 'NONE',  ( -9.000000000000000000, -22.60000000000000100, 0.0000000000000000000 ) ) ;
#9144 = EDGE_CURVE ( 'NONE', #2061, #5479, #4381, .T. ) ;
#9145 = CARTESIAN_POINT ( 'NONE',  ( -2.960275040051008500, -16.14040705339624900, 11.50000000000000000 ) ) ;
#9146 = B_SPLINE_CURVE_WITH_KNOTS ( 'NONE', 3,
 ( #4634, #3417, #3699, #1093, #2770, #2047, #8471, #4180, #8445, #3221, #5386, #1550, #2838, #5481, #7562, #5024, #5158, #4440, #4300 ),
 .UNSPECIFIED., .F., .F.,
 ( 4, 1, 1, 1, 1, 1, 1, 1, 1, 1, 1, 1, 1, 1, 1, 1, 4 ),
 ( 0.0000000000000000000, 0.08210662802558899000, 0.1581841125097746000, 0.2286095479356367000, 0.2941420436195326700, 0.3550839239099258200, 0.4121714933613313000, 0.4661173446378138500, 0.5183300375415951200, 0.5699640982103968400, 0.6220212453327782500, 0.6756821243943849100, 0.7317902188057545700, 0.7917734557073683500, 0.8561330567450062800, 0.9251468341810538100, 1.000000000000000000 ),
 .UNSPECIFIED. ) ;
#9147 = ORIENTED_EDGE ( 'NONE', *, *, #6530, .T. ) ;
#9148 = CARTESIAN_POINT ( 'NONE',  ( 0.5563014337447898000, -16.19818679618072800, 11.50000000000000000 ) ) ;
#9149 = CARTESIAN_POINT ( 'NONE',  ( 4.731795946890411400, 4.715723270440248500, 11.50000000000000000 ) ) ;
#9150 = CARTESIAN_POINT ( 'NONE',  ( 1.652221272792906900, 4.656880940640276000, 11.49999999999999800 ) ) ;
#9151 = EDGE_LOOP ( 'NONE', ( #3040, #7980, #8600, #392 ) ) ;
#9152 = CARTESIAN_POINT ( 'NONE',  ( 3.444444444444443800, -17.15182120069719900, 11.50000000000000000 ) ) ;
#9153 = CARTESIAN_POINT ( 'NONE',  ( -0.5410128238753987300, 4.677424521068432200, 11.50000000000000200 ) ) ;
#9154 = DIRECTION ( 'NONE',  ( -0.0000000000000000000, 0.0000000000000000000, 1.000000000000000000 ) ) ;
#9155 = EDGE_LOOP ( 'NONE', ( #2036, #2924, #8383, #7747, #3670, #3446 ) ) ;
#9156 = CARTESIAN_POINT ( 'NONE',  ( 0.0000000000000000000, 5.364779874213831500, 11.50000000000000000 ) ) ;
#9157 = CARTESIAN_POINT ( 'NONE',  ( 1.640350877192982200, -14.75614035087719400, 11.50000000000000000 ) ) ;
#9158 = EDGE_CURVE ( 'NONE', #8216, #2028, #7703, .T. ) ;
#9159 = VECTOR ( 'NONE', #1047, 1000.000000000000000 ) ;
#9160 = CARTESIAN_POINT ( 'NONE',  ( -4.649250879607972600, 4.737989813420124800, 11.50000000000000000 ) ) ;
#9161 = PLANE ( 'NONE',  #3256 ) ;
#9162 = CARTESIAN_POINT ( 'NONE',  ( -2.813791064195459800, -16.86869769362969900, 11.50000000000000200 ) ) ;
#9163 = CARTESIAN_POINT ( 'NONE',  ( 3.578947368421051300, 0.0000000000000000000, 11.50000000000000000 ) ) ;
#9164 = CARTESIAN_POINT ( 'NONE',  ( 0.5290322580646396000, 11.29032258064515800, 11.50000000000000000 ) ) ;
#9165 = CARTESIAN_POINT ( 'NONE',  ( 2.588387096774317400, 6.981935483870963700, 11.50000000000000000 ) ) ;
#9166 = ORIENTED_EDGE ( 'NONE', *, *, #2818, .T. ) ;
#9167 = EDGE_CURVE ( 'NONE', #2848, #8712, #5485, .T. ) ;
#9168 = ORIENTED_EDGE ( 'NONE', *, *, #6078, .T. ) ;
#9169 = CARTESIAN_POINT ( 'NONE',  ( 1.726331140455671400, 4.590183717591481000, 11.50000000000000000 ) ) ;
#9170 = VECTOR ( 'NONE', #3465, 999.9999999999998900 ) ;
#9171 = CARTESIAN_POINT ( 'NONE',  ( -1.516424380553847800, -16.67065446286364500, 11.49999999999999600 ) ) ;
#9172 = EDGE_LOOP ( 'NONE', ( #2328, #8401, #7259, #8273, #7773 ) ) ;
#9173 = VERTEX_POINT ( 'NONE', #5665 ) ;
#9174 = CARTESIAN_POINT ( 'NONE',  ( -2.334470899297715500, 4.663717831167433700, 11.50000000000000000 ) ) ;
#9175 = CARTESIAN_POINT ( 'NONE',  ( -4.025529932448047400, 4.841509433962259300, 11.50000000000000000 ) ) ;
#9176 = VERTEX_POINT ( 'NONE', #7099 ) ;
#9177 = ORIENTED_EDGE ( 'NONE', *, *, #8798, .T. ) ;
#9178 = CARTESIAN_POINT ( 'NONE',  ( 1.273910137814760400, 9.872369261321068700, 11.49999999999999800 ) ) ;
#9179 = CARTESIAN_POINT ( 'NONE',  ( 4.667691590962156100, 5.178616352201254700, 11.50000000000000200 ) ) ;
#9180 = CARTESIAN_POINT ( 'NONE',  ( 2.193337992080254000, 5.394968553459116300, 11.50000000000000000 ) ) ;
#9181 = CARTESIAN_POINT ( 'NONE',  ( 0.8479532163742691300, -9.183040935672520900, 11.50000000000000200 ) ) ;
#9182 = CARTESIAN_POINT ( 'NONE',  ( 0.09575506996388967500, -16.51073411351492100, 11.50000000000000200 ) ) ;
#9183 = AXIS2_PLACEMENT_3D ( 'NONE', #3439, #3508, #6474 ) ;
#9184 = CARTESIAN_POINT ( 'NONE',  ( 4.668809690193462800, 4.841509433962261100, 11.50000000000000000 ) ) ;
#9185 = CARTESIAN_POINT ( 'NONE',  ( 4.729861569253026600, -17.04611420946600100, 11.50000000000000000 ) ) ;
#9186 = EDGE_CURVE ( 'NONE', #5839, #5709, #4108, .T. ) ;
#9187 = DIRECTION ( 'NONE',  ( -0.5026204573745306500, -0.8645071866841928000, 0.0000000000000000000 ) ) ;
#9188 = CARTESIAN_POINT ( 'NONE',  ( 0.2873569189440842700, -9.492616009210838300, 11.50000000000000200 ) ) ;
#9189 = CARTESIAN_POINT ( 'NONE',  ( 4.174843463303025400, -16.89637522522588900, 11.50000000000000000 ) ) ;
#9190 = FACE_OUTER_BOUND ( 'NONE', #6293, .T. ) ;
#9191 = ORIENTED_EDGE ( 'NONE', *, *, #8902, .F. ) ;
#9192 = LINE ( 'NONE', #5951, #7507 ) ;
#9193 = DIRECTION ( 'NONE',  ( -0.0000000000000000000, 0.0000000000000000000, 1.000000000000000000 ) ) ;
#9194 = VERTEX_POINT ( 'NONE', #2100 ) ;
#9195 = VERTEX_POINT ( 'NONE', #9249 ) ;
#9196 = CARTESIAN_POINT ( 'NONE',  ( 7.999999999999992900, 22.60000000000000100, 0.0000000000000000000 ) ) ;
#9197 = CARTESIAN_POINT ( 'NONE',  ( 0.7009780126201756700, 7.265194840538837800, 11.49999999999999800 ) ) ;
#9198 = CARTESIAN_POINT ( 'NONE',  ( 4.659175504447857100, -16.53740566598917300, 11.49999999999999600 ) ) ;
#9199 = CARTESIAN_POINT ( 'NONE',  ( 1.618064516129156000, 11.38838709677419000, 11.50000000000000000 ) ) ;
#9200 = CARTESIAN_POINT ( 'NONE',  ( -12.89999999999999900, -24.69999999999999900, 2.000000000000000000 ) ) ;
#9201 = CARTESIAN_POINT ( 'NONE',  ( 2.376541686724900100, 6.403983165506281800, 11.50000000000000200 ) ) ;
#9202 = B_SPLINE_CURVE_WITH_KNOTS ( 'NONE', 3,
 ( #286, #5381, #8796, #7799, #5707 ),
 .UNSPECIFIED., .F., .F.,
 ( 4, 1, 4 ),
 ( 0.0000000000000000000, 0.5744762740689737200, 1.000000000000000000 ),
 .UNSPECIFIED. ) ;
#9203 = CARTESIAN_POINT ( 'NONE',  ( 0.0000000000000000000, 0.0000000000000000000, 11.50000000000000000 ) ) ;
#9204 = CARTESIAN_POINT ( 'NONE',  ( -3.162218278988619500, -16.85026572993886900, 11.49999999999999500 ) ) ;
#9205 = CARTESIAN_POINT ( 'NONE',  ( -2.677743469554921200, -16.46670039589184100, 11.49999999999999800 ) ) ;
#9206 = VERTEX_POINT ( 'NONE', #4987 ) ;
#9207 = EDGE_CURVE ( 'NONE', #3217, #8530, #7839, .T. ) ;
#9208 = DIRECTION ( 'NONE',  ( -0.7071067811865462400, 0.7071067811865489100, 0.0000000000000000000 ) ) ;
#9209 = CARTESIAN_POINT ( 'NONE',  ( -1.052773517591211800, 5.423829135270969100, 11.50000000000000000 ) ) ;
#9210 = CARTESIAN_POINT ( 'NONE',  ( 2.115577934732207700, 6.518237898501904900, 11.50000000000000000 ) ) ;
#9211 = CARTESIAN_POINT ( 'NONE',  ( -0.9642744010411394800, 10.82508341399032200, 11.49999999999999800 ) ) ;
#9212 = B_SPLINE_CURVE_WITH_KNOTS ( 'NONE', 3,
 ( #3191, #6014, #3878, #8274, #3973, #3382, #8399, #7010, #1395, #7518, #8232, #2034, #2756, #1048, #6029, #8331, #4027, #8436, #5566 ),
 .UNSPECIFIED., .F., .F.,
 ( 4, 1, 1, 1, 1, 1, 1, 1, 1, 1, 1, 1, 1, 1, 1, 1, 4 ),
 ( 0.0000000000000000000, 0.06253272255609587700, 0.1234746085251662300, 0.1833379658956279000, 0.2420777264122098100, 0.2997630106061776000, 0.3579949250453556800, 0.4158858004494830900, 0.4743958836035200300, 0.5336207511813199100, 0.5945187572316071900, 0.6566591822470195800, 0.7208266347772618300, 0.7864450117472168200, 0.8553876005553038300, 0.9263135858706408300, 1.000000000000000000 ),
 .UNSPECIFIED. ) ;
#9213 = VERTEX_POINT ( 'NONE', #7822 ) ;
#9214 = CARTESIAN_POINT ( 'NONE',  ( -4.198339913322681300, 5.010472524253913200, 11.50000000000000200 ) ) ;
#9215 = CARTESIAN_POINT ( 'NONE',  ( 2.769324413006793300, -9.453665511074941500, 11.49999999999999600 ) ) ;
#9216 = ORIENTED_EDGE ( 'NONE', *, *, #7857, .T. ) ;
#9217 = EDGE_CURVE ( 'NONE', #6869, #1167, #656, .T. ) ;
#9218 = ORIENTED_EDGE ( 'NONE', *, *, #852, .T. ) ;
#9219 = DIRECTION ( 'NONE',  ( -0.0000000000000000000, 0.0000000000000000000, 1.000000000000000000 ) ) ;
#9220 = CARTESIAN_POINT ( 'NONE',  ( 3.006493873903797200, -11.39242397982367000, 11.50000000000000000 ) ) ;
#9221 = VECTOR ( 'NONE', #7991, 1000.000000000000000 ) ;
#9222 = CARTESIAN_POINT ( 'NONE',  ( 3.718390355844248200, 11.48337479188503700, 11.49999999999999500 ) ) ;
#9223 = APPLICATION_PROTOCOL_DEFINITION ( 'international standard', 'config_control_design', 1994, #1854 ) ;
#9224 = CARTESIAN_POINT ( 'NONE',  ( 2.111380264759532600, 4.887828366762826200, 11.49999999999999800 ) ) ;
#9225 = ORIENTED_EDGE ( 'NONE', *, *, #9041, .T. ) ;
#9226 = CARTESIAN_POINT ( 'NONE',  ( -2.836499831348733700, -17.12716596385276800, 11.50000000000000400 ) ) ;
#9227 = CARTESIAN_POINT ( 'NONE',  ( -1.667987502456647100, 5.004233124132281500, 11.50000000000000400 ) ) ;
#9228 = CARTESIAN_POINT ( 'NONE',  ( -3.570055840446926300, -16.53844441927880000, 11.49999999999999800 ) ) ;
#9229 = DIRECTION ( 'NONE',  ( 0.0000000000000000000, -1.000000000000000000, 0.0000000000000000000 ) ) ;
#9230 = CARTESIAN_POINT ( 'NONE',  ( -3.315789473684210600, -16.68398494338725900, 11.50000000000000200 ) ) ;
#9231 = CARTESIAN_POINT ( 'NONE',  ( -3.106111576917232900, -16.98745036365091100, 11.50000000000000200 ) ) ;
#9232 = DIRECTION ( 'NONE',  ( -0.0000000000000000000, -1.000000000000000000, -0.0000000000000000000 ) ) ;
#9233 = CARTESIAN_POINT ( 'NONE',  ( 4.057805280590527800, -16.48959515208960600, 11.49999999999999800 ) ) ;
#9234 = CARTESIAN_POINT ( 'NONE',  ( 0.0000000000000000000, -16.75416038198375200, 11.50000000000000000 ) ) ;
#9235 = VECTOR ( 'NONE', #8735, 1000.000000000000000 ) ;
#9236 = CARTESIAN_POINT ( 'NONE',  ( 1.504875473838003500, 4.608042340617107200, 11.50000000000000000 ) ) ;
#9237 = B_SPLINE_CURVE_WITH_KNOTS ( 'NONE', 3,
 ( #6042, #6861, #3253, #2350, #8920, #5265, #3346, #4054, #4661, #8804, #9149 ),
 .UNSPECIFIED., .F., .F.,
 ( 4, 1, 1, 1, 1, 1, 1, 1, 4 ),
 ( 0.0000000000000000000, 0.1600030846480610100, 0.3092513573109388900, 0.4495272017889229100, 0.5791130692310089100, 0.6992279247075925400, 0.8093604756436516600, 0.9089775187233942700, 1.000000000000000000 ),
 .UNSPECIFIED. ) ;
#9238 = VERTEX_POINT ( 'NONE', #5501 ) ;
#9239 = ADVANCED_FACE ( 'NONE', ( #7625 ), #9102, .F. ) ;
#9240 = CARTESIAN_POINT ( 'NONE',  ( -3.850347705551405000, 5.146320323605624300, 11.49999999999999100 ) ) ;
#9241 = EDGE_CURVE ( 'NONE', #3852, #8667, #7658, .T. ) ;
#9242 = CARTESIAN_POINT ( 'NONE',  ( 4.680977643237501000, 4.597504602112714200, 11.50000000000000200 ) ) ;
#9243 = CARTESIAN_POINT ( 'NONE',  ( -1.837862889718092600, 4.848443591045105800, 11.50000000000000400 ) ) ;
#9244 = CARTESIAN_POINT ( 'NONE',  ( 2.205262489555793100, -11.41192562166299300, 11.50000000000000400 ) ) ;
#9245 = CARTESIAN_POINT ( 'NONE',  ( 0.0000000000000000000, 5.399999999999996800, 11.50000000000000000 ) ) ;
#9246 = SHAPE_DEFINITION_REPRESENTATION ( #5920, #728 ) ;
#9247 = DIRECTION ( 'NONE',  ( 0.7071067811865439100, -0.7071067811865512400, 0.0000000000000000000 ) ) ;
#9248 = CARTESIAN_POINT ( 'NONE',  ( -2.159795015140805000, 5.364779874213834200, 11.50000000000000400 ) ) ;
#9249 = CARTESIAN_POINT ( 'NONE',  ( -0.4999999999999977200, 1.499999999999997800, 11.60000000000000000 ) ) ;
#9250 = ORIENTED_EDGE ( 'NONE', *, *, #4867, .F. ) ;
#9251 = CARTESIAN_POINT ( 'NONE',  ( 2.923976608187133200, -16.30971593753930500, 11.50000000000000000 ) ) ;
#9252 = CARTESIAN_POINT ( 'NONE',  ( -3.477177902888197300, 4.877751622342474400, 11.49999999999999800 ) ) ;
#9253 = CARTESIAN_POINT ( 'NONE',  ( 3.385234231694341100, 5.334922294758826000, 11.50000000000000000 ) ) ;
#9254 = AXIS2_PLACEMENT_3D ( 'NONE', #385, #6596, #351 ) ;
#9255 = DIRECTION ( 'NONE',  ( 0.0000000000000000000, -0.0000000000000000000, 1.000000000000000000 ) ) ;
#9256 = EDGE_CURVE ( 'NONE', #4387, #7489, #98, .T. ) ;
#9257 = LINE ( 'NONE', #3845, #3770 ) ;
#9258 = CARTESIAN_POINT ( 'NONE',  ( -0.02236198462601292300, 4.599999999999996100, 11.50000000000000000 ) ) ;
#9259 = CARTESIAN_POINT ( 'NONE',  ( 0.4271330228792148400, -16.88701768848043400, 11.50000000000000000 ) ) ;
#9260 = CARTESIAN_POINT ( 'NONE',  ( -2.159062856454086800, 6.736204571401500200, 11.50000000000000000 ) ) ;
#9261 = CARTESIAN_POINT ( 'NONE',  ( 1.992531852703337300, 5.419857476611222900, 11.49999999999999800 ) ) ;
#9262 = LINE ( 'NONE', #1596, #8035 ) ;
#9263 = ORIENTED_EDGE ( 'NONE', *, *, #4480, .F. ) ;
#9264 = CARTESIAN_POINT ( 'NONE',  ( -3.314986546226875900, -16.61886245042117600, 11.50000000000000000 ) ) ;
ENDSEC;
END-ISO-10303-21;
