ISO-10303-21;
HEADER;
/* Generated by software containing ST-Developer
 * from STEP Tools, Inc. (www.steptools.com) 
 */

FILE_DESCRIPTION(
/* description */ (''),
/* implementation_level */ '2;1');

FILE_NAME(
/* name */ 'MGN15HZ0H_GW202608013836.stp',
/* time_stamp */ '2026-08-09T16:38:42+08:00',
/* author */ ('user'),
/* organization */ (''),
/* preprocessor_version */ 'ST-DEVELOPER v20.1',
/* originating_system */ 'Autodesk Inventor 2026',
/* authorisation */ '');

FILE_SCHEMA (('AUTOMOTIVE_DESIGN { 1 0 10303 214 3 1 1 }'));
ENDSEC;

DATA;
#10=MECHANICAL_DESIGN_GEOMETRIC_PRESENTATION_REPRESENTATION('',(#28,#29,
#30,#31,#32,#33,#34,#35,#36,#37),#5573);
#11=ITEM_DEFINED_TRANSFORMATION($,$,#3448,#3691);
#12=ITEM_DEFINED_TRANSFORMATION($,$,#3672,#3692);
#13=ITEM_DEFINED_TRANSFORMATION($,$,#3672,#3693);
#14=(
REPRESENTATION_RELATIONSHIP($,$,#5588,#5587)
REPRESENTATION_RELATIONSHIP_WITH_TRANSFORMATION(#11)
SHAPE_REPRESENTATION_RELATIONSHIP()
);
#15=(
REPRESENTATION_RELATIONSHIP($,$,#5589,#5587)
REPRESENTATION_RELATIONSHIP_WITH_TRANSFORMATION(#12)
SHAPE_REPRESENTATION_RELATIONSHIP()
);
#16=(
REPRESENTATION_RELATIONSHIP($,$,#5589,#5587)
REPRESENTATION_RELATIONSHIP_WITH_TRANSFORMATION(#13)
SHAPE_REPRESENTATION_RELATIONSHIP()
);
#17=CONTEXT_DEPENDENT_SHAPE_REPRESENTATION(#14,#5584);
#18=CONTEXT_DEPENDENT_SHAPE_REPRESENTATION(#15,#5585);
#19=CONTEXT_DEPENDENT_SHAPE_REPRESENTATION(#16,#5586);
#20=NEXT_ASSEMBLY_USAGE_OCCURRENCE('MGN15HZ0H_GW202608013836-\X2\6ED1584A\X0\5
1','MGN15HZ0H_GW202608013836-\X2\6ED1584A\X0\51',
'MGN15HZ0H_GW202608013836-\X2\6ED1584A\X0\51',#5591,#5592,
'MGN15HZ0H_GW202608013836-\X2\6ED1584A\X0\51');
#21=NEXT_ASSEMBLY_USAGE_OCCURRENCE(
'MGN15HZ0H_GW202608013836-\X2\5C0153E387BA7D72\X0\91',
'MGN15HZ0H_GW202608013836-\X2\5C0153E387BA7D72\X0\91',
'MGN15HZ0H_GW202608013836-\X2\5C0153E387BA7D72\X0\91',#5591,#5593,
'MGN15HZ0H_GW202608013836-\X2\5C0153E387BA7D72\X0\91');
#22=NEXT_ASSEMBLY_USAGE_OCCURRENCE(
'MGN15HZ0H_GW202608013836-\X2\5C0153E387BA7D72\X0\131',
'MGN15HZ0H_GW202608013836-\X2\5C0153E387BA7D72\X0\131',
'MGN15HZ0H_GW202608013836-\X2\5C0153E387BA7D72\X0\131',#5591,#5593,
'MGN15HZ0H_GW202608013836-\X2\5C0153E387BA7D72\X0\131');
#23=(
BOUNDED_SURFACE()
B_SPLINE_SURFACE(2,2,((#5518,#5519,#5520,#5521,#5522,#5523,#5524,#5525,
#5526),(#5527,#5528,#5529,#5530,#5531,#5532,#5533,#5534,#5535),(#5536,#5537,
#5538,#5539,#5540,#5541,#5542,#5543,#5544)),.UNSPECIFIED.,.F.,.T.,.F.)
B_SPLINE_SURFACE_WITH_KNOTS((3,3),(3,2,2,2,3),(-1.25215137449813,-1.02010084879484),
(-3.14159265358979,-1.5707963267949,0.,1.5707963267949,3.14159265358979),
 .UNSPECIFIED.)
GEOMETRIC_REPRESENTATION_ITEM()
RATIONAL_B_SPLINE_SURFACE(((1.,0.707106781186548,1.,0.707106781186548,1.,
0.707106781186548,1.,0.707106781186548,1.),(0.993276616707247,0.702352631267725,
0.993276616707247,0.702352631267725,0.993276616707247,0.702352631267725,
0.993276616707247,0.702352631267725,0.993276616707247),(1.,0.707106781186548,
1.,0.707106781186548,1.,0.707106781186548,1.,0.707106781186548,1.)))
REPRESENTATION_ITEM('')
SURFACE()
);
#24=SHAPE_REPRESENTATION_RELATIONSHIP('SRR','None',#5588,#26);
#25=SHAPE_REPRESENTATION_RELATIONSHIP('SRR','None',#5589,#27);
#26=ADVANCED_BREP_SHAPE_REPRESENTATION('',(#38,#39,#40,#41,#42),#5571);
#27=ADVANCED_BREP_SHAPE_REPRESENTATION('',(#43),#5572);
#28=STYLED_ITEM('',(#3394),#38);
#29=STYLED_ITEM('',(#3395),#39);
#30=STYLED_ITEM('',(#3396),#3247);
#31=STYLED_ITEM('',(#3396),#3262);
#32=STYLED_ITEM('',(#3396),#3264);
#33=STYLED_ITEM('',(#3396),#3268);
#34=STYLED_ITEM('',(#3393),#40);
#35=STYLED_ITEM('',(#3395),#41);
#36=STYLED_ITEM('',(#3394),#42);
#37=STYLED_ITEM('',(#3393),#43);
#38=MANIFOLD_SOLID_BREP('\X2\5BE69AD4\X0\1',#3361);
#39=MANIFOLD_SOLID_BREP('\X2\5BE69AD4\X0\2',#3362);
#40=MANIFOLD_SOLID_BREP('\X2\5BE69AD4\X0\3',#3363);
#41=MANIFOLD_SOLID_BREP('\X2\5BE69AD4\X0\4',#3364);
#42=MANIFOLD_SOLID_BREP('\X2\5BE69AD4\X0\5',#3365);
#43=MANIFOLD_SOLID_BREP('\X2\5BE69AD4\X0\2',#3366);
#44=CONICAL_SURFACE('',#3487,1.44999999999998,0.785398163397459);
#45=CONICAL_SURFACE('',#3501,1.44999999999998,0.785398163397459);
#46=CONICAL_SURFACE('',#3536,0.7849778709782,1.02974425867665);
#47=CONICAL_SURFACE('',#3581,0.61475,1.02974425867665);
#48=CONICAL_SURFACE('',#3582,0.61475,1.02974425867665);
#49=CONICAL_SURFACE('',#3583,0.61475,1.02974425867665);
#50=CONICAL_SURFACE('',#3584,0.61475,1.02974425867665);
#51=CONICAL_SURFACE('',#3612,0.7849778709782,1.02974425867665);
#52=CONICAL_SURFACE('',#3651,1.44999999999998,0.785398163397459);
#53=CONICAL_SURFACE('',#3654,1.44999999999998,0.785398163397459);
#54=CYLINDRICAL_SURFACE('',#3461,1.5);
#55=CYLINDRICAL_SURFACE('',#3463,2.25);
#56=CYLINDRICAL_SURFACE('',#3476,1.5);
#57=CYLINDRICAL_SURFACE('',#3505,1.5);
#58=CYLINDRICAL_SURFACE('',#3514,1.5);
#59=CYLINDRICAL_SURFACE('',#3521,1.5);
#60=CYLINDRICAL_SURFACE('',#3533,1.5);
#61=CYLINDRICAL_SURFACE('',#3549,1.5);
#62=CYLINDRICAL_SURFACE('',#3556,1.5);
#63=CYLINDRICAL_SURFACE('',#3565,0.3);
#64=CYLINDRICAL_SURFACE('',#3573,1.2295);
#65=CYLINDRICAL_SURFACE('',#3575,1.2295);
#66=CYLINDRICAL_SURFACE('',#3577,1.2295);
#67=CYLINDRICAL_SURFACE('',#3579,1.2295);
#68=CYLINDRICAL_SURFACE('',#3596,1.5);
#69=CYLINDRICAL_SURFACE('',#3598,1.5);
#70=CYLINDRICAL_SURFACE('',#3610,1.5);
#71=CYLINDRICAL_SURFACE('',#3625,1.5);
#72=CYLINDRICAL_SURFACE('',#3627,2.25);
#73=CYLINDRICAL_SURFACE('',#3629,1.5);
#74=CYLINDRICAL_SURFACE('',#3671,1.5);
#75=CYLINDRICAL_SURFACE('',#3683,2.1);
#76=CYLINDRICAL_SURFACE('',#3687,1.5);
#77=FACE_BOUND('',#339,.T.);
#78=FACE_BOUND('',#362,.T.);
#79=FACE_BOUND('',#366,.T.);
#80=FACE_BOUND('',#405,.T.);
#81=FACE_BOUND('',#413,.T.);
#82=FACE_BOUND('',#414,.T.);
#83=FACE_BOUND('',#436,.T.);
#84=FACE_BOUND('',#437,.T.);
#85=FACE_BOUND('',#447,.T.);
#86=FACE_BOUND('',#475,.T.);
#87=FACE_BOUND('',#496,.T.);
#88=FACE_BOUND('',#502,.T.);
#89=FACE_BOUND('',#531,.T.);
#90=FACE_BOUND('',#535,.T.);
#91=CIRCLE('',#3455,1.5);
#92=CIRCLE('',#3456,1.5);
#93=CIRCLE('',#3457,2.25);
#94=CIRCLE('',#3462,1.5);
#95=CIRCLE('',#3464,2.25);
#96=CIRCLE('',#3477,1.5);
#97=CIRCLE('',#3483,1.39999999999998);
#98=CIRCLE('',#3484,1.39999999999998);
#99=CIRCLE('',#3485,1.5);
#100=CIRCLE('',#3489,1.5);
#101=CIRCLE('',#3509,1.5);
#102=CIRCLE('',#3510,1.5);
#103=CIRCLE('',#3515,1.5);
#104=CIRCLE('',#3522,1.5);
#105=CIRCLE('',#3532,1.5);
#106=CIRCLE('',#3534,1.5);
#107=CIRCLE('',#3535,1.5);
#108=CIRCLE('',#3541,1.5);
#109=CIRCLE('',#3542,1.5);
#110=CIRCLE('',#3543,0.3);
#111=CIRCLE('',#3545,1.2295);
#112=CIRCLE('',#3546,1.2295);
#113=CIRCLE('',#3550,1.5);
#114=CIRCLE('',#3557,1.5);
#115=CIRCLE('',#3561,0.3);
#116=CIRCLE('',#3571,1.2295);
#117=CIRCLE('',#3572,1.2295);
#118=CIRCLE('',#3574,1.2295);
#119=CIRCLE('',#3576,1.2295);
#120=CIRCLE('',#3578,1.2295);
#121=CIRCLE('',#3580,1.2295);
#122=CIRCLE('',#3586,1.5);
#123=CIRCLE('',#3587,1.5);
#124=CIRCLE('',#3588,1.5);
#125=CIRCLE('',#3592,1.5);
#126=CIRCLE('',#3593,1.5);
#127=CIRCLE('',#3611,1.5);
#128=CIRCLE('',#3619,1.5);
#129=CIRCLE('',#3620,1.5);
#130=CIRCLE('',#3621,2.25);
#131=CIRCLE('',#3626,1.5);
#132=CIRCLE('',#3628,2.25);
#133=CIRCLE('',#3630,1.5);
#134=CIRCLE('',#3645,1.39999999999998);
#135=CIRCLE('',#3646,1.39999999999998);
#136=CIRCLE('',#3647,1.5);
#137=CIRCLE('',#3653,1.5);
#138=CIRCLE('',#3680,1.26);
#139=CIRCLE('',#3681,3.99999999994338);
#140=CIRCLE('',#3682,2.1);
#141=CIRCLE('',#3684,2.1);
#142=CIRCLE('',#3686,1.5);
#143=CIRCLE('',#3688,1.5);
#144=FACE_OUTER_BOUND('',#333,.T.);
#145=FACE_OUTER_BOUND('',#334,.T.);
#146=FACE_OUTER_BOUND('',#335,.T.);
#147=FACE_OUTER_BOUND('',#336,.T.);
#148=FACE_OUTER_BOUND('',#337,.T.);
#149=FACE_OUTER_BOUND('',#338,.T.);
#150=FACE_OUTER_BOUND('',#340,.T.);
#151=FACE_OUTER_BOUND('',#341,.T.);
#152=FACE_OUTER_BOUND('',#342,.T.);
#153=FACE_OUTER_BOUND('',#343,.T.);
#154=FACE_OUTER_BOUND('',#344,.T.);
#155=FACE_OUTER_BOUND('',#345,.T.);
#156=FACE_OUTER_BOUND('',#346,.T.);
#157=FACE_OUTER_BOUND('',#347,.T.);
#158=FACE_OUTER_BOUND('',#348,.T.);
#159=FACE_OUTER_BOUND('',#349,.T.);
#160=FACE_OUTER_BOUND('',#350,.T.);
#161=FACE_OUTER_BOUND('',#351,.T.);
#162=FACE_OUTER_BOUND('',#352,.T.);
#163=FACE_OUTER_BOUND('',#353,.T.);
#164=FACE_OUTER_BOUND('',#354,.T.);
#165=FACE_OUTER_BOUND('',#355,.T.);
#166=FACE_OUTER_BOUND('',#356,.T.);
#167=FACE_OUTER_BOUND('',#357,.T.);
#168=FACE_OUTER_BOUND('',#358,.T.);
#169=FACE_OUTER_BOUND('',#359,.T.);
#170=FACE_OUTER_BOUND('',#360,.T.);
#171=FACE_OUTER_BOUND('',#361,.T.);
#172=FACE_OUTER_BOUND('',#363,.T.);
#173=FACE_OUTER_BOUND('',#364,.T.);
#174=FACE_OUTER_BOUND('',#365,.T.);
#175=FACE_OUTER_BOUND('',#367,.T.);
#176=FACE_OUTER_BOUND('',#368,.T.);
#177=FACE_OUTER_BOUND('',#369,.T.);
#178=FACE_OUTER_BOUND('',#370,.T.);
#179=FACE_OUTER_BOUND('',#371,.T.);
#180=FACE_OUTER_BOUND('',#372,.T.);
#181=FACE_OUTER_BOUND('',#373,.T.);
#182=FACE_OUTER_BOUND('',#374,.T.);
#183=FACE_OUTER_BOUND('',#375,.T.);
#184=FACE_OUTER_BOUND('',#376,.T.);
#185=FACE_OUTER_BOUND('',#377,.T.);
#186=FACE_OUTER_BOUND('',#378,.T.);
#187=FACE_OUTER_BOUND('',#379,.T.);
#188=FACE_OUTER_BOUND('',#380,.T.);
#189=FACE_OUTER_BOUND('',#381,.T.);
#190=FACE_OUTER_BOUND('',#382,.T.);
#191=FACE_OUTER_BOUND('',#383,.T.);
#192=FACE_OUTER_BOUND('',#384,.T.);
#193=FACE_OUTER_BOUND('',#385,.T.);
#194=FACE_OUTER_BOUND('',#386,.T.);
#195=FACE_OUTER_BOUND('',#387,.T.);
#196=FACE_OUTER_BOUND('',#388,.T.);
#197=FACE_OUTER_BOUND('',#389,.T.);
#198=FACE_OUTER_BOUND('',#390,.T.);
#199=FACE_OUTER_BOUND('',#391,.T.);
#200=FACE_OUTER_BOUND('',#392,.T.);
#201=FACE_OUTER_BOUND('',#393,.T.);
#202=FACE_OUTER_BOUND('',#394,.T.);
#203=FACE_OUTER_BOUND('',#395,.T.);
#204=FACE_OUTER_BOUND('',#396,.T.);
#205=FACE_OUTER_BOUND('',#397,.T.);
#206=FACE_OUTER_BOUND('',#398,.T.);
#207=FACE_OUTER_BOUND('',#399,.T.);
#208=FACE_OUTER_BOUND('',#400,.T.);
#209=FACE_OUTER_BOUND('',#401,.T.);
#210=FACE_OUTER_BOUND('',#402,.T.);
#211=FACE_OUTER_BOUND('',#403,.T.);
#212=FACE_OUTER_BOUND('',#404,.T.);
#213=FACE_OUTER_BOUND('',#406,.T.);
#214=FACE_OUTER_BOUND('',#407,.T.);
#215=FACE_OUTER_BOUND('',#408,.T.);
#216=FACE_OUTER_BOUND('',#409,.T.);
#217=FACE_OUTER_BOUND('',#410,.T.);
#218=FACE_OUTER_BOUND('',#411,.T.);
#219=FACE_OUTER_BOUND('',#412,.T.);
#220=FACE_OUTER_BOUND('',#415,.T.);
#221=FACE_OUTER_BOUND('',#416,.T.);
#222=FACE_OUTER_BOUND('',#417,.T.);
#223=FACE_OUTER_BOUND('',#418,.T.);
#224=FACE_OUTER_BOUND('',#419,.T.);
#225=FACE_OUTER_BOUND('',#420,.T.);
#226=FACE_OUTER_BOUND('',#421,.T.);
#227=FACE_OUTER_BOUND('',#422,.T.);
#228=FACE_OUTER_BOUND('',#423,.T.);
#229=FACE_OUTER_BOUND('',#424,.T.);
#230=FACE_OUTER_BOUND('',#425,.T.);
#231=FACE_OUTER_BOUND('',#426,.T.);
#232=FACE_OUTER_BOUND('',#427,.T.);
#233=FACE_OUTER_BOUND('',#428,.T.);
#234=FACE_OUTER_BOUND('',#429,.T.);
#235=FACE_OUTER_BOUND('',#430,.T.);
#236=FACE_OUTER_BOUND('',#431,.T.);
#237=FACE_OUTER_BOUND('',#432,.T.);
#238=FACE_OUTER_BOUND('',#433,.T.);
#239=FACE_OUTER_BOUND('',#434,.T.);
#240=FACE_OUTER_BOUND('',#435,.T.);
#241=FACE_OUTER_BOUND('',#438,.T.);
#242=FACE_OUTER_BOUND('',#439,.T.);
#243=FACE_OUTER_BOUND('',#440,.T.);
#244=FACE_OUTER_BOUND('',#441,.T.);
#245=FACE_OUTER_BOUND('',#442,.T.);
#246=FACE_OUTER_BOUND('',#443,.T.);
#247=FACE_OUTER_BOUND('',#444,.T.);
#248=FACE_OUTER_BOUND('',#445,.T.);
#249=FACE_OUTER_BOUND('',#446,.T.);
#250=FACE_OUTER_BOUND('',#448,.T.);
#251=FACE_OUTER_BOUND('',#449,.T.);
#252=FACE_OUTER_BOUND('',#450,.T.);
#253=FACE_OUTER_BOUND('',#451,.T.);
#254=FACE_OUTER_BOUND('',#452,.T.);
#255=FACE_OUTER_BOUND('',#453,.T.);
#256=FACE_OUTER_BOUND('',#454,.T.);
#257=FACE_OUTER_BOUND('',#455,.T.);
#258=FACE_OUTER_BOUND('',#456,.T.);
#259=FACE_OUTER_BOUND('',#457,.T.);
#260=FACE_OUTER_BOUND('',#458,.T.);
#261=FACE_OUTER_BOUND('',#459,.T.);
#262=FACE_OUTER_BOUND('',#460,.T.);
#263=FACE_OUTER_BOUND('',#461,.T.);
#264=FACE_OUTER_BOUND('',#462,.T.);
#265=FACE_OUTER_BOUND('',#463,.T.);
#266=FACE_OUTER_BOUND('',#464,.T.);
#267=FACE_OUTER_BOUND('',#465,.T.);
#268=FACE_OUTER_BOUND('',#466,.T.);
#269=FACE_OUTER_BOUND('',#467,.T.);
#270=FACE_OUTER_BOUND('',#468,.T.);
#271=FACE_OUTER_BOUND('',#469,.T.);
#272=FACE_OUTER_BOUND('',#470,.T.);
#273=FACE_OUTER_BOUND('',#471,.T.);
#274=FACE_OUTER_BOUND('',#472,.T.);
#275=FACE_OUTER_BOUND('',#473,.T.);
#276=FACE_OUTER_BOUND('',#474,.T.);
#277=FACE_OUTER_BOUND('',#476,.T.);
#278=FACE_OUTER_BOUND('',#477,.T.);
#279=FACE_OUTER_BOUND('',#478,.T.);
#280=FACE_OUTER_BOUND('',#479,.T.);
#281=FACE_OUTER_BOUND('',#480,.T.);
#282=FACE_OUTER_BOUND('',#481,.T.);
#283=FACE_OUTER_BOUND('',#482,.T.);
#284=FACE_OUTER_BOUND('',#483,.T.);
#285=FACE_OUTER_BOUND('',#484,.T.);
#286=FACE_OUTER_BOUND('',#485,.T.);
#287=FACE_OUTER_BOUND('',#486,.T.);
#288=FACE_OUTER_BOUND('',#487,.T.);
#289=FACE_OUTER_BOUND('',#488,.T.);
#290=FACE_OUTER_BOUND('',#489,.T.);
#291=FACE_OUTER_BOUND('',#490,.T.);
#292=FACE_OUTER_BOUND('',#491,.T.);
#293=FACE_OUTER_BOUND('',#492,.T.);
#294=FACE_OUTER_BOUND('',#493,.T.);
#295=FACE_OUTER_BOUND('',#494,.T.);
#296=FACE_OUTER_BOUND('',#495,.T.);
#297=FACE_OUTER_BOUND('',#497,.T.);
#298=FACE_OUTER_BOUND('',#498,.T.);
#299=FACE_OUTER_BOUND('',#499,.T.);
#300=FACE_OUTER_BOUND('',#500,.T.);
#301=FACE_OUTER_BOUND('',#501,.T.);
#302=FACE_OUTER_BOUND('',#503,.T.);
#303=FACE_OUTER_BOUND('',#504,.T.);
#304=FACE_OUTER_BOUND('',#505,.T.);
#305=FACE_OUTER_BOUND('',#506,.T.);
#306=FACE_OUTER_BOUND('',#507,.T.);
#307=FACE_OUTER_BOUND('',#508,.T.);
#308=FACE_OUTER_BOUND('',#509,.T.);
#309=FACE_OUTER_BOUND('',#510,.T.);
#310=FACE_OUTER_BOUND('',#511,.T.);
#311=FACE_OUTER_BOUND('',#512,.T.);
#312=FACE_OUTER_BOUND('',#513,.T.);
#313=FACE_OUTER_BOUND('',#514,.T.);
#314=FACE_OUTER_BOUND('',#515,.T.);
#315=FACE_OUTER_BOUND('',#516,.T.);
#316=FACE_OUTER_BOUND('',#517,.T.);
#317=FACE_OUTER_BOUND('',#518,.T.);
#318=FACE_OUTER_BOUND('',#519,.T.);
#319=FACE_OUTER_BOUND('',#520,.T.);
#320=FACE_OUTER_BOUND('',#521,.T.);
#321=FACE_OUTER_BOUND('',#522,.T.);
#322=FACE_OUTER_BOUND('',#523,.T.);
#323=FACE_OUTER_BOUND('',#524,.T.);
#324=FACE_OUTER_BOUND('',#525,.T.);
#325=FACE_OUTER_BOUND('',#526,.T.);
#326=FACE_OUTER_BOUND('',#527,.T.);
#327=FACE_OUTER_BOUND('',#528,.T.);
#328=FACE_OUTER_BOUND('',#529,.T.);
#329=FACE_OUTER_BOUND('',#530,.T.);
#330=FACE_OUTER_BOUND('',#532,.T.);
#331=FACE_OUTER_BOUND('',#533,.T.);
#332=FACE_OUTER_BOUND('',#534,.T.);
#333=EDGE_LOOP('',(#2099,#2100,#2101));
#334=EDGE_LOOP('',(#2102,#2103,#2104,#2105,#2106,#2107));
#335=EDGE_LOOP('',(#2108,#2109,#2110,#2111));
#336=EDGE_LOOP('',(#2112,#2113,#2114,#2115));
#337=EDGE_LOOP('',(#2116,#2117,#2118,#2119));
#338=EDGE_LOOP('',(#2120,#2121,#2122,#2123,#2124,#2125,#2126,#2127,#2128,
#2129,#2130,#2131,#2132,#2133,#2134,#2135,#2136,#2137));
#339=EDGE_LOOP('',(#2138));
#340=EDGE_LOOP('',(#2139,#2140,#2141,#2142));
#341=EDGE_LOOP('',(#2143,#2144,#2145,#2146,#2147,#2148));
#342=EDGE_LOOP('',(#2149,#2150,#2151,#2152,#2153));
#343=EDGE_LOOP('',(#2154,#2155,#2156,#2157));
#344=EDGE_LOOP('',(#2158,#2159,#2160,#2161));
#345=EDGE_LOOP('',(#2162,#2163,#2164,#2165));
#346=EDGE_LOOP('',(#2166,#2167,#2168,#2169));
#347=EDGE_LOOP('',(#2170,#2171,#2172,#2173));
#348=EDGE_LOOP('',(#2174,#2175,#2176,#2177));
#349=EDGE_LOOP('',(#2178,#2179,#2180,#2181));
#350=EDGE_LOOP('',(#2182,#2183,#2184,#2185));
#351=EDGE_LOOP('',(#2186,#2187,#2188,#2189));
#352=EDGE_LOOP('',(#2190,#2191,#2192,#2193));
#353=EDGE_LOOP('',(#2194,#2195,#2196,#2197));
#354=EDGE_LOOP('',(#2198,#2199,#2200,#2201));
#355=EDGE_LOOP('',(#2202,#2203,#2204,#2205));
#356=EDGE_LOOP('',(#2206,#2207,#2208,#2209));
#357=EDGE_LOOP('',(#2210,#2211,#2212,#2213));
#358=EDGE_LOOP('',(#2214,#2215,#2216,#2217,#2218,#2219));
#359=EDGE_LOOP('',(#2220,#2221,#2222,#2223));
#360=EDGE_LOOP('',(#2224,#2225,#2226,#2227,#2228));
#361=EDGE_LOOP('',(#2229,#2230,#2231,#2232,#2233,#2234,#2235,#2236,#2237,
#2238,#2239,#2240,#2241,#2242,#2243,#2244,#2245,#2246,#2247,#2248));
#362=EDGE_LOOP('',(#2249));
#363=EDGE_LOOP('',(#2250,#2251,#2252));
#364=EDGE_LOOP('',(#2253,#2254,#2255,#2256));
#365=EDGE_LOOP('',(#2257));
#366=EDGE_LOOP('',(#2258));
#367=EDGE_LOOP('',(#2259,#2260,#2261,#2262));
#368=EDGE_LOOP('',(#2263,#2264,#2265,#2266));
#369=EDGE_LOOP('',(#2267,#2268,#2269,#2270));
#370=EDGE_LOOP('',(#2271,#2272,#2273,#2274));
#371=EDGE_LOOP('',(#2275,#2276,#2277,#2278));
#372=EDGE_LOOP('',(#2279,#2280,#2281,#2282));
#373=EDGE_LOOP('',(#2283,#2284,#2285,#2286));
#374=EDGE_LOOP('',(#2287,#2288,#2289,#2290));
#375=EDGE_LOOP('',(#2291,#2292,#2293,#2294));
#376=EDGE_LOOP('',(#2295,#2296,#2297,#2298));
#377=EDGE_LOOP('',(#2299,#2300,#2301,#2302));
#378=EDGE_LOOP('',(#2303,#2304,#2305,#2306));
#379=EDGE_LOOP('',(#2307,#2308,#2309));
#380=EDGE_LOOP('',(#2310,#2311,#2312,#2313));
#381=EDGE_LOOP('',(#2314,#2315,#2316));
#382=EDGE_LOOP('',(#2317,#2318,#2319,#2320));
#383=EDGE_LOOP('',(#2321,#2322,#2323));
#384=EDGE_LOOP('',(#2324,#2325,#2326));
#385=EDGE_LOOP('',(#2327,#2328,#2329,#2330,#2331,#2332,#2333,#2334,#2335,
#2336,#2337,#2338,#2339,#2340,#2341,#2342,#2343,#2344));
#386=EDGE_LOOP('',(#2345,#2346,#2347,#2348));
#387=EDGE_LOOP('',(#2349,#2350,#2351,#2352));
#388=EDGE_LOOP('',(#2353,#2354,#2355,#2356));
#389=EDGE_LOOP('',(#2357,#2358,#2359,#2360));
#390=EDGE_LOOP('',(#2361,#2362,#2363,#2364));
#391=EDGE_LOOP('',(#2365,#2366,#2367,#2368));
#392=EDGE_LOOP('',(#2369,#2370,#2371,#2372));
#393=EDGE_LOOP('',(#2373,#2374,#2375,#2376));
#394=EDGE_LOOP('',(#2377,#2378,#2379,#2380));
#395=EDGE_LOOP('',(#2381,#2382,#2383,#2384));
#396=EDGE_LOOP('',(#2385,#2386,#2387,#2388));
#397=EDGE_LOOP('',(#2389,#2390,#2391,#2392));
#398=EDGE_LOOP('',(#2393,#2394,#2395,#2396));
#399=EDGE_LOOP('',(#2397,#2398,#2399,#2400));
#400=EDGE_LOOP('',(#2401,#2402,#2403,#2404));
#401=EDGE_LOOP('',(#2405,#2406,#2407,#2408));
#402=EDGE_LOOP('',(#2409,#2410,#2411,#2412));
#403=EDGE_LOOP('',(#2413,#2414,#2415,#2416));
#404=EDGE_LOOP('',(#2417,#2418,#2419,#2420,#2421,#2422,#2423,#2424,#2425,
#2426,#2427,#2428,#2429,#2430,#2431,#2432,#2433,#2434));
#405=EDGE_LOOP('',(#2435));
#406=EDGE_LOOP('',(#2436,#2437,#2438,#2439,#2440));
#407=EDGE_LOOP('',(#2441,#2442,#2443,#2444));
#408=EDGE_LOOP('',(#2445,#2446,#2447,#2448));
#409=EDGE_LOOP('',(#2449,#2450,#2451,#2452));
#410=EDGE_LOOP('',(#2453,#2454,#2455,#2456));
#411=EDGE_LOOP('',(#2457,#2458,#2459,#2460,#2461,#2462,#2463,#2464,#2465,
#2466,#2467,#2468,#2469,#2470,#2471,#2472,#2473,#2474,#2475,#2476,#2477,
#2478,#2479,#2480));
#412=EDGE_LOOP('',(#2481,#2482,#2483,#2484));
#413=EDGE_LOOP('',(#2485));
#414=EDGE_LOOP('',(#2486));
#415=EDGE_LOOP('',(#2487,#2488,#2489,#2490));
#416=EDGE_LOOP('',(#2491,#2492,#2493,#2494));
#417=EDGE_LOOP('',(#2495,#2496,#2497,#2498));
#418=EDGE_LOOP('',(#2499,#2500,#2501,#2502));
#419=EDGE_LOOP('',(#2503,#2504,#2505,#2506));
#420=EDGE_LOOP('',(#2507,#2508,#2509,#2510));
#421=EDGE_LOOP('',(#2511,#2512,#2513,#2514));
#422=EDGE_LOOP('',(#2515,#2516,#2517,#2518));
#423=EDGE_LOOP('',(#2519,#2520,#2521,#2522));
#424=EDGE_LOOP('',(#2523,#2524,#2525,#2526));
#425=EDGE_LOOP('',(#2527,#2528,#2529,#2530));
#426=EDGE_LOOP('',(#2531,#2532,#2533,#2534,#2535,#2536,#2537,#2538,#2539,
#2540,#2541,#2542,#2543,#2544,#2545,#2546,#2547,#2548,#2549,#2550,#2551,
#2552,#2553,#2554));
#427=EDGE_LOOP('',(#2555,#2556,#2557,#2558));
#428=EDGE_LOOP('',(#2559,#2560,#2561,#2562));
#429=EDGE_LOOP('',(#2563,#2564,#2565,#2566));
#430=EDGE_LOOP('',(#2567,#2568,#2569,#2570));
#431=EDGE_LOOP('',(#2571,#2572,#2573,#2574));
#432=EDGE_LOOP('',(#2575,#2576,#2577,#2578));
#433=EDGE_LOOP('',(#2579,#2580,#2581,#2582));
#434=EDGE_LOOP('',(#2583,#2584,#2585,#2586));
#435=EDGE_LOOP('',(#2587,#2588,#2589,#2590));
#436=EDGE_LOOP('',(#2591));
#437=EDGE_LOOP('',(#2592));
#438=EDGE_LOOP('',(#2593,#2594,#2595,#2596));
#439=EDGE_LOOP('',(#2597,#2598,#2599,#2600));
#440=EDGE_LOOP('',(#2601,#2602,#2603,#2604));
#441=EDGE_LOOP('',(#2605,#2606,#2607,#2608));
#442=EDGE_LOOP('',(#2609,#2610,#2611));
#443=EDGE_LOOP('',(#2612,#2613,#2614));
#444=EDGE_LOOP('',(#2615,#2616,#2617));
#445=EDGE_LOOP('',(#2618,#2619,#2620));
#446=EDGE_LOOP('',(#2621,#2622,#2623,#2624,#2625,#2626,#2627,#2628,#2629,
#2630,#2631,#2632,#2633,#2634,#2635,#2636,#2637,#2638));
#447=EDGE_LOOP('',(#2639));
#448=EDGE_LOOP('',(#2640,#2641,#2642,#2643));
#449=EDGE_LOOP('',(#2644,#2645,#2646,#2647));
#450=EDGE_LOOP('',(#2648,#2649,#2650,#2651,#2652,#2653,#2654,#2655,#2656,
#2657,#2658,#2659,#2660,#2661,#2662,#2663,#2664,#2665));
#451=EDGE_LOOP('',(#2666,#2667,#2668,#2669));
#452=EDGE_LOOP('',(#2670,#2671,#2672,#2673));
#453=EDGE_LOOP('',(#2674,#2675,#2676,#2677));
#454=EDGE_LOOP('',(#2678,#2679,#2680,#2681));
#455=EDGE_LOOP('',(#2682,#2683,#2684,#2685));
#456=EDGE_LOOP('',(#2686,#2687,#2688,#2689));
#457=EDGE_LOOP('',(#2690,#2691,#2692,#2693));
#458=EDGE_LOOP('',(#2694,#2695,#2696,#2697));
#459=EDGE_LOOP('',(#2698,#2699,#2700,#2701));
#460=EDGE_LOOP('',(#2702,#2703,#2704,#2705));
#461=EDGE_LOOP('',(#2706,#2707,#2708,#2709));
#462=EDGE_LOOP('',(#2710,#2711,#2712,#2713));
#463=EDGE_LOOP('',(#2714,#2715,#2716,#2717));
#464=EDGE_LOOP('',(#2718,#2719,#2720,#2721));
#465=EDGE_LOOP('',(#2722,#2723,#2724,#2725));
#466=EDGE_LOOP('',(#2726,#2727,#2728,#2729));
#467=EDGE_LOOP('',(#2730,#2731,#2732,#2733));
#468=EDGE_LOOP('',(#2734,#2735,#2736));
#469=EDGE_LOOP('',(#2737,#2738,#2739));
#470=EDGE_LOOP('',(#2740,#2741,#2742,#2743,#2744,#2745));
#471=EDGE_LOOP('',(#2746,#2747,#2748,#2749));
#472=EDGE_LOOP('',(#2750,#2751,#2752,#2753));
#473=EDGE_LOOP('',(#2754,#2755,#2756,#2757));
#474=EDGE_LOOP('',(#2758,#2759,#2760,#2761,#2762,#2763,#2764,#2765,#2766,
#2767,#2768,#2769,#2770,#2771,#2772,#2773,#2774,#2775));
#475=EDGE_LOOP('',(#2776));
#476=EDGE_LOOP('',(#2777,#2778,#2779,#2780));
#477=EDGE_LOOP('',(#2781,#2782,#2783,#2784,#2785));
#478=EDGE_LOOP('',(#2786,#2787,#2788,#2789,#2790,#2791));
#479=EDGE_LOOP('',(#2792,#2793,#2794,#2795));
#480=EDGE_LOOP('',(#2796,#2797,#2798,#2799));
#481=EDGE_LOOP('',(#2800,#2801,#2802,#2803));
#482=EDGE_LOOP('',(#2804,#2805,#2806,#2807));
#483=EDGE_LOOP('',(#2808,#2809,#2810,#2811,#2812,#2813));
#484=EDGE_LOOP('',(#2814,#2815,#2816,#2817));
#485=EDGE_LOOP('',(#2818,#2819,#2820,#2821));
#486=EDGE_LOOP('',(#2822,#2823,#2824,#2825));
#487=EDGE_LOOP('',(#2826,#2827,#2828,#2829));
#488=EDGE_LOOP('',(#2830,#2831,#2832,#2833));
#489=EDGE_LOOP('',(#2834,#2835,#2836,#2837));
#490=EDGE_LOOP('',(#2838,#2839,#2840,#2841));
#491=EDGE_LOOP('',(#2842,#2843,#2844,#2845));
#492=EDGE_LOOP('',(#2846,#2847,#2848,#2849));
#493=EDGE_LOOP('',(#2850,#2851,#2852,#2853));
#494=EDGE_LOOP('',(#2854,#2855,#2856,#2857));
#495=EDGE_LOOP('',(#2858,#2859,#2860,#2861,#2862,#2863,#2864,#2865,#2866,
#2867,#2868,#2869,#2870,#2871,#2872,#2873,#2874,#2875,#2876,#2877));
#496=EDGE_LOOP('',(#2878));
#497=EDGE_LOOP('',(#2879,#2880,#2881));
#498=EDGE_LOOP('',(#2882,#2883,#2884,#2885));
#499=EDGE_LOOP('',(#2886,#2887,#2888,#2889,#2890));
#500=EDGE_LOOP('',(#2891,#2892,#2893,#2894));
#501=EDGE_LOOP('',(#2895));
#502=EDGE_LOOP('',(#2896));
#503=EDGE_LOOP('',(#2897,#2898,#2899,#2900));
#504=EDGE_LOOP('',(#2901,#2902,#2903));
#505=EDGE_LOOP('',(#2904,#2905,#2906,#2907));
#506=EDGE_LOOP('',(#2908,#2909,#2910,#2911));
#507=EDGE_LOOP('',(#2912,#2913,#2914,#2915));
#508=EDGE_LOOP('',(#2916,#2917,#2918,#2919));
#509=EDGE_LOOP('',(#2920,#2921,#2922,#2923));
#510=EDGE_LOOP('',(#2924,#2925,#2926,#2927));
#511=EDGE_LOOP('',(#2928,#2929,#2930,#2931));
#512=EDGE_LOOP('',(#2932,#2933,#2934,#2935));
#513=EDGE_LOOP('',(#2936,#2937,#2938,#2939));
#514=EDGE_LOOP('',(#2940,#2941,#2942,#2943));
#515=EDGE_LOOP('',(#2944,#2945,#2946,#2947));
#516=EDGE_LOOP('',(#2948,#2949,#2950,#2951));
#517=EDGE_LOOP('',(#2952,#2953,#2954));
#518=EDGE_LOOP('',(#2955,#2956,#2957));
#519=EDGE_LOOP('',(#2958,#2959,#2960));
#520=EDGE_LOOP('',(#2961,#2962,#2963,#2964));
#521=EDGE_LOOP('',(#2965,#2966,#2967,#2968));
#522=EDGE_LOOP('',(#2969,#2970,#2971,#2972));
#523=EDGE_LOOP('',(#2973,#2974,#2975,#2976));
#524=EDGE_LOOP('',(#2977,#2978,#2979,#2980));
#525=EDGE_LOOP('',(#2981,#2982,#2983,#2984));
#526=EDGE_LOOP('',(#2985,#2986,#2987,#2988));
#527=EDGE_LOOP('',(#2989,#2990,#2991,#2992,#2993,#2994));
#528=EDGE_LOOP('',(#2995,#2996,#2997,#2998));
#529=EDGE_LOOP('',(#2999,#3000,#3001,#3002));
#530=EDGE_LOOP('',(#3003));
#531=EDGE_LOOP('',(#3004));
#532=EDGE_LOOP('',(#3005,#3006,#3007,#3008));
#533=EDGE_LOOP('',(#3009));
#534=EDGE_LOOP('',(#3010));
#535=EDGE_LOOP('',(#3011,#3012,#3013,#3014,#3015,#3016));
#536=LINE('',#4599,#942);
#537=LINE('',#4601,#943);
#538=LINE('',#4602,#944);
#539=LINE('',#4605,#945);
#540=LINE('',#4607,#946);
#541=LINE('',#4609,#947);
#542=LINE('',#4611,#948);
#543=LINE('',#4612,#949);
#544=LINE('',#4615,#950);
#545=LINE('',#4616,#951);
#546=LINE('',#4618,#952);
#547=LINE('',#4621,#953);
#548=LINE('',#4623,#954);
#549=LINE('',#4624,#955);
#550=LINE('',#4629,#956);
#551=LINE('',#4631,#957);
#552=LINE('',#4633,#958);
#553=LINE('',#4635,#959);
#554=LINE('',#4637,#960);
#555=LINE('',#4639,#961);
#556=LINE('',#4641,#962);
#557=LINE('',#4643,#963);
#558=LINE('',#4645,#964);
#559=LINE('',#4647,#965);
#560=LINE('',#4649,#966);
#561=LINE('',#4653,#967);
#562=LINE('',#4655,#968);
#563=LINE('',#4656,#969);
#564=LINE('',#4661,#970);
#565=LINE('',#4662,#971);
#566=LINE('',#4665,#972);
#567=LINE('',#4667,#973);
#568=LINE('',#4669,#974);
#569=LINE('',#4670,#975);
#570=LINE('',#4673,#976);
#571=LINE('',#4674,#977);
#572=LINE('',#4678,#978);
#573=LINE('',#4681,#979);
#574=LINE('',#4685,#980);
#575=LINE('',#4686,#981);
#576=LINE('',#4689,#982);
#577=LINE('',#4690,#983);
#578=LINE('',#4693,#984);
#579=LINE('',#4694,#985);
#580=LINE('',#4697,#986);
#581=LINE('',#4698,#987);
#582=LINE('',#4701,#988);
#583=LINE('',#4702,#989);
#584=LINE('',#4705,#990);
#585=LINE('',#4706,#991);
#586=LINE('',#4709,#992);
#587=LINE('',#4710,#993);
#588=LINE('',#4713,#994);
#589=LINE('',#4714,#995);
#590=LINE('',#4717,#996);
#591=LINE('',#4718,#997);
#592=LINE('',#4721,#998);
#593=LINE('',#4722,#999);
#594=LINE('',#4725,#1000);
#595=LINE('',#4726,#1001);
#596=LINE('',#4730,#1002);
#597=LINE('',#4733,#1003);
#598=LINE('',#4734,#1004);
#599=LINE('',#4738,#1005);
#600=LINE('',#4739,#1006);
#601=LINE('',#4740,#1007);
#602=LINE('',#4743,#1008);
#603=LINE('',#4744,#1009);
#604=LINE('',#4747,#1010);
#605=LINE('',#4748,#1011);
#606=LINE('',#4749,#1012);
#607=LINE('',#4753,#1013);
#608=LINE('',#4755,#1014);
#609=LINE('',#4757,#1015);
#610=LINE('',#4759,#1016);
#611=LINE('',#4761,#1017);
#612=LINE('',#4763,#1018);
#613=LINE('',#4765,#1019);
#614=LINE('',#4767,#1020);
#615=LINE('',#4769,#1021);
#616=LINE('',#4771,#1022);
#617=LINE('',#4773,#1023);
#618=LINE('',#4775,#1024);
#619=LINE('',#4777,#1025);
#620=LINE('',#4780,#1026);
#621=LINE('',#4782,#1027);
#622=LINE('',#4787,#1028);
#623=LINE('',#4789,#1029);
#624=LINE('',#4794,#1030);
#625=LINE('',#4795,#1031);
#626=LINE('',#4797,#1032);
#627=LINE('',#4799,#1033);
#628=LINE('',#4801,#1034);
#629=LINE('',#4803,#1035);
#630=LINE('',#4805,#1036);
#631=LINE('',#4807,#1037);
#632=LINE('',#4809,#1038);
#633=LINE('',#4811,#1039);
#634=LINE('',#4813,#1040);
#635=LINE('',#4815,#1041);
#636=LINE('',#4817,#1042);
#637=LINE('',#4818,#1043);
#638=LINE('',#4820,#1044);
#639=LINE('',#4824,#1045);
#640=LINE('',#4830,#1046);
#641=LINE('',#4832,#1047);
#642=LINE('',#4834,#1048);
#643=LINE('',#4838,#1049);
#644=LINE('',#4840,#1050);
#645=LINE('',#4842,#1051);
#646=LINE('',#4844,#1052);
#647=LINE('',#4846,#1053);
#648=LINE('',#4850,#1054);
#649=LINE('',#4852,#1055);
#650=LINE('',#4854,#1056);
#651=LINE('',#4856,#1057);
#652=LINE('',#4858,#1058);
#653=LINE('',#4860,#1059);
#654=LINE('',#4862,#1060);
#655=LINE('',#4863,#1061);
#656=LINE('',#4867,#1062);
#657=LINE('',#4868,#1063);
#658=LINE('',#4869,#1064);
#659=LINE('',#4872,#1065);
#660=LINE('',#4873,#1066);
#661=LINE('',#4876,#1067);
#662=LINE('',#4877,#1068);
#663=LINE('',#4881,#1069);
#664=LINE('',#4884,#1070);
#665=LINE('',#4885,#1071);
#666=LINE('',#4888,#1072);
#667=LINE('',#4889,#1073);
#668=LINE('',#4892,#1074);
#669=LINE('',#4893,#1075);
#670=LINE('',#4896,#1076);
#671=LINE('',#4897,#1077);
#672=LINE('',#4900,#1078);
#673=LINE('',#4901,#1079);
#674=LINE('',#4905,#1080);
#675=LINE('',#4908,#1081);
#676=LINE('',#4909,#1082);
#677=LINE('',#4912,#1083);
#678=LINE('',#4913,#1084);
#679=LINE('',#4916,#1085);
#680=LINE('',#4917,#1086);
#681=LINE('',#4920,#1087);
#682=LINE('',#4921,#1088);
#683=LINE('',#4924,#1089);
#684=LINE('',#4925,#1090);
#685=LINE('',#4928,#1091);
#686=LINE('',#4929,#1092);
#687=LINE('',#4932,#1093);
#688=LINE('',#4933,#1094);
#689=LINE('',#4935,#1095);
#690=LINE('',#4941,#1096);
#691=LINE('',#4947,#1097);
#692=LINE('',#4951,#1098);
#693=LINE('',#4953,#1099);
#694=LINE('',#4955,#1100);
#695=LINE('',#4956,#1101);
#696=LINE('',#4960,#1102);
#697=LINE('',#4962,#1103);
#698=LINE('',#4964,#1104);
#699=LINE('',#4965,#1105);
#700=LINE('',#4968,#1106);
#701=LINE('',#4970,#1107);
#702=LINE('',#4971,#1108);
#703=LINE('',#4974,#1109);
#704=LINE('',#4976,#1110);
#705=LINE('',#4978,#1111);
#706=LINE('',#4982,#1112);
#707=LINE('',#4984,#1113);
#708=LINE('',#4986,#1114);
#709=LINE('',#4988,#1115);
#710=LINE('',#4990,#1116);
#711=LINE('',#4994,#1117);
#712=LINE('',#4996,#1118);
#713=LINE('',#4998,#1119);
#714=LINE('',#5000,#1120);
#715=LINE('',#5003,#1121);
#716=LINE('',#5005,#1122);
#717=LINE('',#5007,#1123);
#718=LINE('',#5009,#1124);
#719=LINE('',#5011,#1125);
#720=LINE('',#5012,#1126);
#721=LINE('',#5015,#1127);
#722=LINE('',#5016,#1128);
#723=LINE('',#5023,#1129);
#724=LINE('',#5025,#1130);
#725=LINE('',#5026,#1131);
#726=LINE('',#5029,#1132);
#727=LINE('',#5030,#1133);
#728=LINE('',#5033,#1134);
#729=LINE('',#5037,#1135);
#730=LINE('',#5038,#1136);
#731=LINE('',#5041,#1137);
#732=LINE('',#5042,#1138);
#733=LINE('',#5045,#1139);
#734=LINE('',#5046,#1140);
#735=LINE('',#5049,#1141);
#736=LINE('',#5050,#1142);
#737=LINE('',#5053,#1143);
#738=LINE('',#5054,#1144);
#739=LINE('',#5057,#1145);
#740=LINE('',#5061,#1146);
#741=LINE('',#5062,#1147);
#742=LINE('',#5065,#1148);
#743=LINE('',#5066,#1149);
#744=LINE('',#5069,#1150);
#745=LINE('',#5071,#1151);
#746=LINE('',#5073,#1152);
#747=LINE('',#5074,#1153);
#748=LINE('',#5076,#1154);
#749=LINE('',#5080,#1155);
#750=LINE('',#5081,#1156);
#751=LINE('',#5082,#1157);
#752=LINE('',#5084,#1158);
#753=LINE('',#5087,#1159);
#754=LINE('',#5089,#1160);
#755=LINE('',#5092,#1161);
#756=LINE('',#5094,#1162);
#757=LINE('',#5096,#1163);
#758=LINE('',#5105,#1164);
#759=LINE('',#5109,#1165);
#760=LINE('',#5113,#1166);
#761=LINE('',#5117,#1167);
#762=LINE('',#5120,#1168);
#763=LINE('',#5123,#1169);
#764=LINE('',#5126,#1170);
#765=LINE('',#5129,#1171);
#766=LINE('',#5133,#1172);
#767=LINE('',#5135,#1173);
#768=LINE('',#5139,#1174);
#769=LINE('',#5141,#1175);
#770=LINE('',#5143,#1176);
#771=LINE('',#5145,#1177);
#772=LINE('',#5147,#1178);
#773=LINE('',#5149,#1179);
#774=LINE('',#5151,#1180);
#775=LINE('',#5153,#1181);
#776=LINE('',#5155,#1182);
#777=LINE('',#5157,#1183);
#778=LINE('',#5159,#1184);
#779=LINE('',#5163,#1185);
#780=LINE('',#5165,#1186);
#781=LINE('',#5166,#1187);
#782=LINE('',#5171,#1188);
#783=LINE('',#5173,#1189);
#784=LINE('',#5174,#1190);
#785=LINE('',#5177,#1191);
#786=LINE('',#5178,#1192);
#787=LINE('',#5182,#1193);
#788=LINE('',#5184,#1194);
#789=LINE('',#5187,#1195);
#790=LINE('',#5189,#1196);
#791=LINE('',#5191,#1197);
#792=LINE('',#5195,#1198);
#793=LINE('',#5197,#1199);
#794=LINE('',#5199,#1200);
#795=LINE('',#5201,#1201);
#796=LINE('',#5203,#1202);
#797=LINE('',#5205,#1203);
#798=LINE('',#5207,#1204);
#799=LINE('',#5209,#1205);
#800=LINE('',#5210,#1206);
#801=LINE('',#5212,#1207);
#802=LINE('',#5214,#1208);
#803=LINE('',#5215,#1209);
#804=LINE('',#5217,#1210);
#805=LINE('',#5219,#1211);
#806=LINE('',#5221,#1212);
#807=LINE('',#5223,#1213);
#808=LINE('',#5225,#1214);
#809=LINE('',#5227,#1215);
#810=LINE('',#5229,#1216);
#811=LINE('',#5231,#1217);
#812=LINE('',#5233,#1218);
#813=LINE('',#5235,#1219);
#814=LINE('',#5237,#1220);
#815=LINE('',#5239,#1221);
#816=LINE('',#5245,#1222);
#817=LINE('',#5248,#1223);
#818=LINE('',#5252,#1224);
#819=LINE('',#5254,#1225);
#820=LINE('',#5255,#1226);
#821=LINE('',#5258,#1227);
#822=LINE('',#5260,#1228);
#823=LINE('',#5262,#1229);
#824=LINE('',#5264,#1230);
#825=LINE('',#5265,#1231);
#826=LINE('',#5268,#1232);
#827=LINE('',#5269,#1233);
#828=LINE('',#5271,#1234);
#829=LINE('',#5274,#1235);
#830=LINE('',#5276,#1236);
#831=LINE('',#5277,#1237);
#832=LINE('',#5283,#1238);
#833=LINE('',#5285,#1239);
#834=LINE('',#5286,#1240);
#835=LINE('',#5290,#1241);
#836=LINE('',#5292,#1242);
#837=LINE('',#5294,#1243);
#838=LINE('',#5296,#1244);
#839=LINE('',#5298,#1245);
#840=LINE('',#5300,#1246);
#841=LINE('',#5302,#1247);
#842=LINE('',#5304,#1248);
#843=LINE('',#5306,#1249);
#844=LINE('',#5308,#1250);
#845=LINE('',#5309,#1251);
#846=LINE('',#5314,#1252);
#847=LINE('',#5315,#1253);
#848=LINE('',#5318,#1254);
#849=LINE('',#5320,#1255);
#850=LINE('',#5321,#1256);
#851=LINE('',#5324,#1257);
#852=LINE('',#5326,#1258);
#853=LINE('',#5327,#1259);
#854=LINE('',#5331,#1260);
#855=LINE('',#5334,#1261);
#856=LINE('',#5340,#1262);
#857=LINE('',#5341,#1263);
#858=LINE('',#5344,#1264);
#859=LINE('',#5345,#1265);
#860=LINE('',#5349,#1266);
#861=LINE('',#5350,#1267);
#862=LINE('',#5351,#1268);
#863=LINE('',#5354,#1269);
#864=LINE('',#5355,#1270);
#865=LINE('',#5358,#1271);
#866=LINE('',#5359,#1272);
#867=LINE('',#5362,#1273);
#868=LINE('',#5363,#1274);
#869=LINE('',#5366,#1275);
#870=LINE('',#5367,#1276);
#871=LINE('',#5370,#1277);
#872=LINE('',#5371,#1278);
#873=LINE('',#5374,#1279);
#874=LINE('',#5375,#1280);
#875=LINE('',#5378,#1281);
#876=LINE('',#5379,#1282);
#877=LINE('',#5382,#1283);
#878=LINE('',#5383,#1284);
#879=LINE('',#5386,#1285);
#880=LINE('',#5387,#1286);
#881=LINE('',#5390,#1287);
#882=LINE('',#5391,#1288);
#883=LINE('',#5393,#1289);
#884=LINE('',#5397,#1290);
#885=LINE('',#5399,#1291);
#886=LINE('',#5401,#1292);
#887=LINE('',#5403,#1293);
#888=LINE('',#5405,#1294);
#889=LINE('',#5407,#1295);
#890=LINE('',#5409,#1296);
#891=LINE('',#5411,#1297);
#892=LINE('',#5413,#1298);
#893=LINE('',#5415,#1299);
#894=LINE('',#5417,#1300);
#895=LINE('',#5420,#1301);
#896=LINE('',#5422,#1302);
#897=LINE('',#5424,#1303);
#898=LINE('',#5428,#1304);
#899=LINE('',#5429,#1305);
#900=LINE('',#5433,#1306);
#901=LINE('',#5436,#1307);
#902=LINE('',#5437,#1308);
#903=LINE('',#5439,#1309);
#904=LINE('',#5440,#1310);
#905=LINE('',#5442,#1311);
#906=LINE('',#5447,#1312);
#907=LINE('',#5448,#1313);
#908=LINE('',#5450,#1314);
#909=LINE('',#5453,#1315);
#910=LINE('',#5454,#1316);
#911=LINE('',#5456,#1317);
#912=LINE('',#5458,#1318);
#913=LINE('',#5460,#1319);
#914=LINE('',#5462,#1320);
#915=LINE('',#5464,#1321);
#916=LINE('',#5466,#1322);
#917=LINE('',#5468,#1323);
#918=LINE('',#5470,#1324);
#919=LINE('',#5472,#1325);
#920=LINE('',#5474,#1326);
#921=LINE('',#5479,#1327);
#922=LINE('',#5484,#1328);
#923=LINE('',#5486,#1329);
#924=LINE('',#5488,#1330);
#925=LINE('',#5489,#1331);
#926=LINE('',#5492,#1332);
#927=LINE('',#5494,#1333);
#928=LINE('',#5495,#1334);
#929=LINE('',#5498,#1335);
#930=LINE('',#5500,#1336);
#931=LINE('',#5501,#1337);
#932=LINE('',#5504,#1338);
#933=LINE('',#5506,#1339);
#934=LINE('',#5507,#1340);
#935=LINE('',#5510,#1341);
#936=LINE('',#5512,#1342);
#937=LINE('',#5513,#1343);
#938=LINE('',#5515,#1344);
#939=LINE('',#5516,#1345);
#940=LINE('',#5553,#1346);
#941=LINE('',#5560,#1347);
#942=VECTOR('',#3700,10.);
#943=VECTOR('',#3701,15.);
#944=VECTOR('',#3702,2.00000000000002);
#945=VECTOR('',#3705,10.);
#946=VECTOR('',#3706,10.);
#947=VECTOR('',#3707,10.);
#948=VECTOR('',#3708,10.);
#949=VECTOR('',#3709,10.);
#950=VECTOR('',#3712,15.);
#951=VECTOR('',#3713,10.);
#952=VECTOR('',#3716,2.00000000000002);
#953=VECTOR('',#3719,2.00000000000002);
#954=VECTOR('',#3720,1.8);
#955=VECTOR('',#3721,10.);
#956=VECTOR('',#3726,10.);
#957=VECTOR('',#3727,10.);
#958=VECTOR('',#3728,10.);
#959=VECTOR('',#3729,10.);
#960=VECTOR('',#3730,10.);
#961=VECTOR('',#3731,10.);
#962=VECTOR('',#3732,10.);
#963=VECTOR('',#3733,10.);
#964=VECTOR('',#3734,10.);
#965=VECTOR('',#3735,10.);
#966=VECTOR('',#3736,10.);
#967=VECTOR('',#3739,10.);
#968=VECTOR('',#3740,10.);
#969=VECTOR('',#3741,10.);
#970=VECTOR('',#3746,10.);
#971=VECTOR('',#3747,15.);
#972=VECTOR('',#3750,15.);
#973=VECTOR('',#3751,0.17320508075691);
#974=VECTOR('',#3752,15.2000000000001);
#975=VECTOR('',#3753,0.173205080756903);
#976=VECTOR('',#3756,2.20000000000006);
#977=VECTOR('',#3757,0.173205080756909);
#978=VECTOR('',#3762,1.8);
#979=VECTOR('',#3765,2.25);
#980=VECTOR('',#3770,1.00000000000004);
#981=VECTOR('',#3771,1.8);
#982=VECTOR('',#3774,7.70000000000001);
#983=VECTOR('',#3775,1.8);
#984=VECTOR('',#3778,0.565685424949231);
#985=VECTOR('',#3779,1.8);
#986=VECTOR('',#3782,10.8);
#987=VECTOR('',#3783,1.8);
#988=VECTOR('',#3786,0.565685424949208);
#989=VECTOR('',#3787,1.8);
#990=VECTOR('',#3790,30.4);
#991=VECTOR('',#3791,1.8);
#992=VECTOR('',#3794,0.565685424949238);
#993=VECTOR('',#3795,1.8);
#994=VECTOR('',#3798,10.8);
#995=VECTOR('',#3799,1.8);
#996=VECTOR('',#3802,0.565685424949239);
#997=VECTOR('',#3803,1.8);
#998=VECTOR('',#3806,7.7);
#999=VECTOR('',#3807,1.8);
#1000=VECTOR('',#3810,1.);
#1001=VECTOR('',#3811,1.8);
#1002=VECTOR('',#3816,1.8);
#1003=VECTOR('',#3819,10.);
#1004=VECTOR('',#3820,2.00000000000004);
#1005=VECTOR('',#3823,10.);
#1006=VECTOR('',#3824,10.);
#1007=VECTOR('',#3825,10.);
#1008=VECTOR('',#3828,15.);
#1009=VECTOR('',#3829,10.);
#1010=VECTOR('',#3832,0.173205080756907);
#1011=VECTOR('',#3833,2.20000000000007);
#1012=VECTOR('',#3834,2.00000000000004);
#1013=VECTOR('',#3837,0.100000000000032);
#1014=VECTOR('',#3838,1.00000000000004);
#1015=VECTOR('',#3839,7.55857864376268);
#1016=VECTOR('',#3840,0.482842712474614);
#1017=VECTOR('',#3841,10.7171572875254);
#1018=VECTOR('',#3842,0.482842712474617);
#1019=VECTOR('',#3843,30.3171572875254);
#1020=VECTOR('',#3844,0.482842712474633);
#1021=VECTOR('',#3845,10.7171572875254);
#1022=VECTOR('',#3846,0.482842712474605);
#1023=VECTOR('',#3847,7.55857864376268);
#1024=VECTOR('',#3848,1.00000000000001);
#1025=VECTOR('',#3849,0.100000000000029);
#1026=VECTOR('',#3852,0.100000000000035);
#1027=VECTOR('',#3853,0.100000000000031);
#1028=VECTOR('',#3860,0.141421356237308);
#1029=VECTOR('',#3863,0.141421356237308);
#1030=VECTOR('',#3870,0.173205080756899);
#1031=VECTOR('',#3871,0.173205080756906);
#1032=VECTOR('',#3874,0.147362575820797);
#1033=VECTOR('',#3877,0.147362575820796);
#1034=VECTOR('',#3880,0.147362575820802);
#1035=VECTOR('',#3883,0.147362575820798);
#1036=VECTOR('',#3886,0.147362575820793);
#1037=VECTOR('',#3889,0.147362575820794);
#1038=VECTOR('',#3892,0.147362575820796);
#1039=VECTOR('',#3895,0.147362575820796);
#1040=VECTOR('',#3898,0.173205080756902);
#1041=VECTOR('',#3901,0.173205080756908);
#1042=VECTOR('',#3904,0.141421356237308);
#1043=VECTOR('',#3905,0.141421356237308);
#1044=VECTOR('',#3908,2.00000000000004);
#1045=VECTOR('',#3915,1.5);
#1046=VECTOR('',#3922,0.565685424949238);
#1047=VECTOR('',#3923,10.);
#1048=VECTOR('',#3924,10.);
#1049=VECTOR('',#3927,10.);
#1050=VECTOR('',#3928,10.);
#1051=VECTOR('',#3929,10.);
#1052=VECTOR('',#3930,9.99999999999999);
#1053=VECTOR('',#3931,10.);
#1054=VECTOR('',#3934,10.);
#1055=VECTOR('',#3935,10.);
#1056=VECTOR('',#3936,0.565685424949238);
#1057=VECTOR('',#3937,10.8);
#1058=VECTOR('',#3938,0.565685424949238);
#1059=VECTOR('',#3939,30.4);
#1060=VECTOR('',#3940,0.565685424949238);
#1061=VECTOR('',#3941,10.8);
#1062=VECTOR('',#3944,0.56568542494923);
#1063=VECTOR('',#3945,5.7);
#1064=VECTOR('',#3946,5.7);
#1065=VECTOR('',#3949,10.);
#1066=VECTOR('',#3950,10.);
#1067=VECTOR('',#3953,1.00000000000004);
#1068=VECTOR('',#3954,54.8);
#1069=VECTOR('',#3959,54.8);
#1070=VECTOR('',#3962,2.00000000000002);
#1071=VECTOR('',#3963,10.);
#1072=VECTOR('',#3966,10.);
#1073=VECTOR('',#3967,10.);
#1074=VECTOR('',#3970,15.);
#1075=VECTOR('',#3971,10.);
#1076=VECTOR('',#3974,10.);
#1077=VECTOR('',#3975,10.);
#1078=VECTOR('',#3978,2.00000000000004);
#1079=VECTOR('',#3979,54.8);
#1080=VECTOR('',#3984,54.8);
#1081=VECTOR('',#3987,10.);
#1082=VECTOR('',#3988,10.);
#1083=VECTOR('',#3991,10.);
#1084=VECTOR('',#3992,5.7);
#1085=VECTOR('',#3995,0.56568542494924);
#1086=VECTOR('',#3996,5.7);
#1087=VECTOR('',#3999,10.8);
#1088=VECTOR('',#4000,5.7);
#1089=VECTOR('',#4003,0.565685424949239);
#1090=VECTOR('',#4004,5.7);
#1091=VECTOR('',#4007,30.4);
#1092=VECTOR('',#4008,5.7);
#1093=VECTOR('',#4011,0.565685424949209);
#1094=VECTOR('',#4012,5.7);
#1095=VECTOR('',#4015,10.8);
#1096=VECTOR('',#4022,1.5);
#1097=VECTOR('',#4029,0.7849778709782);
#1098=VECTOR('',#4032,10.);
#1099=VECTOR('',#4033,10.);
#1100=VECTOR('',#4034,10.);
#1101=VECTOR('',#4035,10.);
#1102=VECTOR('',#4038,10.);
#1103=VECTOR('',#4039,10.);
#1104=VECTOR('',#4040,10.);
#1105=VECTOR('',#4041,10.);
#1106=VECTOR('',#4044,11.2);
#1107=VECTOR('',#4045,43.4);
#1108=VECTOR('',#4046,11.2);
#1109=VECTOR('',#4049,0.565685424949239);
#1110=VECTOR('',#4050,10.);
#1111=VECTOR('',#4051,10.);
#1112=VECTOR('',#4054,10.);
#1113=VECTOR('',#4055,10.);
#1114=VECTOR('',#4056,10.);
#1115=VECTOR('',#4057,9.99999999999999);
#1116=VECTOR('',#4058,10.);
#1117=VECTOR('',#4061,10.);
#1118=VECTOR('',#4062,10.);
#1119=VECTOR('',#4063,0.565685424949238);
#1120=VECTOR('',#4064,3.3);
#1121=VECTOR('',#4067,7.3);
#1122=VECTOR('',#4068,7.6);
#1123=VECTOR('',#4069,0.249999999999999);
#1124=VECTOR('',#4070,16.);
#1125=VECTOR('',#4071,0.249999999999999);
#1126=VECTOR('',#4072,7.6);
#1127=VECTOR('',#4075,7.6);
#1128=VECTOR('',#4076,43.4);
#1129=VECTOR('',#4083,10.);
#1130=VECTOR('',#4084,10.);
#1131=VECTOR('',#4085,43.4);
#1132=VECTOR('',#4088,54.8);
#1133=VECTOR('',#4089,10.);
#1134=VECTOR('',#4092,54.8);
#1135=VECTOR('',#4097,10.);
#1136=VECTOR('',#4098,10.);
#1137=VECTOR('',#4101,10.);
#1138=VECTOR('',#4102,9.99999999999999);
#1139=VECTOR('',#4105,10.);
#1140=VECTOR('',#4106,10.);
#1141=VECTOR('',#4109,10.);
#1142=VECTOR('',#4110,10.);
#1143=VECTOR('',#4113,54.8);
#1144=VECTOR('',#4114,10.);
#1145=VECTOR('',#4117,54.8);
#1146=VECTOR('',#4122,10.);
#1147=VECTOR('',#4123,10.);
#1148=VECTOR('',#4126,43.4);
#1149=VECTOR('',#4127,10.);
#1150=VECTOR('',#4130,7.6);
#1151=VECTOR('',#4131,0.249999999999999);
#1152=VECTOR('',#4132,16.);
#1153=VECTOR('',#4133,0.249999999999999);
#1154=VECTOR('',#4134,7.3);
#1155=VECTOR('',#4137,3.3);
#1156=VECTOR('',#4138,0.565685424949238);
#1157=VECTOR('',#4139,0.565685424949238);
#1158=VECTOR('',#4142,43.4);
#1159=VECTOR('',#4147,43.4);
#1160=VECTOR('',#4150,43.4);
#1161=VECTOR('',#4155,43.4);
#1162=VECTOR('',#4158,43.4);
#1163=VECTOR('',#4161,43.4);
#1164=VECTOR('',#4172,1.2295);
#1165=VECTOR('',#4177,1.2295);
#1166=VECTOR('',#4182,1.2295);
#1167=VECTOR('',#4187,1.2295);
#1168=VECTOR('',#4190,0.61475);
#1169=VECTOR('',#4193,0.61475);
#1170=VECTOR('',#4196,0.61475);
#1171=VECTOR('',#4199,0.61475);
#1172=VECTOR('',#4202,10.);
#1173=VECTOR('',#4203,2.00000000000004);
#1174=VECTOR('',#4206,1.);
#1175=VECTOR('',#4207,10.);
#1176=VECTOR('',#4208,0.565685424949239);
#1177=VECTOR('',#4209,10.8);
#1178=VECTOR('',#4210,0.565685424949239);
#1179=VECTOR('',#4211,30.4);
#1180=VECTOR('',#4212,0.565685424949209);
#1181=VECTOR('',#4213,10.8);
#1182=VECTOR('',#4214,0.565685424949232);
#1183=VECTOR('',#4215,10.);
#1184=VECTOR('',#4216,1.00000000000004);
#1185=VECTOR('',#4219,2.00000000000002);
#1186=VECTOR('',#4220,10.);
#1187=VECTOR('',#4221,15.);
#1188=VECTOR('',#4226,10.);
#1189=VECTOR('',#4227,9.99999999999999);
#1190=VECTOR('',#4228,10.);
#1191=VECTOR('',#4231,10.);
#1192=VECTOR('',#4232,10.);
#1193=VECTOR('',#4235,10.);
#1194=VECTOR('',#4236,10.);
#1195=VECTOR('',#4239,10.);
#1196=VECTOR('',#4240,10.);
#1197=VECTOR('',#4241,10.);
#1198=VECTOR('',#4244,10.);
#1199=VECTOR('',#4245,10.);
#1200=VECTOR('',#4246,0.565685424949238);
#1201=VECTOR('',#4247,10.8);
#1202=VECTOR('',#4248,0.565685424949238);
#1203=VECTOR('',#4249,30.4);
#1204=VECTOR('',#4250,0.565685424949238);
#1205=VECTOR('',#4251,10.8);
#1206=VECTOR('',#4252,0.565685424949238);
#1207=VECTOR('',#4255,54.8);
#1208=VECTOR('',#4258,54.8);
#1209=VECTOR('',#4259,10.);
#1210=VECTOR('',#4262,54.8);
#1211=VECTOR('',#4265,10.);
#1212=VECTOR('',#4268,54.8);
#1213=VECTOR('',#4271,10.);
#1214=VECTOR('',#4274,5.7);
#1215=VECTOR('',#4277,5.7);
#1216=VECTOR('',#4280,5.7);
#1217=VECTOR('',#4283,5.7);
#1218=VECTOR('',#4286,5.7);
#1219=VECTOR('',#4289,5.7);
#1220=VECTOR('',#4292,5.7);
#1221=VECTOR('',#4295,5.7);
#1222=VECTOR('',#4304,1.5);
#1223=VECTOR('',#4307,0.7849778709782);
#1224=VECTOR('',#4310,10.);
#1225=VECTOR('',#4311,15.);
#1226=VECTOR('',#4312,2.00000000000004);
#1227=VECTOR('',#4315,10.);
#1228=VECTOR('',#4316,10.);
#1229=VECTOR('',#4317,10.);
#1230=VECTOR('',#4318,10.);
#1231=VECTOR('',#4319,10.);
#1232=VECTOR('',#4322,2.00000000000004);
#1233=VECTOR('',#4323,10.);
#1234=VECTOR('',#4326,15.);
#1235=VECTOR('',#4329,2.00000000000004);
#1236=VECTOR('',#4330,1.8);
#1237=VECTOR('',#4331,10.);
#1238=VECTOR('',#4336,10.);
#1239=VECTOR('',#4337,10.);
#1240=VECTOR('',#4338,10.);
#1241=VECTOR('',#4341,10.);
#1242=VECTOR('',#4342,10.);
#1243=VECTOR('',#4343,10.);
#1244=VECTOR('',#4344,10.);
#1245=VECTOR('',#4345,10.);
#1246=VECTOR('',#4346,10.);
#1247=VECTOR('',#4347,10.);
#1248=VECTOR('',#4348,10.);
#1249=VECTOR('',#4349,10.);
#1250=VECTOR('',#4350,10.);
#1251=VECTOR('',#4351,10.);
#1252=VECTOR('',#4356,10.);
#1253=VECTOR('',#4357,15.);
#1254=VECTOR('',#4360,0.17320508075691);
#1255=VECTOR('',#4361,2.20000000000007);
#1256=VECTOR('',#4362,0.173205080756907);
#1257=VECTOR('',#4365,15.);
#1258=VECTOR('',#4366,0.173205080756903);
#1259=VECTOR('',#4367,15.2000000000001);
#1260=VECTOR('',#4372,1.8);
#1261=VECTOR('',#4375,2.25);
#1262=VECTOR('',#4382,1.8);
#1263=VECTOR('',#4383,1.8);
#1264=VECTOR('',#4386,10.);
#1265=VECTOR('',#4387,2.00000000000002);
#1266=VECTOR('',#4390,10.);
#1267=VECTOR('',#4391,10.);
#1268=VECTOR('',#4392,10.);
#1269=VECTOR('',#4395,1.);
#1270=VECTOR('',#4396,1.8);
#1271=VECTOR('',#4399,7.7);
#1272=VECTOR('',#4400,1.8);
#1273=VECTOR('',#4403,0.565685424949239);
#1274=VECTOR('',#4404,10.);
#1275=VECTOR('',#4407,10.8);
#1276=VECTOR('',#4408,10.);
#1277=VECTOR('',#4411,0.565685424949238);
#1278=VECTOR('',#4412,10.);
#1279=VECTOR('',#4415,30.4);
#1280=VECTOR('',#4416,10.);
#1281=VECTOR('',#4419,0.565685424949209);
#1282=VECTOR('',#4420,10.);
#1283=VECTOR('',#4423,10.8);
#1284=VECTOR('',#4424,10.);
#1285=VECTOR('',#4427,0.56568542494923);
#1286=VECTOR('',#4428,1.8);
#1287=VECTOR('',#4431,7.70000000000001);
#1288=VECTOR('',#4432,1.8);
#1289=VECTOR('',#4435,1.00000000000004);
#1290=VECTOR('',#4438,7.55857864376268);
#1291=VECTOR('',#4439,0.482842712474605);
#1292=VECTOR('',#4440,10.7171572875254);
#1293=VECTOR('',#4441,0.482842712474633);
#1294=VECTOR('',#4442,30.3171572875254);
#1295=VECTOR('',#4443,0.482842712474617);
#1296=VECTOR('',#4444,10.7171572875254);
#1297=VECTOR('',#4445,0.482842712474614);
#1298=VECTOR('',#4446,7.55857864376268);
#1299=VECTOR('',#4447,1.00000000000004);
#1300=VECTOR('',#4448,0.100000000000032);
#1301=VECTOR('',#4451,0.100000000000031);
#1302=VECTOR('',#4452,2.20000000000006);
#1303=VECTOR('',#4453,0.100000000000035);
#1304=VECTOR('',#4456,0.100000000000029);
#1305=VECTOR('',#4457,1.00000000000001);
#1306=VECTOR('',#4462,0.141421356237308);
#1307=VECTOR('',#4465,15.);
#1308=VECTOR('',#4466,10.);
#1309=VECTOR('',#4469,0.173205080756909);
#1310=VECTOR('',#4470,2.00000000000002);
#1311=VECTOR('',#4473,0.141421356237308);
#1312=VECTOR('',#4480,0.141421356237308);
#1313=VECTOR('',#4481,0.141421356237308);
#1314=VECTOR('',#4484,2.00000000000002);
#1315=VECTOR('',#4489,0.173205080756902);
#1316=VECTOR('',#4490,0.173205080756908);
#1317=VECTOR('',#4493,0.147362575820796);
#1318=VECTOR('',#4496,0.147362575820796);
#1319=VECTOR('',#4499,0.147362575820794);
#1320=VECTOR('',#4502,0.147362575820793);
#1321=VECTOR('',#4505,0.147362575820798);
#1322=VECTOR('',#4508,0.147362575820802);
#1323=VECTOR('',#4511,0.147362575820796);
#1324=VECTOR('',#4514,0.147362575820797);
#1325=VECTOR('',#4517,0.173205080756899);
#1326=VECTOR('',#4520,0.173205080756906);
#1327=VECTOR('',#4529,1.5);
#1328=VECTOR('',#4534,1.15467673918374);
#1329=VECTOR('',#4535,1.4);
#1330=VECTOR('',#4536,1.15467673918374);
#1331=VECTOR('',#4537,1.4);
#1332=VECTOR('',#4540,1.15467673918295);
#1333=VECTOR('',#4541,1.4);
#1334=VECTOR('',#4542,1.15467673918295);
#1335=VECTOR('',#4545,1.15467673918329);
#1336=VECTOR('',#4546,1.4);
#1337=VECTOR('',#4547,1.15467673918329);
#1338=VECTOR('',#4550,1.15467673918272);
#1339=VECTOR('',#4551,1.4);
#1340=VECTOR('',#4552,1.15467673918272);
#1341=VECTOR('',#4555,1.15467673918351);
#1342=VECTOR('',#4556,1.4);
#1343=VECTOR('',#4557,1.15467673918351);
#1344=VECTOR('',#4560,1.15467673918329);
#1345=VECTOR('',#4561,1.15467673918329);
#1346=VECTOR('',#4574,2.1);
#1347=VECTOR('',#4583,1.5);
#1348=VERTEX_POINT('',#4597);
#1349=VERTEX_POINT('',#4598);
#1350=VERTEX_POINT('',#4600);
#1351=VERTEX_POINT('',#4604);
#1352=VERTEX_POINT('',#4606);
#1353=VERTEX_POINT('',#4608);
#1354=VERTEX_POINT('',#4610);
#1355=VERTEX_POINT('',#4614);
#1356=VERTEX_POINT('',#4620);
#1357=VERTEX_POINT('',#4622);
#1358=VERTEX_POINT('',#4626);
#1359=VERTEX_POINT('',#4628);
#1360=VERTEX_POINT('',#4630);
#1361=VERTEX_POINT('',#4632);
#1362=VERTEX_POINT('',#4634);
#1363=VERTEX_POINT('',#4636);
#1364=VERTEX_POINT('',#4638);
#1365=VERTEX_POINT('',#4640);
#1366=VERTEX_POINT('',#4642);
#1367=VERTEX_POINT('',#4644);
#1368=VERTEX_POINT('',#4646);
#1369=VERTEX_POINT('',#4648);
#1370=VERTEX_POINT('',#4650);
#1371=VERTEX_POINT('',#4652);
#1372=VERTEX_POINT('',#4654);
#1373=VERTEX_POINT('',#4657);
#1374=VERTEX_POINT('',#4660);
#1375=VERTEX_POINT('',#4664);
#1376=VERTEX_POINT('',#4666);
#1377=VERTEX_POINT('',#4668);
#1378=VERTEX_POINT('',#4672);
#1379=VERTEX_POINT('',#4676);
#1380=VERTEX_POINT('',#4680);
#1381=VERTEX_POINT('',#4684);
#1382=VERTEX_POINT('',#4688);
#1383=VERTEX_POINT('',#4692);
#1384=VERTEX_POINT('',#4696);
#1385=VERTEX_POINT('',#4700);
#1386=VERTEX_POINT('',#4704);
#1387=VERTEX_POINT('',#4708);
#1388=VERTEX_POINT('',#4712);
#1389=VERTEX_POINT('',#4716);
#1390=VERTEX_POINT('',#4720);
#1391=VERTEX_POINT('',#4724);
#1392=VERTEX_POINT('',#4728);
#1393=VERTEX_POINT('',#4732);
#1394=VERTEX_POINT('',#4736);
#1395=VERTEX_POINT('',#4737);
#1396=VERTEX_POINT('',#4742);
#1397=VERTEX_POINT('',#4746);
#1398=VERTEX_POINT('',#4751);
#1399=VERTEX_POINT('',#4752);
#1400=VERTEX_POINT('',#4754);
#1401=VERTEX_POINT('',#4756);
#1402=VERTEX_POINT('',#4758);
#1403=VERTEX_POINT('',#4760);
#1404=VERTEX_POINT('',#4762);
#1405=VERTEX_POINT('',#4764);
#1406=VERTEX_POINT('',#4766);
#1407=VERTEX_POINT('',#4768);
#1408=VERTEX_POINT('',#4770);
#1409=VERTEX_POINT('',#4772);
#1410=VERTEX_POINT('',#4774);
#1411=VERTEX_POINT('',#4776);
#1412=VERTEX_POINT('',#4778);
#1413=VERTEX_POINT('',#4781);
#1414=VERTEX_POINT('',#4784);
#1415=VERTEX_POINT('',#4791);
#1416=VERTEX_POINT('',#4828);
#1417=VERTEX_POINT('',#4829);
#1418=VERTEX_POINT('',#4831);
#1419=VERTEX_POINT('',#4833);
#1420=VERTEX_POINT('',#4835);
#1421=VERTEX_POINT('',#4837);
#1422=VERTEX_POINT('',#4839);
#1423=VERTEX_POINT('',#4841);
#1424=VERTEX_POINT('',#4843);
#1425=VERTEX_POINT('',#4845);
#1426=VERTEX_POINT('',#4847);
#1427=VERTEX_POINT('',#4849);
#1428=VERTEX_POINT('',#4851);
#1429=VERTEX_POINT('',#4853);
#1430=VERTEX_POINT('',#4855);
#1431=VERTEX_POINT('',#4857);
#1432=VERTEX_POINT('',#4859);
#1433=VERTEX_POINT('',#4861);
#1434=VERTEX_POINT('',#4865);
#1435=VERTEX_POINT('',#4866);
#1436=VERTEX_POINT('',#4871);
#1437=VERTEX_POINT('',#4875);
#1438=VERTEX_POINT('',#4879);
#1439=VERTEX_POINT('',#4883);
#1440=VERTEX_POINT('',#4887);
#1441=VERTEX_POINT('',#4891);
#1442=VERTEX_POINT('',#4895);
#1443=VERTEX_POINT('',#4899);
#1444=VERTEX_POINT('',#4903);
#1445=VERTEX_POINT('',#4907);
#1446=VERTEX_POINT('',#4911);
#1447=VERTEX_POINT('',#4915);
#1448=VERTEX_POINT('',#4919);
#1449=VERTEX_POINT('',#4923);
#1450=VERTEX_POINT('',#4927);
#1451=VERTEX_POINT('',#4931);
#1452=VERTEX_POINT('',#4937);
#1453=VERTEX_POINT('',#4940);
#1454=VERTEX_POINT('',#4942);
#1455=VERTEX_POINT('',#4946);
#1456=VERTEX_POINT('',#4949);
#1457=VERTEX_POINT('',#4950);
#1458=VERTEX_POINT('',#4952);
#1459=VERTEX_POINT('',#4954);
#1460=VERTEX_POINT('',#4958);
#1461=VERTEX_POINT('',#4959);
#1462=VERTEX_POINT('',#4961);
#1463=VERTEX_POINT('',#4963);
#1464=VERTEX_POINT('',#4967);
#1465=VERTEX_POINT('',#4969);
#1466=VERTEX_POINT('',#4973);
#1467=VERTEX_POINT('',#4975);
#1468=VERTEX_POINT('',#4977);
#1469=VERTEX_POINT('',#4979);
#1470=VERTEX_POINT('',#4981);
#1471=VERTEX_POINT('',#4983);
#1472=VERTEX_POINT('',#4985);
#1473=VERTEX_POINT('',#4987);
#1474=VERTEX_POINT('',#4989);
#1475=VERTEX_POINT('',#4991);
#1476=VERTEX_POINT('',#4993);
#1477=VERTEX_POINT('',#4995);
#1478=VERTEX_POINT('',#4997);
#1479=VERTEX_POINT('',#4999);
#1480=VERTEX_POINT('',#5001);
#1481=VERTEX_POINT('',#5004);
#1482=VERTEX_POINT('',#5006);
#1483=VERTEX_POINT('',#5008);
#1484=VERTEX_POINT('',#5010);
#1485=VERTEX_POINT('',#5014);
#1486=VERTEX_POINT('',#5017);
#1487=VERTEX_POINT('',#5019);
#1488=VERTEX_POINT('',#5022);
#1489=VERTEX_POINT('',#5024);
#1490=VERTEX_POINT('',#5028);
#1491=VERTEX_POINT('',#5032);
#1492=VERTEX_POINT('',#5036);
#1493=VERTEX_POINT('',#5040);
#1494=VERTEX_POINT('',#5044);
#1495=VERTEX_POINT('',#5048);
#1496=VERTEX_POINT('',#5052);
#1497=VERTEX_POINT('',#5056);
#1498=VERTEX_POINT('',#5060);
#1499=VERTEX_POINT('',#5064);
#1500=VERTEX_POINT('',#5068);
#1501=VERTEX_POINT('',#5070);
#1502=VERTEX_POINT('',#5072);
#1503=VERTEX_POINT('',#5075);
#1504=VERTEX_POINT('',#5077);
#1505=VERTEX_POINT('',#5079);
#1506=VERTEX_POINT('',#5098);
#1507=VERTEX_POINT('',#5100);
#1508=VERTEX_POINT('',#5103);
#1509=VERTEX_POINT('',#5107);
#1510=VERTEX_POINT('',#5111);
#1511=VERTEX_POINT('',#5115);
#1512=VERTEX_POINT('',#5119);
#1513=VERTEX_POINT('',#5122);
#1514=VERTEX_POINT('',#5125);
#1515=VERTEX_POINT('',#5128);
#1516=VERTEX_POINT('',#5131);
#1517=VERTEX_POINT('',#5132);
#1518=VERTEX_POINT('',#5134);
#1519=VERTEX_POINT('',#5136);
#1520=VERTEX_POINT('',#5138);
#1521=VERTEX_POINT('',#5140);
#1522=VERTEX_POINT('',#5142);
#1523=VERTEX_POINT('',#5144);
#1524=VERTEX_POINT('',#5146);
#1525=VERTEX_POINT('',#5148);
#1526=VERTEX_POINT('',#5150);
#1527=VERTEX_POINT('',#5152);
#1528=VERTEX_POINT('',#5154);
#1529=VERTEX_POINT('',#5156);
#1530=VERTEX_POINT('',#5158);
#1531=VERTEX_POINT('',#5160);
#1532=VERTEX_POINT('',#5162);
#1533=VERTEX_POINT('',#5164);
#1534=VERTEX_POINT('',#5167);
#1535=VERTEX_POINT('',#5170);
#1536=VERTEX_POINT('',#5172);
#1537=VERTEX_POINT('',#5176);
#1538=VERTEX_POINT('',#5180);
#1539=VERTEX_POINT('',#5181);
#1540=VERTEX_POINT('',#5183);
#1541=VERTEX_POINT('',#5185);
#1542=VERTEX_POINT('',#5188);
#1543=VERTEX_POINT('',#5190);
#1544=VERTEX_POINT('',#5192);
#1545=VERTEX_POINT('',#5194);
#1546=VERTEX_POINT('',#5196);
#1547=VERTEX_POINT('',#5198);
#1548=VERTEX_POINT('',#5200);
#1549=VERTEX_POINT('',#5202);
#1550=VERTEX_POINT('',#5204);
#1551=VERTEX_POINT('',#5206);
#1552=VERTEX_POINT('',#5208);
#1553=VERTEX_POINT('',#5243);
#1554=VERTEX_POINT('',#5247);
#1555=VERTEX_POINT('',#5250);
#1556=VERTEX_POINT('',#5251);
#1557=VERTEX_POINT('',#5253);
#1558=VERTEX_POINT('',#5257);
#1559=VERTEX_POINT('',#5259);
#1560=VERTEX_POINT('',#5261);
#1561=VERTEX_POINT('',#5263);
#1562=VERTEX_POINT('',#5267);
#1563=VERTEX_POINT('',#5273);
#1564=VERTEX_POINT('',#5275);
#1565=VERTEX_POINT('',#5279);
#1566=VERTEX_POINT('',#5280);
#1567=VERTEX_POINT('',#5282);
#1568=VERTEX_POINT('',#5284);
#1569=VERTEX_POINT('',#5287);
#1570=VERTEX_POINT('',#5289);
#1571=VERTEX_POINT('',#5291);
#1572=VERTEX_POINT('',#5293);
#1573=VERTEX_POINT('',#5295);
#1574=VERTEX_POINT('',#5297);
#1575=VERTEX_POINT('',#5299);
#1576=VERTEX_POINT('',#5301);
#1577=VERTEX_POINT('',#5303);
#1578=VERTEX_POINT('',#5305);
#1579=VERTEX_POINT('',#5307);
#1580=VERTEX_POINT('',#5310);
#1581=VERTEX_POINT('',#5313);
#1582=VERTEX_POINT('',#5317);
#1583=VERTEX_POINT('',#5319);
#1584=VERTEX_POINT('',#5323);
#1585=VERTEX_POINT('',#5325);
#1586=VERTEX_POINT('',#5329);
#1587=VERTEX_POINT('',#5333);
#1588=VERTEX_POINT('',#5337);
#1589=VERTEX_POINT('',#5338);
#1590=VERTEX_POINT('',#5343);
#1591=VERTEX_POINT('',#5347);
#1592=VERTEX_POINT('',#5348);
#1593=VERTEX_POINT('',#5353);
#1594=VERTEX_POINT('',#5357);
#1595=VERTEX_POINT('',#5361);
#1596=VERTEX_POINT('',#5365);
#1597=VERTEX_POINT('',#5369);
#1598=VERTEX_POINT('',#5373);
#1599=VERTEX_POINT('',#5377);
#1600=VERTEX_POINT('',#5381);
#1601=VERTEX_POINT('',#5385);
#1602=VERTEX_POINT('',#5389);
#1603=VERTEX_POINT('',#5395);
#1604=VERTEX_POINT('',#5396);
#1605=VERTEX_POINT('',#5398);
#1606=VERTEX_POINT('',#5400);
#1607=VERTEX_POINT('',#5402);
#1608=VERTEX_POINT('',#5404);
#1609=VERTEX_POINT('',#5406);
#1610=VERTEX_POINT('',#5408);
#1611=VERTEX_POINT('',#5410);
#1612=VERTEX_POINT('',#5412);
#1613=VERTEX_POINT('',#5414);
#1614=VERTEX_POINT('',#5416);
#1615=VERTEX_POINT('',#5418);
#1616=VERTEX_POINT('',#5421);
#1617=VERTEX_POINT('',#5423);
#1618=VERTEX_POINT('',#5425);
#1619=VERTEX_POINT('',#5427);
#1620=VERTEX_POINT('',#5430);
#1621=VERTEX_POINT('',#5435);
#1622=VERTEX_POINT('',#5444);
#1623=VERTEX_POINT('',#5482);
#1624=VERTEX_POINT('',#5483);
#1625=VERTEX_POINT('',#5485);
#1626=VERTEX_POINT('',#5487);
#1627=VERTEX_POINT('',#5491);
#1628=VERTEX_POINT('',#5493);
#1629=VERTEX_POINT('',#5497);
#1630=VERTEX_POINT('',#5499);
#1631=VERTEX_POINT('',#5503);
#1632=VERTEX_POINT('',#5505);
#1633=VERTEX_POINT('',#5509);
#1634=VERTEX_POINT('',#5511);
#1635=VERTEX_POINT('',#5545);
#1636=VERTEX_POINT('',#5547);
#1637=VERTEX_POINT('',#5551);
#1638=VERTEX_POINT('',#5555);
#1639=VERTEX_POINT('',#5558);
#1640=EDGE_CURVE('',#1348,#1349,#536,.T.);
#1641=EDGE_CURVE('',#1350,#1349,#537,.T.);
#1642=EDGE_CURVE('',#1348,#1350,#538,.T.);
#1643=EDGE_CURVE('',#1348,#1351,#539,.T.);
#1644=EDGE_CURVE('',#1352,#1351,#540,.T.);
#1645=EDGE_CURVE('',#1353,#1352,#541,.T.);
#1646=EDGE_CURVE('',#1354,#1353,#542,.T.);
#1647=EDGE_CURVE('',#1349,#1354,#543,.T.);
#1648=EDGE_CURVE('',#1354,#1355,#544,.T.);
#1649=EDGE_CURVE('',#1350,#1355,#545,.T.);
#1650=EDGE_CURVE('',#1355,#1351,#546,.T.);
#1651=EDGE_CURVE('',#1351,#1356,#547,.T.);
#1652=EDGE_CURVE('',#1357,#1356,#548,.T.);
#1653=EDGE_CURVE('',#1352,#1357,#549,.T.);
#1654=EDGE_CURVE('',#1357,#1358,#91,.T.);
#1655=EDGE_CURVE('',#1358,#1359,#550,.T.);
#1656=EDGE_CURVE('',#1359,#1360,#551,.T.);
#1657=EDGE_CURVE('',#1360,#1361,#552,.T.);
#1658=EDGE_CURVE('',#1361,#1362,#553,.T.);
#1659=EDGE_CURVE('',#1362,#1363,#554,.T.);
#1660=EDGE_CURVE('',#1363,#1364,#555,.T.);
#1661=EDGE_CURVE('',#1364,#1365,#556,.T.);
#1662=EDGE_CURVE('',#1365,#1366,#557,.T.);
#1663=EDGE_CURVE('',#1366,#1367,#558,.T.);
#1664=EDGE_CURVE('',#1367,#1368,#559,.T.);
#1665=EDGE_CURVE('',#1368,#1369,#560,.T.);
#1666=EDGE_CURVE('',#1369,#1370,#92,.T.);
#1667=EDGE_CURVE('',#1370,#1371,#561,.T.);
#1668=EDGE_CURVE('',#1371,#1372,#562,.T.);
#1669=EDGE_CURVE('',#1372,#1353,#563,.T.);
#1670=EDGE_CURVE('',#1373,#1373,#93,.T.);
#1671=EDGE_CURVE('',#1372,#1374,#564,.T.);
#1672=EDGE_CURVE('',#1374,#1354,#565,.T.);
#1673=EDGE_CURVE('',#1375,#1374,#566,.T.);
#1674=EDGE_CURVE('',#1375,#1376,#567,.T.);
#1675=EDGE_CURVE('',#1376,#1377,#568,.T.);
#1676=EDGE_CURVE('',#1355,#1377,#569,.T.);
#1677=EDGE_CURVE('',#1377,#1378,#570,.T.);
#1678=EDGE_CURVE('',#1356,#1378,#571,.T.);
#1679=EDGE_CURVE('',#1356,#1379,#94,.T.);
#1680=EDGE_CURVE('',#1379,#1358,#572,.T.);
#1681=EDGE_CURVE('',#1373,#1380,#573,.T.);
#1682=EDGE_CURVE('',#1380,#1380,#95,.T.);
#1683=EDGE_CURVE('',#1379,#1381,#574,.T.);
#1684=EDGE_CURVE('',#1381,#1359,#575,.T.);
#1685=EDGE_CURVE('',#1381,#1382,#576,.T.);
#1686=EDGE_CURVE('',#1360,#1382,#577,.T.);
#1687=EDGE_CURVE('',#1382,#1383,#578,.T.);
#1688=EDGE_CURVE('',#1383,#1361,#579,.T.);
#1689=EDGE_CURVE('',#1383,#1384,#580,.T.);
#1690=EDGE_CURVE('',#1362,#1384,#581,.T.);
#1691=EDGE_CURVE('',#1384,#1385,#582,.T.);
#1692=EDGE_CURVE('',#1385,#1363,#583,.T.);
#1693=EDGE_CURVE('',#1385,#1386,#584,.T.);
#1694=EDGE_CURVE('',#1364,#1386,#585,.T.);
#1695=EDGE_CURVE('',#1386,#1387,#586,.T.);
#1696=EDGE_CURVE('',#1387,#1365,#587,.T.);
#1697=EDGE_CURVE('',#1387,#1388,#588,.T.);
#1698=EDGE_CURVE('',#1366,#1388,#589,.T.);
#1699=EDGE_CURVE('',#1388,#1389,#590,.T.);
#1700=EDGE_CURVE('',#1389,#1367,#591,.T.);
#1701=EDGE_CURVE('',#1389,#1390,#592,.T.);
#1702=EDGE_CURVE('',#1368,#1390,#593,.T.);
#1703=EDGE_CURVE('',#1390,#1391,#594,.T.);
#1704=EDGE_CURVE('',#1369,#1391,#595,.T.);
#1705=EDGE_CURVE('',#1391,#1392,#96,.T.);
#1706=EDGE_CURVE('',#1392,#1370,#596,.T.);
#1707=EDGE_CURVE('',#1393,#1371,#597,.T.);
#1708=EDGE_CURVE('',#1392,#1393,#598,.T.);
#1709=EDGE_CURVE('',#1394,#1395,#599,.T.);
#1710=EDGE_CURVE('',#1394,#1374,#600,.T.);
#1711=EDGE_CURVE('',#1395,#1393,#601,.T.);
#1712=EDGE_CURVE('',#1394,#1396,#602,.T.);
#1713=EDGE_CURVE('',#1396,#1375,#603,.T.);
#1714=EDGE_CURVE('',#1392,#1397,#604,.T.);
#1715=EDGE_CURVE('',#1397,#1376,#605,.T.);
#1716=EDGE_CURVE('',#1393,#1375,#606,.T.);
#1717=EDGE_CURVE('',#1398,#1399,#607,.T.);
#1718=EDGE_CURVE('',#1400,#1399,#608,.T.);
#1719=EDGE_CURVE('',#1401,#1400,#609,.T.);
#1720=EDGE_CURVE('',#1402,#1401,#610,.T.);
#1721=EDGE_CURVE('',#1403,#1402,#611,.T.);
#1722=EDGE_CURVE('',#1404,#1403,#612,.T.);
#1723=EDGE_CURVE('',#1405,#1404,#613,.T.);
#1724=EDGE_CURVE('',#1406,#1405,#614,.T.);
#1725=EDGE_CURVE('',#1407,#1406,#615,.T.);
#1726=EDGE_CURVE('',#1408,#1407,#616,.T.);
#1727=EDGE_CURVE('',#1409,#1408,#617,.T.);
#1728=EDGE_CURVE('',#1410,#1409,#618,.T.);
#1729=EDGE_CURVE('',#1411,#1410,#619,.T.);
#1730=EDGE_CURVE('',#1412,#1411,#97,.T.);
#1731=EDGE_CURVE('',#1412,#1378,#620,.T.);
#1732=EDGE_CURVE('',#1413,#1397,#621,.T.);
#1733=EDGE_CURVE('',#1398,#1413,#98,.T.);
#1734=EDGE_CURVE('',#1414,#1414,#99,.T.);
#1735=EDGE_CURVE('',#1412,#1356,#622,.T.);
#1736=EDGE_CURVE('',#1411,#1379,#623,.T.);
#1737=EDGE_CURVE('',#1415,#1415,#100,.T.);
#1738=EDGE_CURVE('',#1381,#1409,#624,.T.);
#1739=EDGE_CURVE('',#1379,#1410,#625,.T.);
#1740=EDGE_CURVE('',#1382,#1408,#626,.T.);
#1741=EDGE_CURVE('',#1383,#1407,#627,.T.);
#1742=EDGE_CURVE('',#1384,#1406,#628,.T.);
#1743=EDGE_CURVE('',#1405,#1385,#629,.T.);
#1744=EDGE_CURVE('',#1386,#1404,#630,.T.);
#1745=EDGE_CURVE('',#1387,#1403,#631,.T.);
#1746=EDGE_CURVE('',#1388,#1402,#632,.T.);
#1747=EDGE_CURVE('',#1389,#1401,#633,.T.);
#1748=EDGE_CURVE('',#1390,#1400,#634,.T.);
#1749=EDGE_CURVE('',#1391,#1399,#635,.T.);
#1750=EDGE_CURVE('',#1398,#1391,#636,.T.);
#1751=EDGE_CURVE('',#1413,#1392,#637,.T.);
#1752=EDGE_CURVE('',#1396,#1395,#638,.T.);
#1753=EDGE_CURVE('',#1415,#1414,#639,.T.);
#1754=EDGE_CURVE('',#1416,#1417,#640,.T.);
#1755=EDGE_CURVE('',#1417,#1418,#641,.T.);
#1756=EDGE_CURVE('',#1418,#1419,#642,.T.);
#1757=EDGE_CURVE('',#1419,#1420,#101,.T.);
#1758=EDGE_CURVE('',#1420,#1421,#643,.T.);
#1759=EDGE_CURVE('',#1421,#1422,#644,.T.);
#1760=EDGE_CURVE('',#1422,#1423,#645,.T.);
#1761=EDGE_CURVE('',#1423,#1424,#646,.T.);
#1762=EDGE_CURVE('',#1424,#1425,#647,.T.);
#1763=EDGE_CURVE('',#1425,#1426,#102,.T.);
#1764=EDGE_CURVE('',#1426,#1427,#648,.T.);
#1765=EDGE_CURVE('',#1427,#1428,#649,.T.);
#1766=EDGE_CURVE('',#1428,#1429,#650,.T.);
#1767=EDGE_CURVE('',#1430,#1429,#651,.T.);
#1768=EDGE_CURVE('',#1430,#1431,#652,.T.);
#1769=EDGE_CURVE('',#1432,#1431,#653,.T.);
#1770=EDGE_CURVE('',#1432,#1433,#654,.T.);
#1771=EDGE_CURVE('',#1416,#1433,#655,.T.);
#1772=EDGE_CURVE('',#1434,#1435,#656,.T.);
#1773=EDGE_CURVE('',#1435,#1417,#657,.T.);
#1774=EDGE_CURVE('',#1416,#1434,#658,.T.);
#1775=EDGE_CURVE('',#1435,#1436,#659,.T.);
#1776=EDGE_CURVE('',#1436,#1418,#660,.T.);
#1777=EDGE_CURVE('',#1436,#1437,#661,.T.);
#1778=EDGE_CURVE('',#1419,#1437,#662,.T.);
#1779=EDGE_CURVE('',#1437,#1438,#103,.T.);
#1780=EDGE_CURVE('',#1438,#1420,#663,.T.);
#1781=EDGE_CURVE('',#1438,#1439,#664,.T.);
#1782=EDGE_CURVE('',#1439,#1421,#665,.T.);
#1783=EDGE_CURVE('',#1439,#1440,#666,.T.);
#1784=EDGE_CURVE('',#1422,#1440,#667,.T.);
#1785=EDGE_CURVE('',#1440,#1441,#668,.T.);
#1786=EDGE_CURVE('',#1441,#1423,#669,.T.);
#1787=EDGE_CURVE('',#1441,#1442,#670,.T.);
#1788=EDGE_CURVE('',#1424,#1442,#671,.T.);
#1789=EDGE_CURVE('',#1442,#1443,#672,.T.);
#1790=EDGE_CURVE('',#1425,#1443,#673,.T.);
#1791=EDGE_CURVE('',#1443,#1444,#104,.T.);
#1792=EDGE_CURVE('',#1444,#1426,#674,.T.);
#1793=EDGE_CURVE('',#1444,#1445,#675,.T.);
#1794=EDGE_CURVE('',#1427,#1445,#676,.T.);
#1795=EDGE_CURVE('',#1445,#1446,#677,.T.);
#1796=EDGE_CURVE('',#1428,#1446,#678,.T.);
#1797=EDGE_CURVE('',#1446,#1447,#679,.T.);
#1798=EDGE_CURVE('',#1447,#1429,#680,.T.);
#1799=EDGE_CURVE('',#1447,#1448,#681,.T.);
#1800=EDGE_CURVE('',#1430,#1448,#682,.T.);
#1801=EDGE_CURVE('',#1448,#1449,#683,.T.);
#1802=EDGE_CURVE('',#1449,#1431,#684,.T.);
#1803=EDGE_CURVE('',#1449,#1450,#685,.T.);
#1804=EDGE_CURVE('',#1432,#1450,#686,.T.);
#1805=EDGE_CURVE('',#1450,#1451,#687,.T.);
#1806=EDGE_CURVE('',#1451,#1433,#688,.T.);
#1807=EDGE_CURVE('',#1451,#1434,#689,.T.);
#1808=EDGE_CURVE('',#1452,#1452,#105,.T.);
#1809=EDGE_CURVE('',#1452,#1453,#690,.T.);
#1810=EDGE_CURVE('',#1453,#1454,#106,.T.);
#1811=EDGE_CURVE('',#1454,#1453,#107,.T.);
#1812=EDGE_CURVE('',#1455,#1454,#691,.T.);
#1813=EDGE_CURVE('',#1456,#1457,#692,.T.);
#1814=EDGE_CURVE('',#1458,#1456,#693,.T.);
#1815=EDGE_CURVE('',#1459,#1458,#694,.T.);
#1816=EDGE_CURVE('',#1457,#1459,#695,.T.);
#1817=EDGE_CURVE('',#1460,#1461,#696,.T.);
#1818=EDGE_CURVE('',#1462,#1460,#697,.T.);
#1819=EDGE_CURVE('',#1463,#1462,#698,.T.);
#1820=EDGE_CURVE('',#1461,#1463,#699,.T.);
#1821=EDGE_CURVE('',#1464,#1456,#700,.T.);
#1822=EDGE_CURVE('',#1465,#1464,#701,.T.);
#1823=EDGE_CURVE('',#1465,#1458,#702,.T.);
#1824=EDGE_CURVE('',#1465,#1466,#703,.T.);
#1825=EDGE_CURVE('',#1467,#1466,#704,.T.);
#1826=EDGE_CURVE('',#1468,#1467,#705,.T.);
#1827=EDGE_CURVE('',#1469,#1468,#108,.T.);
#1828=EDGE_CURVE('',#1470,#1469,#706,.T.);
#1829=EDGE_CURVE('',#1471,#1470,#707,.T.);
#1830=EDGE_CURVE('',#1472,#1471,#708,.T.);
#1831=EDGE_CURVE('',#1473,#1472,#709,.T.);
#1832=EDGE_CURVE('',#1474,#1473,#710,.T.);
#1833=EDGE_CURVE('',#1475,#1474,#109,.T.);
#1834=EDGE_CURVE('',#1476,#1475,#711,.T.);
#1835=EDGE_CURVE('',#1477,#1476,#712,.T.);
#1836=EDGE_CURVE('',#1477,#1478,#713,.T.);
#1837=EDGE_CURVE('',#1478,#1479,#714,.T.);
#1838=EDGE_CURVE('',#1479,#1480,#110,.T.);
#1839=EDGE_CURVE('',#1480,#1463,#715,.T.);
#1840=EDGE_CURVE('',#1462,#1481,#716,.T.);
#1841=EDGE_CURVE('',#1482,#1481,#717,.T.);
#1842=EDGE_CURVE('',#1482,#1483,#718,.T.);
#1843=EDGE_CURVE('',#1483,#1484,#719,.T.);
#1844=EDGE_CURVE('',#1484,#1459,#720,.T.);
#1845=EDGE_CURVE('',#1485,#1460,#721,.T.);
#1846=EDGE_CURVE('',#1485,#1481,#722,.T.);
#1847=EDGE_CURVE('',#1486,#1486,#111,.T.);
#1848=EDGE_CURVE('',#1487,#1487,#112,.T.);
#1849=EDGE_CURVE('',#1476,#1488,#723,.T.);
#1850=EDGE_CURVE('',#1488,#1489,#724,.T.);
#1851=EDGE_CURVE('',#1477,#1489,#725,.T.);
#1852=EDGE_CURVE('',#1490,#1475,#726,.T.);
#1853=EDGE_CURVE('',#1490,#1488,#727,.T.);
#1854=EDGE_CURVE('',#1474,#1491,#728,.T.);
#1855=EDGE_CURVE('',#1491,#1490,#113,.T.);
#1856=EDGE_CURVE('',#1473,#1492,#729,.T.);
#1857=EDGE_CURVE('',#1492,#1491,#730,.T.);
#1858=EDGE_CURVE('',#1493,#1472,#731,.T.);
#1859=EDGE_CURVE('',#1493,#1492,#732,.T.);
#1860=EDGE_CURVE('',#1471,#1494,#733,.T.);
#1861=EDGE_CURVE('',#1494,#1493,#734,.T.);
#1862=EDGE_CURVE('',#1495,#1470,#735,.T.);
#1863=EDGE_CURVE('',#1495,#1494,#736,.T.);
#1864=EDGE_CURVE('',#1496,#1469,#737,.T.);
#1865=EDGE_CURVE('',#1496,#1495,#738,.T.);
#1866=EDGE_CURVE('',#1468,#1497,#739,.T.);
#1867=EDGE_CURVE('',#1497,#1496,#114,.T.);
#1868=EDGE_CURVE('',#1498,#1467,#740,.T.);
#1869=EDGE_CURVE('',#1498,#1497,#741,.T.);
#1870=EDGE_CURVE('',#1499,#1466,#742,.T.);
#1871=EDGE_CURVE('',#1499,#1498,#743,.T.);
#1872=EDGE_CURVE('',#1457,#1500,#744,.T.);
#1873=EDGE_CURVE('',#1501,#1500,#745,.T.);
#1874=EDGE_CURVE('',#1502,#1501,#746,.T.);
#1875=EDGE_CURVE('',#1502,#1485,#747,.T.);
#1876=EDGE_CURVE('',#1503,#1461,#748,.T.);
#1877=EDGE_CURVE('',#1503,#1504,#115,.T.);
#1878=EDGE_CURVE('',#1505,#1504,#749,.T.);
#1879=EDGE_CURVE('',#1505,#1489,#750,.T.);
#1880=EDGE_CURVE('',#1499,#1464,#751,.T.);
#1881=EDGE_CURVE('',#1505,#1478,#752,.T.);
#1882=EDGE_CURVE('',#1479,#1504,#753,.T.);
#1883=EDGE_CURVE('',#1503,#1480,#754,.T.);
#1884=EDGE_CURVE('',#1502,#1482,#755,.T.);
#1885=EDGE_CURVE('',#1501,#1483,#756,.T.);
#1886=EDGE_CURVE('',#1500,#1484,#757,.T.);
#1887=EDGE_CURVE('',#1506,#1506,#116,.T.);
#1888=EDGE_CURVE('',#1507,#1507,#117,.T.);
#1889=EDGE_CURVE('',#1508,#1508,#118,.T.);
#1890=EDGE_CURVE('',#1508,#1487,#758,.T.);
#1891=EDGE_CURVE('',#1509,#1509,#119,.T.);
#1892=EDGE_CURVE('',#1509,#1486,#759,.T.);
#1893=EDGE_CURVE('',#1510,#1510,#120,.T.);
#1894=EDGE_CURVE('',#1510,#1506,#760,.T.);
#1895=EDGE_CURVE('',#1511,#1511,#121,.T.);
#1896=EDGE_CURVE('',#1511,#1507,#761,.T.);
#1897=EDGE_CURVE('',#1512,#1508,#762,.T.);
#1898=EDGE_CURVE('',#1513,#1509,#763,.T.);
#1899=EDGE_CURVE('',#1514,#1510,#764,.T.);
#1900=EDGE_CURVE('',#1515,#1511,#765,.T.);
#1901=EDGE_CURVE('',#1516,#1517,#766,.T.);
#1902=EDGE_CURVE('',#1518,#1517,#767,.T.);
#1903=EDGE_CURVE('',#1519,#1518,#122,.T.);
#1904=EDGE_CURVE('',#1520,#1519,#768,.T.);
#1905=EDGE_CURVE('',#1521,#1520,#769,.T.);
#1906=EDGE_CURVE('',#1522,#1521,#770,.T.);
#1907=EDGE_CURVE('',#1523,#1522,#771,.T.);
#1908=EDGE_CURVE('',#1524,#1523,#772,.T.);
#1909=EDGE_CURVE('',#1525,#1524,#773,.T.);
#1910=EDGE_CURVE('',#1526,#1525,#774,.T.);
#1911=EDGE_CURVE('',#1527,#1526,#775,.T.);
#1912=EDGE_CURVE('',#1528,#1527,#776,.T.);
#1913=EDGE_CURVE('',#1529,#1528,#777,.T.);
#1914=EDGE_CURVE('',#1530,#1529,#778,.T.);
#1915=EDGE_CURVE('',#1531,#1530,#123,.T.);
#1916=EDGE_CURVE('',#1532,#1531,#779,.T.);
#1917=EDGE_CURVE('',#1532,#1533,#780,.T.);
#1918=EDGE_CURVE('',#1516,#1533,#781,.T.);
#1919=EDGE_CURVE('',#1534,#1534,#124,.T.);
#1920=EDGE_CURVE('',#1535,#1516,#782,.T.);
#1921=EDGE_CURVE('',#1536,#1535,#783,.T.);
#1922=EDGE_CURVE('',#1517,#1536,#784,.T.);
#1923=EDGE_CURVE('',#1535,#1537,#785,.T.);
#1924=EDGE_CURVE('',#1533,#1537,#786,.T.);
#1925=EDGE_CURVE('',#1538,#1539,#787,.T.);
#1926=EDGE_CURVE('',#1539,#1540,#788,.T.);
#1927=EDGE_CURVE('',#1540,#1541,#125,.T.);
#1928=EDGE_CURVE('',#1541,#1536,#789,.T.);
#1929=EDGE_CURVE('',#1537,#1542,#790,.T.);
#1930=EDGE_CURVE('',#1542,#1543,#791,.T.);
#1931=EDGE_CURVE('',#1543,#1544,#126,.T.);
#1932=EDGE_CURVE('',#1544,#1545,#792,.T.);
#1933=EDGE_CURVE('',#1545,#1546,#793,.T.);
#1934=EDGE_CURVE('',#1546,#1547,#794,.T.);
#1935=EDGE_CURVE('',#1548,#1547,#795,.T.);
#1936=EDGE_CURVE('',#1548,#1549,#796,.T.);
#1937=EDGE_CURVE('',#1550,#1549,#797,.T.);
#1938=EDGE_CURVE('',#1550,#1551,#798,.T.);
#1939=EDGE_CURVE('',#1551,#1552,#799,.T.);
#1940=EDGE_CURVE('',#1552,#1538,#800,.T.);
#1941=EDGE_CURVE('',#1518,#1541,#801,.T.);
#1942=EDGE_CURVE('',#1530,#1544,#802,.T.);
#1943=EDGE_CURVE('',#1545,#1529,#803,.T.);
#1944=EDGE_CURVE('',#1543,#1531,#804,.T.);
#1945=EDGE_CURVE('',#1542,#1532,#805,.T.);
#1946=EDGE_CURVE('',#1540,#1519,#806,.T.);
#1947=EDGE_CURVE('',#1520,#1539,#807,.T.);
#1948=EDGE_CURVE('',#1521,#1538,#808,.T.);
#1949=EDGE_CURVE('',#1552,#1522,#809,.T.);
#1950=EDGE_CURVE('',#1523,#1551,#810,.T.);
#1951=EDGE_CURVE('',#1550,#1524,#811,.T.);
#1952=EDGE_CURVE('',#1525,#1549,#812,.T.);
#1953=EDGE_CURVE('',#1548,#1526,#813,.T.);
#1954=EDGE_CURVE('',#1527,#1547,#814,.T.);
#1955=EDGE_CURVE('',#1546,#1528,#815,.T.);
#1956=EDGE_CURVE('',#1553,#1553,#127,.T.);
#1957=EDGE_CURVE('',#1553,#1534,#816,.T.);
#1958=EDGE_CURVE('',#1554,#1553,#817,.T.);
#1959=EDGE_CURVE('',#1555,#1556,#818,.T.);
#1960=EDGE_CURVE('',#1557,#1555,#819,.T.);
#1961=EDGE_CURVE('',#1556,#1557,#820,.T.);
#1962=EDGE_CURVE('',#1558,#1556,#821,.T.);
#1963=EDGE_CURVE('',#1559,#1558,#822,.T.);
#1964=EDGE_CURVE('',#1560,#1559,#823,.T.);
#1965=EDGE_CURVE('',#1561,#1560,#824,.T.);
#1966=EDGE_CURVE('',#1561,#1555,#825,.T.);
#1967=EDGE_CURVE('',#1562,#1558,#826,.T.);
#1968=EDGE_CURVE('',#1562,#1557,#827,.T.);
#1969=EDGE_CURVE('',#1561,#1562,#828,.T.);
#1970=EDGE_CURVE('',#1558,#1563,#829,.T.);
#1971=EDGE_CURVE('',#1564,#1563,#830,.T.);
#1972=EDGE_CURVE('',#1559,#1564,#831,.T.);
#1973=EDGE_CURVE('',#1565,#1566,#128,.T.);
#1974=EDGE_CURVE('',#1566,#1567,#832,.T.);
#1975=EDGE_CURVE('',#1567,#1568,#833,.T.);
#1976=EDGE_CURVE('',#1568,#1560,#834,.T.);
#1977=EDGE_CURVE('',#1564,#1569,#129,.T.);
#1978=EDGE_CURVE('',#1569,#1570,#835,.T.);
#1979=EDGE_CURVE('',#1570,#1571,#836,.T.);
#1980=EDGE_CURVE('',#1571,#1572,#837,.T.);
#1981=EDGE_CURVE('',#1572,#1573,#838,.T.);
#1982=EDGE_CURVE('',#1573,#1574,#839,.T.);
#1983=EDGE_CURVE('',#1574,#1575,#840,.T.);
#1984=EDGE_CURVE('',#1575,#1576,#841,.T.);
#1985=EDGE_CURVE('',#1576,#1577,#842,.T.);
#1986=EDGE_CURVE('',#1577,#1578,#843,.T.);
#1987=EDGE_CURVE('',#1578,#1579,#844,.T.);
#1988=EDGE_CURVE('',#1579,#1565,#845,.T.);
#1989=EDGE_CURVE('',#1580,#1580,#130,.T.);
#1990=EDGE_CURVE('',#1568,#1581,#846,.T.);
#1991=EDGE_CURVE('',#1581,#1561,#847,.T.);
#1992=EDGE_CURVE('',#1562,#1582,#848,.T.);
#1993=EDGE_CURVE('',#1583,#1582,#849,.T.);
#1994=EDGE_CURVE('',#1563,#1583,#850,.T.);
#1995=EDGE_CURVE('',#1584,#1581,#851,.T.);
#1996=EDGE_CURVE('',#1584,#1585,#852,.T.);
#1997=EDGE_CURVE('',#1582,#1585,#853,.T.);
#1998=EDGE_CURVE('',#1563,#1586,#131,.T.);
#1999=EDGE_CURVE('',#1586,#1569,#854,.T.);
#2000=EDGE_CURVE('',#1580,#1587,#855,.T.);
#2001=EDGE_CURVE('',#1587,#1587,#132,.T.);
#2002=EDGE_CURVE('',#1588,#1589,#133,.T.);
#2003=EDGE_CURVE('',#1589,#1566,#856,.T.);
#2004=EDGE_CURVE('',#1565,#1588,#857,.T.);
#2005=EDGE_CURVE('',#1590,#1567,#858,.T.);
#2006=EDGE_CURVE('',#1589,#1590,#859,.T.);
#2007=EDGE_CURVE('',#1591,#1592,#860,.T.);
#2008=EDGE_CURVE('',#1581,#1592,#861,.T.);
#2009=EDGE_CURVE('',#1590,#1591,#862,.T.);
#2010=EDGE_CURVE('',#1586,#1593,#863,.T.);
#2011=EDGE_CURVE('',#1593,#1570,#864,.T.);
#2012=EDGE_CURVE('',#1593,#1594,#865,.T.);
#2013=EDGE_CURVE('',#1571,#1594,#866,.T.);
#2014=EDGE_CURVE('',#1594,#1595,#867,.T.);
#2015=EDGE_CURVE('',#1595,#1572,#868,.T.);
#2016=EDGE_CURVE('',#1595,#1596,#869,.T.);
#2017=EDGE_CURVE('',#1596,#1573,#870,.T.);
#2018=EDGE_CURVE('',#1596,#1597,#871,.T.);
#2019=EDGE_CURVE('',#1597,#1574,#872,.T.);
#2020=EDGE_CURVE('',#1597,#1598,#873,.T.);
#2021=EDGE_CURVE('',#1598,#1575,#874,.T.);
#2022=EDGE_CURVE('',#1598,#1599,#875,.T.);
#2023=EDGE_CURVE('',#1599,#1576,#876,.T.);
#2024=EDGE_CURVE('',#1599,#1600,#877,.T.);
#2025=EDGE_CURVE('',#1600,#1577,#878,.T.);
#2026=EDGE_CURVE('',#1600,#1601,#879,.T.);
#2027=EDGE_CURVE('',#1601,#1578,#880,.T.);
#2028=EDGE_CURVE('',#1601,#1602,#881,.T.);
#2029=EDGE_CURVE('',#1579,#1602,#882,.T.);
#2030=EDGE_CURVE('',#1602,#1588,#883,.T.);
#2031=EDGE_CURVE('',#1603,#1604,#884,.T.);
#2032=EDGE_CURVE('',#1604,#1605,#885,.T.);
#2033=EDGE_CURVE('',#1605,#1606,#886,.T.);
#2034=EDGE_CURVE('',#1606,#1607,#887,.T.);
#2035=EDGE_CURVE('',#1607,#1608,#888,.T.);
#2036=EDGE_CURVE('',#1608,#1609,#889,.T.);
#2037=EDGE_CURVE('',#1609,#1610,#890,.T.);
#2038=EDGE_CURVE('',#1610,#1611,#891,.T.);
#2039=EDGE_CURVE('',#1611,#1612,#892,.T.);
#2040=EDGE_CURVE('',#1612,#1613,#893,.T.);
#2041=EDGE_CURVE('',#1614,#1613,#894,.T.);
#2042=EDGE_CURVE('',#1614,#1615,#134,.T.);
#2043=EDGE_CURVE('',#1615,#1583,#895,.T.);
#2044=EDGE_CURVE('',#1585,#1616,#896,.T.);
#2045=EDGE_CURVE('',#1617,#1616,#897,.T.);
#2046=EDGE_CURVE('',#1617,#1618,#135,.T.);
#2047=EDGE_CURVE('',#1618,#1619,#898,.T.);
#2048=EDGE_CURVE('',#1619,#1603,#899,.T.);
#2049=EDGE_CURVE('',#1620,#1620,#136,.T.);
#2050=EDGE_CURVE('',#1615,#1563,#900,.T.);
#2051=EDGE_CURVE('',#1592,#1621,#901,.T.);
#2052=EDGE_CURVE('',#1584,#1621,#902,.T.);
#2053=EDGE_CURVE('',#1589,#1616,#903,.T.);
#2054=EDGE_CURVE('',#1590,#1584,#904,.T.);
#2055=EDGE_CURVE('',#1614,#1586,#905,.T.);
#2056=EDGE_CURVE('',#1622,#1622,#137,.T.);
#2057=EDGE_CURVE('',#1617,#1589,#906,.T.);
#2058=EDGE_CURVE('',#1618,#1588,#907,.T.);
#2059=EDGE_CURVE('',#1621,#1591,#908,.T.);
#2060=EDGE_CURVE('',#1593,#1612,#909,.T.);
#2061=EDGE_CURVE('',#1586,#1613,#910,.T.);
#2062=EDGE_CURVE('',#1594,#1611,#911,.T.);
#2063=EDGE_CURVE('',#1595,#1610,#912,.T.);
#2064=EDGE_CURVE('',#1596,#1609,#913,.T.);
#2065=EDGE_CURVE('',#1597,#1608,#914,.T.);
#2066=EDGE_CURVE('',#1607,#1598,#915,.T.);
#2067=EDGE_CURVE('',#1599,#1606,#916,.T.);
#2068=EDGE_CURVE('',#1600,#1605,#917,.T.);
#2069=EDGE_CURVE('',#1601,#1604,#918,.T.);
#2070=EDGE_CURVE('',#1602,#1603,#919,.T.);
#2071=EDGE_CURVE('',#1588,#1619,#920,.T.);
#2072=EDGE_CURVE('',#1620,#1622,#921,.T.);
#2073=EDGE_CURVE('',#1623,#1624,#922,.T.);
#2074=EDGE_CURVE('',#1623,#1625,#923,.T.);
#2075=EDGE_CURVE('',#1625,#1626,#924,.T.);
#2076=EDGE_CURVE('',#1624,#1626,#925,.T.);
#2077=EDGE_CURVE('',#1627,#1623,#926,.T.);
#2078=EDGE_CURVE('',#1627,#1628,#927,.T.);
#2079=EDGE_CURVE('',#1628,#1625,#928,.T.);
#2080=EDGE_CURVE('',#1629,#1627,#929,.T.);
#2081=EDGE_CURVE('',#1629,#1630,#930,.T.);
#2082=EDGE_CURVE('',#1630,#1628,#931,.T.);
#2083=EDGE_CURVE('',#1631,#1629,#932,.T.);
#2084=EDGE_CURVE('',#1631,#1632,#933,.T.);
#2085=EDGE_CURVE('',#1632,#1630,#934,.T.);
#2086=EDGE_CURVE('',#1633,#1631,#935,.T.);
#2087=EDGE_CURVE('',#1633,#1634,#936,.T.);
#2088=EDGE_CURVE('',#1634,#1632,#937,.T.);
#2089=EDGE_CURVE('',#1624,#1633,#938,.T.);
#2090=EDGE_CURVE('',#1626,#1634,#939,.T.);
#2091=EDGE_CURVE('',#1635,#1635,#138,.T.);
#2092=EDGE_CURVE('',#1635,#1636,#139,.T.);
#2093=EDGE_CURVE('',#1636,#1636,#140,.T.);
#2094=EDGE_CURVE('',#1637,#1637,#141,.T.);
#2095=EDGE_CURVE('',#1637,#1636,#940,.T.);
#2096=EDGE_CURVE('',#1638,#1638,#142,.T.);
#2097=EDGE_CURVE('',#1639,#1639,#143,.T.);
#2098=EDGE_CURVE('',#1639,#1638,#941,.T.);
#2099=ORIENTED_EDGE('',*,*,#1640,.T.);
#2100=ORIENTED_EDGE('',*,*,#1641,.F.);
#2101=ORIENTED_EDGE('',*,*,#1642,.F.);
#2102=ORIENTED_EDGE('',*,*,#1640,.F.);
#2103=ORIENTED_EDGE('',*,*,#1643,.T.);
#2104=ORIENTED_EDGE('',*,*,#1644,.F.);
#2105=ORIENTED_EDGE('',*,*,#1645,.F.);
#2106=ORIENTED_EDGE('',*,*,#1646,.F.);
#2107=ORIENTED_EDGE('',*,*,#1647,.F.);
#2108=ORIENTED_EDGE('',*,*,#1648,.T.);
#2109=ORIENTED_EDGE('',*,*,#1649,.F.);
#2110=ORIENTED_EDGE('',*,*,#1641,.T.);
#2111=ORIENTED_EDGE('',*,*,#1647,.T.);
#2112=ORIENTED_EDGE('',*,*,#1650,.T.);
#2113=ORIENTED_EDGE('',*,*,#1643,.F.);
#2114=ORIENTED_EDGE('',*,*,#1642,.T.);
#2115=ORIENTED_EDGE('',*,*,#1649,.T.);
#2116=ORIENTED_EDGE('',*,*,#1644,.T.);
#2117=ORIENTED_EDGE('',*,*,#1651,.T.);
#2118=ORIENTED_EDGE('',*,*,#1652,.F.);
#2119=ORIENTED_EDGE('',*,*,#1653,.F.);
#2120=ORIENTED_EDGE('',*,*,#1654,.T.);
#2121=ORIENTED_EDGE('',*,*,#1655,.T.);
#2122=ORIENTED_EDGE('',*,*,#1656,.T.);
#2123=ORIENTED_EDGE('',*,*,#1657,.T.);
#2124=ORIENTED_EDGE('',*,*,#1658,.T.);
#2125=ORIENTED_EDGE('',*,*,#1659,.T.);
#2126=ORIENTED_EDGE('',*,*,#1660,.T.);
#2127=ORIENTED_EDGE('',*,*,#1661,.T.);
#2128=ORIENTED_EDGE('',*,*,#1662,.T.);
#2129=ORIENTED_EDGE('',*,*,#1663,.T.);
#2130=ORIENTED_EDGE('',*,*,#1664,.T.);
#2131=ORIENTED_EDGE('',*,*,#1665,.T.);
#2132=ORIENTED_EDGE('',*,*,#1666,.T.);
#2133=ORIENTED_EDGE('',*,*,#1667,.T.);
#2134=ORIENTED_EDGE('',*,*,#1668,.T.);
#2135=ORIENTED_EDGE('',*,*,#1669,.T.);
#2136=ORIENTED_EDGE('',*,*,#1645,.T.);
#2137=ORIENTED_EDGE('',*,*,#1653,.T.);
#2138=ORIENTED_EDGE('',*,*,#1670,.T.);
#2139=ORIENTED_EDGE('',*,*,#1646,.T.);
#2140=ORIENTED_EDGE('',*,*,#1669,.F.);
#2141=ORIENTED_EDGE('',*,*,#1671,.T.);
#2142=ORIENTED_EDGE('',*,*,#1672,.T.);
#2143=ORIENTED_EDGE('',*,*,#1673,.F.);
#2144=ORIENTED_EDGE('',*,*,#1674,.T.);
#2145=ORIENTED_EDGE('',*,*,#1675,.T.);
#2146=ORIENTED_EDGE('',*,*,#1676,.F.);
#2147=ORIENTED_EDGE('',*,*,#1648,.F.);
#2148=ORIENTED_EDGE('',*,*,#1672,.F.);
#2149=ORIENTED_EDGE('',*,*,#1650,.F.);
#2150=ORIENTED_EDGE('',*,*,#1676,.T.);
#2151=ORIENTED_EDGE('',*,*,#1677,.T.);
#2152=ORIENTED_EDGE('',*,*,#1678,.F.);
#2153=ORIENTED_EDGE('',*,*,#1651,.F.);
#2154=ORIENTED_EDGE('',*,*,#1679,.T.);
#2155=ORIENTED_EDGE('',*,*,#1680,.T.);
#2156=ORIENTED_EDGE('',*,*,#1654,.F.);
#2157=ORIENTED_EDGE('',*,*,#1652,.T.);
#2158=ORIENTED_EDGE('',*,*,#1670,.F.);
#2159=ORIENTED_EDGE('',*,*,#1681,.T.);
#2160=ORIENTED_EDGE('',*,*,#1682,.T.);
#2161=ORIENTED_EDGE('',*,*,#1681,.F.);
#2162=ORIENTED_EDGE('',*,*,#1683,.T.);
#2163=ORIENTED_EDGE('',*,*,#1684,.T.);
#2164=ORIENTED_EDGE('',*,*,#1655,.F.);
#2165=ORIENTED_EDGE('',*,*,#1680,.F.);
#2166=ORIENTED_EDGE('',*,*,#1685,.T.);
#2167=ORIENTED_EDGE('',*,*,#1686,.F.);
#2168=ORIENTED_EDGE('',*,*,#1656,.F.);
#2169=ORIENTED_EDGE('',*,*,#1684,.F.);
#2170=ORIENTED_EDGE('',*,*,#1687,.T.);
#2171=ORIENTED_EDGE('',*,*,#1688,.T.);
#2172=ORIENTED_EDGE('',*,*,#1657,.F.);
#2173=ORIENTED_EDGE('',*,*,#1686,.T.);
#2174=ORIENTED_EDGE('',*,*,#1689,.T.);
#2175=ORIENTED_EDGE('',*,*,#1690,.F.);
#2176=ORIENTED_EDGE('',*,*,#1658,.F.);
#2177=ORIENTED_EDGE('',*,*,#1688,.F.);
#2178=ORIENTED_EDGE('',*,*,#1691,.T.);
#2179=ORIENTED_EDGE('',*,*,#1692,.T.);
#2180=ORIENTED_EDGE('',*,*,#1659,.F.);
#2181=ORIENTED_EDGE('',*,*,#1690,.T.);
#2182=ORIENTED_EDGE('',*,*,#1693,.T.);
#2183=ORIENTED_EDGE('',*,*,#1694,.F.);
#2184=ORIENTED_EDGE('',*,*,#1660,.F.);
#2185=ORIENTED_EDGE('',*,*,#1692,.F.);
#2186=ORIENTED_EDGE('',*,*,#1695,.T.);
#2187=ORIENTED_EDGE('',*,*,#1696,.T.);
#2188=ORIENTED_EDGE('',*,*,#1661,.F.);
#2189=ORIENTED_EDGE('',*,*,#1694,.T.);
#2190=ORIENTED_EDGE('',*,*,#1697,.T.);
#2191=ORIENTED_EDGE('',*,*,#1698,.F.);
#2192=ORIENTED_EDGE('',*,*,#1662,.F.);
#2193=ORIENTED_EDGE('',*,*,#1696,.F.);
#2194=ORIENTED_EDGE('',*,*,#1699,.T.);
#2195=ORIENTED_EDGE('',*,*,#1700,.T.);
#2196=ORIENTED_EDGE('',*,*,#1663,.F.);
#2197=ORIENTED_EDGE('',*,*,#1698,.T.);
#2198=ORIENTED_EDGE('',*,*,#1701,.T.);
#2199=ORIENTED_EDGE('',*,*,#1702,.F.);
#2200=ORIENTED_EDGE('',*,*,#1664,.F.);
#2201=ORIENTED_EDGE('',*,*,#1700,.F.);
#2202=ORIENTED_EDGE('',*,*,#1703,.T.);
#2203=ORIENTED_EDGE('',*,*,#1704,.F.);
#2204=ORIENTED_EDGE('',*,*,#1665,.F.);
#2205=ORIENTED_EDGE('',*,*,#1702,.T.);
#2206=ORIENTED_EDGE('',*,*,#1705,.T.);
#2207=ORIENTED_EDGE('',*,*,#1706,.T.);
#2208=ORIENTED_EDGE('',*,*,#1666,.F.);
#2209=ORIENTED_EDGE('',*,*,#1704,.T.);
#2210=ORIENTED_EDGE('',*,*,#1707,.T.);
#2211=ORIENTED_EDGE('',*,*,#1667,.F.);
#2212=ORIENTED_EDGE('',*,*,#1706,.F.);
#2213=ORIENTED_EDGE('',*,*,#1708,.T.);
#2214=ORIENTED_EDGE('',*,*,#1709,.F.);
#2215=ORIENTED_EDGE('',*,*,#1710,.T.);
#2216=ORIENTED_EDGE('',*,*,#1671,.F.);
#2217=ORIENTED_EDGE('',*,*,#1668,.F.);
#2218=ORIENTED_EDGE('',*,*,#1707,.F.);
#2219=ORIENTED_EDGE('',*,*,#1711,.F.);
#2220=ORIENTED_EDGE('',*,*,#1673,.T.);
#2221=ORIENTED_EDGE('',*,*,#1710,.F.);
#2222=ORIENTED_EDGE('',*,*,#1712,.T.);
#2223=ORIENTED_EDGE('',*,*,#1713,.T.);
#2224=ORIENTED_EDGE('',*,*,#1708,.F.);
#2225=ORIENTED_EDGE('',*,*,#1714,.T.);
#2226=ORIENTED_EDGE('',*,*,#1715,.T.);
#2227=ORIENTED_EDGE('',*,*,#1674,.F.);
#2228=ORIENTED_EDGE('',*,*,#1716,.F.);
#2229=ORIENTED_EDGE('',*,*,#1717,.T.);
#2230=ORIENTED_EDGE('',*,*,#1718,.F.);
#2231=ORIENTED_EDGE('',*,*,#1719,.F.);
#2232=ORIENTED_EDGE('',*,*,#1720,.F.);
#2233=ORIENTED_EDGE('',*,*,#1721,.F.);
#2234=ORIENTED_EDGE('',*,*,#1722,.F.);
#2235=ORIENTED_EDGE('',*,*,#1723,.F.);
#2236=ORIENTED_EDGE('',*,*,#1724,.F.);
#2237=ORIENTED_EDGE('',*,*,#1725,.F.);
#2238=ORIENTED_EDGE('',*,*,#1726,.F.);
#2239=ORIENTED_EDGE('',*,*,#1727,.F.);
#2240=ORIENTED_EDGE('',*,*,#1728,.F.);
#2241=ORIENTED_EDGE('',*,*,#1729,.F.);
#2242=ORIENTED_EDGE('',*,*,#1730,.F.);
#2243=ORIENTED_EDGE('',*,*,#1731,.T.);
#2244=ORIENTED_EDGE('',*,*,#1677,.F.);
#2245=ORIENTED_EDGE('',*,*,#1675,.F.);
#2246=ORIENTED_EDGE('',*,*,#1715,.F.);
#2247=ORIENTED_EDGE('',*,*,#1732,.F.);
#2248=ORIENTED_EDGE('',*,*,#1733,.F.);
#2249=ORIENTED_EDGE('',*,*,#1734,.T.);
#2250=ORIENTED_EDGE('',*,*,#1678,.T.);
#2251=ORIENTED_EDGE('',*,*,#1731,.F.);
#2252=ORIENTED_EDGE('',*,*,#1735,.T.);
#2253=ORIENTED_EDGE('',*,*,#1735,.F.);
#2254=ORIENTED_EDGE('',*,*,#1730,.T.);
#2255=ORIENTED_EDGE('',*,*,#1736,.T.);
#2256=ORIENTED_EDGE('',*,*,#1679,.F.);
#2257=ORIENTED_EDGE('',*,*,#1682,.F.);
#2258=ORIENTED_EDGE('',*,*,#1737,.T.);
#2259=ORIENTED_EDGE('',*,*,#1738,.F.);
#2260=ORIENTED_EDGE('',*,*,#1683,.F.);
#2261=ORIENTED_EDGE('',*,*,#1739,.T.);
#2262=ORIENTED_EDGE('',*,*,#1728,.T.);
#2263=ORIENTED_EDGE('',*,*,#1740,.F.);
#2264=ORIENTED_EDGE('',*,*,#1685,.F.);
#2265=ORIENTED_EDGE('',*,*,#1738,.T.);
#2266=ORIENTED_EDGE('',*,*,#1727,.T.);
#2267=ORIENTED_EDGE('',*,*,#1741,.F.);
#2268=ORIENTED_EDGE('',*,*,#1687,.F.);
#2269=ORIENTED_EDGE('',*,*,#1740,.T.);
#2270=ORIENTED_EDGE('',*,*,#1726,.T.);
#2271=ORIENTED_EDGE('',*,*,#1742,.F.);
#2272=ORIENTED_EDGE('',*,*,#1689,.F.);
#2273=ORIENTED_EDGE('',*,*,#1741,.T.);
#2274=ORIENTED_EDGE('',*,*,#1725,.T.);
#2275=ORIENTED_EDGE('',*,*,#1742,.T.);
#2276=ORIENTED_EDGE('',*,*,#1724,.T.);
#2277=ORIENTED_EDGE('',*,*,#1743,.T.);
#2278=ORIENTED_EDGE('',*,*,#1691,.F.);
#2279=ORIENTED_EDGE('',*,*,#1743,.F.);
#2280=ORIENTED_EDGE('',*,*,#1723,.T.);
#2281=ORIENTED_EDGE('',*,*,#1744,.F.);
#2282=ORIENTED_EDGE('',*,*,#1693,.F.);
#2283=ORIENTED_EDGE('',*,*,#1745,.F.);
#2284=ORIENTED_EDGE('',*,*,#1695,.F.);
#2285=ORIENTED_EDGE('',*,*,#1744,.T.);
#2286=ORIENTED_EDGE('',*,*,#1722,.T.);
#2287=ORIENTED_EDGE('',*,*,#1746,.F.);
#2288=ORIENTED_EDGE('',*,*,#1697,.F.);
#2289=ORIENTED_EDGE('',*,*,#1745,.T.);
#2290=ORIENTED_EDGE('',*,*,#1721,.T.);
#2291=ORIENTED_EDGE('',*,*,#1747,.F.);
#2292=ORIENTED_EDGE('',*,*,#1699,.F.);
#2293=ORIENTED_EDGE('',*,*,#1746,.T.);
#2294=ORIENTED_EDGE('',*,*,#1720,.T.);
#2295=ORIENTED_EDGE('',*,*,#1748,.F.);
#2296=ORIENTED_EDGE('',*,*,#1701,.F.);
#2297=ORIENTED_EDGE('',*,*,#1747,.T.);
#2298=ORIENTED_EDGE('',*,*,#1719,.T.);
#2299=ORIENTED_EDGE('',*,*,#1748,.T.);
#2300=ORIENTED_EDGE('',*,*,#1718,.T.);
#2301=ORIENTED_EDGE('',*,*,#1749,.F.);
#2302=ORIENTED_EDGE('',*,*,#1703,.F.);
#2303=ORIENTED_EDGE('',*,*,#1750,.F.);
#2304=ORIENTED_EDGE('',*,*,#1733,.T.);
#2305=ORIENTED_EDGE('',*,*,#1751,.T.);
#2306=ORIENTED_EDGE('',*,*,#1705,.F.);
#2307=ORIENTED_EDGE('',*,*,#1712,.F.);
#2308=ORIENTED_EDGE('',*,*,#1709,.T.);
#2309=ORIENTED_EDGE('',*,*,#1752,.F.);
#2310=ORIENTED_EDGE('',*,*,#1716,.T.);
#2311=ORIENTED_EDGE('',*,*,#1713,.F.);
#2312=ORIENTED_EDGE('',*,*,#1752,.T.);
#2313=ORIENTED_EDGE('',*,*,#1711,.T.);
#2314=ORIENTED_EDGE('',*,*,#1714,.F.);
#2315=ORIENTED_EDGE('',*,*,#1751,.F.);
#2316=ORIENTED_EDGE('',*,*,#1732,.T.);
#2317=ORIENTED_EDGE('',*,*,#1737,.F.);
#2318=ORIENTED_EDGE('',*,*,#1753,.T.);
#2319=ORIENTED_EDGE('',*,*,#1734,.F.);
#2320=ORIENTED_EDGE('',*,*,#1753,.F.);
#2321=ORIENTED_EDGE('',*,*,#1749,.T.);
#2322=ORIENTED_EDGE('',*,*,#1717,.F.);
#2323=ORIENTED_EDGE('',*,*,#1750,.T.);
#2324=ORIENTED_EDGE('',*,*,#1739,.F.);
#2325=ORIENTED_EDGE('',*,*,#1736,.F.);
#2326=ORIENTED_EDGE('',*,*,#1729,.T.);
#2327=ORIENTED_EDGE('',*,*,#1754,.T.);
#2328=ORIENTED_EDGE('',*,*,#1755,.T.);
#2329=ORIENTED_EDGE('',*,*,#1756,.T.);
#2330=ORIENTED_EDGE('',*,*,#1757,.T.);
#2331=ORIENTED_EDGE('',*,*,#1758,.T.);
#2332=ORIENTED_EDGE('',*,*,#1759,.T.);
#2333=ORIENTED_EDGE('',*,*,#1760,.T.);
#2334=ORIENTED_EDGE('',*,*,#1761,.T.);
#2335=ORIENTED_EDGE('',*,*,#1762,.T.);
#2336=ORIENTED_EDGE('',*,*,#1763,.T.);
#2337=ORIENTED_EDGE('',*,*,#1764,.T.);
#2338=ORIENTED_EDGE('',*,*,#1765,.T.);
#2339=ORIENTED_EDGE('',*,*,#1766,.T.);
#2340=ORIENTED_EDGE('',*,*,#1767,.F.);
#2341=ORIENTED_EDGE('',*,*,#1768,.T.);
#2342=ORIENTED_EDGE('',*,*,#1769,.F.);
#2343=ORIENTED_EDGE('',*,*,#1770,.T.);
#2344=ORIENTED_EDGE('',*,*,#1771,.F.);
#2345=ORIENTED_EDGE('',*,*,#1772,.T.);
#2346=ORIENTED_EDGE('',*,*,#1773,.T.);
#2347=ORIENTED_EDGE('',*,*,#1754,.F.);
#2348=ORIENTED_EDGE('',*,*,#1774,.T.);
#2349=ORIENTED_EDGE('',*,*,#1755,.F.);
#2350=ORIENTED_EDGE('',*,*,#1773,.F.);
#2351=ORIENTED_EDGE('',*,*,#1775,.T.);
#2352=ORIENTED_EDGE('',*,*,#1776,.T.);
#2353=ORIENTED_EDGE('',*,*,#1756,.F.);
#2354=ORIENTED_EDGE('',*,*,#1776,.F.);
#2355=ORIENTED_EDGE('',*,*,#1777,.T.);
#2356=ORIENTED_EDGE('',*,*,#1778,.F.);
#2357=ORIENTED_EDGE('',*,*,#1757,.F.);
#2358=ORIENTED_EDGE('',*,*,#1778,.T.);
#2359=ORIENTED_EDGE('',*,*,#1779,.T.);
#2360=ORIENTED_EDGE('',*,*,#1780,.T.);
#2361=ORIENTED_EDGE('',*,*,#1758,.F.);
#2362=ORIENTED_EDGE('',*,*,#1780,.F.);
#2363=ORIENTED_EDGE('',*,*,#1781,.T.);
#2364=ORIENTED_EDGE('',*,*,#1782,.T.);
#2365=ORIENTED_EDGE('',*,*,#1759,.F.);
#2366=ORIENTED_EDGE('',*,*,#1782,.F.);
#2367=ORIENTED_EDGE('',*,*,#1783,.T.);
#2368=ORIENTED_EDGE('',*,*,#1784,.F.);
#2369=ORIENTED_EDGE('',*,*,#1760,.F.);
#2370=ORIENTED_EDGE('',*,*,#1784,.T.);
#2371=ORIENTED_EDGE('',*,*,#1785,.T.);
#2372=ORIENTED_EDGE('',*,*,#1786,.T.);
#2373=ORIENTED_EDGE('',*,*,#1761,.F.);
#2374=ORIENTED_EDGE('',*,*,#1786,.F.);
#2375=ORIENTED_EDGE('',*,*,#1787,.T.);
#2376=ORIENTED_EDGE('',*,*,#1788,.F.);
#2377=ORIENTED_EDGE('',*,*,#1762,.F.);
#2378=ORIENTED_EDGE('',*,*,#1788,.T.);
#2379=ORIENTED_EDGE('',*,*,#1789,.T.);
#2380=ORIENTED_EDGE('',*,*,#1790,.F.);
#2381=ORIENTED_EDGE('',*,*,#1763,.F.);
#2382=ORIENTED_EDGE('',*,*,#1790,.T.);
#2383=ORIENTED_EDGE('',*,*,#1791,.T.);
#2384=ORIENTED_EDGE('',*,*,#1792,.T.);
#2385=ORIENTED_EDGE('',*,*,#1764,.F.);
#2386=ORIENTED_EDGE('',*,*,#1792,.F.);
#2387=ORIENTED_EDGE('',*,*,#1793,.T.);
#2388=ORIENTED_EDGE('',*,*,#1794,.F.);
#2389=ORIENTED_EDGE('',*,*,#1765,.F.);
#2390=ORIENTED_EDGE('',*,*,#1794,.T.);
#2391=ORIENTED_EDGE('',*,*,#1795,.T.);
#2392=ORIENTED_EDGE('',*,*,#1796,.F.);
#2393=ORIENTED_EDGE('',*,*,#1797,.T.);
#2394=ORIENTED_EDGE('',*,*,#1798,.T.);
#2395=ORIENTED_EDGE('',*,*,#1766,.F.);
#2396=ORIENTED_EDGE('',*,*,#1796,.T.);
#2397=ORIENTED_EDGE('',*,*,#1799,.T.);
#2398=ORIENTED_EDGE('',*,*,#1800,.F.);
#2399=ORIENTED_EDGE('',*,*,#1767,.T.);
#2400=ORIENTED_EDGE('',*,*,#1798,.F.);
#2401=ORIENTED_EDGE('',*,*,#1801,.T.);
#2402=ORIENTED_EDGE('',*,*,#1802,.T.);
#2403=ORIENTED_EDGE('',*,*,#1768,.F.);
#2404=ORIENTED_EDGE('',*,*,#1800,.T.);
#2405=ORIENTED_EDGE('',*,*,#1803,.T.);
#2406=ORIENTED_EDGE('',*,*,#1804,.F.);
#2407=ORIENTED_EDGE('',*,*,#1769,.T.);
#2408=ORIENTED_EDGE('',*,*,#1802,.F.);
#2409=ORIENTED_EDGE('',*,*,#1805,.T.);
#2410=ORIENTED_EDGE('',*,*,#1806,.T.);
#2411=ORIENTED_EDGE('',*,*,#1770,.F.);
#2412=ORIENTED_EDGE('',*,*,#1804,.T.);
#2413=ORIENTED_EDGE('',*,*,#1807,.T.);
#2414=ORIENTED_EDGE('',*,*,#1774,.F.);
#2415=ORIENTED_EDGE('',*,*,#1771,.T.);
#2416=ORIENTED_EDGE('',*,*,#1806,.F.);
#2417=ORIENTED_EDGE('',*,*,#1783,.F.);
#2418=ORIENTED_EDGE('',*,*,#1781,.F.);
#2419=ORIENTED_EDGE('',*,*,#1779,.F.);
#2420=ORIENTED_EDGE('',*,*,#1777,.F.);
#2421=ORIENTED_EDGE('',*,*,#1775,.F.);
#2422=ORIENTED_EDGE('',*,*,#1772,.F.);
#2423=ORIENTED_EDGE('',*,*,#1807,.F.);
#2424=ORIENTED_EDGE('',*,*,#1805,.F.);
#2425=ORIENTED_EDGE('',*,*,#1803,.F.);
#2426=ORIENTED_EDGE('',*,*,#1801,.F.);
#2427=ORIENTED_EDGE('',*,*,#1799,.F.);
#2428=ORIENTED_EDGE('',*,*,#1797,.F.);
#2429=ORIENTED_EDGE('',*,*,#1795,.F.);
#2430=ORIENTED_EDGE('',*,*,#1793,.F.);
#2431=ORIENTED_EDGE('',*,*,#1791,.F.);
#2432=ORIENTED_EDGE('',*,*,#1789,.F.);
#2433=ORIENTED_EDGE('',*,*,#1787,.F.);
#2434=ORIENTED_EDGE('',*,*,#1785,.F.);
#2435=ORIENTED_EDGE('',*,*,#1808,.F.);
#2436=ORIENTED_EDGE('',*,*,#1808,.T.);
#2437=ORIENTED_EDGE('',*,*,#1809,.T.);
#2438=ORIENTED_EDGE('',*,*,#1810,.T.);
#2439=ORIENTED_EDGE('',*,*,#1811,.T.);
#2440=ORIENTED_EDGE('',*,*,#1809,.F.);
#2441=ORIENTED_EDGE('',*,*,#1812,.T.);
#2442=ORIENTED_EDGE('',*,*,#1810,.F.);
#2443=ORIENTED_EDGE('',*,*,#1811,.F.);
#2444=ORIENTED_EDGE('',*,*,#1812,.F.);
#2445=ORIENTED_EDGE('',*,*,#1813,.F.);
#2446=ORIENTED_EDGE('',*,*,#1814,.F.);
#2447=ORIENTED_EDGE('',*,*,#1815,.F.);
#2448=ORIENTED_EDGE('',*,*,#1816,.F.);
#2449=ORIENTED_EDGE('',*,*,#1817,.F.);
#2450=ORIENTED_EDGE('',*,*,#1818,.F.);
#2451=ORIENTED_EDGE('',*,*,#1819,.F.);
#2452=ORIENTED_EDGE('',*,*,#1820,.F.);
#2453=ORIENTED_EDGE('',*,*,#1814,.T.);
#2454=ORIENTED_EDGE('',*,*,#1821,.F.);
#2455=ORIENTED_EDGE('',*,*,#1822,.F.);
#2456=ORIENTED_EDGE('',*,*,#1823,.T.);
#2457=ORIENTED_EDGE('',*,*,#1815,.T.);
#2458=ORIENTED_EDGE('',*,*,#1823,.F.);
#2459=ORIENTED_EDGE('',*,*,#1824,.T.);
#2460=ORIENTED_EDGE('',*,*,#1825,.F.);
#2461=ORIENTED_EDGE('',*,*,#1826,.F.);
#2462=ORIENTED_EDGE('',*,*,#1827,.F.);
#2463=ORIENTED_EDGE('',*,*,#1828,.F.);
#2464=ORIENTED_EDGE('',*,*,#1829,.F.);
#2465=ORIENTED_EDGE('',*,*,#1830,.F.);
#2466=ORIENTED_EDGE('',*,*,#1831,.F.);
#2467=ORIENTED_EDGE('',*,*,#1832,.F.);
#2468=ORIENTED_EDGE('',*,*,#1833,.F.);
#2469=ORIENTED_EDGE('',*,*,#1834,.F.);
#2470=ORIENTED_EDGE('',*,*,#1835,.F.);
#2471=ORIENTED_EDGE('',*,*,#1836,.T.);
#2472=ORIENTED_EDGE('',*,*,#1837,.T.);
#2473=ORIENTED_EDGE('',*,*,#1838,.T.);
#2474=ORIENTED_EDGE('',*,*,#1839,.T.);
#2475=ORIENTED_EDGE('',*,*,#1819,.T.);
#2476=ORIENTED_EDGE('',*,*,#1840,.T.);
#2477=ORIENTED_EDGE('',*,*,#1841,.F.);
#2478=ORIENTED_EDGE('',*,*,#1842,.T.);
#2479=ORIENTED_EDGE('',*,*,#1843,.T.);
#2480=ORIENTED_EDGE('',*,*,#1844,.T.);
#2481=ORIENTED_EDGE('',*,*,#1818,.T.);
#2482=ORIENTED_EDGE('',*,*,#1845,.F.);
#2483=ORIENTED_EDGE('',*,*,#1846,.T.);
#2484=ORIENTED_EDGE('',*,*,#1840,.F.);
#2485=ORIENTED_EDGE('',*,*,#1847,.T.);
#2486=ORIENTED_EDGE('',*,*,#1848,.T.);
#2487=ORIENTED_EDGE('',*,*,#1835,.T.);
#2488=ORIENTED_EDGE('',*,*,#1849,.T.);
#2489=ORIENTED_EDGE('',*,*,#1850,.T.);
#2490=ORIENTED_EDGE('',*,*,#1851,.F.);
#2491=ORIENTED_EDGE('',*,*,#1834,.T.);
#2492=ORIENTED_EDGE('',*,*,#1852,.F.);
#2493=ORIENTED_EDGE('',*,*,#1853,.T.);
#2494=ORIENTED_EDGE('',*,*,#1849,.F.);
#2495=ORIENTED_EDGE('',*,*,#1833,.T.);
#2496=ORIENTED_EDGE('',*,*,#1854,.T.);
#2497=ORIENTED_EDGE('',*,*,#1855,.T.);
#2498=ORIENTED_EDGE('',*,*,#1852,.T.);
#2499=ORIENTED_EDGE('',*,*,#1832,.T.);
#2500=ORIENTED_EDGE('',*,*,#1856,.T.);
#2501=ORIENTED_EDGE('',*,*,#1857,.T.);
#2502=ORIENTED_EDGE('',*,*,#1854,.F.);
#2503=ORIENTED_EDGE('',*,*,#1831,.T.);
#2504=ORIENTED_EDGE('',*,*,#1858,.F.);
#2505=ORIENTED_EDGE('',*,*,#1859,.T.);
#2506=ORIENTED_EDGE('',*,*,#1856,.F.);
#2507=ORIENTED_EDGE('',*,*,#1830,.T.);
#2508=ORIENTED_EDGE('',*,*,#1860,.T.);
#2509=ORIENTED_EDGE('',*,*,#1861,.T.);
#2510=ORIENTED_EDGE('',*,*,#1858,.T.);
#2511=ORIENTED_EDGE('',*,*,#1829,.T.);
#2512=ORIENTED_EDGE('',*,*,#1862,.F.);
#2513=ORIENTED_EDGE('',*,*,#1863,.T.);
#2514=ORIENTED_EDGE('',*,*,#1860,.F.);
#2515=ORIENTED_EDGE('',*,*,#1828,.T.);
#2516=ORIENTED_EDGE('',*,*,#1864,.F.);
#2517=ORIENTED_EDGE('',*,*,#1865,.T.);
#2518=ORIENTED_EDGE('',*,*,#1862,.T.);
#2519=ORIENTED_EDGE('',*,*,#1827,.T.);
#2520=ORIENTED_EDGE('',*,*,#1866,.T.);
#2521=ORIENTED_EDGE('',*,*,#1867,.T.);
#2522=ORIENTED_EDGE('',*,*,#1864,.T.);
#2523=ORIENTED_EDGE('',*,*,#1826,.T.);
#2524=ORIENTED_EDGE('',*,*,#1868,.F.);
#2525=ORIENTED_EDGE('',*,*,#1869,.T.);
#2526=ORIENTED_EDGE('',*,*,#1866,.F.);
#2527=ORIENTED_EDGE('',*,*,#1825,.T.);
#2528=ORIENTED_EDGE('',*,*,#1870,.F.);
#2529=ORIENTED_EDGE('',*,*,#1871,.T.);
#2530=ORIENTED_EDGE('',*,*,#1868,.T.);
#2531=ORIENTED_EDGE('',*,*,#1813,.T.);
#2532=ORIENTED_EDGE('',*,*,#1872,.T.);
#2533=ORIENTED_EDGE('',*,*,#1873,.F.);
#2534=ORIENTED_EDGE('',*,*,#1874,.F.);
#2535=ORIENTED_EDGE('',*,*,#1875,.T.);
#2536=ORIENTED_EDGE('',*,*,#1845,.T.);
#2537=ORIENTED_EDGE('',*,*,#1817,.T.);
#2538=ORIENTED_EDGE('',*,*,#1876,.F.);
#2539=ORIENTED_EDGE('',*,*,#1877,.T.);
#2540=ORIENTED_EDGE('',*,*,#1878,.F.);
#2541=ORIENTED_EDGE('',*,*,#1879,.T.);
#2542=ORIENTED_EDGE('',*,*,#1850,.F.);
#2543=ORIENTED_EDGE('',*,*,#1853,.F.);
#2544=ORIENTED_EDGE('',*,*,#1855,.F.);
#2545=ORIENTED_EDGE('',*,*,#1857,.F.);
#2546=ORIENTED_EDGE('',*,*,#1859,.F.);
#2547=ORIENTED_EDGE('',*,*,#1861,.F.);
#2548=ORIENTED_EDGE('',*,*,#1863,.F.);
#2549=ORIENTED_EDGE('',*,*,#1865,.F.);
#2550=ORIENTED_EDGE('',*,*,#1867,.F.);
#2551=ORIENTED_EDGE('',*,*,#1869,.F.);
#2552=ORIENTED_EDGE('',*,*,#1871,.F.);
#2553=ORIENTED_EDGE('',*,*,#1880,.T.);
#2554=ORIENTED_EDGE('',*,*,#1821,.T.);
#2555=ORIENTED_EDGE('',*,*,#1836,.F.);
#2556=ORIENTED_EDGE('',*,*,#1851,.T.);
#2557=ORIENTED_EDGE('',*,*,#1879,.F.);
#2558=ORIENTED_EDGE('',*,*,#1881,.T.);
#2559=ORIENTED_EDGE('',*,*,#1824,.F.);
#2560=ORIENTED_EDGE('',*,*,#1822,.T.);
#2561=ORIENTED_EDGE('',*,*,#1880,.F.);
#2562=ORIENTED_EDGE('',*,*,#1870,.T.);
#2563=ORIENTED_EDGE('',*,*,#1837,.F.);
#2564=ORIENTED_EDGE('',*,*,#1881,.F.);
#2565=ORIENTED_EDGE('',*,*,#1878,.T.);
#2566=ORIENTED_EDGE('',*,*,#1882,.F.);
#2567=ORIENTED_EDGE('',*,*,#1877,.F.);
#2568=ORIENTED_EDGE('',*,*,#1883,.T.);
#2569=ORIENTED_EDGE('',*,*,#1838,.F.);
#2570=ORIENTED_EDGE('',*,*,#1882,.T.);
#2571=ORIENTED_EDGE('',*,*,#1820,.T.);
#2572=ORIENTED_EDGE('',*,*,#1839,.F.);
#2573=ORIENTED_EDGE('',*,*,#1883,.F.);
#2574=ORIENTED_EDGE('',*,*,#1876,.T.);
#2575=ORIENTED_EDGE('',*,*,#1884,.T.);
#2576=ORIENTED_EDGE('',*,*,#1841,.T.);
#2577=ORIENTED_EDGE('',*,*,#1846,.F.);
#2578=ORIENTED_EDGE('',*,*,#1875,.F.);
#2579=ORIENTED_EDGE('',*,*,#1874,.T.);
#2580=ORIENTED_EDGE('',*,*,#1885,.T.);
#2581=ORIENTED_EDGE('',*,*,#1842,.F.);
#2582=ORIENTED_EDGE('',*,*,#1884,.F.);
#2583=ORIENTED_EDGE('',*,*,#1885,.F.);
#2584=ORIENTED_EDGE('',*,*,#1873,.T.);
#2585=ORIENTED_EDGE('',*,*,#1886,.T.);
#2586=ORIENTED_EDGE('',*,*,#1843,.F.);
#2587=ORIENTED_EDGE('',*,*,#1816,.T.);
#2588=ORIENTED_EDGE('',*,*,#1844,.F.);
#2589=ORIENTED_EDGE('',*,*,#1886,.F.);
#2590=ORIENTED_EDGE('',*,*,#1872,.F.);
#2591=ORIENTED_EDGE('',*,*,#1887,.T.);
#2592=ORIENTED_EDGE('',*,*,#1888,.T.);
#2593=ORIENTED_EDGE('',*,*,#1889,.F.);
#2594=ORIENTED_EDGE('',*,*,#1890,.T.);
#2595=ORIENTED_EDGE('',*,*,#1848,.F.);
#2596=ORIENTED_EDGE('',*,*,#1890,.F.);
#2597=ORIENTED_EDGE('',*,*,#1891,.F.);
#2598=ORIENTED_EDGE('',*,*,#1892,.T.);
#2599=ORIENTED_EDGE('',*,*,#1847,.F.);
#2600=ORIENTED_EDGE('',*,*,#1892,.F.);
#2601=ORIENTED_EDGE('',*,*,#1893,.F.);
#2602=ORIENTED_EDGE('',*,*,#1894,.T.);
#2603=ORIENTED_EDGE('',*,*,#1887,.F.);
#2604=ORIENTED_EDGE('',*,*,#1894,.F.);
#2605=ORIENTED_EDGE('',*,*,#1895,.F.);
#2606=ORIENTED_EDGE('',*,*,#1896,.T.);
#2607=ORIENTED_EDGE('',*,*,#1888,.F.);
#2608=ORIENTED_EDGE('',*,*,#1896,.F.);
#2609=ORIENTED_EDGE('',*,*,#1897,.T.);
#2610=ORIENTED_EDGE('',*,*,#1889,.T.);
#2611=ORIENTED_EDGE('',*,*,#1897,.F.);
#2612=ORIENTED_EDGE('',*,*,#1898,.T.);
#2613=ORIENTED_EDGE('',*,*,#1891,.T.);
#2614=ORIENTED_EDGE('',*,*,#1898,.F.);
#2615=ORIENTED_EDGE('',*,*,#1899,.T.);
#2616=ORIENTED_EDGE('',*,*,#1893,.T.);
#2617=ORIENTED_EDGE('',*,*,#1899,.F.);
#2618=ORIENTED_EDGE('',*,*,#1900,.T.);
#2619=ORIENTED_EDGE('',*,*,#1895,.T.);
#2620=ORIENTED_EDGE('',*,*,#1900,.F.);
#2621=ORIENTED_EDGE('',*,*,#1901,.T.);
#2622=ORIENTED_EDGE('',*,*,#1902,.F.);
#2623=ORIENTED_EDGE('',*,*,#1903,.F.);
#2624=ORIENTED_EDGE('',*,*,#1904,.F.);
#2625=ORIENTED_EDGE('',*,*,#1905,.F.);
#2626=ORIENTED_EDGE('',*,*,#1906,.F.);
#2627=ORIENTED_EDGE('',*,*,#1907,.F.);
#2628=ORIENTED_EDGE('',*,*,#1908,.F.);
#2629=ORIENTED_EDGE('',*,*,#1909,.F.);
#2630=ORIENTED_EDGE('',*,*,#1910,.F.);
#2631=ORIENTED_EDGE('',*,*,#1911,.F.);
#2632=ORIENTED_EDGE('',*,*,#1912,.F.);
#2633=ORIENTED_EDGE('',*,*,#1913,.F.);
#2634=ORIENTED_EDGE('',*,*,#1914,.F.);
#2635=ORIENTED_EDGE('',*,*,#1915,.F.);
#2636=ORIENTED_EDGE('',*,*,#1916,.F.);
#2637=ORIENTED_EDGE('',*,*,#1917,.T.);
#2638=ORIENTED_EDGE('',*,*,#1918,.F.);
#2639=ORIENTED_EDGE('',*,*,#1919,.T.);
#2640=ORIENTED_EDGE('',*,*,#1901,.F.);
#2641=ORIENTED_EDGE('',*,*,#1920,.F.);
#2642=ORIENTED_EDGE('',*,*,#1921,.F.);
#2643=ORIENTED_EDGE('',*,*,#1922,.F.);
#2644=ORIENTED_EDGE('',*,*,#1923,.F.);
#2645=ORIENTED_EDGE('',*,*,#1920,.T.);
#2646=ORIENTED_EDGE('',*,*,#1918,.T.);
#2647=ORIENTED_EDGE('',*,*,#1924,.T.);
#2648=ORIENTED_EDGE('',*,*,#1925,.T.);
#2649=ORIENTED_EDGE('',*,*,#1926,.T.);
#2650=ORIENTED_EDGE('',*,*,#1927,.T.);
#2651=ORIENTED_EDGE('',*,*,#1928,.T.);
#2652=ORIENTED_EDGE('',*,*,#1921,.T.);
#2653=ORIENTED_EDGE('',*,*,#1923,.T.);
#2654=ORIENTED_EDGE('',*,*,#1929,.T.);
#2655=ORIENTED_EDGE('',*,*,#1930,.T.);
#2656=ORIENTED_EDGE('',*,*,#1931,.T.);
#2657=ORIENTED_EDGE('',*,*,#1932,.T.);
#2658=ORIENTED_EDGE('',*,*,#1933,.T.);
#2659=ORIENTED_EDGE('',*,*,#1934,.T.);
#2660=ORIENTED_EDGE('',*,*,#1935,.F.);
#2661=ORIENTED_EDGE('',*,*,#1936,.T.);
#2662=ORIENTED_EDGE('',*,*,#1937,.F.);
#2663=ORIENTED_EDGE('',*,*,#1938,.T.);
#2664=ORIENTED_EDGE('',*,*,#1939,.T.);
#2665=ORIENTED_EDGE('',*,*,#1940,.T.);
#2666=ORIENTED_EDGE('',*,*,#1928,.F.);
#2667=ORIENTED_EDGE('',*,*,#1941,.F.);
#2668=ORIENTED_EDGE('',*,*,#1902,.T.);
#2669=ORIENTED_EDGE('',*,*,#1922,.T.);
#2670=ORIENTED_EDGE('',*,*,#1932,.F.);
#2671=ORIENTED_EDGE('',*,*,#1942,.F.);
#2672=ORIENTED_EDGE('',*,*,#1914,.T.);
#2673=ORIENTED_EDGE('',*,*,#1943,.F.);
#2674=ORIENTED_EDGE('',*,*,#1931,.F.);
#2675=ORIENTED_EDGE('',*,*,#1944,.T.);
#2676=ORIENTED_EDGE('',*,*,#1915,.T.);
#2677=ORIENTED_EDGE('',*,*,#1942,.T.);
#2678=ORIENTED_EDGE('',*,*,#1930,.F.);
#2679=ORIENTED_EDGE('',*,*,#1945,.T.);
#2680=ORIENTED_EDGE('',*,*,#1916,.T.);
#2681=ORIENTED_EDGE('',*,*,#1944,.F.);
#2682=ORIENTED_EDGE('',*,*,#1927,.F.);
#2683=ORIENTED_EDGE('',*,*,#1946,.T.);
#2684=ORIENTED_EDGE('',*,*,#1903,.T.);
#2685=ORIENTED_EDGE('',*,*,#1941,.T.);
#2686=ORIENTED_EDGE('',*,*,#1926,.F.);
#2687=ORIENTED_EDGE('',*,*,#1947,.F.);
#2688=ORIENTED_EDGE('',*,*,#1904,.T.);
#2689=ORIENTED_EDGE('',*,*,#1946,.F.);
#2690=ORIENTED_EDGE('',*,*,#1925,.F.);
#2691=ORIENTED_EDGE('',*,*,#1948,.F.);
#2692=ORIENTED_EDGE('',*,*,#1905,.T.);
#2693=ORIENTED_EDGE('',*,*,#1947,.T.);
#2694=ORIENTED_EDGE('',*,*,#1906,.T.);
#2695=ORIENTED_EDGE('',*,*,#1948,.T.);
#2696=ORIENTED_EDGE('',*,*,#1940,.F.);
#2697=ORIENTED_EDGE('',*,*,#1949,.T.);
#2698=ORIENTED_EDGE('',*,*,#1907,.T.);
#2699=ORIENTED_EDGE('',*,*,#1949,.F.);
#2700=ORIENTED_EDGE('',*,*,#1939,.F.);
#2701=ORIENTED_EDGE('',*,*,#1950,.F.);
#2702=ORIENTED_EDGE('',*,*,#1908,.T.);
#2703=ORIENTED_EDGE('',*,*,#1950,.T.);
#2704=ORIENTED_EDGE('',*,*,#1938,.F.);
#2705=ORIENTED_EDGE('',*,*,#1951,.T.);
#2706=ORIENTED_EDGE('',*,*,#1909,.T.);
#2707=ORIENTED_EDGE('',*,*,#1951,.F.);
#2708=ORIENTED_EDGE('',*,*,#1937,.T.);
#2709=ORIENTED_EDGE('',*,*,#1952,.F.);
#2710=ORIENTED_EDGE('',*,*,#1910,.T.);
#2711=ORIENTED_EDGE('',*,*,#1952,.T.);
#2712=ORIENTED_EDGE('',*,*,#1936,.F.);
#2713=ORIENTED_EDGE('',*,*,#1953,.T.);
#2714=ORIENTED_EDGE('',*,*,#1911,.T.);
#2715=ORIENTED_EDGE('',*,*,#1953,.F.);
#2716=ORIENTED_EDGE('',*,*,#1935,.T.);
#2717=ORIENTED_EDGE('',*,*,#1954,.F.);
#2718=ORIENTED_EDGE('',*,*,#1912,.T.);
#2719=ORIENTED_EDGE('',*,*,#1954,.T.);
#2720=ORIENTED_EDGE('',*,*,#1934,.F.);
#2721=ORIENTED_EDGE('',*,*,#1955,.T.);
#2722=ORIENTED_EDGE('',*,*,#1933,.F.);
#2723=ORIENTED_EDGE('',*,*,#1943,.T.);
#2724=ORIENTED_EDGE('',*,*,#1913,.T.);
#2725=ORIENTED_EDGE('',*,*,#1955,.F.);
#2726=ORIENTED_EDGE('',*,*,#1917,.F.);
#2727=ORIENTED_EDGE('',*,*,#1945,.F.);
#2728=ORIENTED_EDGE('',*,*,#1929,.F.);
#2729=ORIENTED_EDGE('',*,*,#1924,.F.);
#2730=ORIENTED_EDGE('',*,*,#1956,.F.);
#2731=ORIENTED_EDGE('',*,*,#1957,.T.);
#2732=ORIENTED_EDGE('',*,*,#1919,.F.);
#2733=ORIENTED_EDGE('',*,*,#1957,.F.);
#2734=ORIENTED_EDGE('',*,*,#1958,.T.);
#2735=ORIENTED_EDGE('',*,*,#1956,.T.);
#2736=ORIENTED_EDGE('',*,*,#1958,.F.);
#2737=ORIENTED_EDGE('',*,*,#1959,.F.);
#2738=ORIENTED_EDGE('',*,*,#1960,.F.);
#2739=ORIENTED_EDGE('',*,*,#1961,.F.);
#2740=ORIENTED_EDGE('',*,*,#1959,.T.);
#2741=ORIENTED_EDGE('',*,*,#1962,.F.);
#2742=ORIENTED_EDGE('',*,*,#1963,.F.);
#2743=ORIENTED_EDGE('',*,*,#1964,.F.);
#2744=ORIENTED_EDGE('',*,*,#1965,.F.);
#2745=ORIENTED_EDGE('',*,*,#1966,.T.);
#2746=ORIENTED_EDGE('',*,*,#1967,.T.);
#2747=ORIENTED_EDGE('',*,*,#1962,.T.);
#2748=ORIENTED_EDGE('',*,*,#1961,.T.);
#2749=ORIENTED_EDGE('',*,*,#1968,.F.);
#2750=ORIENTED_EDGE('',*,*,#1969,.T.);
#2751=ORIENTED_EDGE('',*,*,#1968,.T.);
#2752=ORIENTED_EDGE('',*,*,#1960,.T.);
#2753=ORIENTED_EDGE('',*,*,#1966,.F.);
#2754=ORIENTED_EDGE('',*,*,#1963,.T.);
#2755=ORIENTED_EDGE('',*,*,#1970,.T.);
#2756=ORIENTED_EDGE('',*,*,#1971,.F.);
#2757=ORIENTED_EDGE('',*,*,#1972,.F.);
#2758=ORIENTED_EDGE('',*,*,#1973,.T.);
#2759=ORIENTED_EDGE('',*,*,#1974,.T.);
#2760=ORIENTED_EDGE('',*,*,#1975,.T.);
#2761=ORIENTED_EDGE('',*,*,#1976,.T.);
#2762=ORIENTED_EDGE('',*,*,#1964,.T.);
#2763=ORIENTED_EDGE('',*,*,#1972,.T.);
#2764=ORIENTED_EDGE('',*,*,#1977,.T.);
#2765=ORIENTED_EDGE('',*,*,#1978,.T.);
#2766=ORIENTED_EDGE('',*,*,#1979,.T.);
#2767=ORIENTED_EDGE('',*,*,#1980,.T.);
#2768=ORIENTED_EDGE('',*,*,#1981,.T.);
#2769=ORIENTED_EDGE('',*,*,#1982,.T.);
#2770=ORIENTED_EDGE('',*,*,#1983,.T.);
#2771=ORIENTED_EDGE('',*,*,#1984,.T.);
#2772=ORIENTED_EDGE('',*,*,#1985,.T.);
#2773=ORIENTED_EDGE('',*,*,#1986,.T.);
#2774=ORIENTED_EDGE('',*,*,#1987,.T.);
#2775=ORIENTED_EDGE('',*,*,#1988,.T.);
#2776=ORIENTED_EDGE('',*,*,#1989,.T.);
#2777=ORIENTED_EDGE('',*,*,#1990,.T.);
#2778=ORIENTED_EDGE('',*,*,#1991,.T.);
#2779=ORIENTED_EDGE('',*,*,#1965,.T.);
#2780=ORIENTED_EDGE('',*,*,#1976,.F.);
#2781=ORIENTED_EDGE('',*,*,#1967,.F.);
#2782=ORIENTED_EDGE('',*,*,#1992,.T.);
#2783=ORIENTED_EDGE('',*,*,#1993,.F.);
#2784=ORIENTED_EDGE('',*,*,#1994,.F.);
#2785=ORIENTED_EDGE('',*,*,#1970,.F.);
#2786=ORIENTED_EDGE('',*,*,#1995,.F.);
#2787=ORIENTED_EDGE('',*,*,#1996,.T.);
#2788=ORIENTED_EDGE('',*,*,#1997,.F.);
#2789=ORIENTED_EDGE('',*,*,#1992,.F.);
#2790=ORIENTED_EDGE('',*,*,#1969,.F.);
#2791=ORIENTED_EDGE('',*,*,#1991,.F.);
#2792=ORIENTED_EDGE('',*,*,#1998,.T.);
#2793=ORIENTED_EDGE('',*,*,#1999,.T.);
#2794=ORIENTED_EDGE('',*,*,#1977,.F.);
#2795=ORIENTED_EDGE('',*,*,#1971,.T.);
#2796=ORIENTED_EDGE('',*,*,#1989,.F.);
#2797=ORIENTED_EDGE('',*,*,#2000,.T.);
#2798=ORIENTED_EDGE('',*,*,#2001,.T.);
#2799=ORIENTED_EDGE('',*,*,#2000,.F.);
#2800=ORIENTED_EDGE('',*,*,#2002,.T.);
#2801=ORIENTED_EDGE('',*,*,#2003,.T.);
#2802=ORIENTED_EDGE('',*,*,#1973,.F.);
#2803=ORIENTED_EDGE('',*,*,#2004,.T.);
#2804=ORIENTED_EDGE('',*,*,#2005,.T.);
#2805=ORIENTED_EDGE('',*,*,#1974,.F.);
#2806=ORIENTED_EDGE('',*,*,#2003,.F.);
#2807=ORIENTED_EDGE('',*,*,#2006,.T.);
#2808=ORIENTED_EDGE('',*,*,#2007,.T.);
#2809=ORIENTED_EDGE('',*,*,#2008,.F.);
#2810=ORIENTED_EDGE('',*,*,#1990,.F.);
#2811=ORIENTED_EDGE('',*,*,#1975,.F.);
#2812=ORIENTED_EDGE('',*,*,#2005,.F.);
#2813=ORIENTED_EDGE('',*,*,#2009,.T.);
#2814=ORIENTED_EDGE('',*,*,#2010,.T.);
#2815=ORIENTED_EDGE('',*,*,#2011,.T.);
#2816=ORIENTED_EDGE('',*,*,#1978,.F.);
#2817=ORIENTED_EDGE('',*,*,#1999,.F.);
#2818=ORIENTED_EDGE('',*,*,#2012,.T.);
#2819=ORIENTED_EDGE('',*,*,#2013,.F.);
#2820=ORIENTED_EDGE('',*,*,#1979,.F.);
#2821=ORIENTED_EDGE('',*,*,#2011,.F.);
#2822=ORIENTED_EDGE('',*,*,#2014,.T.);
#2823=ORIENTED_EDGE('',*,*,#2015,.T.);
#2824=ORIENTED_EDGE('',*,*,#1980,.F.);
#2825=ORIENTED_EDGE('',*,*,#2013,.T.);
#2826=ORIENTED_EDGE('',*,*,#2016,.T.);
#2827=ORIENTED_EDGE('',*,*,#2017,.T.);
#2828=ORIENTED_EDGE('',*,*,#1981,.F.);
#2829=ORIENTED_EDGE('',*,*,#2015,.F.);
#2830=ORIENTED_EDGE('',*,*,#2018,.T.);
#2831=ORIENTED_EDGE('',*,*,#2019,.T.);
#2832=ORIENTED_EDGE('',*,*,#1982,.F.);
#2833=ORIENTED_EDGE('',*,*,#2017,.F.);
#2834=ORIENTED_EDGE('',*,*,#2020,.T.);
#2835=ORIENTED_EDGE('',*,*,#2021,.T.);
#2836=ORIENTED_EDGE('',*,*,#1983,.F.);
#2837=ORIENTED_EDGE('',*,*,#2019,.F.);
#2838=ORIENTED_EDGE('',*,*,#2022,.T.);
#2839=ORIENTED_EDGE('',*,*,#2023,.T.);
#2840=ORIENTED_EDGE('',*,*,#1984,.F.);
#2841=ORIENTED_EDGE('',*,*,#2021,.F.);
#2842=ORIENTED_EDGE('',*,*,#2024,.T.);
#2843=ORIENTED_EDGE('',*,*,#2025,.T.);
#2844=ORIENTED_EDGE('',*,*,#1985,.F.);
#2845=ORIENTED_EDGE('',*,*,#2023,.F.);
#2846=ORIENTED_EDGE('',*,*,#2026,.T.);
#2847=ORIENTED_EDGE('',*,*,#2027,.T.);
#2848=ORIENTED_EDGE('',*,*,#1986,.F.);
#2849=ORIENTED_EDGE('',*,*,#2025,.F.);
#2850=ORIENTED_EDGE('',*,*,#2028,.T.);
#2851=ORIENTED_EDGE('',*,*,#2029,.F.);
#2852=ORIENTED_EDGE('',*,*,#1987,.F.);
#2853=ORIENTED_EDGE('',*,*,#2027,.F.);
#2854=ORIENTED_EDGE('',*,*,#2030,.T.);
#2855=ORIENTED_EDGE('',*,*,#2004,.F.);
#2856=ORIENTED_EDGE('',*,*,#1988,.F.);
#2857=ORIENTED_EDGE('',*,*,#2029,.T.);
#2858=ORIENTED_EDGE('',*,*,#2031,.T.);
#2859=ORIENTED_EDGE('',*,*,#2032,.T.);
#2860=ORIENTED_EDGE('',*,*,#2033,.T.);
#2861=ORIENTED_EDGE('',*,*,#2034,.T.);
#2862=ORIENTED_EDGE('',*,*,#2035,.T.);
#2863=ORIENTED_EDGE('',*,*,#2036,.T.);
#2864=ORIENTED_EDGE('',*,*,#2037,.T.);
#2865=ORIENTED_EDGE('',*,*,#2038,.T.);
#2866=ORIENTED_EDGE('',*,*,#2039,.T.);
#2867=ORIENTED_EDGE('',*,*,#2040,.T.);
#2868=ORIENTED_EDGE('',*,*,#2041,.F.);
#2869=ORIENTED_EDGE('',*,*,#2042,.T.);
#2870=ORIENTED_EDGE('',*,*,#2043,.T.);
#2871=ORIENTED_EDGE('',*,*,#1993,.T.);
#2872=ORIENTED_EDGE('',*,*,#1997,.T.);
#2873=ORIENTED_EDGE('',*,*,#2044,.T.);
#2874=ORIENTED_EDGE('',*,*,#2045,.F.);
#2875=ORIENTED_EDGE('',*,*,#2046,.T.);
#2876=ORIENTED_EDGE('',*,*,#2047,.T.);
#2877=ORIENTED_EDGE('',*,*,#2048,.T.);
#2878=ORIENTED_EDGE('',*,*,#2049,.F.);
#2879=ORIENTED_EDGE('',*,*,#1994,.T.);
#2880=ORIENTED_EDGE('',*,*,#2043,.F.);
#2881=ORIENTED_EDGE('',*,*,#2050,.T.);
#2882=ORIENTED_EDGE('',*,*,#1995,.T.);
#2883=ORIENTED_EDGE('',*,*,#2008,.T.);
#2884=ORIENTED_EDGE('',*,*,#2051,.T.);
#2885=ORIENTED_EDGE('',*,*,#2052,.F.);
#2886=ORIENTED_EDGE('',*,*,#2006,.F.);
#2887=ORIENTED_EDGE('',*,*,#2053,.T.);
#2888=ORIENTED_EDGE('',*,*,#2044,.F.);
#2889=ORIENTED_EDGE('',*,*,#1996,.F.);
#2890=ORIENTED_EDGE('',*,*,#2054,.F.);
#2891=ORIENTED_EDGE('',*,*,#2055,.T.);
#2892=ORIENTED_EDGE('',*,*,#1998,.F.);
#2893=ORIENTED_EDGE('',*,*,#2050,.F.);
#2894=ORIENTED_EDGE('',*,*,#2042,.F.);
#2895=ORIENTED_EDGE('',*,*,#2001,.F.);
#2896=ORIENTED_EDGE('',*,*,#2056,.T.);
#2897=ORIENTED_EDGE('',*,*,#2057,.T.);
#2898=ORIENTED_EDGE('',*,*,#2002,.F.);
#2899=ORIENTED_EDGE('',*,*,#2058,.F.);
#2900=ORIENTED_EDGE('',*,*,#2046,.F.);
#2901=ORIENTED_EDGE('',*,*,#2007,.F.);
#2902=ORIENTED_EDGE('',*,*,#2059,.F.);
#2903=ORIENTED_EDGE('',*,*,#2051,.F.);
#2904=ORIENTED_EDGE('',*,*,#2054,.T.);
#2905=ORIENTED_EDGE('',*,*,#2052,.T.);
#2906=ORIENTED_EDGE('',*,*,#2059,.T.);
#2907=ORIENTED_EDGE('',*,*,#2009,.F.);
#2908=ORIENTED_EDGE('',*,*,#2060,.F.);
#2909=ORIENTED_EDGE('',*,*,#2010,.F.);
#2910=ORIENTED_EDGE('',*,*,#2061,.T.);
#2911=ORIENTED_EDGE('',*,*,#2040,.F.);
#2912=ORIENTED_EDGE('',*,*,#2060,.T.);
#2913=ORIENTED_EDGE('',*,*,#2039,.F.);
#2914=ORIENTED_EDGE('',*,*,#2062,.F.);
#2915=ORIENTED_EDGE('',*,*,#2012,.F.);
#2916=ORIENTED_EDGE('',*,*,#2062,.T.);
#2917=ORIENTED_EDGE('',*,*,#2038,.F.);
#2918=ORIENTED_EDGE('',*,*,#2063,.F.);
#2919=ORIENTED_EDGE('',*,*,#2014,.F.);
#2920=ORIENTED_EDGE('',*,*,#2063,.T.);
#2921=ORIENTED_EDGE('',*,*,#2037,.F.);
#2922=ORIENTED_EDGE('',*,*,#2064,.F.);
#2923=ORIENTED_EDGE('',*,*,#2016,.F.);
#2924=ORIENTED_EDGE('',*,*,#2064,.T.);
#2925=ORIENTED_EDGE('',*,*,#2036,.F.);
#2926=ORIENTED_EDGE('',*,*,#2065,.F.);
#2927=ORIENTED_EDGE('',*,*,#2018,.F.);
#2928=ORIENTED_EDGE('',*,*,#2066,.T.);
#2929=ORIENTED_EDGE('',*,*,#2020,.F.);
#2930=ORIENTED_EDGE('',*,*,#2065,.T.);
#2931=ORIENTED_EDGE('',*,*,#2035,.F.);
#2932=ORIENTED_EDGE('',*,*,#2067,.F.);
#2933=ORIENTED_EDGE('',*,*,#2022,.F.);
#2934=ORIENTED_EDGE('',*,*,#2066,.F.);
#2935=ORIENTED_EDGE('',*,*,#2034,.F.);
#2936=ORIENTED_EDGE('',*,*,#2067,.T.);
#2937=ORIENTED_EDGE('',*,*,#2033,.F.);
#2938=ORIENTED_EDGE('',*,*,#2068,.F.);
#2939=ORIENTED_EDGE('',*,*,#2024,.F.);
#2940=ORIENTED_EDGE('',*,*,#2068,.T.);
#2941=ORIENTED_EDGE('',*,*,#2032,.F.);
#2942=ORIENTED_EDGE('',*,*,#2069,.F.);
#2943=ORIENTED_EDGE('',*,*,#2026,.F.);
#2944=ORIENTED_EDGE('',*,*,#2069,.T.);
#2945=ORIENTED_EDGE('',*,*,#2031,.F.);
#2946=ORIENTED_EDGE('',*,*,#2070,.F.);
#2947=ORIENTED_EDGE('',*,*,#2028,.F.);
#2948=ORIENTED_EDGE('',*,*,#2070,.T.);
#2949=ORIENTED_EDGE('',*,*,#2048,.F.);
#2950=ORIENTED_EDGE('',*,*,#2071,.F.);
#2951=ORIENTED_EDGE('',*,*,#2030,.F.);
#2952=ORIENTED_EDGE('',*,*,#2071,.T.);
#2953=ORIENTED_EDGE('',*,*,#2047,.F.);
#2954=ORIENTED_EDGE('',*,*,#2058,.T.);
#2955=ORIENTED_EDGE('',*,*,#2053,.F.);
#2956=ORIENTED_EDGE('',*,*,#2057,.F.);
#2957=ORIENTED_EDGE('',*,*,#2045,.T.);
#2958=ORIENTED_EDGE('',*,*,#2061,.F.);
#2959=ORIENTED_EDGE('',*,*,#2055,.F.);
#2960=ORIENTED_EDGE('',*,*,#2041,.T.);
#2961=ORIENTED_EDGE('',*,*,#2049,.T.);
#2962=ORIENTED_EDGE('',*,*,#2072,.T.);
#2963=ORIENTED_EDGE('',*,*,#2056,.F.);
#2964=ORIENTED_EDGE('',*,*,#2072,.F.);
#2965=ORIENTED_EDGE('',*,*,#2073,.F.);
#2966=ORIENTED_EDGE('',*,*,#2074,.T.);
#2967=ORIENTED_EDGE('',*,*,#2075,.T.);
#2968=ORIENTED_EDGE('',*,*,#2076,.F.);
#2969=ORIENTED_EDGE('',*,*,#2077,.F.);
#2970=ORIENTED_EDGE('',*,*,#2078,.T.);
#2971=ORIENTED_EDGE('',*,*,#2079,.T.);
#2972=ORIENTED_EDGE('',*,*,#2074,.F.);
#2973=ORIENTED_EDGE('',*,*,#2080,.F.);
#2974=ORIENTED_EDGE('',*,*,#2081,.T.);
#2975=ORIENTED_EDGE('',*,*,#2082,.T.);
#2976=ORIENTED_EDGE('',*,*,#2078,.F.);
#2977=ORIENTED_EDGE('',*,*,#2083,.F.);
#2978=ORIENTED_EDGE('',*,*,#2084,.T.);
#2979=ORIENTED_EDGE('',*,*,#2085,.T.);
#2980=ORIENTED_EDGE('',*,*,#2081,.F.);
#2981=ORIENTED_EDGE('',*,*,#2086,.F.);
#2982=ORIENTED_EDGE('',*,*,#2087,.T.);
#2983=ORIENTED_EDGE('',*,*,#2088,.T.);
#2984=ORIENTED_EDGE('',*,*,#2084,.F.);
#2985=ORIENTED_EDGE('',*,*,#2089,.F.);
#2986=ORIENTED_EDGE('',*,*,#2076,.T.);
#2987=ORIENTED_EDGE('',*,*,#2090,.T.);
#2988=ORIENTED_EDGE('',*,*,#2087,.F.);
#2989=ORIENTED_EDGE('',*,*,#2090,.F.);
#2990=ORIENTED_EDGE('',*,*,#2075,.F.);
#2991=ORIENTED_EDGE('',*,*,#2079,.F.);
#2992=ORIENTED_EDGE('',*,*,#2082,.F.);
#2993=ORIENTED_EDGE('',*,*,#2085,.F.);
#2994=ORIENTED_EDGE('',*,*,#2088,.F.);
#2995=ORIENTED_EDGE('',*,*,#2091,.T.);
#2996=ORIENTED_EDGE('',*,*,#2092,.T.);
#2997=ORIENTED_EDGE('',*,*,#2093,.F.);
#2998=ORIENTED_EDGE('',*,*,#2092,.F.);
#2999=ORIENTED_EDGE('',*,*,#2094,.F.);
#3000=ORIENTED_EDGE('',*,*,#2095,.T.);
#3001=ORIENTED_EDGE('',*,*,#2093,.T.);
#3002=ORIENTED_EDGE('',*,*,#2095,.F.);
#3003=ORIENTED_EDGE('',*,*,#2094,.T.);
#3004=ORIENTED_EDGE('',*,*,#2096,.F.);
#3005=ORIENTED_EDGE('',*,*,#2097,.F.);
#3006=ORIENTED_EDGE('',*,*,#2098,.T.);
#3007=ORIENTED_EDGE('',*,*,#2096,.T.);
#3008=ORIENTED_EDGE('',*,*,#2098,.F.);
#3009=ORIENTED_EDGE('',*,*,#2097,.T.);
#3010=ORIENTED_EDGE('',*,*,#2091,.F.);
#3011=ORIENTED_EDGE('',*,*,#2073,.T.);
#3012=ORIENTED_EDGE('',*,*,#2089,.T.);
#3013=ORIENTED_EDGE('',*,*,#2086,.T.);
#3014=ORIENTED_EDGE('',*,*,#2083,.T.);
#3015=ORIENTED_EDGE('',*,*,#2080,.T.);
#3016=ORIENTED_EDGE('',*,*,#2077,.T.);
#3017=PLANE('',#3449);
#3018=PLANE('',#3450);
#3019=PLANE('',#3451);
#3020=PLANE('',#3452);
#3021=PLANE('',#3453);
#3022=PLANE('',#3454);
#3023=PLANE('',#3458);
#3024=PLANE('',#3459);
#3025=PLANE('',#3460);
#3026=PLANE('',#3465);
#3027=PLANE('',#3466);
#3028=PLANE('',#3467);
#3029=PLANE('',#3468);
#3030=PLANE('',#3469);
#3031=PLANE('',#3470);
#3032=PLANE('',#3471);
#3033=PLANE('',#3472);
#3034=PLANE('',#3473);
#3035=PLANE('',#3474);
#3036=PLANE('',#3475);
#3037=PLANE('',#3478);
#3038=PLANE('',#3479);
#3039=PLANE('',#3480);
#3040=PLANE('',#3481);
#3041=PLANE('',#3482);
#3042=PLANE('',#3486);
#3043=PLANE('',#3488);
#3044=PLANE('',#3490);
#3045=PLANE('',#3491);
#3046=PLANE('',#3492);
#3047=PLANE('',#3493);
#3048=PLANE('',#3494);
#3049=PLANE('',#3495);
#3050=PLANE('',#3496);
#3051=PLANE('',#3497);
#3052=PLANE('',#3498);
#3053=PLANE('',#3499);
#3054=PLANE('',#3500);
#3055=PLANE('',#3502);
#3056=PLANE('',#3503);
#3057=PLANE('',#3504);
#3058=PLANE('',#3506);
#3059=PLANE('',#3507);
#3060=PLANE('',#3508);
#3061=PLANE('',#3511);
#3062=PLANE('',#3512);
#3063=PLANE('',#3513);
#3064=PLANE('',#3516);
#3065=PLANE('',#3517);
#3066=PLANE('',#3518);
#3067=PLANE('',#3519);
#3068=PLANE('',#3520);
#3069=PLANE('',#3523);
#3070=PLANE('',#3524);
#3071=PLANE('',#3525);
#3072=PLANE('',#3526);
#3073=PLANE('',#3527);
#3074=PLANE('',#3528);
#3075=PLANE('',#3529);
#3076=PLANE('',#3530);
#3077=PLANE('',#3531);
#3078=PLANE('',#3537);
#3079=PLANE('',#3538);
#3080=PLANE('',#3539);
#3081=PLANE('',#3540);
#3082=PLANE('',#3544);
#3083=PLANE('',#3547);
#3084=PLANE('',#3548);
#3085=PLANE('',#3551);
#3086=PLANE('',#3552);
#3087=PLANE('',#3553);
#3088=PLANE('',#3554);
#3089=PLANE('',#3555);
#3090=PLANE('',#3558);
#3091=PLANE('',#3559);
#3092=PLANE('',#3560);
#3093=PLANE('',#3562);
#3094=PLANE('',#3563);
#3095=PLANE('',#3564);
#3096=PLANE('',#3566);
#3097=PLANE('',#3567);
#3098=PLANE('',#3568);
#3099=PLANE('',#3569);
#3100=PLANE('',#3570);
#3101=PLANE('',#3585);
#3102=PLANE('',#3589);
#3103=PLANE('',#3590);
#3104=PLANE('',#3591);
#3105=PLANE('',#3594);
#3106=PLANE('',#3595);
#3107=PLANE('',#3597);
#3108=PLANE('',#3599);
#3109=PLANE('',#3600);
#3110=PLANE('',#3601);
#3111=PLANE('',#3602);
#3112=PLANE('',#3603);
#3113=PLANE('',#3604);
#3114=PLANE('',#3605);
#3115=PLANE('',#3606);
#3116=PLANE('',#3607);
#3117=PLANE('',#3608);
#3118=PLANE('',#3609);
#3119=PLANE('',#3613);
#3120=PLANE('',#3614);
#3121=PLANE('',#3615);
#3122=PLANE('',#3616);
#3123=PLANE('',#3617);
#3124=PLANE('',#3618);
#3125=PLANE('',#3622);
#3126=PLANE('',#3623);
#3127=PLANE('',#3624);
#3128=PLANE('',#3631);
#3129=PLANE('',#3632);
#3130=PLANE('',#3633);
#3131=PLANE('',#3634);
#3132=PLANE('',#3635);
#3133=PLANE('',#3636);
#3134=PLANE('',#3637);
#3135=PLANE('',#3638);
#3136=PLANE('',#3639);
#3137=PLANE('',#3640);
#3138=PLANE('',#3641);
#3139=PLANE('',#3642);
#3140=PLANE('',#3643);
#3141=PLANE('',#3644);
#3142=PLANE('',#3648);
#3143=PLANE('',#3649);
#3144=PLANE('',#3650);
#3145=PLANE('',#3652);
#3146=PLANE('',#3655);
#3147=PLANE('',#3656);
#3148=PLANE('',#3657);
#3149=PLANE('',#3658);
#3150=PLANE('',#3659);
#3151=PLANE('',#3660);
#3152=PLANE('',#3661);
#3153=PLANE('',#3662);
#3154=PLANE('',#3663);
#3155=PLANE('',#3664);
#3156=PLANE('',#3665);
#3157=PLANE('',#3666);
#3158=PLANE('',#3667);
#3159=PLANE('',#3668);
#3160=PLANE('',#3669);
#3161=PLANE('',#3670);
#3162=PLANE('',#3673);
#3163=PLANE('',#3674);
#3164=PLANE('',#3675);
#3165=PLANE('',#3676);
#3166=PLANE('',#3677);
#3167=PLANE('',#3678);
#3168=PLANE('',#3679);
#3169=PLANE('',#3685);
#3170=PLANE('',#3689);
#3171=PLANE('',#3690);
#3172=ADVANCED_FACE('',(#144),#3017,.T.);
#3173=ADVANCED_FACE('',(#145),#3018,.T.);
#3174=ADVANCED_FACE('',(#146),#3019,.T.);
#3175=ADVANCED_FACE('',(#147),#3020,.T.);
#3176=ADVANCED_FACE('',(#148),#3021,.T.);
#3177=ADVANCED_FACE('',(#149,#77),#3022,.F.);
#3178=ADVANCED_FACE('',(#150),#3023,.T.);
#3179=ADVANCED_FACE('',(#151),#3024,.F.);
#3180=ADVANCED_FACE('',(#152),#3025,.F.);
#3181=ADVANCED_FACE('',(#153),#54,.T.);
#3182=ADVANCED_FACE('',(#154),#55,.F.);
#3183=ADVANCED_FACE('',(#155),#3026,.T.);
#3184=ADVANCED_FACE('',(#156),#3027,.T.);
#3185=ADVANCED_FACE('',(#157),#3028,.F.);
#3186=ADVANCED_FACE('',(#158),#3029,.T.);
#3187=ADVANCED_FACE('',(#159),#3030,.F.);
#3188=ADVANCED_FACE('',(#160),#3031,.T.);
#3189=ADVANCED_FACE('',(#161),#3032,.F.);
#3190=ADVANCED_FACE('',(#162),#3033,.T.);
#3191=ADVANCED_FACE('',(#163),#3034,.F.);
#3192=ADVANCED_FACE('',(#164),#3035,.T.);
#3193=ADVANCED_FACE('',(#165),#3036,.T.);
#3194=ADVANCED_FACE('',(#166),#56,.T.);
#3195=ADVANCED_FACE('',(#167),#3037,.T.);
#3196=ADVANCED_FACE('',(#168),#3038,.T.);
#3197=ADVANCED_FACE('',(#169),#3039,.T.);
#3198=ADVANCED_FACE('',(#170),#3040,.F.);
#3199=ADVANCED_FACE('',(#171,#78),#3041,.T.);
#3200=ADVANCED_FACE('',(#172),#3042,.F.);
#3201=ADVANCED_FACE('',(#173),#44,.T.);
#3202=ADVANCED_FACE('',(#174,#79),#3043,.F.);
#3203=ADVANCED_FACE('',(#175),#3044,.F.);
#3204=ADVANCED_FACE('',(#176),#3045,.F.);
#3205=ADVANCED_FACE('',(#177),#3046,.F.);
#3206=ADVANCED_FACE('',(#178),#3047,.F.);
#3207=ADVANCED_FACE('',(#179),#3048,.F.);
#3208=ADVANCED_FACE('',(#180),#3049,.F.);
#3209=ADVANCED_FACE('',(#181),#3050,.F.);
#3210=ADVANCED_FACE('',(#182),#3051,.F.);
#3211=ADVANCED_FACE('',(#183),#3052,.F.);
#3212=ADVANCED_FACE('',(#184),#3053,.F.);
#3213=ADVANCED_FACE('',(#185),#3054,.F.);
#3214=ADVANCED_FACE('',(#186),#45,.T.);
#3215=ADVANCED_FACE('',(#187),#3055,.T.);
#3216=ADVANCED_FACE('',(#188),#3056,.T.);
#3217=ADVANCED_FACE('',(#189),#3057,.T.);
#3218=ADVANCED_FACE('',(#190),#57,.F.);
#3219=ADVANCED_FACE('',(#191),#3058,.F.);
#3220=ADVANCED_FACE('',(#192),#3059,.T.);
#3221=ADVANCED_FACE('',(#193),#3060,.T.);
#3222=ADVANCED_FACE('',(#194),#3061,.F.);
#3223=ADVANCED_FACE('',(#195),#3062,.T.);
#3224=ADVANCED_FACE('',(#196),#3063,.T.);
#3225=ADVANCED_FACE('',(#197),#58,.T.);
#3226=ADVANCED_FACE('',(#198),#3064,.T.);
#3227=ADVANCED_FACE('',(#199),#3065,.T.);
#3228=ADVANCED_FACE('',(#200),#3066,.T.);
#3229=ADVANCED_FACE('',(#201),#3067,.T.);
#3230=ADVANCED_FACE('',(#202),#3068,.T.);
#3231=ADVANCED_FACE('',(#203),#59,.T.);
#3232=ADVANCED_FACE('',(#204),#3069,.T.);
#3233=ADVANCED_FACE('',(#205),#3070,.T.);
#3234=ADVANCED_FACE('',(#206),#3071,.F.);
#3235=ADVANCED_FACE('',(#207),#3072,.T.);
#3236=ADVANCED_FACE('',(#208),#3073,.F.);
#3237=ADVANCED_FACE('',(#209),#3074,.T.);
#3238=ADVANCED_FACE('',(#210),#3075,.F.);
#3239=ADVANCED_FACE('',(#211),#3076,.T.);
#3240=ADVANCED_FACE('',(#212,#80),#3077,.F.);
#3241=ADVANCED_FACE('',(#213),#60,.F.);
#3242=ADVANCED_FACE('',(#214),#46,.F.);
#3243=ADVANCED_FACE('',(#215),#3078,.F.);
#3244=ADVANCED_FACE('',(#216),#3079,.F.);
#3245=ADVANCED_FACE('',(#217),#3080,.T.);
#3246=ADVANCED_FACE('',(#218),#3081,.F.);
#3247=ADVANCED_FACE('',(#219,#81,#82),#3082,.T.);
#3248=ADVANCED_FACE('',(#220),#3083,.T.);
#3249=ADVANCED_FACE('',(#221),#3084,.T.);
#3250=ADVANCED_FACE('',(#222),#61,.T.);
#3251=ADVANCED_FACE('',(#223),#3085,.T.);
#3252=ADVANCED_FACE('',(#224),#3086,.T.);
#3253=ADVANCED_FACE('',(#225),#3087,.T.);
#3254=ADVANCED_FACE('',(#226),#3088,.T.);
#3255=ADVANCED_FACE('',(#227),#3089,.T.);
#3256=ADVANCED_FACE('',(#228),#62,.T.);
#3257=ADVANCED_FACE('',(#229),#3090,.T.);
#3258=ADVANCED_FACE('',(#230),#3091,.T.);
#3259=ADVANCED_FACE('',(#231),#3092,.F.);
#3260=ADVANCED_FACE('',(#232),#3093,.F.);
#3261=ADVANCED_FACE('',(#233),#3094,.F.);
#3262=ADVANCED_FACE('',(#234),#3095,.T.);
#3263=ADVANCED_FACE('',(#235),#63,.F.);
#3264=ADVANCED_FACE('',(#236),#3096,.T.);
#3265=ADVANCED_FACE('',(#237),#3097,.T.);
#3266=ADVANCED_FACE('',(#238),#3098,.T.);
#3267=ADVANCED_FACE('',(#239),#3099,.F.);
#3268=ADVANCED_FACE('',(#240,#83,#84),#3100,.T.);
#3269=ADVANCED_FACE('',(#241),#64,.F.);
#3270=ADVANCED_FACE('',(#242),#65,.F.);
#3271=ADVANCED_FACE('',(#243),#66,.F.);
#3272=ADVANCED_FACE('',(#244),#67,.F.);
#3273=ADVANCED_FACE('',(#245),#47,.F.);
#3274=ADVANCED_FACE('',(#246),#48,.F.);
#3275=ADVANCED_FACE('',(#247),#49,.F.);
#3276=ADVANCED_FACE('',(#248),#50,.F.);
#3277=ADVANCED_FACE('',(#249,#85),#3101,.T.);
#3278=ADVANCED_FACE('',(#250),#3102,.T.);
#3279=ADVANCED_FACE('',(#251),#3103,.T.);
#3280=ADVANCED_FACE('',(#252),#3104,.T.);
#3281=ADVANCED_FACE('',(#253),#3105,.T.);
#3282=ADVANCED_FACE('',(#254),#3106,.T.);
#3283=ADVANCED_FACE('',(#255),#68,.T.);
#3284=ADVANCED_FACE('',(#256),#3107,.T.);
#3285=ADVANCED_FACE('',(#257),#69,.T.);
#3286=ADVANCED_FACE('',(#258),#3108,.T.);
#3287=ADVANCED_FACE('',(#259),#3109,.T.);
#3288=ADVANCED_FACE('',(#260),#3110,.T.);
#3289=ADVANCED_FACE('',(#261),#3111,.F.);
#3290=ADVANCED_FACE('',(#262),#3112,.T.);
#3291=ADVANCED_FACE('',(#263),#3113,.T.);
#3292=ADVANCED_FACE('',(#264),#3114,.F.);
#3293=ADVANCED_FACE('',(#265),#3115,.T.);
#3294=ADVANCED_FACE('',(#266),#3116,.F.);
#3295=ADVANCED_FACE('',(#267),#3117,.T.);
#3296=ADVANCED_FACE('',(#268),#3118,.T.);
#3297=ADVANCED_FACE('',(#269),#70,.F.);
#3298=ADVANCED_FACE('',(#270),#51,.F.);
#3299=ADVANCED_FACE('',(#271),#3119,.F.);
#3300=ADVANCED_FACE('',(#272),#3120,.T.);
#3301=ADVANCED_FACE('',(#273),#3121,.T.);
#3302=ADVANCED_FACE('',(#274),#3122,.T.);
#3303=ADVANCED_FACE('',(#275),#3123,.T.);
#3304=ADVANCED_FACE('',(#276,#86),#3124,.T.);
#3305=ADVANCED_FACE('',(#277),#3125,.T.);
#3306=ADVANCED_FACE('',(#278),#3126,.T.);
#3307=ADVANCED_FACE('',(#279),#3127,.T.);
#3308=ADVANCED_FACE('',(#280),#71,.T.);
#3309=ADVANCED_FACE('',(#281),#72,.F.);
#3310=ADVANCED_FACE('',(#282),#73,.T.);
#3311=ADVANCED_FACE('',(#283),#3128,.T.);
#3312=ADVANCED_FACE('',(#284),#3129,.T.);
#3313=ADVANCED_FACE('',(#285),#3130,.T.);
#3314=ADVANCED_FACE('',(#286),#3131,.T.);
#3315=ADVANCED_FACE('',(#287),#3132,.T.);
#3316=ADVANCED_FACE('',(#288),#3133,.F.);
#3317=ADVANCED_FACE('',(#289),#3134,.T.);
#3318=ADVANCED_FACE('',(#290),#3135,.T.);
#3319=ADVANCED_FACE('',(#291),#3136,.F.);
#3320=ADVANCED_FACE('',(#292),#3137,.T.);
#3321=ADVANCED_FACE('',(#293),#3138,.F.);
#3322=ADVANCED_FACE('',(#294),#3139,.T.);
#3323=ADVANCED_FACE('',(#295),#3140,.T.);
#3324=ADVANCED_FACE('',(#296,#87),#3141,.F.);
#3325=ADVANCED_FACE('',(#297),#3142,.F.);
#3326=ADVANCED_FACE('',(#298),#3143,.T.);
#3327=ADVANCED_FACE('',(#299),#3144,.T.);
#3328=ADVANCED_FACE('',(#300),#52,.T.);
#3329=ADVANCED_FACE('',(#301,#88),#3145,.T.);
#3330=ADVANCED_FACE('',(#302),#53,.T.);
#3331=ADVANCED_FACE('',(#303),#3146,.F.);
#3332=ADVANCED_FACE('',(#304),#3147,.T.);
#3333=ADVANCED_FACE('',(#305),#3148,.T.);
#3334=ADVANCED_FACE('',(#306),#3149,.T.);
#3335=ADVANCED_FACE('',(#307),#3150,.T.);
#3336=ADVANCED_FACE('',(#308),#3151,.T.);
#3337=ADVANCED_FACE('',(#309),#3152,.T.);
#3338=ADVANCED_FACE('',(#310),#3153,.T.);
#3339=ADVANCED_FACE('',(#311),#3154,.T.);
#3340=ADVANCED_FACE('',(#312),#3155,.T.);
#3341=ADVANCED_FACE('',(#313),#3156,.T.);
#3342=ADVANCED_FACE('',(#314),#3157,.T.);
#3343=ADVANCED_FACE('',(#315),#3158,.T.);
#3344=ADVANCED_FACE('',(#316),#3159,.F.);
#3345=ADVANCED_FACE('',(#317),#3160,.T.);
#3346=ADVANCED_FACE('',(#318),#3161,.T.);
#3347=ADVANCED_FACE('',(#319),#74,.F.);
#3348=ADVANCED_FACE('',(#320),#3162,.F.);
#3349=ADVANCED_FACE('',(#321),#3163,.F.);
#3350=ADVANCED_FACE('',(#322),#3164,.F.);
#3351=ADVANCED_FACE('',(#323),#3165,.F.);
#3352=ADVANCED_FACE('',(#324),#3166,.F.);
#3353=ADVANCED_FACE('',(#325),#3167,.F.);
#3354=ADVANCED_FACE('',(#326),#3168,.F.);
#3355=ADVANCED_FACE('',(#327),#23,.F.);
#3356=ADVANCED_FACE('',(#328),#75,.T.);
#3357=ADVANCED_FACE('',(#329,#89),#3169,.T.);
#3358=ADVANCED_FACE('',(#330),#76,.T.);
#3359=ADVANCED_FACE('',(#331),#3170,.T.);
#3360=ADVANCED_FACE('',(#332,#90),#3171,.T.);
#3361=CLOSED_SHELL('',(#3172,#3173,#3174,#3175,#3176,#3177,#3178,#3179,
#3180,#3181,#3182,#3183,#3184,#3185,#3186,#3187,#3188,#3189,#3190,#3191,
#3192,#3193,#3194,#3195,#3196,#3197,#3198,#3199,#3200,#3201,#3202,#3203,
#3204,#3205,#3206,#3207,#3208,#3209,#3210,#3211,#3212,#3213,#3214,#3215,
#3216,#3217,#3218,#3219,#3220));
#3362=CLOSED_SHELL('',(#3221,#3222,#3223,#3224,#3225,#3226,#3227,#3228,
#3229,#3230,#3231,#3232,#3233,#3234,#3235,#3236,#3237,#3238,#3239,#3240,
#3241,#3242));
#3363=CLOSED_SHELL('',(#3243,#3244,#3245,#3246,#3247,#3248,#3249,#3250,
#3251,#3252,#3253,#3254,#3255,#3256,#3257,#3258,#3259,#3260,#3261,#3262,
#3263,#3264,#3265,#3266,#3267,#3268,#3269,#3270,#3271,#3272,#3273,#3274,
#3275,#3276));
#3364=CLOSED_SHELL('',(#3277,#3278,#3279,#3280,#3281,#3282,#3283,#3284,
#3285,#3286,#3287,#3288,#3289,#3290,#3291,#3292,#3293,#3294,#3295,#3296,
#3297,#3298));
#3365=CLOSED_SHELL('',(#3299,#3300,#3301,#3302,#3303,#3304,#3305,#3306,
#3307,#3308,#3309,#3310,#3311,#3312,#3313,#3314,#3315,#3316,#3317,#3318,
#3319,#3320,#3321,#3322,#3323,#3324,#3325,#3326,#3327,#3328,#3329,#3330,
#3331,#3332,#3333,#3334,#3335,#3336,#3337,#3338,#3339,#3340,#3341,#3342,
#3343,#3344,#3345,#3346,#3347));
#3366=CLOSED_SHELL('',(#3348,#3349,#3350,#3351,#3352,#3353,#3354,#3355,
#3356,#3357,#3358,#3359,#3360));
#3367=DERIVED_UNIT_ELEMENT(#3372,1.);
#3368=DERIVED_UNIT_ELEMENT(#5574,-3.);
#3369=DERIVED_UNIT_ELEMENT(#3372,1.);
#3370=DERIVED_UNIT_ELEMENT(#5574,-3.);
#3371=DIMENSIONAL_EXPONENTS(0.,1.,0.,0.,0.,0.,0.);
#3372=(
CONVERSION_BASED_UNIT('gram',#3374)
MASS_UNIT()
NAMED_UNIT(#3371)
);
#3373=(
MASS_UNIT()
NAMED_UNIT(*)
SI_UNIT(.KILO.,.GRAM.)
);
#3374=MASS_MEASURE_WITH_UNIT(MASS_MEASURE(0.001),#3373);
#3375=DERIVED_UNIT((#3367,#3368));
#3376=DERIVED_UNIT((#3369,#3370));
#3377=MEASURE_REPRESENTATION_ITEM('density measure',
POSITIVE_RATIO_MEASURE(1.),#3375);
#3378=MEASURE_REPRESENTATION_ITEM('density measure',
POSITIVE_RATIO_MEASURE(1.),#3376);
#3379=PROPERTY_DEFINITION_REPRESENTATION(#3389,#3383);
#3380=PROPERTY_DEFINITION_REPRESENTATION(#3390,#3384);
#3381=PROPERTY_DEFINITION_REPRESENTATION(#3391,#3385);
#3382=PROPERTY_DEFINITION_REPRESENTATION(#3392,#3386);
#3383=REPRESENTATION('material name',(#3387),#5571);
#3384=REPRESENTATION('density',(#3377),#5571);
#3385=REPRESENTATION('material name',(#3388),#5572);
#3386=REPRESENTATION('density',(#3378),#5572);
#3387=DESCRIPTIVE_REPRESENTATION_ITEM('\X2\4E00822C\X0\','\X2\4E00822C\X0\');
#3388=DESCRIPTIVE_REPRESENTATION_ITEM('\X2\4E00822C\X0\','\X2\4E00822C\X0\');
#3389=PROPERTY_DEFINITION('material property','material name',#5592);
#3390=PROPERTY_DEFINITION('material property','density of part',#5592);
#3391=PROPERTY_DEFINITION('material property','material name',#5593);
#3392=PROPERTY_DEFINITION('material property','density of part',#5593);
#3393=PRESENTATION_STYLE_ASSIGNMENT((#3397));
#3394=PRESENTATION_STYLE_ASSIGNMENT((#3398));
#3395=PRESENTATION_STYLE_ASSIGNMENT((#3399));
#3396=PRESENTATION_STYLE_ASSIGNMENT((#3400));
#3397=SURFACE_STYLE_USAGE(.BOTH.,#3409);
#3398=SURFACE_STYLE_USAGE(.BOTH.,#3410);
#3399=SURFACE_STYLE_USAGE(.BOTH.,#3411);
#3400=SURFACE_STYLE_USAGE(.BOTH.,#3412);
#3401=SURFACE_STYLE_RENDERING_WITH_PROPERTIES($,#3425,(#3405));
#3402=SURFACE_STYLE_RENDERING_WITH_PROPERTIES($,#3426,(#3406));
#3403=SURFACE_STYLE_RENDERING_WITH_PROPERTIES($,#3427,(#3407));
#3404=SURFACE_STYLE_RENDERING_WITH_PROPERTIES($,#3428,(#3408));
#3405=SURFACE_STYLE_TRANSPARENT(0.);
#3406=SURFACE_STYLE_TRANSPARENT(0.);
#3407=SURFACE_STYLE_TRANSPARENT(0.);
#3408=SURFACE_STYLE_TRANSPARENT(0.);
#3409=SURFACE_SIDE_STYLE('',(#3413,#3401));
#3410=SURFACE_SIDE_STYLE('',(#3414,#3402));
#3411=SURFACE_SIDE_STYLE('',(#3415,#3403));
#3412=SURFACE_SIDE_STYLE('',(#3416,#3404));
#3413=SURFACE_STYLE_FILL_AREA(#3417);
#3414=SURFACE_STYLE_FILL_AREA(#3418);
#3415=SURFACE_STYLE_FILL_AREA(#3419);
#3416=SURFACE_STYLE_FILL_AREA(#3420);
#3417=FILL_AREA_STYLE('',(#3421));
#3418=FILL_AREA_STYLE('',(#3422));
#3419=FILL_AREA_STYLE('',(#3423));
#3420=FILL_AREA_STYLE('',(#3424));
#3421=FILL_AREA_STYLE_COLOUR('',#3425);
#3422=FILL_AREA_STYLE_COLOUR('',#3426);
#3423=FILL_AREA_STYLE_COLOUR('',#3427);
#3424=FILL_AREA_STYLE_COLOUR('',#3428);
#3425=COLOUR_RGB('',0.749019607843137,0.749019607843137,0.749019607843137);
#3426=COLOUR_RGB('',0.905882352941176,0.16078431372549,0.16078431372549);
#3427=COLOUR_RGB('',0.0509803921568627,0.615686274509804,0.0509803921568627);
#3428=COLOUR_RGB('',0.956862745098039,0.956862745098039,0.956862745098039);
#3429=DATE_TIME_ROLE('creation_date');
#3430=DATE_TIME_ROLE('creation_date');
#3431=DATE_TIME_ROLE('creation_date');
#3432=APPLIED_DATE_AND_TIME_ASSIGNMENT(#3435,#3429,(#5591));
#3433=APPLIED_DATE_AND_TIME_ASSIGNMENT(#3436,#3430,(#5592));
#3434=APPLIED_DATE_AND_TIME_ASSIGNMENT(#3437,#3431,(#5593));
#3435=DATE_AND_TIME(#3438,#3441);
#3436=DATE_AND_TIME(#3439,#3442);
#3437=DATE_AND_TIME(#3440,#3443);
#3438=CALENDAR_DATE(2026,9,8);
#3439=CALENDAR_DATE(2018,16,3);
#3440=CALENDAR_DATE(2019,27,2);
#3441=LOCAL_TIME(16,38,40.,#3444);
#3442=LOCAL_TIME(0,0,0.,#3445);
#3443=LOCAL_TIME(0,0,0.,#3446);
#3444=COORDINATED_UNIVERSAL_TIME_OFFSET(0,0,.BEHIND.);
#3445=COORDINATED_UNIVERSAL_TIME_OFFSET(0,0,.BEHIND.);
#3446=COORDINATED_UNIVERSAL_TIME_OFFSET(0,0,.BEHIND.);
#3447=AXIS2_PLACEMENT_3D('',#4594,#3694,#3695);
#3448=AXIS2_PLACEMENT_3D('',#4595,#3696,#3697);
#3449=AXIS2_PLACEMENT_3D('',#4596,#3698,#3699);
#3450=AXIS2_PLACEMENT_3D('',#4603,#3703,#3704);
#3451=AXIS2_PLACEMENT_3D('',#4613,#3710,#3711);
#3452=AXIS2_PLACEMENT_3D('',#4617,#3714,#3715);
#3453=AXIS2_PLACEMENT_3D('',#4619,#3717,#3718);
#3454=AXIS2_PLACEMENT_3D('',#4625,#3722,#3723);
#3455=AXIS2_PLACEMENT_3D('',#4627,#3724,#3725);
#3456=AXIS2_PLACEMENT_3D('',#4651,#3737,#3738);
#3457=AXIS2_PLACEMENT_3D('',#4658,#3742,#3743);
#3458=AXIS2_PLACEMENT_3D('',#4659,#3744,#3745);
#3459=AXIS2_PLACEMENT_3D('',#4663,#3748,#3749);
#3460=AXIS2_PLACEMENT_3D('',#4671,#3754,#3755);
#3461=AXIS2_PLACEMENT_3D('',#4675,#3758,#3759);
#3462=AXIS2_PLACEMENT_3D('',#4677,#3760,#3761);
#3463=AXIS2_PLACEMENT_3D('',#4679,#3763,#3764);
#3464=AXIS2_PLACEMENT_3D('',#4682,#3766,#3767);
#3465=AXIS2_PLACEMENT_3D('',#4683,#3768,#3769);
#3466=AXIS2_PLACEMENT_3D('',#4687,#3772,#3773);
#3467=AXIS2_PLACEMENT_3D('',#4691,#3776,#3777);
#3468=AXIS2_PLACEMENT_3D('',#4695,#3780,#3781);
#3469=AXIS2_PLACEMENT_3D('',#4699,#3784,#3785);
#3470=AXIS2_PLACEMENT_3D('',#4703,#3788,#3789);
#3471=AXIS2_PLACEMENT_3D('',#4707,#3792,#3793);
#3472=AXIS2_PLACEMENT_3D('',#4711,#3796,#3797);
#3473=AXIS2_PLACEMENT_3D('',#4715,#3800,#3801);
#3474=AXIS2_PLACEMENT_3D('',#4719,#3804,#3805);
#3475=AXIS2_PLACEMENT_3D('',#4723,#3808,#3809);
#3476=AXIS2_PLACEMENT_3D('',#4727,#3812,#3813);
#3477=AXIS2_PLACEMENT_3D('',#4729,#3814,#3815);
#3478=AXIS2_PLACEMENT_3D('',#4731,#3817,#3818);
#3479=AXIS2_PLACEMENT_3D('',#4735,#3821,#3822);
#3480=AXIS2_PLACEMENT_3D('',#4741,#3826,#3827);
#3481=AXIS2_PLACEMENT_3D('',#4745,#3830,#3831);
#3482=AXIS2_PLACEMENT_3D('',#4750,#3835,#3836);
#3483=AXIS2_PLACEMENT_3D('',#4779,#3850,#3851);
#3484=AXIS2_PLACEMENT_3D('',#4783,#3854,#3855);
#3485=AXIS2_PLACEMENT_3D('',#4785,#3856,#3857);
#3486=AXIS2_PLACEMENT_3D('',#4786,#3858,#3859);
#3487=AXIS2_PLACEMENT_3D('',#4788,#3861,#3862);
#3488=AXIS2_PLACEMENT_3D('',#4790,#3864,#3865);
#3489=AXIS2_PLACEMENT_3D('',#4792,#3866,#3867);
#3490=AXIS2_PLACEMENT_3D('',#4793,#3868,#3869);
#3491=AXIS2_PLACEMENT_3D('',#4796,#3872,#3873);
#3492=AXIS2_PLACEMENT_3D('',#4798,#3875,#3876);
#3493=AXIS2_PLACEMENT_3D('',#4800,#3878,#3879);
#3494=AXIS2_PLACEMENT_3D('',#4802,#3881,#3882);
#3495=AXIS2_PLACEMENT_3D('',#4804,#3884,#3885);
#3496=AXIS2_PLACEMENT_3D('',#4806,#3887,#3888);
#3497=AXIS2_PLACEMENT_3D('',#4808,#3890,#3891);
#3498=AXIS2_PLACEMENT_3D('',#4810,#3893,#3894);
#3499=AXIS2_PLACEMENT_3D('',#4812,#3896,#3897);
#3500=AXIS2_PLACEMENT_3D('',#4814,#3899,#3900);
#3501=AXIS2_PLACEMENT_3D('',#4816,#3902,#3903);
#3502=AXIS2_PLACEMENT_3D('',#4819,#3906,#3907);
#3503=AXIS2_PLACEMENT_3D('',#4821,#3909,#3910);
#3504=AXIS2_PLACEMENT_3D('',#4822,#3911,#3912);
#3505=AXIS2_PLACEMENT_3D('',#4823,#3913,#3914);
#3506=AXIS2_PLACEMENT_3D('',#4825,#3916,#3917);
#3507=AXIS2_PLACEMENT_3D('',#4826,#3918,#3919);
#3508=AXIS2_PLACEMENT_3D('',#4827,#3920,#3921);
#3509=AXIS2_PLACEMENT_3D('',#4836,#3925,#3926);
#3510=AXIS2_PLACEMENT_3D('',#4848,#3932,#3933);
#3511=AXIS2_PLACEMENT_3D('',#4864,#3942,#3943);
#3512=AXIS2_PLACEMENT_3D('',#4870,#3947,#3948);
#3513=AXIS2_PLACEMENT_3D('',#4874,#3951,#3952);
#3514=AXIS2_PLACEMENT_3D('',#4878,#3955,#3956);
#3515=AXIS2_PLACEMENT_3D('',#4880,#3957,#3958);
#3516=AXIS2_PLACEMENT_3D('',#4882,#3960,#3961);
#3517=AXIS2_PLACEMENT_3D('',#4886,#3964,#3965);
#3518=AXIS2_PLACEMENT_3D('',#4890,#3968,#3969);
#3519=AXIS2_PLACEMENT_3D('',#4894,#3972,#3973);
#3520=AXIS2_PLACEMENT_3D('',#4898,#3976,#3977);
#3521=AXIS2_PLACEMENT_3D('',#4902,#3980,#3981);
#3522=AXIS2_PLACEMENT_3D('',#4904,#3982,#3983);
#3523=AXIS2_PLACEMENT_3D('',#4906,#3985,#3986);
#3524=AXIS2_PLACEMENT_3D('',#4910,#3989,#3990);
#3525=AXIS2_PLACEMENT_3D('',#4914,#3993,#3994);
#3526=AXIS2_PLACEMENT_3D('',#4918,#3997,#3998);
#3527=AXIS2_PLACEMENT_3D('',#4922,#4001,#4002);
#3528=AXIS2_PLACEMENT_3D('',#4926,#4005,#4006);
#3529=AXIS2_PLACEMENT_3D('',#4930,#4009,#4010);
#3530=AXIS2_PLACEMENT_3D('',#4934,#4013,#4014);
#3531=AXIS2_PLACEMENT_3D('',#4936,#4016,#4017);
#3532=AXIS2_PLACEMENT_3D('',#4938,#4018,#4019);
#3533=AXIS2_PLACEMENT_3D('',#4939,#4020,#4021);
#3534=AXIS2_PLACEMENT_3D('',#4943,#4023,#4024);
#3535=AXIS2_PLACEMENT_3D('',#4944,#4025,#4026);
#3536=AXIS2_PLACEMENT_3D('',#4945,#4027,#4028);
#3537=AXIS2_PLACEMENT_3D('',#4948,#4030,#4031);
#3538=AXIS2_PLACEMENT_3D('',#4957,#4036,#4037);
#3539=AXIS2_PLACEMENT_3D('',#4966,#4042,#4043);
#3540=AXIS2_PLACEMENT_3D('',#4972,#4047,#4048);
#3541=AXIS2_PLACEMENT_3D('',#4980,#4052,#4053);
#3542=AXIS2_PLACEMENT_3D('',#4992,#4059,#4060);
#3543=AXIS2_PLACEMENT_3D('',#5002,#4065,#4066);
#3544=AXIS2_PLACEMENT_3D('',#5013,#4073,#4074);
#3545=AXIS2_PLACEMENT_3D('',#5018,#4077,#4078);
#3546=AXIS2_PLACEMENT_3D('',#5020,#4079,#4080);
#3547=AXIS2_PLACEMENT_3D('',#5021,#4081,#4082);
#3548=AXIS2_PLACEMENT_3D('',#5027,#4086,#4087);
#3549=AXIS2_PLACEMENT_3D('',#5031,#4090,#4091);
#3550=AXIS2_PLACEMENT_3D('',#5034,#4093,#4094);
#3551=AXIS2_PLACEMENT_3D('',#5035,#4095,#4096);
#3552=AXIS2_PLACEMENT_3D('',#5039,#4099,#4100);
#3553=AXIS2_PLACEMENT_3D('',#5043,#4103,#4104);
#3554=AXIS2_PLACEMENT_3D('',#5047,#4107,#4108);
#3555=AXIS2_PLACEMENT_3D('',#5051,#4111,#4112);
#3556=AXIS2_PLACEMENT_3D('',#5055,#4115,#4116);
#3557=AXIS2_PLACEMENT_3D('',#5058,#4118,#4119);
#3558=AXIS2_PLACEMENT_3D('',#5059,#4120,#4121);
#3559=AXIS2_PLACEMENT_3D('',#5063,#4124,#4125);
#3560=AXIS2_PLACEMENT_3D('',#5067,#4128,#4129);
#3561=AXIS2_PLACEMENT_3D('',#5078,#4135,#4136);
#3562=AXIS2_PLACEMENT_3D('',#5083,#4140,#4141);
#3563=AXIS2_PLACEMENT_3D('',#5085,#4143,#4144);
#3564=AXIS2_PLACEMENT_3D('',#5086,#4145,#4146);
#3565=AXIS2_PLACEMENT_3D('',#5088,#4148,#4149);
#3566=AXIS2_PLACEMENT_3D('',#5090,#4151,#4152);
#3567=AXIS2_PLACEMENT_3D('',#5091,#4153,#4154);
#3568=AXIS2_PLACEMENT_3D('',#5093,#4156,#4157);
#3569=AXIS2_PLACEMENT_3D('',#5095,#4159,#4160);
#3570=AXIS2_PLACEMENT_3D('',#5097,#4162,#4163);
#3571=AXIS2_PLACEMENT_3D('',#5099,#4164,#4165);
#3572=AXIS2_PLACEMENT_3D('',#5101,#4166,#4167);
#3573=AXIS2_PLACEMENT_3D('',#5102,#4168,#4169);
#3574=AXIS2_PLACEMENT_3D('',#5104,#4170,#4171);
#3575=AXIS2_PLACEMENT_3D('',#5106,#4173,#4174);
#3576=AXIS2_PLACEMENT_3D('',#5108,#4175,#4176);
#3577=AXIS2_PLACEMENT_3D('',#5110,#4178,#4179);
#3578=AXIS2_PLACEMENT_3D('',#5112,#4180,#4181);
#3579=AXIS2_PLACEMENT_3D('',#5114,#4183,#4184);
#3580=AXIS2_PLACEMENT_3D('',#5116,#4185,#4186);
#3581=AXIS2_PLACEMENT_3D('',#5118,#4188,#4189);
#3582=AXIS2_PLACEMENT_3D('',#5121,#4191,#4192);
#3583=AXIS2_PLACEMENT_3D('',#5124,#4194,#4195);
#3584=AXIS2_PLACEMENT_3D('',#5127,#4197,#4198);
#3585=AXIS2_PLACEMENT_3D('',#5130,#4200,#4201);
#3586=AXIS2_PLACEMENT_3D('',#5137,#4204,#4205);
#3587=AXIS2_PLACEMENT_3D('',#5161,#4217,#4218);
#3588=AXIS2_PLACEMENT_3D('',#5168,#4222,#4223);
#3589=AXIS2_PLACEMENT_3D('',#5169,#4224,#4225);
#3590=AXIS2_PLACEMENT_3D('',#5175,#4229,#4230);
#3591=AXIS2_PLACEMENT_3D('',#5179,#4233,#4234);
#3592=AXIS2_PLACEMENT_3D('',#5186,#4237,#4238);
#3593=AXIS2_PLACEMENT_3D('',#5193,#4242,#4243);
#3594=AXIS2_PLACEMENT_3D('',#5211,#4253,#4254);
#3595=AXIS2_PLACEMENT_3D('',#5213,#4256,#4257);
#3596=AXIS2_PLACEMENT_3D('',#5216,#4260,#4261);
#3597=AXIS2_PLACEMENT_3D('',#5218,#4263,#4264);
#3598=AXIS2_PLACEMENT_3D('',#5220,#4266,#4267);
#3599=AXIS2_PLACEMENT_3D('',#5222,#4269,#4270);
#3600=AXIS2_PLACEMENT_3D('',#5224,#4272,#4273);
#3601=AXIS2_PLACEMENT_3D('',#5226,#4275,#4276);
#3602=AXIS2_PLACEMENT_3D('',#5228,#4278,#4279);
#3603=AXIS2_PLACEMENT_3D('',#5230,#4281,#4282);
#3604=AXIS2_PLACEMENT_3D('',#5232,#4284,#4285);
#3605=AXIS2_PLACEMENT_3D('',#5234,#4287,#4288);
#3606=AXIS2_PLACEMENT_3D('',#5236,#4290,#4291);
#3607=AXIS2_PLACEMENT_3D('',#5238,#4293,#4294);
#3608=AXIS2_PLACEMENT_3D('',#5240,#4296,#4297);
#3609=AXIS2_PLACEMENT_3D('',#5241,#4298,#4299);
#3610=AXIS2_PLACEMENT_3D('',#5242,#4300,#4301);
#3611=AXIS2_PLACEMENT_3D('',#5244,#4302,#4303);
#3612=AXIS2_PLACEMENT_3D('',#5246,#4305,#4306);
#3613=AXIS2_PLACEMENT_3D('',#5249,#4308,#4309);
#3614=AXIS2_PLACEMENT_3D('',#5256,#4313,#4314);
#3615=AXIS2_PLACEMENT_3D('',#5266,#4320,#4321);
#3616=AXIS2_PLACEMENT_3D('',#5270,#4324,#4325);
#3617=AXIS2_PLACEMENT_3D('',#5272,#4327,#4328);
#3618=AXIS2_PLACEMENT_3D('',#5278,#4332,#4333);
#3619=AXIS2_PLACEMENT_3D('',#5281,#4334,#4335);
#3620=AXIS2_PLACEMENT_3D('',#5288,#4339,#4340);
#3621=AXIS2_PLACEMENT_3D('',#5311,#4352,#4353);
#3622=AXIS2_PLACEMENT_3D('',#5312,#4354,#4355);
#3623=AXIS2_PLACEMENT_3D('',#5316,#4358,#4359);
#3624=AXIS2_PLACEMENT_3D('',#5322,#4363,#4364);
#3625=AXIS2_PLACEMENT_3D('',#5328,#4368,#4369);
#3626=AXIS2_PLACEMENT_3D('',#5330,#4370,#4371);
#3627=AXIS2_PLACEMENT_3D('',#5332,#4373,#4374);
#3628=AXIS2_PLACEMENT_3D('',#5335,#4376,#4377);
#3629=AXIS2_PLACEMENT_3D('',#5336,#4378,#4379);
#3630=AXIS2_PLACEMENT_3D('',#5339,#4380,#4381);
#3631=AXIS2_PLACEMENT_3D('',#5342,#4384,#4385);
#3632=AXIS2_PLACEMENT_3D('',#5346,#4388,#4389);
#3633=AXIS2_PLACEMENT_3D('',#5352,#4393,#4394);
#3634=AXIS2_PLACEMENT_3D('',#5356,#4397,#4398);
#3635=AXIS2_PLACEMENT_3D('',#5360,#4401,#4402);
#3636=AXIS2_PLACEMENT_3D('',#5364,#4405,#4406);
#3637=AXIS2_PLACEMENT_3D('',#5368,#4409,#4410);
#3638=AXIS2_PLACEMENT_3D('',#5372,#4413,#4414);
#3639=AXIS2_PLACEMENT_3D('',#5376,#4417,#4418);
#3640=AXIS2_PLACEMENT_3D('',#5380,#4421,#4422);
#3641=AXIS2_PLACEMENT_3D('',#5384,#4425,#4426);
#3642=AXIS2_PLACEMENT_3D('',#5388,#4429,#4430);
#3643=AXIS2_PLACEMENT_3D('',#5392,#4433,#4434);
#3644=AXIS2_PLACEMENT_3D('',#5394,#4436,#4437);
#3645=AXIS2_PLACEMENT_3D('',#5419,#4449,#4450);
#3646=AXIS2_PLACEMENT_3D('',#5426,#4454,#4455);
#3647=AXIS2_PLACEMENT_3D('',#5431,#4458,#4459);
#3648=AXIS2_PLACEMENT_3D('',#5432,#4460,#4461);
#3649=AXIS2_PLACEMENT_3D('',#5434,#4463,#4464);
#3650=AXIS2_PLACEMENT_3D('',#5438,#4467,#4468);
#3651=AXIS2_PLACEMENT_3D('',#5441,#4471,#4472);
#3652=AXIS2_PLACEMENT_3D('',#5443,#4474,#4475);
#3653=AXIS2_PLACEMENT_3D('',#5445,#4476,#4477);
#3654=AXIS2_PLACEMENT_3D('',#5446,#4478,#4479);
#3655=AXIS2_PLACEMENT_3D('',#5449,#4482,#4483);
#3656=AXIS2_PLACEMENT_3D('',#5451,#4485,#4486);
#3657=AXIS2_PLACEMENT_3D('',#5452,#4487,#4488);
#3658=AXIS2_PLACEMENT_3D('',#5455,#4491,#4492);
#3659=AXIS2_PLACEMENT_3D('',#5457,#4494,#4495);
#3660=AXIS2_PLACEMENT_3D('',#5459,#4497,#4498);
#3661=AXIS2_PLACEMENT_3D('',#5461,#4500,#4501);
#3662=AXIS2_PLACEMENT_3D('',#5463,#4503,#4504);
#3663=AXIS2_PLACEMENT_3D('',#5465,#4506,#4507);
#3664=AXIS2_PLACEMENT_3D('',#5467,#4509,#4510);
#3665=AXIS2_PLACEMENT_3D('',#5469,#4512,#4513);
#3666=AXIS2_PLACEMENT_3D('',#5471,#4515,#4516);
#3667=AXIS2_PLACEMENT_3D('',#5473,#4518,#4519);
#3668=AXIS2_PLACEMENT_3D('',#5475,#4521,#4522);
#3669=AXIS2_PLACEMENT_3D('',#5476,#4523,#4524);
#3670=AXIS2_PLACEMENT_3D('',#5477,#4525,#4526);
#3671=AXIS2_PLACEMENT_3D('',#5478,#4527,#4528);
#3672=AXIS2_PLACEMENT_3D('',#5480,#4530,#4531);
#3673=AXIS2_PLACEMENT_3D('',#5481,#4532,#4533);
#3674=AXIS2_PLACEMENT_3D('',#5490,#4538,#4539);
#3675=AXIS2_PLACEMENT_3D('',#5496,#4543,#4544);
#3676=AXIS2_PLACEMENT_3D('',#5502,#4548,#4549);
#3677=AXIS2_PLACEMENT_3D('',#5508,#4553,#4554);
#3678=AXIS2_PLACEMENT_3D('',#5514,#4558,#4559);
#3679=AXIS2_PLACEMENT_3D('',#5517,#4562,#4563);
#3680=AXIS2_PLACEMENT_3D('',#5546,#4564,#4565);
#3681=AXIS2_PLACEMENT_3D('',#5548,#4566,#4567);
#3682=AXIS2_PLACEMENT_3D('',#5549,#4568,#4569);
#3683=AXIS2_PLACEMENT_3D('',#5550,#4570,#4571);
#3684=AXIS2_PLACEMENT_3D('',#5552,#4572,#4573);
#3685=AXIS2_PLACEMENT_3D('',#5554,#4575,#4576);
#3686=AXIS2_PLACEMENT_3D('',#5556,#4577,#4578);
#3687=AXIS2_PLACEMENT_3D('',#5557,#4579,#4580);
#3688=AXIS2_PLACEMENT_3D('',#5559,#4581,#4582);
#3689=AXIS2_PLACEMENT_3D('',#5561,#4584,#4585);
#3690=AXIS2_PLACEMENT_3D('',#5562,#4586,#4587);
#3691=AXIS2_PLACEMENT_3D('',#5563,#4588,#4589);
#3692=AXIS2_PLACEMENT_3D('',#5564,#4590,#4591);
#3693=AXIS2_PLACEMENT_3D('',#5565,#4592,#4593);
#3694=DIRECTION('axis',(0.,0.,1.));
#3695=DIRECTION('refdir',(1.,0.,0.));
#3696=DIRECTION('axis',(0.,0.,1.));
#3697=DIRECTION('refdir',(1.,0.,0.));
#3698=DIRECTION('center_axis',(0.,0.,1.));
#3699=DIRECTION('ref_axis',(1.,0.,0.));
#3700=DIRECTION('',(0.707106781186547,0.707106781186547,0.));
#3701=DIRECTION('',(1.,0.,0.));
#3702=DIRECTION('',(0.,1.,0.));
#3703=DIRECTION('center_axis',(0.707106781186548,-0.707106781186548,0.));
#3704=DIRECTION('ref_axis',(-0.707106781186548,-0.707106781186548,0.));
#3705=DIRECTION('',(0.,0.,-1.));
#3706=DIRECTION('',(0.,0.,1.));
#3707=DIRECTION('',(-0.707106781186547,-0.707106781186547,0.));
#3708=DIRECTION('',(0.,0.,-1.));
#3709=DIRECTION('',(0.,0.,-1.));
#3710=DIRECTION('center_axis',(0.,1.,0.));
#3711=DIRECTION('ref_axis',(1.,0.,0.));
#3712=DIRECTION('',(-1.,0.,0.));
#3713=DIRECTION('',(0.,0.,-1.));
#3714=DIRECTION('center_axis',(-1.,0.,0.));
#3715=DIRECTION('ref_axis',(0.,1.,0.));
#3716=DIRECTION('',(0.,-1.,0.));
#3717=DIRECTION('center_axis',(1.,0.,0.));
#3718=DIRECTION('ref_axis',(0.,1.,0.));
#3719=DIRECTION('',(0.,-1.,0.));
#3720=DIRECTION('',(0.,0.,1.));
#3721=DIRECTION('',(0.,-1.,0.));
#3722=DIRECTION('center_axis',(0.,0.,1.));
#3723=DIRECTION('ref_axis',(1.,0.,0.));
#3724=DIRECTION('center_axis',(0.,0.,-1.));
#3725=DIRECTION('ref_axis',(0.,1.,0.));
#3726=DIRECTION('',(0.,-1.,0.));
#3727=DIRECTION('',(-1.,0.,0.));
#3728=DIRECTION('',(-0.707106781186547,0.707106781186547,0.));
#3729=DIRECTION('',(0.,1.,0.));
#3730=DIRECTION('',(0.707106781186547,0.707106781186547,0.));
#3731=DIRECTION('',(1.,0.,0.));
#3732=DIRECTION('',(0.707106781186547,-0.707106781186547,0.));
#3733=DIRECTION('',(0.,-1.,0.));
#3734=DIRECTION('',(-0.707106781186547,-0.707106781186547,0.));
#3735=DIRECTION('',(-1.,0.,0.));
#3736=DIRECTION('',(0.,1.,0.));
#3737=DIRECTION('center_axis',(0.,0.,-1.));
#3738=DIRECTION('ref_axis',(0.,-1.,0.));
#3739=DIRECTION('',(0.,1.,0.));
#3740=DIRECTION('',(-0.707106781186547,0.707106781186547,0.));
#3741=DIRECTION('',(-1.,0.,0.));
#3742=DIRECTION('center_axis',(0.,0.,1.));
#3743=DIRECTION('ref_axis',(1.,0.,0.));
#3744=DIRECTION('center_axis',(0.,-1.,0.));
#3745=DIRECTION('ref_axis',(0.,0.,-1.));
#3746=DIRECTION('',(0.,0.,1.));
#3747=DIRECTION('',(-1.,0.,0.));
#3748=DIRECTION('center_axis',(0.,0.707106781186548,-0.707106781186547));
#3749=DIRECTION('ref_axis',(0.,-0.707106781186547,-0.707106781186548));
#3750=DIRECTION('',(-1.,0.,0.));
#3751=DIRECTION('',(0.577350269189626,0.577350269189626,0.577350269189626));
#3752=DIRECTION('',(-1.,0.,0.));
#3753=DIRECTION('',(-0.577350269189626,0.577350269189626,0.577350269189626));
#3754=DIRECTION('center_axis',(-0.707106781186548,0.,-0.707106781186547));
#3755=DIRECTION('ref_axis',(0.707106781186547,0.,-0.707106781186548));
#3756=DIRECTION('',(0.,-1.,0.));
#3757=DIRECTION('',(-0.577350269189626,-0.577350269189626,0.577350269189626));
#3758=DIRECTION('center_axis',(0.,0.,-1.));
#3759=DIRECTION('ref_axis',(1.,-9.64749793678664E-15,0.));
#3760=DIRECTION('center_axis',(0.,0.,-1.));
#3761=DIRECTION('ref_axis',(-1.,0.,0.));
#3762=DIRECTION('',(0.,0.,-1.));
#3763=DIRECTION('center_axis',(0.,0.,1.));
#3764=DIRECTION('ref_axis',(1.,0.,0.));
#3765=DIRECTION('',(0.,0.,1.));
#3766=DIRECTION('center_axis',(0.,0.,1.));
#3767=DIRECTION('ref_axis',(1.,0.,0.));
#3768=DIRECTION('center_axis',(1.,0.,0.));
#3769=DIRECTION('ref_axis',(0.,0.,-1.));
#3770=DIRECTION('',(0.,-1.,0.));
#3771=DIRECTION('',(0.,0.,-1.));
#3772=DIRECTION('center_axis',(0.,-1.,0.));
#3773=DIRECTION('ref_axis',(1.,0.,0.));
#3774=DIRECTION('',(-1.,0.,0.));
#3775=DIRECTION('',(0.,0.,1.));
#3776=DIRECTION('center_axis',(0.707106781186598,0.707106781186498,0.));
#3777=DIRECTION('ref_axis',(-0.707106781186498,0.707106781186598,0.));
#3778=DIRECTION('',(-0.707106781186498,0.707106781186598,7.06541606407698E-14));
#3779=DIRECTION('',(0.,0.,-1.));
#3780=DIRECTION('center_axis',(-1.,0.,0.));
#3781=DIRECTION('ref_axis',(0.,0.,1.));
#3782=DIRECTION('',(0.,1.,0.));
#3783=DIRECTION('',(0.,0.,1.));
#3784=DIRECTION('center_axis',(0.707106781186548,-0.707106781186548,0.));
#3785=DIRECTION('ref_axis',(0.707106781186548,0.707106781186548,0.));
#3786=DIRECTION('',(0.707106781186548,0.707106781186548,0.));
#3787=DIRECTION('',(0.,0.,-1.));
#3788=DIRECTION('center_axis',(0.,1.,0.));
#3789=DIRECTION('ref_axis',(0.,0.,1.));
#3790=DIRECTION('',(1.,0.,0.));
#3791=DIRECTION('',(0.,0.,1.));
#3792=DIRECTION('center_axis',(-0.707106781186548,-0.707106781186548,0.));
#3793=DIRECTION('ref_axis',(0.707106781186548,-0.707106781186548,0.));
#3794=DIRECTION('',(0.707106781186547,-0.707106781186547,0.));
#3795=DIRECTION('',(0.,0.,-1.));
#3796=DIRECTION('center_axis',(1.,0.,0.));
#3797=DIRECTION('ref_axis',(0.,0.,-1.));
#3798=DIRECTION('',(0.,-1.,0.));
#3799=DIRECTION('',(0.,0.,1.));
#3800=DIRECTION('center_axis',(-0.707106781186548,0.707106781186548,0.));
#3801=DIRECTION('ref_axis',(-0.707106781186548,-0.707106781186548,0.));
#3802=DIRECTION('',(-0.707106781186548,-0.707106781186548,0.));
#3803=DIRECTION('',(0.,0.,-1.));
#3804=DIRECTION('center_axis',(0.,-1.,0.));
#3805=DIRECTION('ref_axis',(1.,0.,0.));
#3806=DIRECTION('',(-1.,0.,0.));
#3807=DIRECTION('',(0.,0.,1.));
#3808=DIRECTION('center_axis',(-1.,0.,0.));
#3809=DIRECTION('ref_axis',(0.,-1.,0.));
#3810=DIRECTION('',(0.,1.,0.));
#3811=DIRECTION('',(0.,0.,1.));
#3812=DIRECTION('center_axis',(0.,0.,-1.));
#3813=DIRECTION('ref_axis',(-1.,0.,0.));
#3814=DIRECTION('center_axis',(0.,0.,-1.));
#3815=DIRECTION('ref_axis',(-1.,0.,0.));
#3816=DIRECTION('',(0.,0.,-1.));
#3817=DIRECTION('center_axis',(-1.,0.,0.));
#3818=DIRECTION('ref_axis',(0.,0.,1.));
#3819=DIRECTION('',(0.,0.,-1.));
#3820=DIRECTION('',(0.,1.,0.));
#3821=DIRECTION('center_axis',(-0.707106781186548,-0.707106781186548,0.));
#3822=DIRECTION('ref_axis',(-0.707106781186548,0.707106781186548,0.));
#3823=DIRECTION('',(0.707106781186547,-0.707106781186547,0.));
#3824=DIRECTION('',(0.,0.,-1.));
#3825=DIRECTION('',(0.,0.,-1.));
#3826=DIRECTION('center_axis',(0.,1.,0.));
#3827=DIRECTION('ref_axis',(1.,0.,0.));
#3828=DIRECTION('',(1.,0.,0.));
#3829=DIRECTION('',(0.,0.,-1.));
#3830=DIRECTION('center_axis',(0.707106781186548,0.,-0.707106781186547));
#3831=DIRECTION('ref_axis',(-0.707106781186547,0.,-0.707106781186548));
#3832=DIRECTION('',(0.577350269189626,-0.577350269189626,0.577350269189626));
#3833=DIRECTION('',(0.,1.,0.));
#3834=DIRECTION('',(0.,1.,0.));
#3835=DIRECTION('center_axis',(0.,0.,1.));
#3836=DIRECTION('ref_axis',(1.,0.,0.));
#3837=DIRECTION('',(1.,0.,0.));
#3838=DIRECTION('',(0.,1.,0.));
#3839=DIRECTION('',(-1.,0.,0.));
#3840=DIRECTION('',(-0.707106781186548,-0.707106781186548,0.));
#3841=DIRECTION('',(0.,-1.,0.));
#3842=DIRECTION('',(0.707106781186547,-0.707106781186547,0.));
#3843=DIRECTION('',(1.,0.,0.));
#3844=DIRECTION('',(0.707106781186548,0.707106781186548,0.));
#3845=DIRECTION('',(0.,1.,0.));
#3846=DIRECTION('',(-0.707106781186547,0.707106781186547,0.));
#3847=DIRECTION('',(-1.,0.,0.));
#3848=DIRECTION('',(0.,-1.,0.));
#3849=DIRECTION('',(-1.,-2.22044604925031E-16,0.));
#3850=DIRECTION('center_axis',(0.,0.,-1.));
#3851=DIRECTION('ref_axis',(1.90323947078601E-14,1.,0.));
#3852=DIRECTION('',(-1.,0.,0.));
#3853=DIRECTION('',(1.,2.22044604925031E-16,0.));
#3854=DIRECTION('center_axis',(0.,0.,-1.));
#3855=DIRECTION('ref_axis',(-1.74463618155384E-14,-1.,0.));
#3856=DIRECTION('center_axis',(0.,0.,-1.));
#3857=DIRECTION('ref_axis',(1.,0.,0.));
#3858=DIRECTION('center_axis',(0.,-0.707106781186547,-0.707106781186548));
#3859=DIRECTION('ref_axis',(0.,-0.707106781186548,0.707106781186547));
#3860=DIRECTION('',(-4.32978028117747E-17,0.707106781186548,-0.707106781186547));
#3861=DIRECTION('center_axis',(0.,0.,-1.));
#3862=DIRECTION('ref_axis',(0.,1.,0.));
#3863=DIRECTION('',(1.29893408435324E-16,-0.707106781186548,-0.707106781186547));
#3864=DIRECTION('center_axis',(0.,0.,1.));
#3865=DIRECTION('ref_axis',(1.,0.,0.));
#3866=DIRECTION('center_axis',(0.,0.,1.));
#3867=DIRECTION('ref_axis',(1.,0.,0.));
#3868=DIRECTION('center_axis',(-0.707106781186548,0.,-0.707106781186547));
#3869=DIRECTION('ref_axis',(0.707106781186547,0.,-0.707106781186548));
#3870=DIRECTION('',(-0.577350269189626,0.577350269189626,0.577350269189626));
#3871=DIRECTION('',(-0.577350269189626,0.577350269189626,0.577350269189626));
#3872=DIRECTION('center_axis',(0.,0.707106781186548,-0.707106781186547));
#3873=DIRECTION('ref_axis',(0.,-0.707106781186547,-0.707106781186548));
#3874=DIRECTION('',(0.28108463771482,0.678598344545847,0.678598344545847));
#3875=DIRECTION('center_axis',(0.5,0.5,-0.707106781186547));
#3876=DIRECTION('ref_axis',(-0.5,-0.5,-0.707106781186548));
#3877=DIRECTION('',(0.678598344545847,0.28108463771482,0.678598344545847));
#3878=DIRECTION('center_axis',(0.707106781186548,0.,-0.707106781186547));
#3879=DIRECTION('ref_axis',(-0.707106781186547,0.,-0.707106781186548));
#3880=DIRECTION('',(0.678598344545847,-0.28108463771482,0.678598344545847));
#3881=DIRECTION('center_axis',(0.5,-0.5,-0.707106781186547));
#3882=DIRECTION('ref_axis',(-0.5,0.5,-0.707106781186548));
#3883=DIRECTION('',(-0.28108463771482,0.678598344545847,-0.678598344545847));
#3884=DIRECTION('center_axis',(0.,-0.707106781186548,-0.707106781186547));
#3885=DIRECTION('ref_axis',(0.,0.707106781186547,-0.707106781186548));
#3886=DIRECTION('',(-0.28108463771482,-0.678598344545847,0.678598344545847));
#3887=DIRECTION('center_axis',(-0.5,-0.5,-0.707106781186547));
#3888=DIRECTION('ref_axis',(0.5,0.5,-0.707106781186548));
#3889=DIRECTION('',(-0.678598344545847,-0.28108463771482,0.678598344545847));
#3890=DIRECTION('center_axis',(-0.707106781186548,0.,-0.707106781186547));
#3891=DIRECTION('ref_axis',(0.707106781186547,0.,-0.707106781186548));
#3892=DIRECTION('',(-0.678598344545847,0.28108463771482,0.678598344545847));
#3893=DIRECTION('center_axis',(-0.5,0.5,-0.707106781186547));
#3894=DIRECTION('ref_axis',(0.5,-0.5,-0.707106781186548));
#3895=DIRECTION('',(-0.281084637714821,0.678598344545847,0.678598344545847));
#3896=DIRECTION('center_axis',(0.,0.707106781186548,-0.707106781186547));
#3897=DIRECTION('ref_axis',(0.,-0.707106781186547,-0.707106781186548));
#3898=DIRECTION('',(0.577350269189626,0.577350269189626,0.577350269189626));
#3899=DIRECTION('center_axis',(0.707106781186548,0.,-0.707106781186547));
#3900=DIRECTION('ref_axis',(-0.707106781186547,0.,-0.707106781186548));
#3901=DIRECTION('',(0.577350269189626,0.577350269189626,0.577350269189626));
#3902=DIRECTION('center_axis',(0.,0.,-1.));
#3903=DIRECTION('ref_axis',(0.,-1.,0.));
#3904=DIRECTION('',(4.32978028117747E-17,-0.707106781186548,-0.707106781186547));
#3905=DIRECTION('',(-1.29893408435324E-16,0.707106781186548,-0.707106781186547));
#3906=DIRECTION('center_axis',(0.,0.,1.));
#3907=DIRECTION('ref_axis',(1.,0.,0.));
#3908=DIRECTION('',(0.,-1.,0.));
#3909=DIRECTION('center_axis',(1.,0.,0.));
#3910=DIRECTION('ref_axis',(0.,-1.,0.));
#3911=DIRECTION('center_axis',(-1.57009245868377E-16,0.707106781186547,
0.707106781186548));
#3912=DIRECTION('ref_axis',(8.88178419700125E-17,-0.707106781186548,0.707106781186547));
#3913=DIRECTION('center_axis',(0.,0.,1.));
#3914=DIRECTION('ref_axis',(1.,0.,0.));
#3915=DIRECTION('',(0.,0.,1.));
#3916=DIRECTION('center_axis',(0.,0.707106781186547,-0.707106781186548));
#3917=DIRECTION('ref_axis',(0.,0.707106781186548,0.707106781186547));
#3918=DIRECTION('center_axis',(1.57009245868377E-16,-0.707106781186547,
0.707106781186548));
#3919=DIRECTION('ref_axis',(-8.88178419700125E-17,0.707106781186548,0.707106781186547));
#3920=DIRECTION('center_axis',(0.,0.,1.));
#3921=DIRECTION('ref_axis',(1.,0.,0.));
#3922=DIRECTION('',(0.707106781186498,-0.707106781186598,0.));
#3923=DIRECTION('',(1.,0.,0.));
#3924=DIRECTION('',(0.,1.,0.));
#3925=DIRECTION('center_axis',(0.,0.,1.));
#3926=DIRECTION('ref_axis',(-1.,0.,0.));
#3927=DIRECTION('',(0.,1.,0.));
#3928=DIRECTION('',(0.707106781186547,0.707106781186547,0.));
#3929=DIRECTION('',(1.,0.,0.));
#3930=DIRECTION('',(0.707106781186547,-0.707106781186547,0.));
#3931=DIRECTION('',(0.,-1.,0.));
#3932=DIRECTION('center_axis',(0.,0.,1.));
#3933=DIRECTION('ref_axis',(-1.,0.,0.));
#3934=DIRECTION('',(0.,-1.,0.));
#3935=DIRECTION('',(1.,0.,0.));
#3936=DIRECTION('',(0.707106781186547,0.707106781186547,0.));
#3937=DIRECTION('',(0.,-1.,0.));
#3938=DIRECTION('',(-0.707106781186547,0.707106781186547,0.));
#3939=DIRECTION('',(1.,0.,0.));
#3940=DIRECTION('',(-0.707106781186547,-0.707106781186547,0.));
#3941=DIRECTION('',(0.,1.,0.));
#3942=DIRECTION('center_axis',(0.707106781186598,0.707106781186498,0.));
#3943=DIRECTION('ref_axis',(-0.707106781186498,0.707106781186598,0.));
#3944=DIRECTION('',(0.707106781186498,-0.707106781186598,0.));
#3945=DIRECTION('',(0.,0.,1.));
#3946=DIRECTION('',(0.,0.,-1.));
#3947=DIRECTION('center_axis',(0.,-1.,0.));
#3948=DIRECTION('ref_axis',(0.,0.,-1.));
#3949=DIRECTION('',(1.,0.,0.));
#3950=DIRECTION('',(0.,0.,1.));
#3951=DIRECTION('center_axis',(1.,0.,0.));
#3952=DIRECTION('ref_axis',(0.,0.,-1.));
#3953=DIRECTION('',(0.,1.,0.));
#3954=DIRECTION('',(0.,0.,-1.));
#3955=DIRECTION('center_axis',(0.,0.,-1.));
#3956=DIRECTION('ref_axis',(1.,-9.64749793678664E-15,0.));
#3957=DIRECTION('center_axis',(0.,0.,1.));
#3958=DIRECTION('ref_axis',(-1.,0.,0.));
#3959=DIRECTION('',(0.,0.,1.));
#3960=DIRECTION('center_axis',(1.,0.,0.));
#3961=DIRECTION('ref_axis',(0.,1.,0.));
#3962=DIRECTION('',(0.,1.,0.));
#3963=DIRECTION('',(0.,0.,1.));
#3964=DIRECTION('center_axis',(0.707106781186548,-0.707106781186548,0.));
#3965=DIRECTION('ref_axis',(-0.707106781186548,-0.707106781186548,0.));
#3966=DIRECTION('',(0.707106781186547,0.707106781186547,0.));
#3967=DIRECTION('',(0.,0.,-1.));
#3968=DIRECTION('center_axis',(0.,-1.,0.));
#3969=DIRECTION('ref_axis',(0.,0.,-1.));
#3970=DIRECTION('',(1.,0.,0.));
#3971=DIRECTION('',(0.,0.,1.));
#3972=DIRECTION('center_axis',(-0.707106781186548,-0.707106781186548,0.));
#3973=DIRECTION('ref_axis',(-0.707106781186548,0.707106781186548,0.));
#3974=DIRECTION('',(0.707106781186547,-0.707106781186547,0.));
#3975=DIRECTION('',(0.,0.,-1.));
#3976=DIRECTION('center_axis',(-1.,0.,0.));
#3977=DIRECTION('ref_axis',(0.,0.,1.));
#3978=DIRECTION('',(0.,-1.,0.));
#3979=DIRECTION('',(0.,0.,-1.));
#3980=DIRECTION('center_axis',(0.,0.,-1.));
#3981=DIRECTION('ref_axis',(-1.,0.,0.));
#3982=DIRECTION('center_axis',(0.,0.,1.));
#3983=DIRECTION('ref_axis',(-1.,0.,0.));
#3984=DIRECTION('',(0.,0.,1.));
#3985=DIRECTION('center_axis',(-1.,0.,0.));
#3986=DIRECTION('ref_axis',(0.,-1.,0.));
#3987=DIRECTION('',(0.,-1.,0.));
#3988=DIRECTION('',(0.,0.,-1.));
#3989=DIRECTION('center_axis',(0.,-1.,0.));
#3990=DIRECTION('ref_axis',(0.,0.,-1.));
#3991=DIRECTION('',(1.,0.,0.));
#3992=DIRECTION('',(0.,0.,-1.));
#3993=DIRECTION('center_axis',(-0.707106781186548,0.707106781186548,0.));
#3994=DIRECTION('ref_axis',(-0.707106781186548,-0.707106781186548,0.));
#3995=DIRECTION('',(0.707106781186548,0.707106781186548,0.));
#3996=DIRECTION('',(0.,0.,1.));
#3997=DIRECTION('center_axis',(1.,0.,0.));
#3998=DIRECTION('ref_axis',(0.,0.,-1.));
#3999=DIRECTION('',(0.,1.,0.));
#4000=DIRECTION('',(0.,0.,-1.));
#4001=DIRECTION('center_axis',(-0.707106781186548,-0.707106781186548,0.));
#4002=DIRECTION('ref_axis',(0.707106781186548,-0.707106781186548,0.));
#4003=DIRECTION('',(-0.707106781186548,0.707106781186548,0.));
#4004=DIRECTION('',(0.,0.,1.));
#4005=DIRECTION('center_axis',(0.,1.,0.));
#4006=DIRECTION('ref_axis',(0.,0.,1.));
#4007=DIRECTION('',(-1.,0.,0.));
#4008=DIRECTION('',(0.,0.,-1.));
#4009=DIRECTION('center_axis',(0.707106781186548,-0.707106781186548,0.));
#4010=DIRECTION('ref_axis',(0.707106781186548,0.707106781186548,0.));
#4011=DIRECTION('',(-0.707106781186548,-0.707106781186548,0.));
#4012=DIRECTION('',(0.,0.,1.));
#4013=DIRECTION('center_axis',(-1.,0.,0.));
#4014=DIRECTION('ref_axis',(0.,0.,1.));
#4015=DIRECTION('',(0.,-1.,0.));
#4016=DIRECTION('center_axis',(0.,0.,1.));
#4017=DIRECTION('ref_axis',(1.,0.,0.));
#4018=DIRECTION('center_axis',(0.,0.,-1.));
#4019=DIRECTION('ref_axis',(1.,0.,0.));
#4020=DIRECTION('center_axis',(0.,0.,1.));
#4021=DIRECTION('ref_axis',(1.,0.,0.));
#4022=DIRECTION('',(0.,0.,1.));
#4023=DIRECTION('center_axis',(0.,0.,1.));
#4024=DIRECTION('ref_axis',(-1.,0.,0.));
#4025=DIRECTION('center_axis',(0.,0.,1.));
#4026=DIRECTION('ref_axis',(-1.,0.,0.));
#4027=DIRECTION('center_axis',(0.,0.,-1.));
#4028=DIRECTION('ref_axis',(-1.,0.,0.));
#4029=DIRECTION('',(0.85716730070211,-1.04972719113862E-16,-0.515038074910058));
#4030=DIRECTION('center_axis',(0.707106781186547,-0.707106781186548,0.));
#4031=DIRECTION('ref_axis',(-0.707106781186548,-0.707106781186547,0.));
#4032=DIRECTION('',(0.707106781186548,0.707106781186547,0.));
#4033=DIRECTION('',(0.,0.,-1.));
#4034=DIRECTION('',(-0.707106781186548,-0.707106781186547,0.));
#4035=DIRECTION('',(0.,0.,1.));
#4036=DIRECTION('center_axis',(-0.70710678118655,-0.707106781186545,0.));
#4037=DIRECTION('ref_axis',(-0.707106781186545,0.70710678118655,0.));
#4038=DIRECTION('',(0.707106781186545,-0.70710678118655,0.));
#4039=DIRECTION('',(0.,0.,-1.));
#4040=DIRECTION('',(-0.707106781186545,0.70710678118655,0.));
#4041=DIRECTION('',(0.,0.,1.));
#4042=DIRECTION('center_axis',(-1.,0.,0.));
#4043=DIRECTION('ref_axis',(0.,0.,1.));
#4044=DIRECTION('',(0.,1.,0.));
#4045=DIRECTION('',(0.,0.,-1.));
#4046=DIRECTION('',(0.,1.,0.));
#4047=DIRECTION('center_axis',(0.,0.,-1.));
#4048=DIRECTION('ref_axis',(-1.,0.,0.));
#4049=DIRECTION('',(0.707106781186548,-0.707106781186548,0.));
#4050=DIRECTION('',(-1.,0.,0.));
#4051=DIRECTION('',(0.,-1.,0.));
#4052=DIRECTION('center_axis',(0.,0.,-1.));
#4053=DIRECTION('ref_axis',(-1.,0.,0.));
#4054=DIRECTION('',(0.,-1.,0.));
#4055=DIRECTION('',(-0.707106781186547,-0.707106781186547,0.));
#4056=DIRECTION('',(-1.,0.,0.));
#4057=DIRECTION('',(-0.707106781186547,0.707106781186547,0.));
#4058=DIRECTION('',(0.,1.,0.));
#4059=DIRECTION('center_axis',(0.,0.,-1.));
#4060=DIRECTION('ref_axis',(-1.,0.,0.));
#4061=DIRECTION('',(0.,1.,0.));
#4062=DIRECTION('',(-1.,0.,0.));
#4063=DIRECTION('',(0.707106781186547,0.707106781186547,0.));
#4064=DIRECTION('',(0.,1.,0.));
#4065=DIRECTION('center_axis',(0.,0.,-1.));
#4066=DIRECTION('ref_axis',(-1.,0.,0.));
#4067=DIRECTION('',(0.,1.,0.));
#4068=DIRECTION('',(-1.,0.,0.));
#4069=DIRECTION('',(0.,1.,0.));
#4070=DIRECTION('',(-1.,0.,0.));
#4071=DIRECTION('',(0.,1.,0.));
#4072=DIRECTION('',(-1.,0.,0.));
#4073=DIRECTION('center_axis',(0.,1.,0.));
#4074=DIRECTION('ref_axis',(0.,0.,1.));
#4075=DIRECTION('',(1.,0.,0.));
#4076=DIRECTION('',(0.,0.,1.));
#4077=DIRECTION('center_axis',(0.,-1.,0.));
#4078=DIRECTION('ref_axis',(1.,0.,0.));
#4079=DIRECTION('center_axis',(0.,-1.,0.));
#4080=DIRECTION('ref_axis',(1.,0.,0.));
#4081=DIRECTION('center_axis',(0.,-1.,0.));
#4082=DIRECTION('ref_axis',(0.,0.,-1.));
#4083=DIRECTION('',(0.,0.,-1.));
#4084=DIRECTION('',(1.,0.,0.));
#4085=DIRECTION('',(0.,0.,-1.));
#4086=DIRECTION('center_axis',(-1.,0.,0.));
#4087=DIRECTION('ref_axis',(0.,-1.,0.));
#4088=DIRECTION('',(0.,0.,1.));
#4089=DIRECTION('',(0.,-1.,0.));
#4090=DIRECTION('center_axis',(0.,0.,-1.));
#4091=DIRECTION('ref_axis',(-1.,0.,0.));
#4092=DIRECTION('',(0.,0.,-1.));
#4093=DIRECTION('center_axis',(0.,0.,1.));
#4094=DIRECTION('ref_axis',(-1.,0.,0.));
#4095=DIRECTION('center_axis',(-1.,0.,0.));
#4096=DIRECTION('ref_axis',(0.,0.,1.));
#4097=DIRECTION('',(0.,0.,-1.));
#4098=DIRECTION('',(0.,-1.,0.));
#4099=DIRECTION('center_axis',(-0.707106781186548,-0.707106781186548,0.));
#4100=DIRECTION('ref_axis',(-0.707106781186548,0.707106781186548,0.));
#4101=DIRECTION('',(0.,0.,1.));
#4102=DIRECTION('',(0.707106781186547,-0.707106781186547,0.));
#4103=DIRECTION('center_axis',(0.,-1.,0.));
#4104=DIRECTION('ref_axis',(0.,0.,-1.));
#4105=DIRECTION('',(0.,0.,-1.));
#4106=DIRECTION('',(1.,0.,0.));
#4107=DIRECTION('center_axis',(0.707106781186548,-0.707106781186548,0.));
#4108=DIRECTION('ref_axis',(-0.707106781186548,-0.707106781186548,0.));
#4109=DIRECTION('',(0.,0.,1.));
#4110=DIRECTION('',(0.707106781186547,0.707106781186547,0.));
#4111=DIRECTION('center_axis',(1.,0.,0.));
#4112=DIRECTION('ref_axis',(0.,1.,0.));
#4113=DIRECTION('',(0.,0.,1.));
#4114=DIRECTION('',(0.,1.,0.));
#4115=DIRECTION('center_axis',(0.,0.,-1.));
#4116=DIRECTION('ref_axis',(1.,1.22464679914735E-16,0.));
#4117=DIRECTION('',(0.,0.,-1.));
#4118=DIRECTION('center_axis',(0.,0.,1.));
#4119=DIRECTION('ref_axis',(-1.,0.,0.));
#4120=DIRECTION('center_axis',(1.,0.,0.));
#4121=DIRECTION('ref_axis',(0.,0.,-1.));
#4122=DIRECTION('',(0.,0.,1.));
#4123=DIRECTION('',(0.,1.,0.));
#4124=DIRECTION('center_axis',(0.,-1.,0.));
#4125=DIRECTION('ref_axis',(0.,0.,-1.));
#4126=DIRECTION('',(0.,0.,1.));
#4127=DIRECTION('',(1.,0.,0.));
#4128=DIRECTION('center_axis',(0.,0.,1.));
#4129=DIRECTION('ref_axis',(1.,0.,0.));
#4130=DIRECTION('',(1.,0.,0.));
#4131=DIRECTION('',(0.,1.,0.));
#4132=DIRECTION('',(-1.,0.,0.));
#4133=DIRECTION('',(0.,1.,0.));
#4134=DIRECTION('',(0.,1.,0.));
#4135=DIRECTION('center_axis',(0.,0.,1.));
#4136=DIRECTION('ref_axis',(0.,1.,0.));
#4137=DIRECTION('',(0.,1.,0.));
#4138=DIRECTION('',(-0.707106781186547,-0.707106781186547,0.));
#4139=DIRECTION('',(-0.707106781186598,0.707106781186498,0.));
#4140=DIRECTION('center_axis',(-0.707106781186548,0.707106781186548,0.));
#4141=DIRECTION('ref_axis',(-0.707106781186548,-0.707106781186548,0.));
#4142=DIRECTION('',(0.,0.,1.));
#4143=DIRECTION('center_axis',(0.707106781186548,0.707106781186548,0.));
#4144=DIRECTION('ref_axis',(-0.707106781186548,0.707106781186548,0.));
#4145=DIRECTION('center_axis',(1.,0.,0.));
#4146=DIRECTION('ref_axis',(0.,1.,0.));
#4147=DIRECTION('',(0.,0.,-1.));
#4148=DIRECTION('center_axis',(0.,0.,-1.));
#4149=DIRECTION('ref_axis',(-1.,0.,0.));
#4150=DIRECTION('',(0.,0.,1.));
#4151=DIRECTION('center_axis',(1.,0.,0.));
#4152=DIRECTION('ref_axis',(0.,1.,0.));
#4153=DIRECTION('center_axis',(-1.,0.,0.));
#4154=DIRECTION('ref_axis',(0.,0.,1.));
#4155=DIRECTION('',(0.,0.,1.));
#4156=DIRECTION('center_axis',(0.,1.,0.));
#4157=DIRECTION('ref_axis',(0.,0.,-1.));
#4158=DIRECTION('',(0.,0.,1.));
#4159=DIRECTION('center_axis',(-1.,0.,0.));
#4160=DIRECTION('ref_axis',(0.,0.,1.));
#4161=DIRECTION('',(0.,0.,1.));
#4162=DIRECTION('center_axis',(0.,1.,0.));
#4163=DIRECTION('ref_axis',(0.,0.,1.));
#4164=DIRECTION('center_axis',(0.,-1.,0.));
#4165=DIRECTION('ref_axis',(1.,0.,0.));
#4166=DIRECTION('center_axis',(0.,-1.,0.));
#4167=DIRECTION('ref_axis',(1.,0.,0.));
#4168=DIRECTION('center_axis',(0.,1.,0.));
#4169=DIRECTION('ref_axis',(1.,0.,0.));
#4170=DIRECTION('center_axis',(0.,1.,0.));
#4171=DIRECTION('ref_axis',(1.,0.,0.));
#4172=DIRECTION('',(0.,1.,0.));
#4173=DIRECTION('center_axis',(0.,1.,0.));
#4174=DIRECTION('ref_axis',(1.,0.,0.));
#4175=DIRECTION('center_axis',(0.,1.,0.));
#4176=DIRECTION('ref_axis',(1.,0.,0.));
#4177=DIRECTION('',(0.,1.,0.));
#4178=DIRECTION('center_axis',(0.,1.,0.));
#4179=DIRECTION('ref_axis',(1.,0.,0.));
#4180=DIRECTION('center_axis',(0.,1.,0.));
#4181=DIRECTION('ref_axis',(1.,0.,0.));
#4182=DIRECTION('',(0.,1.,0.));
#4183=DIRECTION('center_axis',(0.,1.,0.));
#4184=DIRECTION('ref_axis',(1.,0.,0.));
#4185=DIRECTION('center_axis',(0.,1.,0.));
#4186=DIRECTION('ref_axis',(1.,0.,0.));
#4187=DIRECTION('',(0.,1.,0.));
#4188=DIRECTION('center_axis',(0.,1.,0.));
#4189=DIRECTION('ref_axis',(1.,0.,0.));
#4190=DIRECTION('',(-0.85716730070211,0.515038074910058,1.04972719113862E-16));
#4191=DIRECTION('center_axis',(0.,1.,0.));
#4192=DIRECTION('ref_axis',(1.,0.,0.));
#4193=DIRECTION('',(-0.85716730070211,0.515038074910058,1.04972719113862E-16));
#4194=DIRECTION('center_axis',(0.,1.,0.));
#4195=DIRECTION('ref_axis',(1.,0.,0.));
#4196=DIRECTION('',(-0.85716730070211,0.515038074910058,1.04972719113862E-16));
#4197=DIRECTION('center_axis',(0.,1.,0.));
#4198=DIRECTION('ref_axis',(1.,0.,0.));
#4199=DIRECTION('',(-0.85716730070211,0.515038074910058,1.04972719113862E-16));
#4200=DIRECTION('center_axis',(0.,0.,1.));
#4201=DIRECTION('ref_axis',(1.,0.,0.));
#4202=DIRECTION('',(0.707106781186547,-0.707106781186547,0.));
#4203=DIRECTION('',(0.,1.,0.));
#4204=DIRECTION('center_axis',(0.,0.,-1.));
#4205=DIRECTION('ref_axis',(-1.,0.,0.));
#4206=DIRECTION('',(0.,1.,0.));
#4207=DIRECTION('',(-1.,0.,0.));
#4208=DIRECTION('',(-0.707106781186548,-0.707106781186548,0.));
#4209=DIRECTION('',(0.,-1.,0.));
#4210=DIRECTION('',(0.707106781186548,-0.707106781186548,0.));
#4211=DIRECTION('',(1.,0.,0.));
#4212=DIRECTION('',(0.707106781186548,0.707106781186548,0.));
#4213=DIRECTION('',(0.,1.,0.));
#4214=DIRECTION('',(-0.707106781186548,0.707106781186548,0.));
#4215=DIRECTION('',(-1.,0.,0.));
#4216=DIRECTION('',(0.,-1.,0.));
#4217=DIRECTION('center_axis',(0.,0.,-1.));
#4218=DIRECTION('ref_axis',(-1.,0.,0.));
#4219=DIRECTION('',(0.,-1.,0.));
#4220=DIRECTION('',(0.707106781186547,0.707106781186547,0.));
#4221=DIRECTION('',(-1.,0.,0.));
#4222=DIRECTION('center_axis',(0.,0.,-1.));
#4223=DIRECTION('ref_axis',(1.,0.,0.));
#4224=DIRECTION('center_axis',(-0.707106781186548,-0.707106781186548,0.));
#4225=DIRECTION('ref_axis',(-0.707106781186548,0.707106781186548,0.));
#4226=DIRECTION('',(0.,0.,1.));
#4227=DIRECTION('',(-0.707106781186547,0.707106781186547,0.));
#4228=DIRECTION('',(0.,0.,-1.));
#4229=DIRECTION('center_axis',(0.,-1.,0.));
#4230=DIRECTION('ref_axis',(0.,0.,-1.));
#4231=DIRECTION('',(-1.,0.,0.));
#4232=DIRECTION('',(0.,0.,-1.));
#4233=DIRECTION('center_axis',(0.,0.,-1.));
#4234=DIRECTION('ref_axis',(-1.,0.,0.));
#4235=DIRECTION('',(-1.,0.,0.));
#4236=DIRECTION('',(0.,1.,0.));
#4237=DIRECTION('center_axis',(0.,0.,-1.));
#4238=DIRECTION('ref_axis',(-1.,0.,0.));
#4239=DIRECTION('',(0.,1.,0.));
#4240=DIRECTION('',(-0.707106781186547,-0.707106781186547,0.));
#4241=DIRECTION('',(0.,-1.,0.));
#4242=DIRECTION('center_axis',(0.,0.,-1.));
#4243=DIRECTION('ref_axis',(-1.,0.,0.));
#4244=DIRECTION('',(0.,-1.,0.));
#4245=DIRECTION('',(-1.,0.,0.));
#4246=DIRECTION('',(-0.707106781186547,0.707106781186547,0.));
#4247=DIRECTION('',(0.,-1.,0.));
#4248=DIRECTION('',(0.707106781186547,0.707106781186547,0.));
#4249=DIRECTION('',(-1.,0.,0.));
#4250=DIRECTION('',(0.707106781186547,-0.707106781186547,0.));
#4251=DIRECTION('',(0.,-1.,0.));
#4252=DIRECTION('',(-0.707106781186547,-0.707106781186547,0.));
#4253=DIRECTION('center_axis',(-1.,0.,0.));
#4254=DIRECTION('ref_axis',(0.,0.,1.));
#4255=DIRECTION('',(0.,0.,-1.));
#4256=DIRECTION('center_axis',(1.,0.,0.));
#4257=DIRECTION('ref_axis',(0.,0.,-1.));
#4258=DIRECTION('',(0.,0.,-1.));
#4259=DIRECTION('',(0.,0.,1.));
#4260=DIRECTION('center_axis',(0.,0.,-1.));
#4261=DIRECTION('ref_axis',(1.,-9.64749793678664E-15,0.));
#4262=DIRECTION('',(0.,0.,1.));
#4263=DIRECTION('center_axis',(1.,0.,0.));
#4264=DIRECTION('ref_axis',(0.,1.,0.));
#4265=DIRECTION('',(0.,0.,1.));
#4266=DIRECTION('center_axis',(0.,0.,-1.));
#4267=DIRECTION('ref_axis',(-1.,0.,0.));
#4268=DIRECTION('',(0.,0.,1.));
#4269=DIRECTION('center_axis',(-1.,0.,0.));
#4270=DIRECTION('ref_axis',(0.,-1.,0.));
#4271=DIRECTION('',(0.,0.,-1.));
#4272=DIRECTION('center_axis',(0.,-1.,0.));
#4273=DIRECTION('ref_axis',(0.,0.,-1.));
#4274=DIRECTION('',(0.,0.,-1.));
#4275=DIRECTION('center_axis',(0.707106781186548,-0.707106781186548,0.));
#4276=DIRECTION('ref_axis',(0.707106781186548,0.707106781186548,0.));
#4277=DIRECTION('',(0.,0.,1.));
#4278=DIRECTION('center_axis',(-1.,0.,0.));
#4279=DIRECTION('ref_axis',(0.,0.,1.));
#4280=DIRECTION('',(0.,0.,-1.));
#4281=DIRECTION('center_axis',(0.707106781186548,0.707106781186548,0.));
#4282=DIRECTION('ref_axis',(-0.707106781186548,0.707106781186548,0.));
#4283=DIRECTION('',(0.,0.,1.));
#4284=DIRECTION('center_axis',(0.,1.,0.));
#4285=DIRECTION('ref_axis',(0.,0.,1.));
#4286=DIRECTION('',(0.,0.,-1.));
#4287=DIRECTION('center_axis',(0.707106781186548,-0.707106781186548,0.));
#4288=DIRECTION('ref_axis',(0.707106781186548,0.707106781186548,0.));
#4289=DIRECTION('',(0.,0.,1.));
#4290=DIRECTION('center_axis',(-1.,0.,0.));
#4291=DIRECTION('ref_axis',(0.,0.,1.));
#4292=DIRECTION('',(0.,0.,-1.));
#4293=DIRECTION('center_axis',(0.707106781186548,0.707106781186548,0.));
#4294=DIRECTION('ref_axis',(-0.707106781186548,0.707106781186548,0.));
#4295=DIRECTION('',(0.,0.,1.));
#4296=DIRECTION('center_axis',(0.,-1.,0.));
#4297=DIRECTION('ref_axis',(0.,0.,-1.));
#4298=DIRECTION('center_axis',(0.707106781186548,-0.707106781186548,0.));
#4299=DIRECTION('ref_axis',(-0.707106781186548,-0.707106781186548,0.));
#4300=DIRECTION('center_axis',(0.,0.,1.));
#4301=DIRECTION('ref_axis',(1.,0.,0.));
#4302=DIRECTION('center_axis',(0.,0.,1.));
#4303=DIRECTION('ref_axis',(-1.,0.,0.));
#4304=DIRECTION('',(0.,0.,1.));
#4305=DIRECTION('center_axis',(0.,0.,1.));
#4306=DIRECTION('ref_axis',(1.,0.,0.));
#4307=DIRECTION('',(-0.85716730070211,-1.04972719113862E-16,0.515038074910058));
#4308=DIRECTION('center_axis',(0.,0.,1.));
#4309=DIRECTION('ref_axis',(1.,0.,0.));
#4310=DIRECTION('',(0.707106781186547,-0.707106781186547,0.));
#4311=DIRECTION('',(-1.,0.,0.));
#4312=DIRECTION('',(0.,1.,0.));
#4313=DIRECTION('center_axis',(-0.707106781186548,-0.707106781186548,0.));
#4314=DIRECTION('ref_axis',(-0.707106781186548,0.707106781186548,0.));
#4315=DIRECTION('',(0.,0.,-1.));
#4316=DIRECTION('',(0.,0.,-1.));
#4317=DIRECTION('',(0.707106781186547,-0.707106781186547,0.));
#4318=DIRECTION('',(0.,0.,1.));
#4319=DIRECTION('',(0.,0.,-1.));
#4320=DIRECTION('center_axis',(1.,0.,0.));
#4321=DIRECTION('ref_axis',(0.,-1.,0.));
#4322=DIRECTION('',(0.,-1.,0.));
#4323=DIRECTION('',(0.,0.,-1.));
#4324=DIRECTION('center_axis',(0.,1.,0.));
#4325=DIRECTION('ref_axis',(1.,0.,0.));
#4326=DIRECTION('',(1.,0.,0.));
#4327=DIRECTION('center_axis',(-1.,0.,0.));
#4328=DIRECTION('ref_axis',(0.,0.,1.));
#4329=DIRECTION('',(0.,-1.,0.));
#4330=DIRECTION('',(0.,0.,-1.));
#4331=DIRECTION('',(0.,-1.,0.));
#4332=DIRECTION('center_axis',(0.,0.,1.));
#4333=DIRECTION('ref_axis',(1.,0.,0.));
#4334=DIRECTION('center_axis',(0.,0.,1.));
#4335=DIRECTION('ref_axis',(0.,-1.,0.));
#4336=DIRECTION('',(0.,1.,0.));
#4337=DIRECTION('',(0.707106781186547,0.707106781186547,0.));
#4338=DIRECTION('',(1.,0.,0.));
#4339=DIRECTION('center_axis',(0.,0.,1.));
#4340=DIRECTION('ref_axis',(0.,1.,0.));
#4341=DIRECTION('',(0.,-1.,0.));
#4342=DIRECTION('',(1.,0.,0.));
#4343=DIRECTION('',(0.707106781186547,0.707106781186547,0.));
#4344=DIRECTION('',(0.,1.,0.));
#4345=DIRECTION('',(-0.707106781186547,0.707106781186547,0.));
#4346=DIRECTION('',(-1.,0.,0.));
#4347=DIRECTION('',(-0.707106781186547,-0.707106781186547,0.));
#4348=DIRECTION('',(0.,-1.,0.));
#4349=DIRECTION('',(0.707106781186547,-0.707106781186547,0.));
#4350=DIRECTION('',(1.,0.,0.));
#4351=DIRECTION('',(0.,1.,0.));
#4352=DIRECTION('center_axis',(0.,0.,-1.));
#4353=DIRECTION('ref_axis',(-1.,0.,0.));
#4354=DIRECTION('center_axis',(0.,-1.,0.));
#4355=DIRECTION('ref_axis',(0.,0.,-1.));
#4356=DIRECTION('',(0.,0.,-1.));
#4357=DIRECTION('',(1.,0.,0.));
#4358=DIRECTION('center_axis',(-0.707106781186548,0.,-0.707106781186547));
#4359=DIRECTION('ref_axis',(-0.707106781186547,0.,0.707106781186548));
#4360=DIRECTION('',(0.577350269189626,0.577350269189626,-0.577350269189626));
#4361=DIRECTION('',(0.,1.,0.));
#4362=DIRECTION('',(0.577350269189626,-0.577350269189626,-0.577350269189626));
#4363=DIRECTION('center_axis',(0.,-0.707106781186548,-0.707106781186547));
#4364=DIRECTION('ref_axis',(0.,-0.707106781186547,0.707106781186548));
#4365=DIRECTION('',(1.,0.,0.));
#4366=DIRECTION('',(-0.577350269189626,0.577350269189626,-0.577350269189626));
#4367=DIRECTION('',(-1.,0.,0.));
#4368=DIRECTION('center_axis',(0.,0.,-1.));
#4369=DIRECTION('ref_axis',(-1.,0.,0.));
#4370=DIRECTION('center_axis',(0.,0.,1.));
#4371=DIRECTION('ref_axis',(-1.,0.,0.));
#4372=DIRECTION('',(0.,0.,1.));
#4373=DIRECTION('center_axis',(0.,0.,-1.));
#4374=DIRECTION('ref_axis',(-1.,0.,0.));
#4375=DIRECTION('',(0.,0.,-1.));
#4376=DIRECTION('center_axis',(0.,0.,-1.));
#4377=DIRECTION('ref_axis',(-1.,0.,0.));
#4378=DIRECTION('center_axis',(0.,0.,-1.));
#4379=DIRECTION('ref_axis',(1.,-9.64749793678664E-15,0.));
#4380=DIRECTION('center_axis',(0.,0.,1.));
#4381=DIRECTION('ref_axis',(-1.,0.,0.));
#4382=DIRECTION('',(0.,0.,1.));
#4383=DIRECTION('',(0.,0.,-1.));
#4384=DIRECTION('center_axis',(1.,0.,0.));
#4385=DIRECTION('ref_axis',(0.,1.,0.));
#4386=DIRECTION('',(0.,0.,1.));
#4387=DIRECTION('',(0.,1.,0.));
#4388=DIRECTION('center_axis',(0.707106781186548,-0.707106781186548,0.));
#4389=DIRECTION('ref_axis',(-0.707106781186548,-0.707106781186548,0.));
#4390=DIRECTION('',(0.707106781186547,0.707106781186547,0.));
#4391=DIRECTION('',(0.,0.,-1.));
#4392=DIRECTION('',(0.,0.,-1.));
#4393=DIRECTION('center_axis',(-1.,0.,0.));
#4394=DIRECTION('ref_axis',(0.,-1.,0.));
#4395=DIRECTION('',(0.,-1.,0.));
#4396=DIRECTION('',(0.,0.,1.));
#4397=DIRECTION('center_axis',(0.,-1.,0.));
#4398=DIRECTION('ref_axis',(1.,0.,0.));
#4399=DIRECTION('',(1.,0.,0.));
#4400=DIRECTION('',(0.,0.,-1.));
#4401=DIRECTION('center_axis',(0.707106781186548,-0.707106781186548,0.));
#4402=DIRECTION('ref_axis',(0.707106781186548,0.707106781186548,0.));
#4403=DIRECTION('',(0.707106781186548,0.707106781186548,0.));
#4404=DIRECTION('',(0.,0.,1.));
#4405=DIRECTION('center_axis',(-1.,0.,0.));
#4406=DIRECTION('ref_axis',(0.,0.,1.));
#4407=DIRECTION('',(0.,1.,0.));
#4408=DIRECTION('',(0.,0.,1.));
#4409=DIRECTION('center_axis',(0.707106781186548,0.707106781186548,0.));
#4410=DIRECTION('ref_axis',(-0.707106781186548,0.707106781186548,0.));
#4411=DIRECTION('',(-0.707106781186547,0.707106781186547,0.));
#4412=DIRECTION('',(0.,0.,1.));
#4413=DIRECTION('center_axis',(0.,1.,0.));
#4414=DIRECTION('ref_axis',(0.,0.,1.));
#4415=DIRECTION('',(-1.,0.,0.));
#4416=DIRECTION('',(0.,0.,1.));
#4417=DIRECTION('center_axis',(0.707106781186548,-0.707106781186548,0.));
#4418=DIRECTION('ref_axis',(0.707106781186548,0.707106781186548,0.));
#4419=DIRECTION('',(-0.707106781186547,-0.707106781186547,0.));
#4420=DIRECTION('',(0.,0.,1.));
#4421=DIRECTION('center_axis',(-1.,0.,0.));
#4422=DIRECTION('ref_axis',(0.,0.,1.));
#4423=DIRECTION('',(0.,-1.,0.));
#4424=DIRECTION('',(0.,0.,1.));
#4425=DIRECTION('center_axis',(0.707106781186548,0.707106781186548,0.));
#4426=DIRECTION('ref_axis',(-0.707106781186548,0.707106781186548,0.));
#4427=DIRECTION('',(0.707106781186548,-0.707106781186548,0.));
#4428=DIRECTION('',(0.,0.,1.));
#4429=DIRECTION('center_axis',(0.,-1.,0.));
#4430=DIRECTION('ref_axis',(1.,0.,0.));
#4431=DIRECTION('',(1.,0.,0.));
#4432=DIRECTION('',(0.,0.,-1.));
#4433=DIRECTION('center_axis',(1.,0.,0.));
#4434=DIRECTION('ref_axis',(0.,0.,-1.));
#4435=DIRECTION('',(0.,1.,0.));
#4436=DIRECTION('center_axis',(0.,0.,1.));
#4437=DIRECTION('ref_axis',(1.,0.,0.));
#4438=DIRECTION('',(-1.,0.,0.));
#4439=DIRECTION('',(-0.707106781186547,0.707106781186547,0.));
#4440=DIRECTION('',(0.,1.,0.));
#4441=DIRECTION('',(0.707106781186548,0.707106781186548,0.));
#4442=DIRECTION('',(1.,0.,0.));
#4443=DIRECTION('',(0.707106781186547,-0.707106781186547,0.));
#4444=DIRECTION('',(0.,-1.,0.));
#4445=DIRECTION('',(-0.707106781186548,-0.707106781186548,0.));
#4446=DIRECTION('',(-1.,0.,0.));
#4447=DIRECTION('',(0.,1.,0.));
#4448=DIRECTION('',(1.,0.,0.));
#4449=DIRECTION('center_axis',(0.,0.,-1.));
#4450=DIRECTION('ref_axis',(-1.74463618155384E-14,-1.,0.));
#4451=DIRECTION('',(1.,2.22044604925031E-16,0.));
#4452=DIRECTION('',(0.,-1.,0.));
#4453=DIRECTION('',(-1.,0.,0.));
#4454=DIRECTION('center_axis',(0.,0.,-1.));
#4455=DIRECTION('ref_axis',(1.90323947078601E-14,1.,0.));
#4456=DIRECTION('',(-1.,-2.22044604925031E-16,0.));
#4457=DIRECTION('',(0.,-1.,0.));
#4458=DIRECTION('center_axis',(0.,0.,-1.));
#4459=DIRECTION('ref_axis',(1.,0.,0.));
#4460=DIRECTION('center_axis',(1.57009245868377E-16,-0.707106781186547,
0.707106781186548));
#4461=DIRECTION('ref_axis',(8.88178419700125E-17,-0.707106781186548,-0.707106781186547));
#4462=DIRECTION('',(-1.29893408435324E-16,0.707106781186548,0.707106781186547));
#4463=DIRECTION('center_axis',(0.,1.,0.));
#4464=DIRECTION('ref_axis',(1.,0.,0.));
#4465=DIRECTION('',(-1.,0.,0.));
#4466=DIRECTION('',(0.,0.,-1.));
#4467=DIRECTION('center_axis',(0.707106781186548,0.,-0.707106781186547));
#4468=DIRECTION('ref_axis',(0.707106781186547,0.,0.707106781186548));
#4469=DIRECTION('',(-0.577350269189626,-0.577350269189626,-0.577350269189626));
#4470=DIRECTION('',(0.,1.,0.));
#4471=DIRECTION('center_axis',(0.,0.,1.));
#4472=DIRECTION('ref_axis',(0.,-1.,0.));
#4473=DIRECTION('',(4.32978028117747E-17,-0.707106781186548,0.707106781186547));
#4474=DIRECTION('center_axis',(0.,0.,1.));
#4475=DIRECTION('ref_axis',(1.,0.,0.));
#4476=DIRECTION('center_axis',(0.,0.,-1.));
#4477=DIRECTION('ref_axis',(-1.,0.,0.));
#4478=DIRECTION('center_axis',(0.,0.,1.));
#4479=DIRECTION('ref_axis',(0.,1.,0.));
#4480=DIRECTION('',(-4.32978028117747E-17,0.707106781186548,0.707106781186547));
#4481=DIRECTION('',(1.29893408435324E-16,-0.707106781186548,0.707106781186547));
#4482=DIRECTION('center_axis',(0.,0.,1.));
#4483=DIRECTION('ref_axis',(1.,0.,0.));
#4484=DIRECTION('',(0.,-1.,0.));
#4485=DIRECTION('center_axis',(-1.,0.,0.));
#4486=DIRECTION('ref_axis',(0.,1.,0.));
#4487=DIRECTION('center_axis',(-0.707106781186548,0.,-0.707106781186547));
#4488=DIRECTION('ref_axis',(-0.707106781186547,0.,0.707106781186548));
#4489=DIRECTION('',(0.577350269189626,0.577350269189626,-0.577350269189626));
#4490=DIRECTION('',(0.577350269189626,0.577350269189626,-0.577350269189626));
#4491=DIRECTION('center_axis',(0.,-0.707106781186548,-0.707106781186547));
#4492=DIRECTION('ref_axis',(0.,-0.707106781186547,0.707106781186548));
#4493=DIRECTION('',(-0.281084637714821,0.678598344545847,-0.678598344545847));
#4494=DIRECTION('center_axis',(0.5,-0.5,-0.707106781186547));
#4495=DIRECTION('ref_axis',(0.5,-0.5,0.707106781186548));
#4496=DIRECTION('',(-0.678598344545847,0.28108463771482,-0.678598344545847));
#4497=DIRECTION('center_axis',(0.707106781186548,0.,-0.707106781186547));
#4498=DIRECTION('ref_axis',(0.707106781186547,0.,0.707106781186548));
#4499=DIRECTION('',(-0.678598344545847,-0.28108463771482,-0.678598344545847));
#4500=DIRECTION('center_axis',(0.5,0.5,-0.707106781186547));
#4501=DIRECTION('ref_axis',(0.5,0.5,0.707106781186548));
#4502=DIRECTION('',(-0.28108463771482,-0.678598344545847,-0.678598344545847));
#4503=DIRECTION('center_axis',(0.,0.707106781186548,-0.707106781186547));
#4504=DIRECTION('ref_axis',(0.,0.707106781186547,0.707106781186548));
#4505=DIRECTION('',(-0.28108463771482,0.678598344545847,0.678598344545847));
#4506=DIRECTION('center_axis',(-0.5,0.5,-0.707106781186547));
#4507=DIRECTION('ref_axis',(-0.5,0.5,0.707106781186548));
#4508=DIRECTION('',(0.678598344545847,-0.28108463771482,-0.678598344545847));
#4509=DIRECTION('center_axis',(-0.707106781186548,0.,-0.707106781186547));
#4510=DIRECTION('ref_axis',(-0.707106781186547,0.,0.707106781186548));
#4511=DIRECTION('',(0.678598344545847,0.28108463771482,-0.678598344545847));
#4512=DIRECTION('center_axis',(-0.5,-0.5,-0.707106781186547));
#4513=DIRECTION('ref_axis',(-0.5,-0.5,0.707106781186548));
#4514=DIRECTION('',(0.28108463771482,0.678598344545847,-0.678598344545847));
#4515=DIRECTION('center_axis',(0.,-0.707106781186548,-0.707106781186547));
#4516=DIRECTION('ref_axis',(0.,-0.707106781186547,0.707106781186548));
#4517=DIRECTION('',(-0.577350269189626,0.577350269189626,-0.577350269189626));
#4518=DIRECTION('center_axis',(0.707106781186548,0.,-0.707106781186547));
#4519=DIRECTION('ref_axis',(0.707106781186547,0.,0.707106781186548));
#4520=DIRECTION('',(-0.577350269189626,0.577350269189626,-0.577350269189626));
#4521=DIRECTION('center_axis',(-1.57009245868377E-16,0.707106781186547,
0.707106781186548));
#4522=DIRECTION('ref_axis',(-8.88178419700125E-17,0.707106781186548,-0.707106781186547));
#4523=DIRECTION('center_axis',(0.,0.707106781186547,-0.707106781186548));
#4524=DIRECTION('ref_axis',(0.,-0.707106781186548,-0.707106781186547));
#4525=DIRECTION('center_axis',(0.,-0.707106781186547,-0.707106781186548));
#4526=DIRECTION('ref_axis',(0.,0.707106781186548,-0.707106781186547));
#4527=DIRECTION('center_axis',(0.,0.,1.));
#4528=DIRECTION('ref_axis',(1.,0.,0.));
#4529=DIRECTION('',(0.,0.,1.));
#4530=DIRECTION('axis',(0.,0.,1.));
#4531=DIRECTION('refdir',(1.,0.,0.));
#4532=DIRECTION('center_axis',(0.,-0.866025403784437,0.500000000000002));
#4533=DIRECTION('ref_axis',(0.,0.500000000000002,0.866025403784437));
#4534=DIRECTION('',(0.,0.500000000000002,0.866025403784437));
#4535=DIRECTION('',(-1.,0.,0.));
#4536=DIRECTION('',(0.,0.500000000000002,0.866025403784437));
#4537=DIRECTION('',(-1.,0.,0.));
#4538=DIRECTION('center_axis',(0.,-0.866025403784241,-0.500000000000343));
#4539=DIRECTION('ref_axis',(0.,-0.500000000000343,0.866025403784241));
#4540=DIRECTION('',(0.,-0.500000000000343,0.866025403784241));
#4541=DIRECTION('',(-1.,0.,0.));
#4542=DIRECTION('',(0.,-0.500000000000343,0.866025403784241));
#4543=DIRECTION('center_axis',(0.,0.,-1.));
#4544=DIRECTION('ref_axis',(0.,-1.,0.));
#4545=DIRECTION('',(0.,-1.,0.));
#4546=DIRECTION('',(-1.,0.,0.));
#4547=DIRECTION('',(0.,-1.,0.));
#4548=DIRECTION('center_axis',(0.,0.866025403784411,-0.500000000000049));
#4549=DIRECTION('ref_axis',(0.,-0.500000000000049,-0.866025403784411));
#4550=DIRECTION('',(0.,-0.500000000000049,-0.866025403784411));
#4551=DIRECTION('',(-1.,0.,0.));
#4552=DIRECTION('',(0.,-0.500000000000049,-0.866025403784411));
#4553=DIRECTION('center_axis',(0.,0.866025403784607,0.499999999999708));
#4554=DIRECTION('ref_axis',(0.,0.499999999999708,-0.866025403784607));
#4555=DIRECTION('',(0.,0.499999999999708,-0.866025403784607));
#4556=DIRECTION('',(-1.,0.,0.));
#4557=DIRECTION('',(0.,0.499999999999708,-0.866025403784607));
#4558=DIRECTION('center_axis',(0.,0.,1.));
#4559=DIRECTION('ref_axis',(0.,1.,0.));
#4560=DIRECTION('',(0.,1.,0.));
#4561=DIRECTION('',(0.,1.,0.));
#4562=DIRECTION('center_axis',(-1.,0.,0.));
#4563=DIRECTION('ref_axis',(0.,0.,1.));
#4564=DIRECTION('center_axis',(-1.,0.,0.));
#4565=DIRECTION('ref_axis',(0.,0.,1.));
#4566=DIRECTION('center_axis',(1.92730654961143E-10,1.,-1.22315852072317E-16));
#4567=DIRECTION('ref_axis',(7.72206385391585E-10,-1.22464679914738E-16,
-1.));
#4568=DIRECTION('center_axis',(-1.,0.,0.));
#4569=DIRECTION('ref_axis',(0.,0.,1.));
#4570=DIRECTION('center_axis',(-1.,0.,0.));
#4571=DIRECTION('ref_axis',(0.,0.,1.));
#4572=DIRECTION('center_axis',(-1.,0.,0.));
#4573=DIRECTION('ref_axis',(0.,0.,1.));
#4574=DIRECTION('',(1.,0.,0.));
#4575=DIRECTION('center_axis',(-1.,0.,0.));
#4576=DIRECTION('ref_axis',(0.,0.,1.));
#4577=DIRECTION('center_axis',(-1.,0.,0.));
#4578=DIRECTION('ref_axis',(0.,0.,1.));
#4579=DIRECTION('center_axis',(-1.,0.,0.));
#4580=DIRECTION('ref_axis',(0.,0.,1.));
#4581=DIRECTION('center_axis',(-1.,0.,0.));
#4582=DIRECTION('ref_axis',(0.,0.,1.));
#4583=DIRECTION('',(1.,0.,0.));
#4584=DIRECTION('center_axis',(-1.,0.,0.));
#4585=DIRECTION('ref_axis',(0.,0.,1.));
#4586=DIRECTION('center_axis',(1.,0.,0.));
#4587=DIRECTION('ref_axis',(0.,0.,-1.));
#4588=DIRECTION('',(1.,0.,0.));
#4589=DIRECTION('',(0.,0.,-1.));
#4590=DIRECTION('',(0.,0.499999999999708,-0.866025403784607));
#4591=DIRECTION('',(-1.,0.,0.));
#4592=DIRECTION('',(0.,0.499999999999708,0.866025403784607));
#4593=DIRECTION('',(1.,0.,0.));
#4594=CARTESIAN_POINT('',(0.,0.,0.));
#4595=CARTESIAN_POINT('',(0.,0.,0.));
#4596=CARTESIAN_POINT('Origin',(-16.002000001,3.99899999999997,-27.4));
#4597=CARTESIAN_POINT('',(-7.50000000000001,9.6,-27.4));
#4598=CARTESIAN_POINT('',(-7.10000000000001,10.,-27.4));
#4599=CARTESIAN_POINT('',(-10.82575000025,6.27424999974999,-27.4));
#4600=CARTESIAN_POINT('',(-7.50000000000003,10.,-27.4));
#4601=CARTESIAN_POINT('',(11.35,10.,-27.4));
#4602=CARTESIAN_POINT('',(-7.5,12.8,-27.4));
#4603=CARTESIAN_POINT('Origin',(-7.10000000000001,10.,29.4));
#4604=CARTESIAN_POINT('',(-7.50000000000001,9.6,-27.5));
#4605=CARTESIAN_POINT('',(-7.50000000000001,9.6,29.4));
#4606=CARTESIAN_POINT('',(-7.50000000000001,9.6,-29.4));
#4607=CARTESIAN_POINT('',(-7.5,9.60000000000001,42.2));
#4608=CARTESIAN_POINT('',(-7.10000000000001,10.,-29.4));
#4609=CARTESIAN_POINT('',(-5.37500000000001,11.725,-29.4));
#4610=CARTESIAN_POINT('',(-7.10000000000001,10.,-27.5));
#4611=CARTESIAN_POINT('',(-7.10000000000001,10.,42.2));
#4612=CARTESIAN_POINT('',(-7.10000000000001,10.,29.4));
#4613=CARTESIAN_POINT('Origin',(-7.5,10.,29.4));
#4614=CARTESIAN_POINT('',(-7.50000000000003,10.,-27.5));
#4615=CARTESIAN_POINT('',(7.49999999999999,10.,-27.5));
#4616=CARTESIAN_POINT('',(-7.5,10.,29.4));
#4617=CARTESIAN_POINT('Origin',(-7.5,9.6,29.4));
#4618=CARTESIAN_POINT('',(-7.5,9.99999999999999,-27.5));
#4619=CARTESIAN_POINT('Origin',(-7.5,10.,55.));
#4620=CARTESIAN_POINT('',(-7.50000000000001,7.99999999999999,-27.5));
#4621=CARTESIAN_POINT('',(-7.5,9.99999999999999,-27.5));
#4622=CARTESIAN_POINT('',(-7.5,8.,-29.4));
#4623=CARTESIAN_POINT('',(-7.5,8.,-29.4));
#4624=CARTESIAN_POINT('',(-7.5,10.,-29.4));
#4625=CARTESIAN_POINT('Origin',(-1.27799444090821E-16,10.3410105148469,
-29.4));
#4626=CARTESIAN_POINT('',(-7.5,5.,-29.4));
#4627=CARTESIAN_POINT('Origin',(-7.5,6.5,-29.4));
#4628=CARTESIAN_POINT('',(-7.5,4.,-29.4));
#4629=CARTESIAN_POINT('',(-7.5,5.,-29.4));
#4630=CARTESIAN_POINT('',(-15.2,4.,-29.4));
#4631=CARTESIAN_POINT('',(-7.5,4.,-29.4));
#4632=CARTESIAN_POINT('',(-15.6,4.4,-29.4));
#4633=CARTESIAN_POINT('',(-15.2,4.,-29.4));
#4634=CARTESIAN_POINT('',(-15.6,15.2,-29.4));
#4635=CARTESIAN_POINT('',(-15.6,4.4,-29.4));
#4636=CARTESIAN_POINT('',(-15.2,15.6,-29.4));
#4637=CARTESIAN_POINT('',(-15.6,15.2,-29.4));
#4638=CARTESIAN_POINT('',(15.2,15.6,-29.4));
#4639=CARTESIAN_POINT('',(-15.2,15.6,-29.4));
#4640=CARTESIAN_POINT('',(15.6,15.2,-29.4));
#4641=CARTESIAN_POINT('',(15.2,15.6,-29.4));
#4642=CARTESIAN_POINT('',(15.6,4.4,-29.4));
#4643=CARTESIAN_POINT('',(15.6,15.2,-29.4));
#4644=CARTESIAN_POINT('',(15.2,4.,-29.4));
#4645=CARTESIAN_POINT('',(15.6,4.4,-29.4));
#4646=CARTESIAN_POINT('',(7.5,4.,-29.4));
#4647=CARTESIAN_POINT('',(15.2,4.,-29.4));
#4648=CARTESIAN_POINT('',(7.5,5.,-29.4));
#4649=CARTESIAN_POINT('',(7.5,4.,-29.4));
#4650=CARTESIAN_POINT('',(7.5,8.,-29.4));
#4651=CARTESIAN_POINT('Origin',(7.5,6.5,-29.4));
#4652=CARTESIAN_POINT('',(7.5,9.60000000000001,-29.4));
#4653=CARTESIAN_POINT('',(7.5,8.,-29.4));
#4654=CARTESIAN_POINT('',(7.1,10.,-29.4));
#4655=CARTESIAN_POINT('',(5.575,11.525,-29.4));
#4656=CARTESIAN_POINT('',(7.5,10.,-29.4));
#4657=CARTESIAN_POINT('',(-2.25,13.,-29.4));
#4658=CARTESIAN_POINT('Origin',(0.,13.,-29.4));
#4659=CARTESIAN_POINT('Origin',(7.5,10.,55.));
#4660=CARTESIAN_POINT('',(7.1,10.,-27.5));
#4661=CARTESIAN_POINT('',(7.10000000000001,10.,42.2));
#4662=CARTESIAN_POINT('',(7.49999999999999,10.,-27.5));
#4663=CARTESIAN_POINT('Origin',(7.49999999999999,10.1,-27.4));
#4664=CARTESIAN_POINT('',(7.50000000000001,10.,-27.5));
#4665=CARTESIAN_POINT('',(7.49999999999999,10.,-27.5));
#4666=CARTESIAN_POINT('',(7.60000000000002,10.1,-27.4));
#4667=CARTESIAN_POINT('',(7.51666666666667,10.0166666666667,-27.4833333333333));
#4668=CARTESIAN_POINT('',(-7.60000000000001,10.1,-27.4));
#4669=CARTESIAN_POINT('',(7.49999999999999,10.1,-27.4));
#4670=CARTESIAN_POINT('',(-7.51666666666666,10.0166666666667,-27.4833333333333));
#4671=CARTESIAN_POINT('Origin',(-7.60000000000001,9.99999999999999,-27.4));
#4672=CARTESIAN_POINT('',(-7.60000000000002,7.89999999999999,-27.4));
#4673=CARTESIAN_POINT('',(-7.60000000000001,9.99999999999999,-27.4));
#4674=CARTESIAN_POINT('',(-7.51666666666667,7.98333333333334,-27.4833333333333));
#4675=CARTESIAN_POINT('Origin',(-7.5,6.5,55.));
#4676=CARTESIAN_POINT('',(-7.50000000000004,5.00000000000003,-27.5));
#4677=CARTESIAN_POINT('Origin',(-7.5,6.5,-27.5));
#4678=CARTESIAN_POINT('',(-7.5,5.,29.4));
#4679=CARTESIAN_POINT('Origin',(0.,13.,-29.3));
#4680=CARTESIAN_POINT('',(-2.25,13.,-28.6));
#4681=CARTESIAN_POINT('',(-2.25,13.,-29.3));
#4682=CARTESIAN_POINT('Origin',(0.,13.,-28.6));
#4683=CARTESIAN_POINT('Origin',(-7.5,5.,55.));
#4684=CARTESIAN_POINT('',(-7.50000000000001,3.99999999999999,-27.5));
#4685=CARTESIAN_POINT('',(-7.5,4.99999999999999,-27.5));
#4686=CARTESIAN_POINT('',(-7.5,4.,29.4));
#4687=CARTESIAN_POINT('Origin',(16.,4.,29.4));
#4688=CARTESIAN_POINT('',(-15.2,4.00000000000001,-27.5));
#4689=CARTESIAN_POINT('',(4.24999999999999,4.,-27.5));
#4690=CARTESIAN_POINT('',(-15.2,4.,-29.4));
#4691=CARTESIAN_POINT('Origin',(-15.6,4.4,-29.4));
#4692=CARTESIAN_POINT('',(-15.6,4.40000000000001,-27.5));
#4693=CARTESIAN_POINT('',(-15.4,4.19999999999995,-27.5));
#4694=CARTESIAN_POINT('',(-15.6,4.4,-21.7));
#4695=CARTESIAN_POINT('Origin',(-15.6,15.6,-29.4));
#4696=CARTESIAN_POINT('',(-15.6,15.2,-27.5));
#4697=CARTESIAN_POINT('',(-15.6,10.,-27.5));
#4698=CARTESIAN_POINT('',(-15.6,15.2,-29.4));
#4699=CARTESIAN_POINT('Origin',(-15.2,15.6,-29.4));
#4700=CARTESIAN_POINT('',(-15.2,15.6,-27.5));
#4701=CARTESIAN_POINT('',(-15.4,15.4,-27.5));
#4702=CARTESIAN_POINT('',(-15.2,15.6,-21.7));
#4703=CARTESIAN_POINT('Origin',(16.,15.6,-29.4));
#4704=CARTESIAN_POINT('',(15.2,15.6,-27.5));
#4705=CARTESIAN_POINT('',(0.4,15.6,-27.5));
#4706=CARTESIAN_POINT('',(15.2,15.6,-29.4));
#4707=CARTESIAN_POINT('Origin',(15.6,15.2,-29.4));
#4708=CARTESIAN_POINT('',(15.6,15.2,-27.5));
#4709=CARTESIAN_POINT('',(15.4,15.4,-27.5));
#4710=CARTESIAN_POINT('',(15.6,15.2,-21.7));
#4711=CARTESIAN_POINT('Origin',(15.6,4.,-29.4));
#4712=CARTESIAN_POINT('',(15.6,4.39999999999999,-27.5));
#4713=CARTESIAN_POINT('',(15.6,9.6,-27.5));
#4714=CARTESIAN_POINT('',(15.6,4.4,-29.4));
#4715=CARTESIAN_POINT('Origin',(15.2,4.,29.4));
#4716=CARTESIAN_POINT('',(15.2,4.,-27.5));
#4717=CARTESIAN_POINT('',(15.4,4.2,-27.5));
#4718=CARTESIAN_POINT('',(15.2,4.,-21.7));
#4719=CARTESIAN_POINT('Origin',(16.,4.,29.4));
#4720=CARTESIAN_POINT('',(7.49999999999998,4.00000000000001,-27.5));
#4721=CARTESIAN_POINT('',(15.6,4.,-27.5));
#4722=CARTESIAN_POINT('',(7.5,4.,-29.4));
#4723=CARTESIAN_POINT('Origin',(7.5,0.,55.));
#4724=CARTESIAN_POINT('',(7.50000000000001,5.00000000000001,-27.5));
#4725=CARTESIAN_POINT('',(7.5,2.00000000000001,-27.5));
#4726=CARTESIAN_POINT('',(7.5,5.,-29.4));
#4727=CARTESIAN_POINT('Origin',(7.5,6.5,55.));
#4728=CARTESIAN_POINT('',(7.50000000000004,7.99999999999997,-27.5));
#4729=CARTESIAN_POINT('Origin',(7.5,6.5,-27.5));
#4730=CARTESIAN_POINT('',(7.5,8.,29.4));
#4731=CARTESIAN_POINT('Origin',(7.5,8.,55.));
#4732=CARTESIAN_POINT('',(7.5,9.60000000000001,-27.5));
#4733=CARTESIAN_POINT('',(7.5,9.60000000000001,42.2));
#4734=CARTESIAN_POINT('',(7.5,8.00000000000001,-27.5));
#4735=CARTESIAN_POINT('Origin',(7.5,9.60000000000001,29.4));
#4736=CARTESIAN_POINT('',(7.1,10.,-27.4));
#4737=CARTESIAN_POINT('',(7.5,9.60000000000001,-27.4));
#4738=CARTESIAN_POINT('',(3.02474999975,14.07525000025,-27.4));
#4739=CARTESIAN_POINT('',(7.1,10.,29.4));
#4740=CARTESIAN_POINT('',(7.5,9.60000000000001,29.4));
#4741=CARTESIAN_POINT('Origin',(7.1,10.,29.4));
#4742=CARTESIAN_POINT('',(7.50000000000001,10.,-27.4));
#4743=CARTESIAN_POINT('',(11.35,10.,-27.4));
#4744=CARTESIAN_POINT('',(7.5,10.,29.4));
#4745=CARTESIAN_POINT('Origin',(7.60000000000001,8.00000000000001,-27.4));
#4746=CARTESIAN_POINT('',(7.60000000000001,7.89999999999998,-27.4));
#4747=CARTESIAN_POINT('',(7.51666666666667,7.98333333333332,-27.4833333333333));
#4748=CARTESIAN_POINT('',(7.60000000000001,8.00000000000001,-27.4));
#4749=CARTESIAN_POINT('',(7.5,8.00000000000001,-27.5));
#4750=CARTESIAN_POINT('Origin',(-16.002000001,3.99899999999997,-27.4));
#4751=CARTESIAN_POINT('',(7.49999999999999,5.10000000000001,-27.4));
#4752=CARTESIAN_POINT('',(7.60000000000002,5.10000000000001,-27.4));
#4753=CARTESIAN_POINT('',(7.49999999999999,5.10000000000001,-27.4));
#4754=CARTESIAN_POINT('',(7.60000000000001,4.10000000000001,-27.4));
#4755=CARTESIAN_POINT('',(7.60000000000001,4.00000000000001,-27.4));
#4756=CARTESIAN_POINT('',(15.1585786437627,4.10000000000001,-27.4));
#4757=CARTESIAN_POINT('',(15.2,4.10000000000001,-27.4));
#4758=CARTESIAN_POINT('',(15.5,4.44142135623731,-27.4));
#4759=CARTESIAN_POINT('',(15.5292893218813,4.47071067811865,-27.4));
#4760=CARTESIAN_POINT('',(15.5,15.1585786437627,-27.4));
#4761=CARTESIAN_POINT('',(15.5,15.2,-27.4));
#4762=CARTESIAN_POINT('',(15.1585786437627,15.5,-27.4));
#4763=CARTESIAN_POINT('',(15.1292893218813,15.5292893218813,-27.4));
#4764=CARTESIAN_POINT('',(-15.1585786437627,15.5,-27.4));
#4765=CARTESIAN_POINT('',(-15.2,15.5,-27.4));
#4766=CARTESIAN_POINT('',(-15.5,15.1585786437627,-27.4));
#4767=CARTESIAN_POINT('',(-15.5292893218813,15.1292893218813,-27.4));
#4768=CARTESIAN_POINT('',(-15.5,4.4414213562373,-27.4));
#4769=CARTESIAN_POINT('',(-15.5,4.40000000000001,-27.4));
#4770=CARTESIAN_POINT('',(-15.1585786437627,4.10000000000001,-27.4));
#4771=CARTESIAN_POINT('',(-15.1292893218813,4.07071067811867,-27.4));
#4772=CARTESIAN_POINT('',(-7.60000000000001,4.10000000000001,-27.4));
#4773=CARTESIAN_POINT('',(-7.50000000000001,4.10000000000001,-27.4));
#4774=CARTESIAN_POINT('',(-7.60000000000001,5.10000000000002,-27.4));
#4775=CARTESIAN_POINT('',(-7.60000000000001,4.99999999999999,-27.4));
#4776=CARTESIAN_POINT('',(-7.50000000000004,5.10000000000003,-27.4));
#4777=CARTESIAN_POINT('',(-7.49999999999998,5.10000000000002,-27.4));
#4778=CARTESIAN_POINT('',(-7.49999999999999,7.89999999999999,-27.4));
#4779=CARTESIAN_POINT('Origin',(-7.50000000000001,6.50000000000001,-27.4));
#4780=CARTESIAN_POINT('',(-7.49999999999999,7.89999999999999,-27.4));
#4781=CARTESIAN_POINT('',(7.50000000000004,7.89999999999997,-27.4));
#4782=CARTESIAN_POINT('',(7.49999999999998,7.89999999999998,-27.4));
#4783=CARTESIAN_POINT('Origin',(7.50000000000001,6.49999999999999,-27.4));
#4784=CARTESIAN_POINT('',(-1.5,13.,-27.4));
#4785=CARTESIAN_POINT('Origin',(0.,13.,-27.4));
#4786=CARTESIAN_POINT('Origin',(-7.49999999999999,7.99999999999999,-27.5));
#4787=CARTESIAN_POINT('',(-7.49999999999999,7.89999999999999,-27.4));
#4788=CARTESIAN_POINT('Origin',(-7.50000000000001,6.50000000000001,-27.45));
#4789=CARTESIAN_POINT('',(-7.50000000000004,5.10000000000003,-27.4));
#4790=CARTESIAN_POINT('Origin',(1.25760555690046E-16,13.,-28.6));
#4791=CARTESIAN_POINT('',(-1.5,13.,-28.6));
#4792=CARTESIAN_POINT('Origin',(0.,13.,-28.6));
#4793=CARTESIAN_POINT('Origin',(-7.60000000000001,4.99999999999999,-27.4));
#4794=CARTESIAN_POINT('',(-7.73333333333334,4.23333333333334,-27.2666666666667));
#4795=CARTESIAN_POINT('',(-7.51666666666667,5.01666666666668,-27.4833333333333));
#4796=CARTESIAN_POINT('Origin',(-7.50000000000001,4.10000000000001,-27.4));
#4797=CARTESIAN_POINT('',(-14.8576682778307,4.82646188649168,-26.6735381135083));
#4798=CARTESIAN_POINT('Origin',(-15.1292893218813,4.07071067811867,-27.4));
#4799=CARTESIAN_POINT('',(-15.4539504286779,4.46049571322036,-27.353950428678));
#4800=CARTESIAN_POINT('Origin',(-15.5,4.40000000000001,-27.4));
#4801=CARTESIAN_POINT('',(-14.477885580271,14.7352049888138,-26.377885580271));
#4802=CARTESIAN_POINT('Origin',(-15.5292893218813,15.1292893218813,-27.4));
#4803=CARTESIAN_POINT('',(-15.1395042867796,15.453950428678,-27.353950428678));
#4804=CARTESIAN_POINT('Origin',(-15.2,15.5,-27.4));
#4805=CARTESIAN_POINT('',(13.960920967933,12.6085985959316,-24.5085985959316));
#4806=CARTESIAN_POINT('Origin',(15.1292893218813,15.5292893218813,-27.4));
#4807=CARTESIAN_POINT('',(15.453950428678,15.1395042867796,-27.353950428678));
#4808=CARTESIAN_POINT('Origin',(15.5,15.2,-27.4));
#4809=CARTESIAN_POINT('',(14.477885580271,4.86479501118618,-26.377885580271));
#4810=CARTESIAN_POINT('Origin',(15.5292893218813,4.47071067811865,-27.4));
#4811=CARTESIAN_POINT('',(15.1395042867796,4.14604957132204,-27.353950428678));
#4812=CARTESIAN_POINT('Origin',(15.2,4.10000000000001,-27.4));
#4813=CARTESIAN_POINT('',(8.85,5.35000000000001,-26.15));
#4814=CARTESIAN_POINT('Origin',(7.60000000000001,4.00000000000001,-27.4));
#4815=CARTESIAN_POINT('',(7.51666666666668,5.01666666666666,-27.4833333333333));
#4816=CARTESIAN_POINT('Origin',(7.50000000000001,6.49999999999999,-27.45));
#4817=CARTESIAN_POINT('',(7.49999999999999,5.10000000000001,-27.4));
#4818=CARTESIAN_POINT('',(7.50000000000004,7.89999999999997,-27.4));
#4819=CARTESIAN_POINT('Origin',(-16.002000001,3.99899999999997,-27.4));
#4820=CARTESIAN_POINT('',(7.5,11.8,-27.4));
#4821=CARTESIAN_POINT('Origin',(7.5,10.,29.4));
#4822=CARTESIAN_POINT('Origin',(7.49999999999998,7.99999999999998,-27.5));
#4823=CARTESIAN_POINT('Origin',(0.,13.,29.4));
#4824=CARTESIAN_POINT('',(-1.5,13.,29.4));
#4825=CARTESIAN_POINT('Origin',(7.49999999999999,5.00000000000001,-27.5));
#4826=CARTESIAN_POINT('Origin',(-7.49999999999998,5.00000000000002,-27.5));
#4827=CARTESIAN_POINT('Origin',(0.,0.,-21.7));
#4828=CARTESIAN_POINT('',(-15.6,4.4,-21.7));
#4829=CARTESIAN_POINT('',(-15.2,4.,-21.7));
#4830=CARTESIAN_POINT('',(-15.6,4.4,-21.7));
#4831=CARTESIAN_POINT('',(-7.50000000000001,4.,-21.7));
#4832=CARTESIAN_POINT('',(-5.7568759936407,4.,-21.7));
#4833=CARTESIAN_POINT('',(-7.5,5.,-21.7));
#4834=CARTESIAN_POINT('',(-7.5,2.5,-21.7));
#4835=CARTESIAN_POINT('',(-7.5,8.,-21.7));
#4836=CARTESIAN_POINT('Origin',(-7.5,6.5,-21.7));
#4837=CARTESIAN_POINT('',(-7.5,9.60000000000001,-21.7));
#4838=CARTESIAN_POINT('',(-7.5,5.,-21.7));
#4839=CARTESIAN_POINT('',(-7.10000000000001,10.,-21.7));
#4840=CARTESIAN_POINT('',(-7.82500000000001,9.275,-21.7));
#4841=CARTESIAN_POINT('',(7.10000000000001,10.,-21.7));
#4842=CARTESIAN_POINT('',(3.75,10.,-21.7));
#4843=CARTESIAN_POINT('',(7.5,9.60000000000001,-21.7));
#4844=CARTESIAN_POINT('',(8.025,9.07500000000001,-21.7));
#4845=CARTESIAN_POINT('',(7.5,8.,-21.7));
#4846=CARTESIAN_POINT('',(7.5,4.,-21.7));
#4847=CARTESIAN_POINT('',(7.5,5.,-21.7));
#4848=CARTESIAN_POINT('Origin',(7.5,6.5,-21.7));
#4849=CARTESIAN_POINT('',(7.49999999999998,4.,-21.7));
#4850=CARTESIAN_POINT('',(7.5,0.,-21.7));
#4851=CARTESIAN_POINT('',(15.2,4.,-21.7));
#4852=CARTESIAN_POINT('',(5.7568759936407,4.,-21.7));
#4853=CARTESIAN_POINT('',(15.6,4.4,-21.7));
#4854=CARTESIAN_POINT('',(15.2,4.,-21.7));
#4855=CARTESIAN_POINT('',(15.6,15.2,-21.7));
#4856=CARTESIAN_POINT('',(15.6,15.2,-21.7));
#4857=CARTESIAN_POINT('',(15.2,15.6,-21.7));
#4858=CARTESIAN_POINT('',(15.6,15.2,-21.7));
#4859=CARTESIAN_POINT('',(-15.2,15.6,-21.7));
#4860=CARTESIAN_POINT('',(-15.2,15.6,-21.7));
#4861=CARTESIAN_POINT('',(-15.6,15.2,-21.7));
#4862=CARTESIAN_POINT('',(-15.2,15.6,-21.7));
#4863=CARTESIAN_POINT('',(-15.6,4.4,-21.7));
#4864=CARTESIAN_POINT('Origin',(-15.6,4.4,-29.4));
#4865=CARTESIAN_POINT('',(-15.6,4.40000000000001,-27.4));
#4866=CARTESIAN_POINT('',(-15.2,4.00000000000001,-27.4));
#4867=CARTESIAN_POINT('',(-10.7000000000011,-0.499999999999605,-27.4));
#4868=CARTESIAN_POINT('',(-15.2,4.,-29.4));
#4869=CARTESIAN_POINT('',(-15.6,4.4,-21.7));
#4870=CARTESIAN_POINT('Origin',(-11.5137519872814,4.,0.));
#4871=CARTESIAN_POINT('',(-7.50000000000001,4.,-27.4));
#4872=CARTESIAN_POINT('',(-15.2,4.,-27.4));
#4873=CARTESIAN_POINT('',(-7.50000000000001,4.,-27.4));
#4874=CARTESIAN_POINT('Origin',(-7.5,5.,55.));
#4875=CARTESIAN_POINT('',(-7.50000000000004,5.00000000000003,-27.4));
#4876=CARTESIAN_POINT('',(-7.5,10.3,-27.4));
#4877=CARTESIAN_POINT('',(-7.5,5.,29.4));
#4878=CARTESIAN_POINT('Origin',(-7.5,6.5,55.));
#4879=CARTESIAN_POINT('',(-7.50000000000001,7.99999999999999,-27.4));
#4880=CARTESIAN_POINT('Origin',(-7.5,6.5,-27.4));
#4881=CARTESIAN_POINT('',(-7.5,8.,-29.4));
#4882=CARTESIAN_POINT('Origin',(-7.5,10.,55.));
#4883=CARTESIAN_POINT('',(-7.50000000000001,9.6,-27.4));
#4884=CARTESIAN_POINT('',(-7.5,12.8,-27.4));
#4885=CARTESIAN_POINT('',(-7.5,9.60000000000001,42.2));
#4886=CARTESIAN_POINT('Origin',(-7.10000000000001,10.,29.4));
#4887=CARTESIAN_POINT('',(-7.10000000000001,10.,-27.4));
#4888=CARTESIAN_POINT('',(-10.82575000025,6.27424999974999,-27.4));
#4889=CARTESIAN_POINT('',(-7.10000000000001,10.,42.2));
#4890=CARTESIAN_POINT('Origin',(7.5,10.,55.));
#4891=CARTESIAN_POINT('',(7.1,10.,-27.4));
#4892=CARTESIAN_POINT('',(11.35,10.,-27.4));
#4893=CARTESIAN_POINT('',(7.10000000000001,10.,42.2));
#4894=CARTESIAN_POINT('Origin',(7.5,9.60000000000001,29.4));
#4895=CARTESIAN_POINT('',(7.5,9.60000000000001,-27.4));
#4896=CARTESIAN_POINT('',(3.02474999975,14.07525000025,-27.4));
#4897=CARTESIAN_POINT('',(7.5,9.60000000000001,42.2));
#4898=CARTESIAN_POINT('Origin',(7.5,8.,55.));
#4899=CARTESIAN_POINT('',(7.50000000000004,7.99999999999997,-27.4));
#4900=CARTESIAN_POINT('',(7.5,11.8,-27.4));
#4901=CARTESIAN_POINT('',(7.5,8.,29.4));
#4902=CARTESIAN_POINT('Origin',(7.5,6.5,55.));
#4903=CARTESIAN_POINT('',(7.50000000000001,5.00000000000001,-27.4));
#4904=CARTESIAN_POINT('Origin',(7.5,6.5,-27.4));
#4905=CARTESIAN_POINT('',(7.5,5.,-29.4));
#4906=CARTESIAN_POINT('Origin',(7.5,0.,55.));
#4907=CARTESIAN_POINT('',(7.49999999999998,4.,-27.4));
#4908=CARTESIAN_POINT('',(7.49999999999998,4.1,-27.4));
#4909=CARTESIAN_POINT('',(7.49999999999998,4.,27.4));
#4910=CARTESIAN_POINT('Origin',(11.5137519872814,4.,0.));
#4911=CARTESIAN_POINT('',(15.2,4.,-27.4));
#4912=CARTESIAN_POINT('',(7.49999999999998,4.,-27.4));
#4913=CARTESIAN_POINT('',(15.2,4.,-21.7));
#4914=CARTESIAN_POINT('Origin',(15.2,4.,29.4));
#4915=CARTESIAN_POINT('',(15.6,4.39999999999999,-27.4));
#4916=CARTESIAN_POINT('',(18.1,6.9,-27.4));
#4917=CARTESIAN_POINT('',(15.6,4.4,-29.4));
#4918=CARTESIAN_POINT('Origin',(15.6,4.,-29.4));
#4919=CARTESIAN_POINT('',(15.6,15.2,-27.4));
#4920=CARTESIAN_POINT('',(15.6,9.8,-27.4));
#4921=CARTESIAN_POINT('',(15.6,15.2,-21.7));
#4922=CARTESIAN_POINT('Origin',(15.6,15.2,-29.4));
#4923=CARTESIAN_POINT('',(15.2,15.6,-27.4));
#4924=CARTESIAN_POINT('',(15.4,15.4,-27.4));
#4925=CARTESIAN_POINT('',(15.2,15.6,-29.4));
#4926=CARTESIAN_POINT('Origin',(16.,15.6,-29.4));
#4927=CARTESIAN_POINT('',(-15.2,15.6,-27.4));
#4928=CARTESIAN_POINT('',(15.6,15.6,-27.4));
#4929=CARTESIAN_POINT('',(-15.2,15.6,-21.7));
#4930=CARTESIAN_POINT('Origin',(-15.2,15.6,-29.4));
#4931=CARTESIAN_POINT('',(-15.6,15.2,-27.4));
#4932=CARTESIAN_POINT('',(-7.6,23.2,-27.4));
#4933=CARTESIAN_POINT('',(-15.6,15.2,-29.4));
#4934=CARTESIAN_POINT('Origin',(-15.6,15.6,-29.4));
#4935=CARTESIAN_POINT('',(-15.6,15.6,-27.4));
#4936=CARTESIAN_POINT('Origin',(-16.002000001,3.99899999999997,-27.4));
#4937=CARTESIAN_POINT('',(-1.5,13.,-27.4));
#4938=CARTESIAN_POINT('Origin',(0.,13.,-27.4));
#4939=CARTESIAN_POINT('Origin',(0.,13.,29.4));
#4940=CARTESIAN_POINT('',(-1.5,13.,-24.30987090715));
#4941=CARTESIAN_POINT('',(-1.5,13.,29.4));
#4942=CARTESIAN_POINT('',(1.50000000000334,13.,-24.3098709071445));
#4943=CARTESIAN_POINT('Origin',(0.,13.,-24.30987090715));
#4944=CARTESIAN_POINT('Origin',(0.,13.,-24.30987090715));
#4945=CARTESIAN_POINT('Origin',(0.,13.,-23.88024226808));
#4946=CARTESIAN_POINT('',(0.,13.,-23.4085799786011));
#4947=CARTESIAN_POINT('',(0.7849778709782,13.,-23.88024226808));
#4948=CARTESIAN_POINT('Origin',(-15.2,16.,21.7));
#4949=CARTESIAN_POINT('',(-16.,15.2,-21.7));
#4950=CARTESIAN_POINT('',(-15.2,16.,-21.7));
#4951=CARTESIAN_POINT('',(-15.4,15.8,-21.7));
#4952=CARTESIAN_POINT('',(-16.,15.2,21.7));
#4953=CARTESIAN_POINT('',(-16.,15.2,25.55));
#4954=CARTESIAN_POINT('',(-15.2,16.,21.7));
#4955=CARTESIAN_POINT('',(-15.4,15.8,21.7));
#4956=CARTESIAN_POINT('',(-15.2,16.,25.55));
#4957=CARTESIAN_POINT('Origin',(16.,15.2,21.7));
#4958=CARTESIAN_POINT('',(15.2,16.,-21.7));
#4959=CARTESIAN_POINT('',(16.,15.2,-21.7));
#4960=CARTESIAN_POINT('',(15.8,15.4,-21.7));
#4961=CARTESIAN_POINT('',(15.2,16.,21.7));
#4962=CARTESIAN_POINT('',(15.2,16.,25.55));
#4963=CARTESIAN_POINT('',(16.,15.2,21.7));
#4964=CARTESIAN_POINT('',(15.8,15.4,21.7));
#4965=CARTESIAN_POINT('',(16.,15.2,25.55));
#4966=CARTESIAN_POINT('Origin',(-16.,4.,29.4));
#4967=CARTESIAN_POINT('',(-16.,4.4,-21.7));
#4968=CARTESIAN_POINT('',(-16.,4.4,-21.7));
#4969=CARTESIAN_POINT('',(-16.,4.4,21.7));
#4970=CARTESIAN_POINT('',(-16.,4.4,21.7));
#4971=CARTESIAN_POINT('',(-16.,4.4,21.7));
#4972=CARTESIAN_POINT('Origin',(0.,0.,21.7));
#4973=CARTESIAN_POINT('',(-15.6,4.,21.7));
#4974=CARTESIAN_POINT('',(-16.,4.4,21.7));
#4975=CARTESIAN_POINT('',(-7.50000000000001,4.,21.7));
#4976=CARTESIAN_POINT('',(-5.7568759936407,4.,21.7));
#4977=CARTESIAN_POINT('',(-7.5,5.,21.7));
#4978=CARTESIAN_POINT('',(-7.5,2.5,21.7));
#4979=CARTESIAN_POINT('',(-7.5,8.,21.7));
#4980=CARTESIAN_POINT('Origin',(-7.5,6.5,21.7));
#4981=CARTESIAN_POINT('',(-7.5,9.60000000000001,21.7));
#4982=CARTESIAN_POINT('',(-7.5,5.,21.7));
#4983=CARTESIAN_POINT('',(-7.10000000000001,10.,21.7));
#4984=CARTESIAN_POINT('',(-7.82500000000001,9.275,21.7));
#4985=CARTESIAN_POINT('',(7.10000000000001,10.,21.7));
#4986=CARTESIAN_POINT('',(3.75,10.,21.7));
#4987=CARTESIAN_POINT('',(7.5,9.60000000000001,21.7));
#4988=CARTESIAN_POINT('',(8.025,9.07500000000001,21.7));
#4989=CARTESIAN_POINT('',(7.5,8.,21.7));
#4990=CARTESIAN_POINT('',(7.5,4.,21.7));
#4991=CARTESIAN_POINT('',(7.5,5.,21.7));
#4992=CARTESIAN_POINT('Origin',(7.5,6.5,21.7));
#4993=CARTESIAN_POINT('',(7.49999999999998,4.,21.7));
#4994=CARTESIAN_POINT('',(7.5,0.,21.7));
#4995=CARTESIAN_POINT('',(15.6,4.,21.7));
#4996=CARTESIAN_POINT('',(5.7568759936407,4.,21.7));
#4997=CARTESIAN_POINT('',(16.,4.4,21.7));
#4998=CARTESIAN_POINT('',(15.6,4.,21.7));
#4999=CARTESIAN_POINT('',(16.,7.7,21.7));
#5000=CARTESIAN_POINT('',(16.,4.4,21.7));
#5001=CARTESIAN_POINT('',(16.,8.3,21.7));
#5002=CARTESIAN_POINT('Origin',(16.,8.,21.7));
#5003=CARTESIAN_POINT('',(16.,8.3,21.7));
#5004=CARTESIAN_POINT('',(8.,16.,21.7));
#5005=CARTESIAN_POINT('',(15.6,16.,21.7));
#5006=CARTESIAN_POINT('',(8.,15.75,21.7));
#5007=CARTESIAN_POINT('',(8.,15.75,21.7));
#5008=CARTESIAN_POINT('',(-8.,15.75,21.7));
#5009=CARTESIAN_POINT('',(8.,15.75,21.7));
#5010=CARTESIAN_POINT('',(-8.,16.,21.7));
#5011=CARTESIAN_POINT('',(-8.,15.75,21.7));
#5012=CARTESIAN_POINT('',(-8.,16.,21.7));
#5013=CARTESIAN_POINT('Origin',(-16.,16.,29.4));
#5014=CARTESIAN_POINT('',(8.,16.,-21.7));
#5015=CARTESIAN_POINT('',(8.,16.,-21.7));
#5016=CARTESIAN_POINT('',(8.,16.,-21.7));
#5017=CARTESIAN_POINT('',(11.2705,16.,12.5));
#5018=CARTESIAN_POINT('Origin',(12.5,16.,12.5));
#5019=CARTESIAN_POINT('',(11.2705,16.,-12.5));
#5020=CARTESIAN_POINT('Origin',(12.5,16.,-12.5));
#5021=CARTESIAN_POINT('Origin',(11.5137519872814,4.,0.));
#5022=CARTESIAN_POINT('',(7.49999999999998,4.,-21.7));
#5023=CARTESIAN_POINT('',(7.49999999999998,4.,27.4));
#5024=CARTESIAN_POINT('',(15.6,4.,-21.7));
#5025=CARTESIAN_POINT('',(5.7568759936407,4.,-21.7));
#5026=CARTESIAN_POINT('',(15.6,4.,21.7));
#5027=CARTESIAN_POINT('Origin',(7.5,0.,55.));
#5028=CARTESIAN_POINT('',(7.5,5.,-21.7));
#5029=CARTESIAN_POINT('',(7.5,5.,-29.4));
#5030=CARTESIAN_POINT('',(7.5,0.,-21.7));
#5031=CARTESIAN_POINT('Origin',(7.5,6.5,55.));
#5032=CARTESIAN_POINT('',(7.5,8.,-21.7));
#5033=CARTESIAN_POINT('',(7.5,8.,29.4));
#5034=CARTESIAN_POINT('Origin',(7.5,6.5,-21.7));
#5035=CARTESIAN_POINT('Origin',(7.5,8.,55.));
#5036=CARTESIAN_POINT('',(7.5,9.60000000000001,-21.7));
#5037=CARTESIAN_POINT('',(7.5,9.60000000000001,42.2));
#5038=CARTESIAN_POINT('',(7.5,4.,-21.7));
#5039=CARTESIAN_POINT('Origin',(7.5,9.60000000000001,29.4));
#5040=CARTESIAN_POINT('',(7.10000000000001,10.,-21.7));
#5041=CARTESIAN_POINT('',(7.10000000000001,10.,42.2));
#5042=CARTESIAN_POINT('',(8.025,9.07500000000001,-21.7));
#5043=CARTESIAN_POINT('Origin',(7.5,10.,55.));
#5044=CARTESIAN_POINT('',(-7.10000000000001,10.,-21.7));
#5045=CARTESIAN_POINT('',(-7.10000000000001,10.,42.2));
#5046=CARTESIAN_POINT('',(3.75,10.,-21.7));
#5047=CARTESIAN_POINT('Origin',(-7.10000000000001,10.,29.4));
#5048=CARTESIAN_POINT('',(-7.5,9.60000000000001,-21.7));
#5049=CARTESIAN_POINT('',(-7.5,9.60000000000001,42.2));
#5050=CARTESIAN_POINT('',(-7.82500000000001,9.275,-21.7));
#5051=CARTESIAN_POINT('Origin',(-7.5,10.,55.));
#5052=CARTESIAN_POINT('',(-7.5,8.,-21.7));
#5053=CARTESIAN_POINT('',(-7.5,8.,-29.4));
#5054=CARTESIAN_POINT('',(-7.5,5.,-21.7));
#5055=CARTESIAN_POINT('Origin',(-7.5,6.5,55.));
#5056=CARTESIAN_POINT('',(-7.5,5.,-21.7));
#5057=CARTESIAN_POINT('',(-7.5,5.,29.4));
#5058=CARTESIAN_POINT('Origin',(-7.5,6.5,-21.7));
#5059=CARTESIAN_POINT('Origin',(-7.5,5.,55.));
#5060=CARTESIAN_POINT('',(-7.50000000000001,4.,-21.7));
#5061=CARTESIAN_POINT('',(-7.50000000000001,4.,-27.4));
#5062=CARTESIAN_POINT('',(-7.5,2.5,-21.7));
#5063=CARTESIAN_POINT('Origin',(-11.5137519872814,4.,0.));
#5064=CARTESIAN_POINT('',(-15.6,4.,-21.7));
#5065=CARTESIAN_POINT('',(-15.6,4.,-21.7));
#5066=CARTESIAN_POINT('',(-15.6,4.,-21.7));
#5067=CARTESIAN_POINT('Origin',(0.,0.,-21.7));
#5068=CARTESIAN_POINT('',(-8.,16.,-21.7));
#5069=CARTESIAN_POINT('',(-15.6,16.,-21.7));
#5070=CARTESIAN_POINT('',(-8.,15.75,-21.7));
#5071=CARTESIAN_POINT('',(-8.,15.75,-21.7));
#5072=CARTESIAN_POINT('',(8.,15.75,-21.7));
#5073=CARTESIAN_POINT('',(8.,15.75,-21.7));
#5074=CARTESIAN_POINT('',(8.,15.75,-21.7));
#5075=CARTESIAN_POINT('',(16.,8.3,-21.7));
#5076=CARTESIAN_POINT('',(16.,8.3,-21.7));
#5077=CARTESIAN_POINT('',(16.,7.7,-21.7));
#5078=CARTESIAN_POINT('Origin',(16.,8.,-21.7));
#5079=CARTESIAN_POINT('',(16.,4.4,-21.7));
#5080=CARTESIAN_POINT('',(16.,4.4,-21.7));
#5081=CARTESIAN_POINT('',(16.,4.4,-21.7));
#5082=CARTESIAN_POINT('',(-15.6,4.,-21.7));
#5083=CARTESIAN_POINT('Origin',(16.,4.4,29.4));
#5084=CARTESIAN_POINT('',(16.,4.4,-21.7));
#5085=CARTESIAN_POINT('Origin',(-15.6,4.,29.4));
#5086=CARTESIAN_POINT('Origin',(16.,7.7,29.4));
#5087=CARTESIAN_POINT('',(16.,7.7,21.7));
#5088=CARTESIAN_POINT('Origin',(16.,8.,29.4));
#5089=CARTESIAN_POINT('',(16.,8.3,-21.7));
#5090=CARTESIAN_POINT('Origin',(16.,16.,29.4));
#5091=CARTESIAN_POINT('Origin',(8.,16.,21.7));
#5092=CARTESIAN_POINT('',(8.,15.75,-21.7));
#5093=CARTESIAN_POINT('Origin',(-16.,15.75,21.7));
#5094=CARTESIAN_POINT('',(-8.,15.75,-21.7));
#5095=CARTESIAN_POINT('Origin',(-8.,16.,21.7));
#5096=CARTESIAN_POINT('',(-8.,16.,-21.7));
#5097=CARTESIAN_POINT('Origin',(-16.,16.,29.4));
#5098=CARTESIAN_POINT('',(-13.7295,16.,-12.5));
#5099=CARTESIAN_POINT('Origin',(-12.5,16.,-12.5));
#5100=CARTESIAN_POINT('',(-13.7295,16.,12.5));
#5101=CARTESIAN_POINT('Origin',(-12.5,16.,12.5));
#5102=CARTESIAN_POINT('Origin',(12.5,14.,-12.5));
#5103=CARTESIAN_POINT('',(11.2705,12.,-12.5));
#5104=CARTESIAN_POINT('Origin',(12.5,12.,-12.5));
#5105=CARTESIAN_POINT('',(11.2705,14.,-12.5));
#5106=CARTESIAN_POINT('Origin',(12.5,14.,12.5));
#5107=CARTESIAN_POINT('',(11.2705,12.,12.5));
#5108=CARTESIAN_POINT('Origin',(12.5,12.,12.5));
#5109=CARTESIAN_POINT('',(11.2705,14.,12.5));
#5110=CARTESIAN_POINT('Origin',(-12.5,14.,-12.5));
#5111=CARTESIAN_POINT('',(-13.7295,12.,-12.5));
#5112=CARTESIAN_POINT('Origin',(-12.5,12.,-12.5));
#5113=CARTESIAN_POINT('',(-13.7295,14.,-12.5));
#5114=CARTESIAN_POINT('Origin',(-12.5,14.,12.5));
#5115=CARTESIAN_POINT('',(-13.7295,12.,12.5));
#5116=CARTESIAN_POINT('Origin',(-12.5,12.,12.5));
#5117=CARTESIAN_POINT('',(-13.7295,14.,12.5));
#5118=CARTESIAN_POINT('Origin',(12.5,11.6306209344528,-12.5));
#5119=CARTESIAN_POINT('',(12.5,11.2612418689056,-12.5));
#5120=CARTESIAN_POINT('',(11.88525,11.6306209344528,-12.5));
#5121=CARTESIAN_POINT('Origin',(12.5,11.6306209344528,12.5));
#5122=CARTESIAN_POINT('',(12.5,11.2612418689056,12.5));
#5123=CARTESIAN_POINT('',(11.88525,11.6306209344528,12.5));
#5124=CARTESIAN_POINT('Origin',(-12.5,11.6306209344528,-12.5));
#5125=CARTESIAN_POINT('',(-12.5,11.2612418689056,-12.5));
#5126=CARTESIAN_POINT('',(-13.11475,11.6306209344528,-12.5));
#5127=CARTESIAN_POINT('Origin',(-12.5,11.6306209344528,12.5));
#5128=CARTESIAN_POINT('',(-12.5,11.2612418689056,12.5));
#5129=CARTESIAN_POINT('',(-13.11475,11.6306209344528,12.5));
#5130=CARTESIAN_POINT('Origin',(-15.602000001,3.99899999999999,27.4));
#5131=CARTESIAN_POINT('',(7.1,10.,27.4));
#5132=CARTESIAN_POINT('',(7.5,9.60000000000001,27.4));
#5133=CARTESIAN_POINT('',(3.12474999975,13.97525000025,27.4));
#5134=CARTESIAN_POINT('',(7.50000000000004,7.99999999999997,27.4));
#5135=CARTESIAN_POINT('',(7.5,11.8,27.4));
#5136=CARTESIAN_POINT('',(7.50000000000001,5.00000000000001,27.4));
#5137=CARTESIAN_POINT('Origin',(7.5,6.5,27.4));
#5138=CARTESIAN_POINT('',(7.49999999999998,4.,27.4));
#5139=CARTESIAN_POINT('',(7.5,7.8,27.4));
#5140=CARTESIAN_POINT('',(15.2,4.,27.4));
#5141=CARTESIAN_POINT('',(15.2,4.,27.4));
#5142=CARTESIAN_POINT('',(15.6,4.39999999999999,27.4));
#5143=CARTESIAN_POINT('',(18.3,7.1,27.4));
#5144=CARTESIAN_POINT('',(15.6,15.2,27.4));
#5145=CARTESIAN_POINT('',(15.6,9.8,27.4));
#5146=CARTESIAN_POINT('',(15.2,15.6,27.4));
#5147=CARTESIAN_POINT('',(15.2,15.6,27.4));
#5148=CARTESIAN_POINT('',(-15.2,15.6,27.4));
#5149=CARTESIAN_POINT('',(-0.4,15.6,27.4));
#5150=CARTESIAN_POINT('',(-15.6,15.2,27.4));
#5151=CARTESIAN_POINT('',(-7.8,23.,27.4));
#5152=CARTESIAN_POINT('',(-15.6,4.40000000000001,27.4));
#5153=CARTESIAN_POINT('',(-15.6,9.8,27.4));
#5154=CARTESIAN_POINT('',(-15.2,4.00000000000001,27.4));
#5155=CARTESIAN_POINT('',(-10.5,-0.700000000000001,27.4));
#5156=CARTESIAN_POINT('',(-7.50000000000001,4.,27.4));
#5157=CARTESIAN_POINT('',(-7.50000000000001,4.,27.4));
#5158=CARTESIAN_POINT('',(-7.50000000000004,5.00000000000003,27.4));
#5159=CARTESIAN_POINT('',(-7.5,10.3,27.4));
#5160=CARTESIAN_POINT('',(-7.50000000000001,7.99999999999999,27.4));
#5161=CARTESIAN_POINT('Origin',(-7.5,6.5,27.4));
#5162=CARTESIAN_POINT('',(-7.50000000000001,9.6,27.4));
#5163=CARTESIAN_POINT('',(-7.5,12.8,27.4));
#5164=CARTESIAN_POINT('',(-7.10000000000001,10.,27.4));
#5165=CARTESIAN_POINT('',(-10.72575000025,6.37424999975,27.4));
#5166=CARTESIAN_POINT('',(11.35,10.,27.4));
#5167=CARTESIAN_POINT('',(-1.5,13.,27.4));
#5168=CARTESIAN_POINT('Origin',(0.,13.,27.4));
#5169=CARTESIAN_POINT('Origin',(7.5,9.60000000000001,29.4));
#5170=CARTESIAN_POINT('',(7.10000000000001,10.,21.7));
#5171=CARTESIAN_POINT('',(7.10000000000001,10.,42.2));
#5172=CARTESIAN_POINT('',(7.5,9.60000000000001,21.7));
#5173=CARTESIAN_POINT('',(8.025,9.07500000000001,21.7));
#5174=CARTESIAN_POINT('',(7.5,9.60000000000001,42.2));
#5175=CARTESIAN_POINT('Origin',(7.5,10.,55.));
#5176=CARTESIAN_POINT('',(-7.10000000000001,10.,21.7));
#5177=CARTESIAN_POINT('',(3.75,10.,21.7));
#5178=CARTESIAN_POINT('',(-7.10000000000001,10.,42.2));
#5179=CARTESIAN_POINT('Origin',(0.,0.,21.7));
#5180=CARTESIAN_POINT('',(15.2,4.,21.7));
#5181=CARTESIAN_POINT('',(7.49999999999998,4.,21.7));
#5182=CARTESIAN_POINT('',(5.7568759936407,4.,21.7));
#5183=CARTESIAN_POINT('',(7.5,5.,21.7));
#5184=CARTESIAN_POINT('',(7.5,0.,21.7));
#5185=CARTESIAN_POINT('',(7.5,8.,21.7));
#5186=CARTESIAN_POINT('Origin',(7.5,6.5,21.7));
#5187=CARTESIAN_POINT('',(7.5,4.,21.7));
#5188=CARTESIAN_POINT('',(-7.5,9.60000000000001,21.7));
#5189=CARTESIAN_POINT('',(-7.82500000000001,9.275,21.7));
#5190=CARTESIAN_POINT('',(-7.5,8.,21.7));
#5191=CARTESIAN_POINT('',(-7.5,5.,21.7));
#5192=CARTESIAN_POINT('',(-7.5,5.,21.7));
#5193=CARTESIAN_POINT('Origin',(-7.5,6.5,21.7));
#5194=CARTESIAN_POINT('',(-7.50000000000001,4.,21.7));
#5195=CARTESIAN_POINT('',(-7.5,2.5,21.7));
#5196=CARTESIAN_POINT('',(-15.2,4.,21.7));
#5197=CARTESIAN_POINT('',(-5.7568759936407,4.,21.7));
#5198=CARTESIAN_POINT('',(-15.6,4.4,21.7));
#5199=CARTESIAN_POINT('',(-15.2,4.,21.7));
#5200=CARTESIAN_POINT('',(-15.6,15.2,21.7));
#5201=CARTESIAN_POINT('',(-15.6,15.2,21.7));
#5202=CARTESIAN_POINT('',(-15.2,15.6,21.7));
#5203=CARTESIAN_POINT('',(-15.6,15.2,21.7));
#5204=CARTESIAN_POINT('',(15.2,15.6,21.7));
#5205=CARTESIAN_POINT('',(15.2,15.6,21.7));
#5206=CARTESIAN_POINT('',(15.6,15.2,21.7));
#5207=CARTESIAN_POINT('',(15.2,15.6,21.7));
#5208=CARTESIAN_POINT('',(15.6,4.4,21.7));
#5209=CARTESIAN_POINT('',(15.6,15.2,21.7));
#5210=CARTESIAN_POINT('',(15.6,4.4,21.7));
#5211=CARTESIAN_POINT('Origin',(7.5,8.,55.));
#5212=CARTESIAN_POINT('',(7.5,8.,29.4));
#5213=CARTESIAN_POINT('Origin',(-7.5,5.,55.));
#5214=CARTESIAN_POINT('',(-7.5,5.,29.4));
#5215=CARTESIAN_POINT('',(-7.50000000000001,4.,-27.4));
#5216=CARTESIAN_POINT('Origin',(-7.5,6.5,55.));
#5217=CARTESIAN_POINT('',(-7.5,8.,-29.4));
#5218=CARTESIAN_POINT('Origin',(-7.5,10.,55.));
#5219=CARTESIAN_POINT('',(-7.5,9.60000000000001,42.2));
#5220=CARTESIAN_POINT('Origin',(7.5,6.5,55.));
#5221=CARTESIAN_POINT('',(7.5,5.,-29.4));
#5222=CARTESIAN_POINT('Origin',(7.5,0.,55.));
#5223=CARTESIAN_POINT('',(7.49999999999998,4.,27.4));
#5224=CARTESIAN_POINT('Origin',(11.5137519872814,4.,0.));
#5225=CARTESIAN_POINT('',(15.2,4.,29.4));
#5226=CARTESIAN_POINT('Origin',(15.6,4.4,29.4));
#5227=CARTESIAN_POINT('',(15.6,4.4,21.7));
#5228=CARTESIAN_POINT('Origin',(15.6,4.,29.4));
#5229=CARTESIAN_POINT('',(15.6,15.2,29.4));
#5230=CARTESIAN_POINT('Origin',(15.2,15.6,29.4));
#5231=CARTESIAN_POINT('',(15.2,15.6,21.7));
#5232=CARTESIAN_POINT('Origin',(-16.,15.6,29.4));
#5233=CARTESIAN_POINT('',(-15.2,15.6,29.4));
#5234=CARTESIAN_POINT('Origin',(-15.6,15.2,29.4));
#5235=CARTESIAN_POINT('',(-15.6,15.2,21.7));
#5236=CARTESIAN_POINT('Origin',(-15.6,4.,29.4));
#5237=CARTESIAN_POINT('',(-15.6,4.4,29.4));
#5238=CARTESIAN_POINT('Origin',(-15.2,4.,29.4));
#5239=CARTESIAN_POINT('',(-15.2,4.,21.7));
#5240=CARTESIAN_POINT('Origin',(-11.5137519872814,4.,0.));
#5241=CARTESIAN_POINT('Origin',(-7.10000000000001,10.,29.4));
#5242=CARTESIAN_POINT('Origin',(0.,13.,29.4));
#5243=CARTESIAN_POINT('',(-1.5,13.,24.30987090715));
#5244=CARTESIAN_POINT('Origin',(0.,13.,24.30987090715));
#5245=CARTESIAN_POINT('',(-1.5,13.,29.4));
#5246=CARTESIAN_POINT('Origin',(0.,13.,23.88024226808));
#5247=CARTESIAN_POINT('',(0.,13.,23.4085799786011));
#5248=CARTESIAN_POINT('',(-0.7849778709782,13.,23.88024226808));
#5249=CARTESIAN_POINT('Origin',(-15.602000001,3.99899999999999,27.4));
#5250=CARTESIAN_POINT('',(7.1,10.,27.4));
#5251=CARTESIAN_POINT('',(7.5,9.60000000000001,27.4));
#5252=CARTESIAN_POINT('',(3.12474999975,13.97525000025,27.4));
#5253=CARTESIAN_POINT('',(7.50000000000001,10.,27.4));
#5254=CARTESIAN_POINT('',(11.35,10.,27.4));
#5255=CARTESIAN_POINT('',(7.5,11.8,27.4));
#5256=CARTESIAN_POINT('Origin',(7.5,9.60000000000001,29.4));
#5257=CARTESIAN_POINT('',(7.5,9.60000000000001,27.5));
#5258=CARTESIAN_POINT('',(7.5,9.60000000000001,29.4));
#5259=CARTESIAN_POINT('',(7.5,9.60000000000001,29.4));
#5260=CARTESIAN_POINT('',(7.5,9.60000000000001,42.2));
#5261=CARTESIAN_POINT('',(7.1,10.,29.4));
#5262=CARTESIAN_POINT('',(7.1,10.,29.4));
#5263=CARTESIAN_POINT('',(7.1,10.,27.5));
#5264=CARTESIAN_POINT('',(7.10000000000001,10.,42.2));
#5265=CARTESIAN_POINT('',(7.1,10.,29.4));
#5266=CARTESIAN_POINT('Origin',(7.5,10.,29.4));
#5267=CARTESIAN_POINT('',(7.50000000000001,10.,27.5));
#5268=CARTESIAN_POINT('',(7.5,8.00000000000001,27.5));
#5269=CARTESIAN_POINT('',(7.5,10.,29.4));
#5270=CARTESIAN_POINT('Origin',(7.1,10.,29.4));
#5271=CARTESIAN_POINT('',(7.49999999999999,10.,27.5));
#5272=CARTESIAN_POINT('Origin',(7.5,8.,55.));
#5273=CARTESIAN_POINT('',(7.50000000000004,7.99999999999997,27.5));
#5274=CARTESIAN_POINT('',(7.5,8.00000000000001,27.5));
#5275=CARTESIAN_POINT('',(7.5,8.,29.4));
#5276=CARTESIAN_POINT('',(7.5,8.,29.4));
#5277=CARTESIAN_POINT('',(7.5,10.,29.4));
#5278=CARTESIAN_POINT('Origin',(0.,10.3410105148469,29.4));
#5279=CARTESIAN_POINT('',(-7.5,5.,29.4));
#5280=CARTESIAN_POINT('',(-7.5,8.,29.4));
#5281=CARTESIAN_POINT('Origin',(-7.5,6.5,29.4));
#5282=CARTESIAN_POINT('',(-7.50000000000001,9.6,29.4));
#5283=CARTESIAN_POINT('',(-7.5,8.,29.4));
#5284=CARTESIAN_POINT('',(-7.10000000000001,10.,29.4));
#5285=CARTESIAN_POINT('',(-7.50000000000001,9.6,29.4));
#5286=CARTESIAN_POINT('',(-7.5,10.,29.4));
#5287=CARTESIAN_POINT('',(7.5,5.,29.4));
#5288=CARTESIAN_POINT('Origin',(7.5,6.5,29.4));
#5289=CARTESIAN_POINT('',(7.5,4.,29.4));
#5290=CARTESIAN_POINT('',(7.5,5.,29.4));
#5291=CARTESIAN_POINT('',(15.2,4.,29.4));
#5292=CARTESIAN_POINT('',(7.5,4.,29.4));
#5293=CARTESIAN_POINT('',(15.6,4.4,29.4));
#5294=CARTESIAN_POINT('',(15.2,4.,29.4));
#5295=CARTESIAN_POINT('',(15.6,15.2,29.4));
#5296=CARTESIAN_POINT('',(15.6,4.4,29.4));
#5297=CARTESIAN_POINT('',(15.2,15.6,29.4));
#5298=CARTESIAN_POINT('',(15.6,15.2,29.4));
#5299=CARTESIAN_POINT('',(-15.2,15.6,29.4));
#5300=CARTESIAN_POINT('',(15.2,15.6,29.4));
#5301=CARTESIAN_POINT('',(-15.6,15.2,29.4));
#5302=CARTESIAN_POINT('',(-15.2,15.6,29.4));
#5303=CARTESIAN_POINT('',(-15.6,4.4,29.4));
#5304=CARTESIAN_POINT('',(-15.6,15.2,29.4));
#5305=CARTESIAN_POINT('',(-15.2,4.,29.4));
#5306=CARTESIAN_POINT('',(-15.6,4.4,29.4));
#5307=CARTESIAN_POINT('',(-7.5,4.,29.4));
#5308=CARTESIAN_POINT('',(-15.2,4.,29.4));
#5309=CARTESIAN_POINT('',(-7.5,4.,29.4));
#5310=CARTESIAN_POINT('',(2.25,13.,29.4));
#5311=CARTESIAN_POINT('Origin',(0.,13.,29.4));
#5312=CARTESIAN_POINT('Origin',(7.5,10.,55.));
#5313=CARTESIAN_POINT('',(-7.10000000000001,10.,27.5));
#5314=CARTESIAN_POINT('',(-7.10000000000001,10.,42.2));
#5315=CARTESIAN_POINT('',(7.49999999999999,10.,27.5));
#5316=CARTESIAN_POINT('Origin',(7.60000000000001,8.00000000000001,27.4));
#5317=CARTESIAN_POINT('',(7.60000000000002,10.1,27.4));
#5318=CARTESIAN_POINT('',(7.51666666666667,10.0166666666667,27.4833333333333));
#5319=CARTESIAN_POINT('',(7.60000000000001,7.89999999999998,27.4));
#5320=CARTESIAN_POINT('',(7.60000000000001,8.00000000000001,27.4));
#5321=CARTESIAN_POINT('',(7.51666666666667,7.98333333333332,27.4833333333333));
#5322=CARTESIAN_POINT('Origin',(7.49999999999999,10.1,27.4));
#5323=CARTESIAN_POINT('',(-7.50000000000003,10.,27.5));
#5324=CARTESIAN_POINT('',(7.49999999999999,10.,27.5));
#5325=CARTESIAN_POINT('',(-7.60000000000001,10.1,27.4));
#5326=CARTESIAN_POINT('',(-7.51666666666666,10.0166666666667,27.4833333333333));
#5327=CARTESIAN_POINT('',(7.49999999999999,10.1,27.4));
#5328=CARTESIAN_POINT('Origin',(7.5,6.5,55.));
#5329=CARTESIAN_POINT('',(7.50000000000001,5.00000000000001,27.5));
#5330=CARTESIAN_POINT('Origin',(7.5,6.5,27.5));
#5331=CARTESIAN_POINT('',(7.5,5.,-29.4));
#5332=CARTESIAN_POINT('Origin',(0.,13.,29.3));
#5333=CARTESIAN_POINT('',(2.25,13.,28.6));
#5334=CARTESIAN_POINT('',(2.25,13.,29.3));
#5335=CARTESIAN_POINT('Origin',(0.,13.,28.6));
#5336=CARTESIAN_POINT('Origin',(-7.5,6.5,55.));
#5337=CARTESIAN_POINT('',(-7.50000000000004,5.00000000000003,27.5));
#5338=CARTESIAN_POINT('',(-7.50000000000001,7.99999999999999,27.5));
#5339=CARTESIAN_POINT('Origin',(-7.5,6.5,27.5));
#5340=CARTESIAN_POINT('',(-7.5,8.,-29.4));
#5341=CARTESIAN_POINT('',(-7.5,5.,29.4));
#5342=CARTESIAN_POINT('Origin',(-7.5,10.,55.));
#5343=CARTESIAN_POINT('',(-7.50000000000001,9.6,27.5));
#5344=CARTESIAN_POINT('',(-7.5,9.60000000000001,42.2));
#5345=CARTESIAN_POINT('',(-7.5,9.99999999999999,27.5));
#5346=CARTESIAN_POINT('Origin',(-7.10000000000001,10.,29.4));
#5347=CARTESIAN_POINT('',(-7.50000000000001,9.6,27.4));
#5348=CARTESIAN_POINT('',(-7.10000000000001,10.,27.4));
#5349=CARTESIAN_POINT('',(-10.72575000025,6.37424999975,27.4));
#5350=CARTESIAN_POINT('',(-7.10000000000001,10.,29.4));
#5351=CARTESIAN_POINT('',(-7.50000000000001,9.6,29.4));
#5352=CARTESIAN_POINT('Origin',(7.5,0.,55.));
#5353=CARTESIAN_POINT('',(7.49999999999998,4.00000000000001,27.5));
#5354=CARTESIAN_POINT('',(7.5,2.00000000000001,27.5));
#5355=CARTESIAN_POINT('',(7.5,4.,-29.4));
#5356=CARTESIAN_POINT('Origin',(16.,4.,29.4));
#5357=CARTESIAN_POINT('',(15.2,4.,27.5));
#5358=CARTESIAN_POINT('',(15.6,4.,27.5));
#5359=CARTESIAN_POINT('',(15.2,4.,29.4));
#5360=CARTESIAN_POINT('Origin',(15.6,4.4,29.4));
#5361=CARTESIAN_POINT('',(15.6,4.39999999999999,27.5));
#5362=CARTESIAN_POINT('',(15.6,4.4,27.5));
#5363=CARTESIAN_POINT('',(15.6,4.4,29.3));
#5364=CARTESIAN_POINT('Origin',(15.6,4.,29.4));
#5365=CARTESIAN_POINT('',(15.6,15.2,27.5));
#5366=CARTESIAN_POINT('',(15.6,9.6,27.5));
#5367=CARTESIAN_POINT('',(15.6,15.2,29.3));
#5368=CARTESIAN_POINT('Origin',(15.2,15.6,29.4));
#5369=CARTESIAN_POINT('',(15.2,15.6,27.5));
#5370=CARTESIAN_POINT('',(15.2,15.6,27.5));
#5371=CARTESIAN_POINT('',(15.2,15.6,29.3));
#5372=CARTESIAN_POINT('Origin',(-16.,15.6,29.4));
#5373=CARTESIAN_POINT('',(-15.2,15.6,27.5));
#5374=CARTESIAN_POINT('',(-15.6,15.6,27.5));
#5375=CARTESIAN_POINT('',(-15.2,15.6,29.3));
#5376=CARTESIAN_POINT('Origin',(-15.6,15.2,29.4));
#5377=CARTESIAN_POINT('',(-15.6,15.2,27.5));
#5378=CARTESIAN_POINT('',(-15.6,15.2,27.5));
#5379=CARTESIAN_POINT('',(-15.6,15.2,29.3));
#5380=CARTESIAN_POINT('Origin',(-15.6,4.,29.4));
#5381=CARTESIAN_POINT('',(-15.6,4.40000000000001,27.5));
#5382=CARTESIAN_POINT('',(-15.6,4.20000000000001,27.5));
#5383=CARTESIAN_POINT('',(-15.6,4.4,29.3));
#5384=CARTESIAN_POINT('Origin',(-15.2,4.,29.4));
#5385=CARTESIAN_POINT('',(-15.2,4.00000000000001,27.5));
#5386=CARTESIAN_POINT('',(-15.2,4.,27.5));
#5387=CARTESIAN_POINT('',(-15.2,4.,21.7));
#5388=CARTESIAN_POINT('Origin',(16.,4.,29.4));
#5389=CARTESIAN_POINT('',(-7.50000000000001,3.99999999999999,27.5));
#5390=CARTESIAN_POINT('',(4.24999999999999,4.,27.5));
#5391=CARTESIAN_POINT('',(-7.5,4.,29.4));
#5392=CARTESIAN_POINT('Origin',(-7.5,5.,55.));
#5393=CARTESIAN_POINT('',(-7.5,4.99999999999999,27.5));
#5394=CARTESIAN_POINT('Origin',(-15.602000001,3.99899999999999,27.4));
#5395=CARTESIAN_POINT('',(-7.60000000000001,4.10000000000001,27.4));
#5396=CARTESIAN_POINT('',(-15.1585786437627,4.10000000000001,27.4));
#5397=CARTESIAN_POINT('',(-7.50000000000001,4.10000000000001,27.4));
#5398=CARTESIAN_POINT('',(-15.5,4.4414213562373,27.4));
#5399=CARTESIAN_POINT('',(-15.1292893218813,4.07071067811867,27.4));
#5400=CARTESIAN_POINT('',(-15.5,15.1585786437627,27.4));
#5401=CARTESIAN_POINT('',(-15.5,4.40000000000001,27.4));
#5402=CARTESIAN_POINT('',(-15.1585786437627,15.5,27.4));
#5403=CARTESIAN_POINT('',(-15.5292893218813,15.1292893218813,27.4));
#5404=CARTESIAN_POINT('',(15.1585786437627,15.5,27.4));
#5405=CARTESIAN_POINT('',(-15.2,15.5,27.4));
#5406=CARTESIAN_POINT('',(15.5,15.1585786437627,27.4));
#5407=CARTESIAN_POINT('',(15.1292893218813,15.5292893218813,27.4));
#5408=CARTESIAN_POINT('',(15.5,4.44142135623731,27.4));
#5409=CARTESIAN_POINT('',(15.5,15.2,27.4));
#5410=CARTESIAN_POINT('',(15.1585786437627,4.10000000000001,27.4));
#5411=CARTESIAN_POINT('',(15.5292893218813,4.47071067811865,27.4));
#5412=CARTESIAN_POINT('',(7.60000000000001,4.10000000000001,27.4));
#5413=CARTESIAN_POINT('',(15.2,4.10000000000001,27.4));
#5414=CARTESIAN_POINT('',(7.60000000000002,5.10000000000001,27.4));
#5415=CARTESIAN_POINT('',(7.60000000000001,4.00000000000001,27.4));
#5416=CARTESIAN_POINT('',(7.49999999999999,5.10000000000001,27.4));
#5417=CARTESIAN_POINT('',(7.49999999999999,5.10000000000001,27.4));
#5418=CARTESIAN_POINT('',(7.50000000000004,7.89999999999997,27.4));
#5419=CARTESIAN_POINT('Origin',(7.50000000000001,6.49999999999999,27.4));
#5420=CARTESIAN_POINT('',(7.49999999999998,7.89999999999998,27.4));
#5421=CARTESIAN_POINT('',(-7.60000000000002,7.89999999999999,27.4));
#5422=CARTESIAN_POINT('',(-7.60000000000001,9.99999999999999,27.4));
#5423=CARTESIAN_POINT('',(-7.49999999999999,7.89999999999999,27.4));
#5424=CARTESIAN_POINT('',(-7.49999999999999,7.89999999999999,27.4));
#5425=CARTESIAN_POINT('',(-7.50000000000004,5.10000000000003,27.4));
#5426=CARTESIAN_POINT('Origin',(-7.50000000000001,6.50000000000001,27.4));
#5427=CARTESIAN_POINT('',(-7.60000000000001,5.10000000000002,27.4));
#5428=CARTESIAN_POINT('',(-7.49999999999998,5.10000000000002,27.4));
#5429=CARTESIAN_POINT('',(-7.60000000000001,4.99999999999999,27.4));
#5430=CARTESIAN_POINT('',(-1.5,13.,27.4));
#5431=CARTESIAN_POINT('Origin',(0.,13.,27.4));
#5432=CARTESIAN_POINT('Origin',(7.49999999999998,7.99999999999998,27.5));
#5433=CARTESIAN_POINT('',(7.50000000000004,7.89999999999997,27.4));
#5434=CARTESIAN_POINT('Origin',(-7.5,10.,29.4));
#5435=CARTESIAN_POINT('',(-7.50000000000003,10.,27.4));
#5436=CARTESIAN_POINT('',(11.35,10.,27.4));
#5437=CARTESIAN_POINT('',(-7.5,10.,29.4));
#5438=CARTESIAN_POINT('Origin',(-7.60000000000001,9.99999999999999,27.4));
#5439=CARTESIAN_POINT('',(-7.51666666666667,7.98333333333334,27.4833333333333));
#5440=CARTESIAN_POINT('',(-7.5,9.99999999999999,27.5));
#5441=CARTESIAN_POINT('Origin',(7.50000000000001,6.49999999999999,27.45));
#5442=CARTESIAN_POINT('',(7.49999999999999,5.10000000000001,27.4));
#5443=CARTESIAN_POINT('Origin',(-1.25760555690046E-16,13.,28.6));
#5444=CARTESIAN_POINT('',(-1.5,13.,28.6));
#5445=CARTESIAN_POINT('Origin',(0.,13.,28.6));
#5446=CARTESIAN_POINT('Origin',(-7.50000000000001,6.50000000000001,27.45));
#5447=CARTESIAN_POINT('',(-7.49999999999999,7.89999999999999,27.4));
#5448=CARTESIAN_POINT('',(-7.50000000000004,5.10000000000003,27.4));
#5449=CARTESIAN_POINT('Origin',(-15.602000001,3.99899999999999,27.4));
#5450=CARTESIAN_POINT('',(-7.5,12.8,27.4));
#5451=CARTESIAN_POINT('Origin',(-7.5,9.6,29.4));
#5452=CARTESIAN_POINT('Origin',(7.60000000000001,4.00000000000001,27.4));
#5453=CARTESIAN_POINT('',(8.85,5.35000000000001,26.15));
#5454=CARTESIAN_POINT('',(7.51666666666668,5.01666666666666,27.4833333333333));
#5455=CARTESIAN_POINT('Origin',(15.2,4.10000000000001,27.4));
#5456=CARTESIAN_POINT('',(15.1395042867796,4.14604957132204,27.353950428678));
#5457=CARTESIAN_POINT('Origin',(15.5292893218813,4.47071067811865,27.4));
#5458=CARTESIAN_POINT('',(14.477885580271,4.86479501118618,26.377885580271));
#5459=CARTESIAN_POINT('Origin',(15.5,15.2,27.4));
#5460=CARTESIAN_POINT('',(15.453950428678,15.1395042867796,27.353950428678));
#5461=CARTESIAN_POINT('Origin',(15.1292893218813,15.5292893218813,27.4));
#5462=CARTESIAN_POINT('',(13.960920967933,12.6085985959316,24.5085985959316));
#5463=CARTESIAN_POINT('Origin',(-15.2,15.5,27.4));
#5464=CARTESIAN_POINT('',(-15.1395042867796,15.453950428678,27.353950428678));
#5465=CARTESIAN_POINT('Origin',(-15.5292893218813,15.1292893218813,27.4));
#5466=CARTESIAN_POINT('',(-14.477885580271,14.7352049888138,26.377885580271));
#5467=CARTESIAN_POINT('Origin',(-15.5,4.40000000000001,27.4));
#5468=CARTESIAN_POINT('',(-15.4539504286779,4.46049571322036,27.353950428678));
#5469=CARTESIAN_POINT('Origin',(-15.1292893218813,4.07071067811867,27.4));
#5470=CARTESIAN_POINT('',(-14.8576682778307,4.82646188649168,26.6735381135083));
#5471=CARTESIAN_POINT('Origin',(-7.50000000000001,4.10000000000001,27.4));
#5472=CARTESIAN_POINT('',(-7.73333333333334,4.23333333333334,27.2666666666667));
#5473=CARTESIAN_POINT('Origin',(-7.60000000000001,4.99999999999999,27.4));
#5474=CARTESIAN_POINT('',(-7.51666666666667,5.01666666666668,27.4833333333333));
#5475=CARTESIAN_POINT('Origin',(-7.49999999999998,5.00000000000002,27.5));
#5476=CARTESIAN_POINT('Origin',(-7.49999999999999,7.99999999999999,27.5));
#5477=CARTESIAN_POINT('Origin',(7.49999999999999,5.00000000000001,27.5));
#5478=CARTESIAN_POINT('Origin',(0.,13.,29.4));
#5479=CARTESIAN_POINT('',(-1.5,13.,29.4));
#5480=CARTESIAN_POINT('',(0.,0.,0.));
#5481=CARTESIAN_POINT('Origin',(65.,-1.15628172932838,-10.26));
#5482=CARTESIAN_POINT('',(65.,-1.15628172932838,-10.26));
#5483=CARTESIAN_POINT('',(65.,-0.578943359736513,-9.26002061070791));
#5484=CARTESIAN_POINT('',(65.,-0.738948510970236,-9.53715766211746));
#5485=CARTESIAN_POINT('',(63.6,-1.15628172932838,-10.26));
#5486=CARTESIAN_POINT('',(65.,-1.15628172932838,-10.26));
#5487=CARTESIAN_POINT('',(63.6,-0.578943359736513,-9.26002061070791));
#5488=CARTESIAN_POINT('',(63.6,-0.578943359736513,-9.26002061070791));
#5489=CARTESIAN_POINT('',(65.,-0.578943359736513,-9.26002061070791));
#5490=CARTESIAN_POINT('Origin',(65.,-0.578943359736513,-11.2599793892912));
#5491=CARTESIAN_POINT('',(65.,-0.578943359736513,-11.2599793892912));
#5492=CARTESIAN_POINT('',(65.,-0.995875330558425,-10.5378320325285));
#5493=CARTESIAN_POINT('',(63.6,-0.578943359736513,-11.2599793892912));
#5494=CARTESIAN_POINT('',(65.,-0.578943359736513,-11.2599793892912));
#5495=CARTESIAN_POINT('',(63.6,-1.15628172932838,-10.26));
#5496=CARTESIAN_POINT('Origin',(65.,0.575733379446774,-11.2599793892912));
#5497=CARTESIAN_POINT('',(65.,0.575733379446774,-11.2599793892912));
#5498=CARTESIAN_POINT('',(65.,0.287866689723387,-11.2599793892912));
#5499=CARTESIAN_POINT('',(63.6,0.575733379446774,-11.2599793892912));
#5500=CARTESIAN_POINT('',(65.,0.575733379446774,-11.2599793892912));
#5501=CARTESIAN_POINT('',(63.6,-0.578943359736513,-11.2599793892912));
#5502=CARTESIAN_POINT('Origin',(65.,1.15307174903819,-10.26));
#5503=CARTESIAN_POINT('',(65.,1.15307174903819,-10.26));
#5504=CARTESIAN_POINT('',(65.,1.28173578260051,-10.0371473567634));
#5505=CARTESIAN_POINT('',(63.6,1.15307174903819,-10.26));
#5506=CARTESIAN_POINT('',(65.,1.15307174903819,-10.26));
#5507=CARTESIAN_POINT('',(63.6,0.575733379446774,-11.2599793892912));
#5508=CARTESIAN_POINT('Origin',(65.,0.575733379446774,-9.26002061070791));
#5509=CARTESIAN_POINT('',(65.,0.575733379446774,-9.26002061070791));
#5510=CARTESIAN_POINT('',(65.,0.447470593420885,-9.03786294859056));
#5511=CARTESIAN_POINT('',(63.6,0.575733379446774,-9.26002061070791));
#5512=CARTESIAN_POINT('',(65.,0.575733379446774,-9.26002061070791));
#5513=CARTESIAN_POINT('',(63.6,1.15307174903819,-10.26));
#5514=CARTESIAN_POINT('Origin',(65.,-0.578943359736513,-9.26002061070791));
#5515=CARTESIAN_POINT('',(65.,-0.289471679868256,-9.26002061070791));
#5516=CARTESIAN_POINT('',(63.6,0.575733379446774,-9.26002061070791));
#5517=CARTESIAN_POINT('Origin',(63.6,-0.00160499014500173,-10.2599999999996));
#5518=CARTESIAN_POINT('Ctrl Pts',(65.0000000020711,-7.34955513650992E-10,
-11.5199999937234));
#5519=CARTESIAN_POINT('Ctrl Pts',(65.0000000018282,-1.25999999740388,-11.5199999937234));
#5520=CARTESIAN_POINT('Ctrl Pts',(65.0000000008553,-1.25999999740388,-10.2599999970544));
#5521=CARTESIAN_POINT('Ctrl Pts',(64.9999999998823,-1.25999999740388,-9.0000000003855));
#5522=CARTESIAN_POINT('Ctrl Pts',(65.0000000001251,-7.34955513650991E-10,
-9.0000000003855));
#5523=CARTESIAN_POINT('Ctrl Pts',(65.0000000003679,1.25999999593397,-9.0000000003855));
#5524=CARTESIAN_POINT('Ctrl Pts',(65.0000000013409,1.25999999593397,-10.2599999970544));
#5525=CARTESIAN_POINT('Ctrl Pts',(65.0000000023139,1.25999999593397,-11.5199999937234));
#5526=CARTESIAN_POINT('Ctrl Pts',(65.0000000020711,-7.34955513650992E-10,
-11.5199999937234));
#5527=CARTESIAN_POINT('Ctrl Pts',(64.8539504638806,-7.06807290432873E-10,
-11.9627269976441));
#5528=CARTESIAN_POINT('Ctrl Pts',(64.8539504635524,-1.7027270011837,-11.9627269976441));
#5529=CARTESIAN_POINT('Ctrl Pts',(64.8539504622375,-1.7027270011837,-10.2599999971672));
#5530=CARTESIAN_POINT('Ctrl Pts',(64.8539504609227,-1.7027270011837,-8.55727299669031));
#5531=CARTESIAN_POINT('Ctrl Pts',(64.8539504612508,-7.06807290432872E-10,
-8.55727299669031));
#5532=CARTESIAN_POINT('Ctrl Pts',(64.853950461579,1.70272699977009,-8.55727299669031));
#5533=CARTESIAN_POINT('Ctrl Pts',(64.8539504628939,1.70272699977009,-10.2599999971672));
#5534=CARTESIAN_POINT('Ctrl Pts',(64.8539504642087,1.70272699977009,-11.9627269976441));
#5535=CARTESIAN_POINT('Ctrl Pts',(64.8539504638806,-7.06807290432873E-10,
-11.9627269976441));
#5536=CARTESIAN_POINT('Ctrl Pts',(64.6099999997864,-6.59790557650796E-10,
-12.3600000003444));
#5537=CARTESIAN_POINT('Ctrl Pts',(64.6099999993816,-2.10000000364859,-12.3600000003444));
#5538=CARTESIAN_POINT('Ctrl Pts',(64.60999999776,-2.10000000364859,-10.2599999973556));
#5539=CARTESIAN_POINT('Ctrl Pts',(64.6099999961383,-2.10000000364859,-8.15999999436679));
#5540=CARTESIAN_POINT('Ctrl Pts',(64.6099999965431,-6.59790557650794E-10,
-8.15999999436679));
#5541=CARTESIAN_POINT('Ctrl Pts',(64.6099999969478,2.10000000232901,-8.15999999436679));
#5542=CARTESIAN_POINT('Ctrl Pts',(64.6099999985694,2.10000000232901,-10.2599999973556));
#5543=CARTESIAN_POINT('Ctrl Pts',(64.6100000001911,2.10000000232901,-12.3600000003444));
#5544=CARTESIAN_POINT('Ctrl Pts',(64.6099999997864,-6.59790557650796E-10,
-12.3600000003444));
#5545=CARTESIAN_POINT('',(65.,9.93675489731573E-10,-11.52));
#5546=CARTESIAN_POINT('Origin',(65.,0.,-10.26));
#5547=CARTESIAN_POINT('',(64.61,8.92059048566245E-10,-12.36));
#5548=CARTESIAN_POINT('Origin',(61.2013568044521,-2.84052323924673E-12,
-10.2668799449131));
#5549=CARTESIAN_POINT('Origin',(64.61,0.,-10.26));
#5550=CARTESIAN_POINT('Origin',(64.16,0.,-10.26));
#5551=CARTESIAN_POINT('',(63.71,-2.57175827820944E-16,-12.36));
#5552=CARTESIAN_POINT('Origin',(63.71,0.,-10.26));
#5553=CARTESIAN_POINT('',(64.16,-2.57175827820944E-16,-12.36));
#5554=CARTESIAN_POINT('Origin',(63.71,0.,-8.76));
#5555=CARTESIAN_POINT('',(63.71,-1.83697019872103E-16,-11.76));
#5556=CARTESIAN_POINT('Origin',(63.71,0.,-10.26));
#5557=CARTESIAN_POINT('Origin',(62.355,0.,-10.26));
#5558=CARTESIAN_POINT('',(59.71,-1.83697019872103E-16,-11.76));
#5559=CARTESIAN_POINT('Origin',(59.71,0.,-10.26));
#5560=CARTESIAN_POINT('',(62.355,-1.83697019872103E-16,-11.76));
#5561=CARTESIAN_POINT('Origin',(59.71,0.,-10.26));
#5562=CARTESIAN_POINT('Origin',(65.,0.,-9.));
#5563=CARTESIAN_POINT('',(0.,-1.,0.));
#5564=CARTESIAN_POINT('',(3.511,0.8129999999997,-0.888542064283007));
#5565=CARTESIAN_POINT('',(-3.511,0.8129999999997,0.888542064283007));
#5566=UNCERTAINTY_MEASURE_WITH_UNIT(LENGTH_MEASURE(0.001),#5574,
'DISTANCE_ACCURACY_VALUE',
'Maximum model space distance between geometric entities at asserted c
onnectivities');
#5567=UNCERTAINTY_MEASURE_WITH_UNIT(LENGTH_MEASURE(0.01),#5575,
'DISTANCE_ACCURACY_VALUE',
'Maximum model space distance between geometric entities at asserted c
onnectivities');
#5568=UNCERTAINTY_MEASURE_WITH_UNIT(LENGTH_MEASURE(0.01),#5575,
'DISTANCE_ACCURACY_VALUE',
'Maximum model space distance between geometric entities at asserted c
onnectivities');
#5569=UNCERTAINTY_MEASURE_WITH_UNIT(LENGTH_MEASURE(0.001),#5574,
'DISTANCE_ACCURACY_VALUE',
'Maximum model space distance between geometric entities at asserted c
onnectivities');
#5570=(
GEOMETRIC_REPRESENTATION_CONTEXT(3)
GLOBAL_UNCERTAINTY_ASSIGNED_CONTEXT((#5566))
GLOBAL_UNIT_ASSIGNED_CONTEXT((#5574,#5576,#5577))
REPRESENTATION_CONTEXT('','3D')
);
#5571=(
GEOMETRIC_REPRESENTATION_CONTEXT(3)
GLOBAL_UNCERTAINTY_ASSIGNED_CONTEXT((#5567))
GLOBAL_UNIT_ASSIGNED_CONTEXT((#5575,#5576,#5577))
REPRESENTATION_CONTEXT('','3D')
);
#5572=(
GEOMETRIC_REPRESENTATION_CONTEXT(3)
GLOBAL_UNCERTAINTY_ASSIGNED_CONTEXT((#5568))
GLOBAL_UNIT_ASSIGNED_CONTEXT((#5575,#5576,#5577))
REPRESENTATION_CONTEXT('','3D')
);
#5573=(
GEOMETRIC_REPRESENTATION_CONTEXT(3)
GLOBAL_UNCERTAINTY_ASSIGNED_CONTEXT((#5569))
GLOBAL_UNIT_ASSIGNED_CONTEXT((#5574,#5576,#5577))
REPRESENTATION_CONTEXT('','3D')
);
#5574=(
LENGTH_UNIT()
NAMED_UNIT(*)
SI_UNIT(.CENTI.,.METRE.)
);
#5575=(
LENGTH_UNIT()
NAMED_UNIT(*)
SI_UNIT(.MILLI.,.METRE.)
);
#5576=(
NAMED_UNIT(*)
PLANE_ANGLE_UNIT()
SI_UNIT($,.RADIAN.)
);
#5577=(
NAMED_UNIT(*)
SI_UNIT($,.STERADIAN.)
SOLID_ANGLE_UNIT()
);
#5578=SHAPE_DEFINITION_REPRESENTATION(#5581,#5587);
#5579=SHAPE_DEFINITION_REPRESENTATION(#5582,#5588);
#5580=SHAPE_DEFINITION_REPRESENTATION(#5583,#5589);
#5581=PRODUCT_DEFINITION_SHAPE('',$,#5591);
#5582=PRODUCT_DEFINITION_SHAPE('',$,#5592);
#5583=PRODUCT_DEFINITION_SHAPE('',$,#5593);
#5584=PRODUCT_DEFINITION_SHAPE($,$,#20);
#5585=PRODUCT_DEFINITION_SHAPE($,$,#21);
#5586=PRODUCT_DEFINITION_SHAPE($,$,#22);
#5587=SHAPE_REPRESENTATION('',(#3447,#3691,#3692,#3693),#5570);
#5588=SHAPE_REPRESENTATION('',(#3448),#5571);
#5589=SHAPE_REPRESENTATION('',(#3672),#5572);
#5590=PRODUCT_DEFINITION_CONTEXT('part definition',#5601,'design');
#5591=PRODUCT_DEFINITION('MGN15HZ0H_GW202608013836',
'MGN15HZ0H_GW202608013836',#5594,#5590);
#5592=PRODUCT_DEFINITION('MGN15H_\X2\5DE65C01\X0\','MGN15H_\X2\5DE65C01\X0\_
temp',#5595,#5590);
#5593=PRODUCT_DEFINITION('M3','M3H',#5596,#5590);
#5594=PRODUCT_DEFINITION_FORMATION('',$,#5603);
#5595=PRODUCT_DEFINITION_FORMATION('LAST_VERSION',$,#5604);
#5596=PRODUCT_DEFINITION_FORMATION('',$,#5605);
#5597=PRODUCT_RELATED_PRODUCT_CATEGORY('MGN15HZ0H_GW202608013836',
'MGN15HZ0H_GW202608013836',(#5603));
#5598=PRODUCT_RELATED_PRODUCT_CATEGORY('MGN15H_\X2\5DE65C01\X0\_temp',
'MGN15H_\X2\5DE65C01\X0\_temp',(#5604));
#5599=PRODUCT_RELATED_PRODUCT_CATEGORY('M3H','M3H',(#5605));
#5600=APPLICATION_PROTOCOL_DEFINITION('international standard',
'automotive_design',2009,#5601);
#5601=APPLICATION_CONTEXT(
'Core Data for Automotive Mechanical Design Process');
#5602=PRODUCT_CONTEXT('part definition',#5601,'mechanical');
#5603=PRODUCT('MGN15HZ0H_GW202608013836','MGN15HZ0H_GW202608013836',$,(#5602));
#5604=PRODUCT('MGN15H_\X2\5DE65C01\X0\','MGN15H_\X2\5DE65C01\X0\_temp',
$,(#5602));
#5605=PRODUCT('M3','M3H',$,(#5602));
ENDSEC;
END-ISO-10303-21;
