ISO-10303-21;
HEADER;
FILE_DESCRIPTION (( 'STEP AP203' ),
    '1' );
FILE_NAME ('P204-SUS-C1(立式不锈钢轴承座).step',
    '2022-06-09T00:55:26',
    ( '1' ),
    ( '' ),
    'SwSTEP 2.0',
    'SolidWorks 2020',
    '' );
FILE_SCHEMA (( 'CONFIG_CONTROL_DESIGN' ));
ENDSEC;

DATA;
#1 = LINE ( 'NONE', #105, #15 ) ;
#2 = CARTESIAN_POINT ( 'NONE',  ( 20.40003063723190024, 56.31632572762210032, -3.204293994002419765 ) ) ;
#3 = DIRECTION ( 'NONE',  ( 1.000000000000000000, 0.0000000000000000000, 0.0000000000000000000 ) ) ;
#4 = EDGE_CURVE ( 'NONE', #336, #1779, #2116, .T. ) ;
#5 = VERTEX_POINT ( 'NONE', #93 ) ;
#6 = CARTESIAN_POINT ( 'NONE',  ( 0.0000000000000000000, 33.30000000000000426, -8.349999999999999645 ) ) ;
#7 = DIRECTION ( 'NONE',  ( 0.7071067811865475727, 0.7071067811865475727, 0.0000000000000000000 ) ) ;
#8 = CARTESIAN_POINT ( 'NONE',  ( 0.0000000000000000000, 12.00000000000000000, 19.00000000000000000 ) ) ;
#9 = AXIS2_PLACEMENT_3D ( 'NONE', #1939, #324, #1227 ) ;
#10 = FACE_OUTER_BOUND ( 'NONE', #1238, .T. ) ;
#11 = AXIS2_PLACEMENT_3D ( 'NONE', #552, #1098, #166 ) ;
#12 = VERTEX_POINT ( 'NONE', #717 ) ;
#13 = DIRECTION ( 'NONE',  ( -6.123031769111888756E-17, 0.0000000000000000000, -1.000000000000000000 ) ) ;
#14 = DIRECTION ( 'NONE',  ( -1.480297366166879989E-16, -6.123031769111888756E-17, 1.000000000000000000 ) ) ;
#15 = VECTOR ( 'NONE', #642, 1000.000000000000000 ) ;
#16 = VERTEX_POINT ( 'NONE', #61 ) ;
#17 = CIRCLE ( 'NONE', #2021, 1.500000000000001998 ) ;
#18 = CARTESIAN_POINT ( 'NONE',  ( 20.88537426691039656, 59.41796444769080665, -2.136195996001609920 ) ) ;
#19 = VERTEX_POINT ( 'NONE', #255 ) ;
#20 = CARTESIAN_POINT ( 'NONE',  ( 28.90051902648119864, 6.000000000000000000, -19.00000000000000000 ) ) ;
#21 = DIRECTION ( 'NONE',  ( -1.000000000000000000, 9.063907800772430102E-33, -1.480297366166879989E-16 ) ) ;
#22 = CARTESIAN_POINT ( 'NONE',  ( 19.09188309203680234, 57.62447327281719822, -4.531043509142799405E-16 ) ) ;
#23 = DIRECTION ( 'NONE',  ( 0.0000000000000000000, 1.000000000000000000, 0.0000000000000000000 ) ) ;
#24 = CIRCLE ( 'NONE', #2526, 22.67999999999999972 ) ;
#25 = ADVANCED_FACE ( 'NONE', ( #1316, #425 ), #2033, .T. ) ;
#26 = EDGE_LOOP ( 'NONE', ( #257, #1984, #676, #2071 ) ) ;
#27 = CARTESIAN_POINT ( 'NONE',  ( -38.00000000000000000, 14.00000000000000000, 1.668526157082990000E-15 ) ) ;
#28 = DIRECTION ( 'NONE',  ( -0.7071067811865475727, 0.7071067811865475727, 0.0000000000000000000 ) ) ;
#29 = EDGE_CURVE ( 'NONE', #270, #298, #386, .T. ) ;
#30 = CIRCLE ( 'NONE', #2438, 6.499999999999999112 ) ;
#31 = ORIENTED_EDGE ( 'NONE', *, *, #962, .T. ) ;
#32 = DIRECTION ( 'NONE',  ( 0.0000000000000000000, 1.000000000000000000, -0.0000000000000000000 ) ) ;
#33 = DIRECTION ( 'NONE',  ( 0.0000000000000000000, -1.000000000000000000, 0.0000000000000000000 ) ) ;
#34 = EDGE_CURVE ( 'NONE', #1846, #694, #2104, .T. ) ;
#35 = FACE_OUTER_BOUND ( 'NONE', #874, .T. ) ;
#36 = VERTEX_POINT ( 'NONE', #649 ) ;
#37 = DIRECTION ( 'NONE',  ( 6.123031769111888756E-17, 0.0000000000000000000, 1.000000000000000000 ) ) ;
#38 = DIRECTION ( 'NONE',  ( 0.7071067811865475727, -0.7071067811865475727, 1.224606353822377012E-16 ) ) ;
#39 = FACE_OUTER_BOUND ( 'NONE', #2497, .T. ) ;
#40 = VERTEX_POINT ( 'NONE', #114 ) ;
#41 = ADVANCED_FACE ( 'NONE', ( #1279 ), #2172, .F. ) ;
#42 = CARTESIAN_POINT ( 'NONE',  ( 24.85480335870710178, 52.92221317792670021, -2.136195996001619690 ) ) ;
#43 = DIRECTION ( 'NONE',  ( 0.7071067811865462405, -0.7071067811865485719, 0.0000000000000000000 ) ) ;
#44 = FACE_OUTER_BOUND ( 'NONE', #68, .T. ) ;
#45 = ADVANCED_FACE ( 'NONE', ( #1304 ), #2122, .T. ) ;
#46 = ORIENTED_EDGE ( 'NONE', *, *, #545, .F. ) ;
#47 = CIRCLE ( 'NONE', #1295, 3.500000000000000000 ) ;
#48 = DIRECTION ( 'NONE',  ( -5.609547913895529197E-17, -6.123031769111888756E-17, 1.000000000000000000 ) ) ;
#49 = VERTEX_POINT ( 'NONE', #934 ) ;
#50 = DIRECTION ( 'NONE',  ( 0.0000000000000000000, 1.000000000000000000, 6.123031769111888756E-17 ) ) ;
#51 = CARTESIAN_POINT ( 'NONE',  ( -50.50000000000000000, -5.000000000000000000, -6.582259151795279735E-16 ) ) ;
#52 = EDGE_CURVE ( 'NONE', #2319, #1406, #414, .T. ) ;
#53 = VECTOR ( 'NONE', #477, 1000.000000000000000 ) ;
#54 = VERTEX_POINT ( 'NONE', #1090 ) ;
#55 = DIRECTION ( 'NONE',  ( 0.0000000000000000000, 0.0000000000000000000, -1.000000000000000000 ) ) ;
#56 = CARTESIAN_POINT ( 'NONE',  ( 23.01632572762209961, 53.70003063723189740, -3.204293994002419765 ) ) ;
#57 = DIRECTION ( 'NONE',  ( 6.123031769111888756E-17, 1.000000000000000000, 6.123031769111888756E-17 ) ) ;
#58 = FACE_OUTER_BOUND ( 'NONE', #395, .T. ) ;
#59 = CARTESIAN_POINT ( 'NONE',  ( 63.50000000000000000, 12.00000000000000000, 0.0000000000000000000 ) ) ;
#60 = DIRECTION ( 'NONE',  ( 0.0000000000000000000, 1.000000000000000000, 6.123031769111888756E-17 ) ) ;
#61 = CARTESIAN_POINT ( 'NONE',  ( 47.50000000000000000, 14.00000000000000000, -12.50000000000000000 ) ) ;
#62 = AXIS2_PLACEMENT_3D ( 'NONE', #2013, #80, #692 ) ;
#63 = ADVANCED_FACE ( 'NONE', ( #463 ), #2435, .T. ) ;
#64 = AXIS2_PLACEMENT_3D ( 'NONE', #952, #147, #311 ) ;
#65 = FACE_OUTER_BOUND ( 'NONE', #400, .T. ) ;
#66 = ADVANCED_FACE ( 'NONE', ( #1325 ), #375, .T. ) ;
#67 = AXIS2_PLACEMENT_3D ( 'NONE', #812, #590, #789 ) ;
#68 = EDGE_LOOP ( 'NONE', ( #2056, #2464, #2132, #421 ) ) ;
#69 = DIRECTION ( 'NONE',  ( 6.123031769111888756E-17, 0.0000000000000000000, 1.000000000000000000 ) ) ;
#70 = EDGE_CURVE ( 'NONE', #2150, #2169, #1334, .T. ) ;
#71 = FACE_OUTER_BOUND ( 'NONE', #825, .T. ) ;
#72 = VECTOR ( 'NONE', #2402, 1000.000000000000000 ) ;
#73 = DIRECTION ( 'NONE',  ( 0.0000000000000000000, 0.0000000000000000000, 1.000000000000000000 ) ) ;
#74 = CARTESIAN_POINT ( 'NONE',  ( 23.62352691375773617, 60.16389726296166884, -2.806018328339067556E-16 ) ) ;
#75 = CYLINDRICAL_SURFACE ( 'NONE', #243, 17.92500000000000426 ) ;
#76 = EDGE_CURVE ( 'NONE', #1332, #778, #454, .T. ) ;
#77 = DIRECTION ( 'NONE',  ( 1.000000000000000000, 0.0000000000000000000, 0.0000000000000000000 ) ) ;
#78 = DIRECTION ( 'NONE',  ( 1.000000000000000000, 0.0000000000000000000, 0.0000000000000000000 ) ) ;
#79 = CYLINDRICAL_SURFACE ( 'NONE', #1005, 12.49999999999999645 ) ;
#80 = DIRECTION ( 'NONE',  ( 0.0000000000000000000, 1.000000000000000000, 6.123031769111888756E-17 ) ) ;
#81 = FACE_BOUND ( 'NONE', #1950, .T. ) ;
#82 = CARTESIAN_POINT ( 'NONE',  ( -50.50000000000000000, 14.00000000000000000, 6.500000000000000000 ) ) ;
#83 = ORIENTED_EDGE ( 'NONE', *, *, #1352, .F. ) ;
#84 = DIRECTION ( 'NONE',  ( 0.0000000000000000000, -1.000000000000000000, -6.123031769111888756E-17 ) ) ;
#85 = ADVANCED_FACE ( 'NONE', ( #458 ), #467, .F. ) ;
#86 = ADVANCED_FACE ( 'NONE', ( #1259 ), #2312, .T. ) ;
#87 = DIRECTION ( 'NONE',  ( -1.000000000000000000, 0.0000000000000000000, 0.0000000000000000000 ) ) ;
#88 = FACE_OUTER_BOUND ( 'NONE', #1773, .T. ) ;
#89 = EDGE_CURVE ( 'NONE', #1765, #1621, #2201, .T. ) ;
#90 = DIRECTION ( 'NONE',  ( 6.123031769111888756E-17, 0.0000000000000000000, 1.000000000000000000 ) ) ;
#91 = DIRECTION ( 'NONE',  ( 6.123031769111888756E-17, 0.0000000000000000000, 1.000000000000000000 ) ) ;
#92 = LINE ( 'NONE', #1305, #1892 ) ;
#93 = CARTESIAN_POINT ( 'NONE',  ( -3.275821996474860053E-16, 55.98000000000000398, -5.349999999999999645 ) ) ;
#94 = ORIENTED_EDGE ( 'NONE', *, *, #1545, .F. ) ;
#95 = AXIS2_PLACEMENT_3D ( 'NONE', #2494, #2001, #1266 ) ;
#96 = AXIS2_PLACEMENT_3D ( 'NONE', #2473, #1886, #222 ) ;
#97 = FACE_OUTER_BOUND ( 'NONE', #2212, .T. ) ;
#98 = CARTESIAN_POINT ( 'NONE',  ( 19.62221317792669950, 58.15480335870710604, -4.531043509142799405E-16 ) ) ;
#99 = EDGE_CURVE ( 'NONE', #919, #1224, #495, .T. ) ;
#100 = PLANE ( 'NONE',  #955 ) ;
#101 = EDGE_CURVE ( 'NONE', #1180, #1125, #502, .T. ) ;
#102 = EDGE_CURVE ( 'NONE', #640, #1740, #2272, .T. ) ;
#103 = VECTOR ( 'NONE', #84, 1000.000000000000000 ) ;
#104 = CARTESIAN_POINT ( 'NONE',  ( -63.50000000000000000, 12.00000000000000000, -17.00000000000000000 ) ) ;
#105 = CARTESIAN_POINT ( 'NONE',  ( 3.130541756803709825E-32, 14.00000000000000000, -8.349999999999999645 ) ) ;
#106 = FACE_OUTER_BOUND ( 'NONE', #850, .T. ) ;
#107 = EDGE_CURVE ( 'NONE', #1246, #2046, #1463, .T. ) ;
#108 = VERTEX_POINT ( 'NONE', #805 ) ;
#109 = CIRCLE ( 'NONE', #873, 12.49999999999999645 ) ;
#110 = CARTESIAN_POINT ( 'NONE',  ( -23.75000000000000000, 0.0000000000000000000, -6.500000000000000000 ) ) ;
#111 = DIRECTION ( 'NONE',  ( 0.7071067811865472397, 0.7071067811865479058, -0.0000000000000000000 ) ) ;
#112 = DIRECTION ( 'NONE',  ( 5.609547913895529197E-17, 6.123031769111888756E-17, -1.000000000000000000 ) ) ;
#113 = VECTOR ( 'NONE', #1108, 1000.000000000000000 ) ;
#114 = CARTESIAN_POINT ( 'NONE',  ( 26.11796444769079883, 54.18537426691040082, 2.136195996001619690 ) ) ;
#115 = CIRCLE ( 'NONE', #1095, 22.67999999999999972 ) ;
#116 = DIRECTION ( 'NONE',  ( -0.3535533905932741194, 0.3535533905932738974, -0.8660254037844384856 ) ) ;
#117 = CARTESIAN_POINT ( 'NONE',  ( -60.00000000000000000, 12.00000000000000000, -7.638482131967079726E-15 ) ) ;
#118 = EDGE_CURVE ( 'NONE', #1100, #256, #1413, .T. ) ;
#119 = ADVANCED_BREP_SHAPE_REPRESENTATION ( 'P204-SUS-C1(立式不锈钢轴承座)', ( #2428, #224, #900, #244, #1033 ), #1221 ) ;
#120 = FACE_OUTER_BOUND ( 'NONE', #26, .T. ) ;
#121 = ORIENTED_EDGE ( 'NONE', *, *, #962, .F. ) ;
#122 = DIRECTION ( 'NONE',  ( 6.123031769111888756E-17, 0.0000000000000000000, 1.000000000000000000 ) ) ;
#123 = DIRECTION ( 'NONE',  ( 6.123031769111888756E-17, 1.000000000000000000, 6.123031769111888756E-17 ) ) ;
#124 = VECTOR ( 'NONE', #939, 1000.000000000000000 ) ;
#125 = VERTEX_POINT ( 'NONE', #2574 ) ;
#126 = AXIS2_PLACEMENT_3D ( 'NONE', #131, #1315, #1601 ) ;
#127 = ADVANCED_FACE ( 'NONE', ( #570 ), #1365, .T. ) ;
#128 = AXIS2_PLACEMENT_3D ( 'NONE', #2171, #2409, #536 ) ;
#129 = CYLINDRICAL_SURFACE ( 'NONE', #664, 17.92500000000000426 ) ;
#130 = ADVANCED_FACE ( 'NONE', ( #2205, #1423 ), #1359, .T. ) ;
#131 = CARTESIAN_POINT ( 'NONE',  ( 47.50000000000000000, 14.00000000000000000, -1.683833736505769963E-16 ) ) ;
#132 = ORIENTED_EDGE ( 'NONE', *, *, #714, .T. ) ;
#133 = AXIS2_PLACEMENT_3D ( 'NONE', #382, #1171, #1671 ) ;
#134 = CARTESIAN_POINT ( 'NONE',  ( 50.50000000000000000, 14.00000000000000000, 8.725320270984437965E-16 ) ) ;
#135 = ORIENTED_EDGE ( 'NONE', *, *, #846, .F. ) ;
#136 = CARTESIAN_POINT ( 'NONE',  ( -2.522689088874099992E-15, 15.37500000000000000, -5.349999999999999645 ) ) ;
#137 = CIRCLE ( 'NONE', #1511, 6.499999999999999112 ) ;
#138 = DIRECTION ( 'NONE',  ( 1.000000000000000000, -9.063907800772430102E-33, 1.480297366166879989E-16 ) ) ;
#139 = DIRECTION ( 'NONE',  ( -0.7071067811865474617, -0.7071067811865474617, 0.0000000000000000000 ) ) ;
#140 = LINE ( 'NONE', #1800, #988 ) ;
#141 = CARTESIAN_POINT ( 'NONE',  ( -30.58050849806129889, 33.30000000000000426, -8.349999999999999645 ) ) ;
#142 = VECTOR ( 'NONE', #1930, 1000.000000000000000 ) ;
#143 = DIRECTION ( 'NONE',  ( 0.0000000000000000000, -1.000000000000000000, -6.123031769111888756E-17 ) ) ;
#144 = ADVANCED_FACE ( 'NONE', ( #1368 ), #2331, .T. ) ;
#145 = LINE ( 'NONE', #2225, #154 ) ;
#146 = EDGE_CURVE ( 'NONE', #16, #1246, #2307, .T. ) ;
#147 = DIRECTION ( 'NONE',  ( 0.3535533905932731202, -0.3535533905932731202, 0.8660254037844392627 ) ) ;
#148 = LINE ( 'NONE', #742, #124 ) ;
#149 = ORIENTED_EDGE ( 'NONE', *, *, #1616, .T. ) ;
#150 = AXIS2_PLACEMENT_3D ( 'NONE', #2525, #504, #1319 ) ;
#151 = DIRECTION ( 'NONE',  ( 0.0000000000000000000, 1.000000000000000000, 0.0000000000000000000 ) ) ;
#152 = PLANE ( 'NONE',  #11 ) ;
#153 = LINE ( 'NONE', #349, #1864 ) ;
#154 = VECTOR ( 'NONE', #1567, 1000.000000000000114 ) ;
#155 = DIRECTION ( 'NONE',  ( 0.7071067811865474617, 0.7071067811865474617, 0.0000000000000000000 ) ) ;
#156 = CARTESIAN_POINT ( 'NONE',  ( 1.776356839400249676E-15, 14.00000000000000000, 8.349999999999999645 ) ) ;
#157 = DIRECTION ( 'NONE',  ( 1.000000000000000000, 0.0000000000000000000, 0.0000000000000000000 ) ) ;
#158 = DIRECTION ( 'NONE',  ( 1.000000000000000000, 0.0000000000000000000, 1.480297366166879989E-16 ) ) ;
#159 = DIRECTION ( 'NONE',  ( 0.0000000000000000000, 1.000000000000000000, 0.0000000000000000000 ) ) ;
#160 = CARTESIAN_POINT ( 'NONE',  ( 5.112731527208430378E-16, 33.30000000000000426, 8.349999999999999645 ) ) ;
#161 = AXIS2_PLACEMENT_3D ( 'NONE', #2250, #710, #1072 ) ;
#162 = DIRECTION ( 'NONE',  ( 0.0000000000000000000, 1.000000000000000000, 6.123031769111888756E-17 ) ) ;
#163 = ADVANCED_FACE ( 'NONE', ( #2228 ), #360, .T. ) ;
#164 = AXIS2_PLACEMENT_3D ( 'NONE', #1517, #876, #1067 ) ;
#165 = AXIS2_PLACEMENT_3D ( 'NONE', #1996, #1643, #870 ) ;
#166 = DIRECTION ( 'NONE',  ( 0.0000000000000000000, -1.000000000000000000, -6.123031769111888756E-17 ) ) ;
#167 = EDGE_CURVE ( 'NONE', #12, #637, #490, .T. ) ;
#168 = EDGE_CURVE ( 'NONE', #2046, #19, #607, .T. ) ;
#169 = ORIENTED_EDGE ( 'NONE', *, *, #1253, .T. ) ;
#170 = DIRECTION ( 'NONE',  ( 1.000000000000000000, 0.0000000000000000000, 0.0000000000000000000 ) ) ;
#171 = DIRECTION ( 'NONE',  ( -1.000000000000000000, 0.0000000000000000000, 6.123031769111888756E-17 ) ) ;
#172 = ORIENTED_EDGE ( 'NONE', *, *, #2121, .F. ) ;
#173 = EDGE_CURVE ( 'NONE', #1100, #2319, #1439, .T. ) ;
#174 = EDGE_CURVE ( 'NONE', #339, #280, #560, .T. ) ;
#175 = DIRECTION ( 'NONE',  ( -6.123031769111888756E-17, -1.000000000000000000, -3.749151804555340178E-33 ) ) ;
#176 = VERTEX_POINT ( 'NONE', #1738 ) ;
#177 = CARTESIAN_POINT ( 'NONE',  ( 26.11796444769079883, 54.18537426691040082, -2.136195996001619690 ) ) ;
#178 = ORIENTED_EDGE ( 'NONE', *, *, #2121, .T. ) ;
#179 = ADVANCED_FACE ( 'NONE', ( #1348 ), #1371, .T. ) ;
#180 = ORIENTED_EDGE ( 'NONE', *, *, #2447, .F. ) ;
#181 = CARTESIAN_POINT ( 'NONE',  ( -5.112731527208419531E-16, 33.30000000000000426, -8.349999999999999645 ) ) ;
#182 = DIRECTION ( 'NONE',  ( 6.123031769111888756E-17, 0.0000000000000000000, 1.000000000000000000 ) ) ;
#183 = VERTEX_POINT ( 'NONE', #2102 ) ;
#184 = CARTESIAN_POINT ( 'NONE',  ( 0.0000000000000000000, 12.00000000000000000, -19.00000000000000000 ) ) ;
#185 = CARTESIAN_POINT ( 'NONE',  ( 20.88537426691039656, 59.41796444769080665, 2.136195996001609920 ) ) ;
#186 = AXIS2_PLACEMENT_3D ( 'NONE', #431, #412, #1044 ) ;
#187 = CARTESIAN_POINT ( 'NONE',  ( 47.50000000000000000, 12.00000000000000000, -2.908440090328149933E-16 ) ) ;
#188 = DIRECTION ( 'NONE',  ( 0.7071067811865480168, -0.7071067811865470176, 0.0000000000000000000 ) ) ;
#189 = ORIENTED_EDGE ( 'NONE', *, *, #89, .T. ) ;
#190 = AXIS2_PLACEMENT_3D ( 'NONE', #743, #764, #2544 ) ;
#191 = AXIS2_PLACEMENT_3D ( 'NONE', #2230, #907, #2466 ) ;
#192 = CARTESIAN_POINT ( 'NONE',  ( -28.90051902648119864, 12.00000000000000000, 19.00000000000000000 ) ) ;
#193 = DIRECTION ( 'NONE',  ( -0.3535533905932731757, 0.3535533905932731757, -0.8660254037844392627 ) ) ;
#194 = EDGE_CURVE ( 'NONE', #936, #183, #2276, .T. ) ;
#195 = EDGE_CURVE ( 'NONE', #1186, #2540, #1431, .T. ) ;
#196 = ADVANCED_FACE ( 'NONE', ( #2288 ), #1410, .T. ) ;
#197 = EDGE_LOOP ( 'NONE', ( #1130, #1529, #2386, #83 ) ) ;
#198 = CARTESIAN_POINT ( 'NONE',  ( 5.112731527208430378E-16, 33.30000000000000426, 8.349999999999999645 ) ) ;
#199 = DIRECTION ( 'NONE',  ( 6.123031769111888756E-17, 0.0000000000000000000, 1.000000000000000000 ) ) ;
#200 = EDGE_CURVE ( 'NONE', #291, #313, #1455, .T. ) ;
#201 = ORIENTED_EDGE ( 'NONE', *, *, #1686, .T. ) ;
#202 = DIRECTION ( 'NONE',  ( 1.000000000000000000, 0.0000000000000000000, 0.0000000000000000000 ) ) ;
#203 = ORIENTED_EDGE ( 'NONE', *, *, #818, .T. ) ;
#204 = CLOSED_SHELL ( 'NONE', ( #130, #1562, #2300, #2301, #357, #127, #1927, #1176, #708, #179, #453, #1925 ) ) ;
#205 = CARTESIAN_POINT ( 'NONE',  ( -4.469813191451680148E-16, 23.30000000000000071, 12.69999999999999929 ) ) ;
#206 = EDGE_CURVE ( 'NONE', #1199, #125, #2297, .T. ) ;
#207 = VERTEX_POINT ( 'NONE', #1712 ) ;
#208 = CARTESIAN_POINT ( 'NONE',  ( -2.919155395924089738E-15, 15.37500000000000000, -11.82500000000000107 ) ) ;
#209 = PLANE ( 'NONE',  #164 ) ;
#210 = DIRECTION ( 'NONE',  ( 0.7071067811865475727, 0.7071067811865475727, 0.0000000000000000000 ) ) ;
#211 = ADVANCED_FACE ( 'NONE', ( #1482, #1475 ), #1210, .T. ) ;
#212 = ORIENTED_EDGE ( 'NONE', *, *, #1051, .T. ) ;
#213 = AXIS2_PLACEMENT_3D ( 'NONE', #1697, #143, #3 ) ;
#214 = CARTESIAN_POINT ( 'NONE',  ( 0.0000000000000000000, 6.000000000000000000, -19.00000000000000000 ) ) ;
#215 = AXIS2_PLACEMENT_3D ( 'NONE', #2151, #2535, #157 ) ;
#216 = DIRECTION ( 'NONE',  ( -0.3535533905932738419, 0.3535533905932738419, 0.8660254037844385966 ) ) ;
#217 = ORIENTED_EDGE ( 'NONE', *, *, #1732, .T. ) ;
#218 = AXIS2_PLACEMENT_3D ( 'NONE', #2078, #1249, #1731 ) ;
#219 = VERTEX_POINT ( 'NONE', #1022 ) ;
#220 = DIRECTION ( 'NONE',  ( -1.000000000000000000, 0.0000000000000000000, -1.480297366166879989E-16 ) ) ;
#221 = CARTESIAN_POINT ( 'NONE',  ( 7.776250346772100323E-16, 43.29999999999999716, 12.69999999999999929 ) ) ;
#222 = DIRECTION ( 'NONE',  ( 0.0000000000000000000, 1.000000000000000000, 0.0000000000000000000 ) ) ;
#223 = DIRECTION ( 'NONE',  ( 0.0000000000000000000, 1.000000000000000000, 6.123031769111888756E-17 ) ) ;
#224 = MANIFOLD_SOLID_BREP ( 'bearing_seat_p2901.stp[2]', #1321 ) ;
#225 = ORIENTED_EDGE ( 'NONE', *, *, #101, .F. ) ;
#226 = DIRECTION ( 'NONE',  ( 0.0000000000000000000, 1.000000000000000000, 0.0000000000000000000 ) ) ;
#227 = DIRECTION ( 'NONE',  ( 0.0000000000000000000, -0.9258200997725513082, 0.3779644730092276417 ) ) ;
#228 = ORIENTED_EDGE ( 'NONE', *, *, #1519, .F. ) ;
#229 = CARTESIAN_POINT ( 'NONE',  ( 44.50000000000000000, 0.0000000000000000000, 6.500000000000000000 ) ) ;
#230 = CARTESIAN_POINT ( 'NONE',  ( 0.0000000000000000000, 12.00000000000000000, -12.50000000000000000 ) ) ;
#231 = ORIENTED_EDGE ( 'NONE', *, *, #167, .T. ) ;
#232 = ADVANCED_FACE ( 'NONE', ( #2338 ), #1446, .T. ) ;
#233 = DIRECTION ( 'NONE',  ( -1.000000000000000000, 0.0000000000000000000, 0.0000000000000000000 ) ) ;
#234 = ORIENTED_EDGE ( 'NONE', *, *, #713, .F. ) ;
#235 = ORIENTED_EDGE ( 'NONE', *, *, #89, .F. ) ;
#236 = CARTESIAN_POINT ( 'NONE',  ( -3.888125173386050161E-16, 33.30000000000000426, -6.349999999999999645 ) ) ;
#237 = EDGE_CURVE ( 'NONE', #256, #2034, #1495, .T. ) ;
#238 = CARTESIAN_POINT ( 'NONE',  ( 1.053161464287239985E-15, 43.29999999999999716, -2.799999999999999822 ) ) ;
#239 = DIRECTION ( 'NONE',  ( 0.0000000000000000000, 0.0000000000000000000, 1.000000000000000000 ) ) ;
#240 = ORIENTED_EDGE ( 'NONE', *, *, #1051, .F. ) ;
#241 = AXIS2_PLACEMENT_3D ( 'NONE', #160, #1724, #1945 ) ;
#242 = CARTESIAN_POINT ( 'NONE',  ( 2.777407210469149791E-15, 55.98000000000000398, -1.700615258546300108E-31 ) ) ;
#243 = AXIS2_PLACEMENT_3D ( 'NONE', #767, #90, #1214 ) ;
#244 = MANIFOLD_SOLID_BREP ( 'bearing_seat_p2901.stp[4]', #2058 ) ;
#245 = CARTESIAN_POINT ( 'NONE',  ( 28.90051902648119864, 0.0000000000000000000, -19.00000000000000000 ) ) ;
#246 = ORIENTED_EDGE ( 'NONE', *, *, #2447, .T. ) ;
#247 = CARTESIAN_POINT ( 'NONE',  ( 1.087668936092689915E-31, 33.30000000000000426, 1.776356839400249676E-15 ) ) ;
#248 = DIRECTION ( 'NONE',  ( 0.7071067811865479058, -0.7071067811865472397, 0.0000000000000000000 ) ) ;
#249 = VERTEX_POINT ( 'NONE', #396 ) ;
#250 = EDGE_LOOP ( 'NONE', ( #1121, #2380, #1714, #261 ) ) ;
#251 = VERTEX_POINT ( 'NONE', #1651 ) ;
#252 = CARTESIAN_POINT ( 'NONE',  ( 1.839971046618119779E-15, 33.30000000000000426, 2.038969579114260028E-15 ) ) ;
#253 = DIRECTION ( 'NONE',  ( 0.0000000000000000000, 1.000000000000000000, 6.123031769111888756E-17 ) ) ;
#254 = ORIENTED_EDGE ( 'NONE', *, *, #1268, .F. ) ;
#255 = CARTESIAN_POINT ( 'NONE',  ( -47.50000000000000000, 14.00000000000000000, 12.50000000000000000 ) ) ;
#256 = VERTEX_POINT ( 'NONE', #1436 ) ;
#257 = ORIENTED_EDGE ( 'NONE', *, *, #338, .T. ) ;
#258 = CARTESIAN_POINT ( 'NONE',  ( -61.50000000000000000, -1.000000000000000000, 17.00000000000000000 ) ) ;
#259 = DIRECTION ( 'NONE',  ( 0.7071067811865475727, -0.7071067811865475727, 0.0000000000000000000 ) ) ;
#260 = ORIENTED_EDGE ( 'NONE', *, *, #1236, .T. ) ;
#261 = ORIENTED_EDGE ( 'NONE', *, *, #1771, .T. ) ;
#262 = ORIENTED_EDGE ( 'NONE', *, *, #2343, .F. ) ;
#263 = CARTESIAN_POINT ( 'NONE',  ( -61.50000000000000000, 0.0000000000000000000, 19.00000000000000000 ) ) ;
#264 = ORIENTED_EDGE ( 'NONE', *, *, #1990, .T. ) ;
#265 = ORIENTED_EDGE ( 'NONE', *, *, #237, .F. ) ;
#266 = AXIS2_PLACEMENT_3D ( 'NONE', #1572, #1756, #786 ) ;
#267 = AXIS2_PLACEMENT_3D ( 'NONE', #1650, #2399, #829 ) ;
#268 = PRODUCT_DEFINITION ( '未知', '', #2563, #1164 ) ;
#269 = ADVANCED_FACE ( 'NONE', ( #615 ), #2353, .F. ) ;
#270 = VERTEX_POINT ( 'NONE', #1668 ) ;
#271 = AXIS2_PLACEMENT_3D ( 'NONE', #1189, #1024, #1827 ) ;
#272 = ADVANCED_FACE ( 'NONE', ( #2196 ), #628, .F. ) ;
#273 = DIRECTION ( 'NONE',  ( 0.0000000000000000000, 6.123031769111888756E-17, -1.000000000000000000 ) ) ;
#274 = PLANE ( 'NONE',  #665 ) ;
#275 = CARTESIAN_POINT ( 'NONE',  ( -50.50000000000000000, -5.000000000000000000, -6.500000000000000000 ) ) ;
#276 = DIRECTION ( 'NONE',  ( -1.480297366166879989E-16, -6.123031769111888756E-17, 1.000000000000000000 ) ) ;
#277 = EDGE_LOOP ( 'NONE', ( #286, #319, #2453, #2265 ) ) ;
#278 = EDGE_CURVE ( 'NONE', #548, #1117, #1757, .T. ) ;
#279 = EDGE_CURVE ( 'NONE', #2540, #1186, #17, .T. ) ;
#280 = VERTEX_POINT ( 'NONE', #2174 ) ;
#281 = ORIENTED_EDGE ( 'NONE', *, *, #1268, .T. ) ;
#282 = CARTESIAN_POINT ( 'NONE',  ( 50.50000000000000000, 0.0000000000000000000, 6.500000000000000000 ) ) ;
#283 = ORIENTED_EDGE ( 'NONE', *, *, #938, .F. ) ;
#284 = DATE_TIME_ROLE ( 'classification_date' ) ;
#285 = ORIENTED_EDGE ( 'NONE', *, *, #195, .F. ) ;
#286 = ORIENTED_EDGE ( 'NONE', *, *, #1135, .T. ) ;
#287 = EDGE_CURVE ( 'NONE', #2189, #1682, #1805, .T. ) ;
#288 = VERTEX_POINT ( 'NONE', #378 ) ;
#289 = DIRECTION ( 'NONE',  ( 1.000000000000000000, 0.0000000000000000000, 0.0000000000000000000 ) ) ;
#290 = ORIENTED_EDGE ( 'NONE', *, *, #1236, .F. ) ;
#291 = VERTEX_POINT ( 'NONE', #1776 ) ;
#292 = ADVANCED_FACE ( 'NONE', ( #932 ), #803, .F. ) ;
#293 = DIRECTION ( 'NONE',  ( 1.000000000000000000, 0.0000000000000000000, 0.0000000000000000000 ) ) ;
#294 = ADVANCED_FACE ( 'NONE', ( #44 ), #79, .T. ) ;
#295 = ORIENTED_EDGE ( 'NONE', *, *, #279, .F. ) ;
#296 = VERTEX_POINT ( 'NONE', #1941 ) ;
#297 = CARTESIAN_POINT ( 'NONE',  ( 47.50000000000000000, 12.00000000000000000, -2.908440090328149933E-16 ) ) ;
#298 = VERTEX_POINT ( 'NONE', #1008 ) ;
#299 = PERSON_AND_ORGANIZATION_ROLE ( 'design_supplier' ) ;
#300 = ORIENTED_EDGE ( 'NONE', *, *, #2090, .F. ) ;
#301 = AXIS2_PLACEMENT_3D ( 'NONE', #981, #2522, #171 ) ;
#302 = DIRECTION ( 'NONE',  ( 0.0000000000000000000, 0.0000000000000000000, -1.000000000000000000 ) ) ;
#303 = AXIS2_PLACEMENT_3D ( 'NONE', #198, #1690, #226 ) ;
#304 = CARTESIAN_POINT ( 'NONE',  ( 50.50000000000000000, -5.000000000000000000, -6.500000000000000000 ) ) ;
#305 = AXIS2_PLACEMENT_3D ( 'NONE', #1357, #1565, #1597 ) ;
#306 = ORIENTED_EDGE ( 'NONE', *, *, #448, .F. ) ;
#307 = ORIENTED_EDGE ( 'NONE', *, *, #52, .F. ) ;
#308 = ORIENTED_EDGE ( 'NONE', *, *, #1320, .T. ) ;
#309 = EDGE_CURVE ( 'NONE', #1532, #1151, #1733, .T. ) ;
#310 = DIRECTION ( 'NONE',  ( 6.123031769111888756E-17, 0.0000000000000000000, 1.000000000000000000 ) ) ;
#311 = DIRECTION ( 'NONE',  ( -0.7071067811865475727, -0.7071067811865475727, 0.0000000000000000000 ) ) ;
#312 = ORIENTED_EDGE ( 'NONE', *, *, #1620, .F. ) ;
#313 = VERTEX_POINT ( 'NONE', #1358 ) ;
#314 = EDGE_LOOP ( 'NONE', ( #775, #1373, #1324, #217 ) ) ;
#315 = CARTESIAN_POINT ( 'NONE',  ( 47.50000000000000000, 12.00000000000000000, -2.908440090328149933E-16 ) ) ;
#316 = VERTEX_POINT ( 'NONE', #2117 ) ;
#317 = ORIENTED_EDGE ( 'NONE', *, *, #52, .T. ) ;
#318 = EDGE_LOOP ( 'NONE', ( #2050, #663, #1490, #1448 ) ) ;
#319 = ORIENTED_EDGE ( 'NONE', *, *, #107, .T. ) ;
#320 = VERTEX_POINT ( 'NONE', #2135 ) ;
#321 = DIRECTION ( 'NONE',  ( 0.7071067811865472397, 0.7071067811865479058, -0.0000000000000000000 ) ) ;
#322 = DIRECTION ( 'NONE',  ( 1.000000000000000000, 0.0000000000000000000, 0.0000000000000000000 ) ) ;
#323 = VERTEX_POINT ( 'NONE', #2411 ) ;
#324 = DIRECTION ( 'NONE',  ( 6.123031769111888756E-17, 0.0000000000000000000, 1.000000000000000000 ) ) ;
#325 = CARTESIAN_POINT ( 'NONE',  ( 44.50000000000000000, 14.00000000000000000, 5.051501209517310134E-16 ) ) ;
#326 = DIRECTION ( 'NONE',  ( 0.0000000000000000000, 1.000000000000000000, 0.0000000000000000000 ) ) ;
#327 = VERTEX_POINT ( 'NONE', #1631 ) ;
#328 = ORIENTED_EDGE ( 'NONE', *, *, #410, .F. ) ;
#329 = PLANE ( 'NONE',  #150 ) ;
#330 = PLANE ( 'NONE',  #445 ) ;
#331 = DIRECTION ( 'NONE',  ( 0.0000000000000000000, 1.000000000000000000, 0.0000000000000000000 ) ) ;
#332 = EDGE_CURVE ( 'NONE', #2389, #529, #1785, .T. ) ;
#333 = ORIENTED_EDGE ( 'NONE', *, *, #2190, .F. ) ;
#334 = EDGE_LOOP ( 'NONE', ( #782, #2492 ) ) ;
#335 = VERTEX_POINT ( 'NONE', #1021 ) ;
#336 = VERTEX_POINT ( 'NONE', #1957 ) ;
#337 = ORIENTED_EDGE ( 'NONE', *, *, #438, .T. ) ;
#338 = EDGE_CURVE ( 'NONE', #108, #1908, #1745, .T. ) ;
#339 = VERTEX_POINT ( 'NONE', #185 ) ;
#340 = AXIS2_PLACEMENT_3D ( 'NONE', #1884, #60, #289 ) ;
#341 = AXIS2_PLACEMENT_3D ( 'NONE', #1016, #833, #793 ) ;
#342 = VERTEX_POINT ( 'NONE', #1600 ) ;
#343 = PRODUCT ( 'P204-SUS-C1(立式不锈钢轴承座)', 'P204-SUS-C1(立式不锈钢轴承座)', '', ( #1561 ) ) ;
#344 = CARTESIAN_POINT ( 'NONE',  ( -3.888125173386050161E-16, 33.30000000000000426, -6.349999999999999645 ) ) ;
#345 = DIRECTION ( 'NONE',  ( 0.7071067811865474617, 0.7071067811865474617, 0.0000000000000000000 ) ) ;
#346 = ORIENTED_EDGE ( 'NONE', *, *, #2532, .T. ) ;
#347 = VERTEX_POINT ( 'NONE', #822 ) ;
#348 = CARTESIAN_POINT ( 'NONE',  ( -47.50000000000000000, 14.00000000000000000, -12.50000000000000000 ) ) ;
#349 = CARTESIAN_POINT ( 'NONE',  ( 22.23850826831689886, 55.53850826831690313, -4.272391992003229610 ) ) ;
#350 = EDGE_LOOP ( 'NONE', ( #668, #1300, #2164, #1340, #149, #373 ) ) ;
#351 = EDGE_LOOP ( 'NONE', ( #2255, #390, #1615, #2097 ) ) ;
#352 = DIRECTION ( 'NONE',  ( 1.000000000000000000, 0.0000000000000000000, 0.0000000000000000000 ) ) ;
#353 = EDGE_LOOP ( 'NONE', ( #1355, #1107, #1630, #2208 ) ) ;
#354 = CARTESIAN_POINT ( 'NONE',  ( -3.888125173386050161E-16, 56.98000000000000398, -6.349999999999999645 ) ) ;
#355 = VERTEX_POINT ( 'NONE', #980 ) ;
#356 = ORIENTED_EDGE ( 'NONE', *, *, #2365, .F. ) ;
#357 = ADVANCED_FACE ( 'NONE', ( #81, #1730 ), #1807, .T. ) ;
#358 = ORIENTED_EDGE ( 'NONE', *, *, #1101, .T. ) ;
#359 = DIRECTION ( 'NONE',  ( 0.0000000000000000000, 1.000000000000000000, 6.123031769111888756E-17 ) ) ;
#360 = PLANE ( 'NONE',  #1504 ) ;
#361 = ORIENTED_EDGE ( 'NONE', *, *, #1174, .T. ) ;
#362 = EDGE_CURVE ( 'NONE', #886, #19, #899, .T. ) ;
#363 = ORIENTED_EDGE ( 'NONE', *, *, #2158, .T. ) ;
#364 = CARTESIAN_POINT ( 'NONE',  ( 27.01147904132610122, 60.31147904132610194, 0.0000000000000000000 ) ) ;
#365 = CARTESIAN_POINT ( 'NONE',  ( 25.24371208835970393, 58.54371208835969753, 0.0000000000000000000 ) ) ;
#366 = AXIS2_PLACEMENT_3D ( 'NONE', #996, #609, #1184 ) ;
#367 = CARTESIAN_POINT ( 'NONE',  ( -47.50000000000000000, 12.00000000000000000, -12.50000000000000000 ) ) ;
#368 = ORIENTED_EDGE ( 'NONE', *, *, #930, .T. ) ;
#369 = ORIENTED_EDGE ( 'NONE', *, *, #1128, .T. ) ;
#370 = AXIS2_PLACEMENT_3D ( 'NONE', #2093, #276, #1267 ) ;
#371 = AXIS2_PLACEMENT_3D ( 'NONE', #252, #1275, #1676 ) ;
#372 = ORIENTED_EDGE ( 'NONE', *, *, #938, .T. ) ;
#373 = ORIENTED_EDGE ( 'NONE', *, *, #2575, .T. ) ;
#374 = EDGE_CURVE ( 'NONE', #1139, #685, #24, .T. ) ;
#375 = CYLINDRICAL_SURFACE ( 'NONE', #2559, 2.000000000000001776 ) ;
#376 = DIRECTION ( 'NONE',  ( 1.000000000000000000, 0.0000000000000000000, 0.0000000000000000000 ) ) ;
#377 = ORIENTED_EDGE ( 'NONE', *, *, #34, .F. ) ;
#378 = CARTESIAN_POINT ( 'NONE',  ( 24.92265403837269844, 62.40030404427949406, -3.617541846151400050E-16 ) ) ;
#379 = CARTESIAN_POINT ( 'NONE',  ( 0.0000000000000000000, 33.30000000000000426, 0.0000000000000000000 ) ) ;
#380 = ADVANCED_FACE ( 'NONE', ( #1739 ), #909, .F. ) ;
#381 = ORIENTED_EDGE ( 'NONE', *, *, #1353, .F. ) ;
#382 = CARTESIAN_POINT ( 'NONE',  ( 44.50000000000000000, 0.0000000000000000000, -3.520743267239329687E-16 ) ) ;
#383 = COORDINATED_UNIVERSAL_TIME_OFFSET ( 8, 0, .AHEAD. ) ;
#384 = CARTESIAN_POINT ( 'NONE',  ( 44.50000000000000000, -5.000000000000000000, -6.582259151795279735E-16 ) ) ;
#385 = CARTESIAN_POINT ( 'NONE',  ( 23.33452377915609688, 61.86711395993649631, -4.531043509142799405E-16 ) ) ;
#386 = CIRCLE ( 'NONE', #867, 28.69999999999999929 ) ;
#387 = VERTEX_POINT ( 'NONE', #2573 ) ;
#388 = DATE_AND_TIME ( #2125, #413 ) ;
#389 = DIRECTION ( 'NONE',  ( 0.0000000000000000000, 1.000000000000000000, 0.0000000000000000000 ) ) ;
#390 = ORIENTED_EDGE ( 'NONE', *, *, #2167, .T. ) ;
#391 = DIRECTION ( 'NONE',  ( -0.7071067811865471286, -0.7071067811865479058, 0.0000000000000000000 ) ) ;
#392 = ORIENTED_EDGE ( 'NONE', *, *, #279, .T. ) ;
#393 = DIRECTION ( 'NONE',  ( 1.000000000000000000, 0.0000000000000000000, 0.0000000000000000000 ) ) ;
#394 = CARTESIAN_POINT ( 'NONE',  ( -1.120514813747480043E-15, 43.29999999999999716, -18.30000000000000071 ) ) ;
#395 = EDGE_LOOP ( 'NONE', ( #768, #525, #459, #1959 ) ) ;
#396 = CARTESIAN_POINT ( 'NONE',  ( 26.77362278506290139, 54.84103260428249627, 2.136195996001619690 ) ) ;
#397 = PERSON_AND_ORGANIZATION ( #1577, #1551 ) ;
#398 = ORIENTED_EDGE ( 'NONE', *, *, #1937, .F. ) ;
#399 = AXIS2_PLACEMENT_3D ( 'NONE', #2321, #520, #1331 ) ;
#400 = EDGE_LOOP ( 'NONE', ( #2248, #1743, #1768, #1092 ) ) ;
#401 = CARTESIAN_POINT ( 'NONE',  ( -1.642503272064259829E-15, 15.37500000000000000, 9.025000000000000355 ) ) ;
#402 = CARTESIAN_POINT ( 'NONE',  ( -61.50000000000000000, 12.00000000000000000, 19.00000000000000000 ) ) ;
#403 = ADVANCED_FACE ( 'NONE', ( #1764 ), #906, .T. ) ;
#404 = CARTESIAN_POINT ( 'NONE',  ( 44.50000000000000000, -5.000000000000000000, 6.500000000000000000 ) ) ;
#405 = AXIS2_PLACEMENT_3D ( 'NONE', #2308, #2332, #293 ) ;
#406 = AXIS2_PLACEMENT_3D ( 'NONE', #1138, #2376, #1172 ) ;
#407 = LOCAL_TIME ( 8, 55, 26.00000000000000000, #383 ) ;
#408 = DIRECTION ( 'NONE',  ( 0.0000000000000000000, 1.000000000000000000, 0.0000000000000000000 ) ) ;
#409 = ORIENTED_EDGE ( 'NONE', *, *, #2365, .T. ) ;
#410 = EDGE_CURVE ( 'NONE', #1682, #2267, #30, .T. ) ;
#411 = EDGE_CURVE ( 'NONE', #1549, #2045, #1801, .T. ) ;
#412 = DIRECTION ( 'NONE',  ( -0.7071067811865480168, -0.7071067811865470176, 0.0000000000000000000 ) ) ;
#413 = LOCAL_TIME ( 8, 55, 26.00000000000000000, #1306 ) ;
#414 = LINE ( 'NONE', #1258, #429 ) ;
#415 = ORIENTED_EDGE ( 'NONE', *, *, #1129, .F. ) ;
#416 = DIRECTION ( 'NONE',  ( 0.0000000000000000000, 1.000000000000000000, 0.0000000000000000000 ) ) ;
#417 = CARTESIAN_POINT ( 'NONE',  ( 4.500428350297239777E-16, 33.30000000000000426, 7.349999999999999645 ) ) ;
#418 = LOCAL_TIME ( 8, 55, 26.00000000000000000, #2157 ) ;
#419 = EDGE_CURVE ( 'NONE', #2045, #2189, #910, .T. ) ;
#420 = ORIENTED_EDGE ( 'NONE', *, *, #34, .T. ) ;
#421 = ORIENTED_EDGE ( 'NONE', *, *, #679, .T. ) ;
#422 = CARTESIAN_POINT ( 'NONE',  ( -2.345121167569849610E-15, 23.30000000000000071, -18.30000000000000071 ) ) ;
#423 = PERSON_AND_ORGANIZATION ( #1577, #1551 ) ;
#424 = DIRECTION ( 'NONE',  ( 0.7071067811865475727, 0.7071067811865475727, 0.0000000000000000000 ) ) ;
#425 = FACE_OUTER_BOUND ( 'NONE', #597, .T. ) ;
#426 = ORIENTED_EDGE ( 'NONE', *, *, #2112, .F. ) ;
#427 = APPROVAL_PERSON_ORGANIZATION ( #423, #2061, #2110 ) ;
#428 = DIRECTION ( 'NONE',  ( 6.123031769111888756E-17, 0.0000000000000000000, 1.000000000000000000 ) ) ;
#429 = VECTOR ( 'NONE', #1459, 1000.000000000000000 ) ;
#430 = CARTESIAN_POINT ( 'NONE',  ( 61.50000000000000000, 7.105427357600998703E-15, 17.00000000000000000 ) ) ;
#431 = CARTESIAN_POINT ( 'NONE',  ( 20.47074131535059749, 52.00297436238420090, 0.0000000000000000000 ) ) ;
#432 = VERTEX_POINT ( 'NONE', #785 ) ;
#433 = DATE_AND_TIME ( #2166, #418 ) ;
#434 = ORIENTED_EDGE ( 'NONE', *, *, #1106, .F. ) ;
#435 = DIRECTION ( 'NONE',  ( 0.0000000000000000000, 1.000000000000000000, 6.123031769111888756E-17 ) ) ;
#436 = ORIENTED_EDGE ( 'NONE', *, *, #482, .T. ) ;
#437 = DIRECTION ( 'NONE',  ( 0.4226182617406989972, 0.9063077870366501587, -4.188400406518559911E-17 ) ) ;
#438 = EDGE_CURVE ( 'NONE', #288, #335, #1795, .T. ) ;
#439 = ORIENTED_EDGE ( 'NONE', *, *, #195, .T. ) ;
#440 = ORIENTED_EDGE ( 'NONE', *, *, #984, .T. ) ;
#441 = CARTESIAN_POINT ( 'NONE',  ( 24.19929958688310023, 62.06299832398929794, -3.951832042264859980E-16 ) ) ;
#442 = AXIS2_PLACEMENT_3D ( 'NONE', #2165, #193, #391 ) ;
#443 = LOCAL_TIME ( 8, 55, 26.00000000000000000, #2144 ) ;
#444 = DIRECTION ( 'NONE',  ( 1.000000000000000000, 0.0000000000000000000, 5.609547913895529197E-17 ) ) ;
#445 = AXIS2_PLACEMENT_3D ( 'NONE', #2558, #2303, #1264 ) ;
#446 = ORIENTED_EDGE ( 'NONE', *, *, #309, .F. ) ;
#447 = EDGE_LOOP ( 'NONE', ( #1972, #1935, #533, #2499 ) ) ;
#448 = EDGE_CURVE ( 'NONE', #724, #1860, #882, .T. ) ;
#449 = DIRECTION ( 'NONE',  ( -1.000000000000000000, 6.123031769111888756E-17, 0.0000000000000000000 ) ) ;
#450 = CARTESIAN_POINT ( 'NONE',  ( -50.50000000000000000, 0.0000000000000000000, -3.520743267239329687E-16 ) ) ;
#451 = DIRECTION ( 'NONE',  ( 0.7071067811865486830, 0.7071067811865464625, -0.0000000000000000000 ) ) ;
#452 = DIRECTION ( 'NONE',  ( 3.870458008999209872E-65, -1.000000000000000000, -6.123031769111888756E-17 ) ) ;
#453 = ADVANCED_FACE ( 'NONE', ( #10 ), #948, .T. ) ;
#454 = LINE ( 'NONE', #1661, #1329 ) ;
#455 = DIRECTION ( 'NONE',  ( 0.7071067811865475727, -0.7071067811865475727, 0.0000000000000000000 ) ) ;
#456 = ORIENTED_EDGE ( 'NONE', *, *, #194, .F. ) ;
#457 = DIRECTION ( 'NONE',  ( 0.0000000000000000000, 1.000000000000000000, 0.0000000000000000000 ) ) ;
#458 = FACE_OUTER_BOUND ( 'NONE', #197, .T. ) ;
#459 = ORIENTED_EDGE ( 'NONE', *, *, #1669, .T. ) ;
#460 = CARTESIAN_POINT ( 'NONE',  ( 23.50166935730059947, 56.80166935730060374, -4.272391992003229610 ) ) ;
#461 = ORIENTED_EDGE ( 'NONE', *, *, #2575, .F. ) ;
#462 = DIRECTION ( 'NONE',  ( -0.7071067811865474617, -0.7071067811865474617, 0.0000000000000000000 ) ) ;
#463 = FACE_OUTER_BOUND ( 'NONE', #1918, .T. ) ;
#464 = EDGE_CURVE ( 'NONE', #1740, #640, #892, .T. ) ;
#465 = DIRECTION ( 'NONE',  ( 6.123031769111888756E-17, 0.0000000000000000000, 1.000000000000000000 ) ) ;
#466 = ORIENTED_EDGE ( 'NONE', *, *, #1729, .F. ) ;
#467 = CYLINDRICAL_SURFACE ( 'NONE', #62, 6.499999999999999112 ) ;
#468 = CARTESIAN_POINT ( 'NONE',  ( 23.47594513539339900, 61.72569260369920130, -4.286122238378319911E-16 ) ) ;
#469 = EDGE_LOOP ( 'NONE', ( #377, #1583, #1196, #725 ) ) ;
#470 = AXIS2_PLACEMENT_3D ( 'NONE', #843, #2018, #2426 ) ;
#471 = ADVANCED_FACE ( 'NONE', ( #35 ), #915, .F. ) ;
#472 = APPROVAL ( #1309, '未指定' ) ;
#473 = EDGE_LOOP ( 'NONE', ( #368, #1533, #420, #1509 ) ) ;
#474 = AXIS2_PLACEMENT_3D ( 'NONE', #565, #116, #2140 ) ;
#475 = CARTESIAN_POINT ( 'NONE',  ( 0.0000000000000000000, 0.0000000000000000000, -19.00000000000000000 ) ) ;
#476 = CARTESIAN_POINT ( 'NONE',  ( 3.275821996474860053E-16, 33.30000000000000426, 5.349999999999999645 ) ) ;
#477 = DIRECTION ( 'NONE',  ( 0.0000000000000000000, -1.000000000000000000, -6.123031769111888756E-17 ) ) ;
#478 = ORIENTED_EDGE ( 'NONE', *, *, #1265, .T. ) ;
#479 = CARTESIAN_POINT ( 'NONE',  ( -50.50000000000000000, 0.0000000000000000000, -6.500000000000000000 ) ) ;
#480 = CARTESIAN_POINT ( 'NONE',  ( 5.112731527208430378E-16, 60.93025424903070331, 8.349999999999999645 ) ) ;
#481 = ORIENTED_EDGE ( 'NONE', *, *, #1287, .T. ) ;
#482 = EDGE_CURVE ( 'NONE', #2178, #49, #953, .T. ) ;
#483 = CARTESIAN_POINT ( 'NONE',  ( 7.776250346772100323E-16, 33.30000000000000426, 12.69999999999999929 ) ) ;
#484 = DIRECTION ( 'NONE',  ( 0.0000000000000000000, 1.000000000000000000, 6.123031769111888756E-17 ) ) ;
#485 = CARTESIAN_POINT ( 'NONE',  ( -44.50000000000000000, -5.000000000000000000, 6.500000000000000000 ) ) ;
#486 = CIRCLE ( 'NONE', #191, 6.499999999999999112 ) ;
#487 = VERTEX_POINT ( 'NONE', #2223 ) ;
#488 = CARTESIAN_POINT ( 'NONE',  ( 47.50000000000000000, 14.00000000000000000, 12.50000000000000000 ) ) ;
#489 = ADVANCED_FACE ( 'NONE', ( #65 ), #1725, .F. ) ;
#490 = LINE ( 'NONE', #2352, #576 ) ;
#491 = FACE_OUTER_BOUND ( 'NONE', #701, .T. ) ;
#492 = ADVANCED_FACE ( 'NONE', ( #71 ), #100, .T. ) ;
#493 = ORIENTED_EDGE ( 'NONE', *, *, #673, .T. ) ;
#494 = AXIS2_PLACEMENT_3D ( 'NONE', #2, #1132, #345 ) ;
#495 = CIRCLE ( 'NONE', #1153, 22.67999999999999972 ) ;
#496 = DIRECTION ( 'NONE',  ( 0.0000000000000000000, 1.000000000000000000, 0.0000000000000000000 ) ) ;
#497 = CIRCLE ( 'NONE', #2028, 2.000000000000001776 ) ;
#498 = CARTESIAN_POINT ( 'NONE',  ( 0.0000000000000000000, 6.000000000000000000, 19.00000000000000000 ) ) ;
#499 = ORIENTED_EDGE ( 'NONE', *, *, #1273, .F. ) ;
#500 = AXIS2_PLACEMENT_3D ( 'NONE', #1427, #1402, #1350 ) ;
#501 = AXIS2_PLACEMENT_3D ( 'NONE', #1498, #1891, #2060 ) ;
#502 = CIRCLE ( 'NONE', #1292, 17.92500000000000426 ) ;
#503 = LINE ( 'NONE', #156, #1389 ) ;
#504 = DIRECTION ( 'NONE',  ( -0.3535533905932741749, 0.3535533905932741749, 0.8660254037844382635 ) ) ;
#505 = ORIENTED_EDGE ( 'NONE', *, *, #2067, .T. ) ;
#506 = DIRECTION ( 'NONE',  ( 1.000000000000000000, -6.123031769111888756E-17, 0.0000000000000000000 ) ) ;
#507 = DIRECTION ( 'NONE',  ( 0.0000000000000000000, 1.000000000000000000, 6.123031769111888756E-17 ) ) ;
#508 = EDGE_CURVE ( 'NONE', #1117, #2367, #885, .T. ) ;
#509 = CIRCLE ( 'NONE', #2286, 6.499999999999999112 ) ;
#510 = ORIENTED_EDGE ( 'NONE', *, *, #1729, .T. ) ;
#511 = CARTESIAN_POINT ( 'NONE',  ( -44.50000000000000000, 14.00000000000000000, -6.500000000000000000 ) ) ;
#512 =( LENGTH_UNIT ( ) NAMED_UNIT ( * ) SI_UNIT ( .MILLI., .METRE. ) );
#513 = VECTOR ( 'NONE', #87, 1000.000000000000000 ) ;
#514 = EDGE_CURVE ( 'NONE', #548, #323, #961, .T. ) ;
#515 = ORIENTED_EDGE ( 'NONE', *, *, #2032, .T. ) ;
#516 = ADVANCED_FACE ( 'NONE', ( #39 ), #209, .T. ) ;
#517 = CARTESIAN_POINT ( 'NONE',  ( 25.95081886954627848, 61.37213921310592468, -1.836970198721032153E-16 ) ) ;
#518 = DIRECTION ( 'NONE',  ( 1.000000000000000000, -6.123031769111888756E-17, 0.0000000000000000000 ) ) ;
#519 = FACE_OUTER_BOUND ( 'NONE', #2547, .T. ) ;
#520 = DIRECTION ( 'NONE',  ( -1.372452916205289837E-32, -1.000000000000000000, -2.241459734258990006E-16 ) ) ;
#521 = ORIENTED_EDGE ( 'NONE', *, *, #1784, .F. ) ;
#522 = CIRCLE ( 'NONE', #747, 6.499999999999999112 ) ;
#523 = DIRECTION ( 'NONE',  ( 0.0000000000000000000, 1.000000000000000000, 0.0000000000000000000 ) ) ;
#524 = DIRECTION ( 'NONE',  ( 0.0000000000000000000, 0.0000000000000000000, -1.000000000000000000 ) ) ;
#525 = ORIENTED_EDGE ( 'NONE', *, *, #884, .F. ) ;
#526 = ORIENTED_EDGE ( 'NONE', *, *, #1728, .T. ) ;
#527 = DIRECTION ( 'NONE',  ( 1.000000000000000000, 0.0000000000000000000, 0.0000000000000000000 ) ) ;
#528 = CIRCLE ( 'NONE', #2185, 30.58050849806129889 ) ;
#529 = VERTEX_POINT ( 'NONE', #687 ) ;
#530 = PLANE ( 'NONE',  #1999 ) ;
#531 = DIRECTION ( 'NONE',  ( 6.123031769111888756E-17, 0.0000000000000000000, 1.000000000000000000 ) ) ;
#532 = LINE ( 'NONE', #1096, #1354 ) ;
#533 = ORIENTED_EDGE ( 'NONE', *, *, #1784, .T. ) ;
#534 = ORIENTED_EDGE ( 'NONE', *, *, #2160, .F. ) ;
#535 = EDGE_CURVE ( 'NONE', #207, #1846, #1, .T. ) ;
#536 = DIRECTION ( 'NONE',  ( 1.000000000000000000, 0.0000000000000000000, 0.0000000000000000000 ) ) ;
#537 = AXIS2_PLACEMENT_3D ( 'NONE', #2543, #1157, #777 ) ;
#538 = DIRECTION ( 'NONE',  ( 0.7071067811865475727, 0.7071067811865475727, 0.0000000000000000000 ) ) ;
#539 = CC_DESIGN_DATE_AND_TIME_ASSIGNMENT ( #2131, #284, ( #1418 ) ) ;
#540 = DIRECTION ( 'NONE',  ( 0.0000000000000000000, 1.000000000000000000, 0.0000000000000000000 ) ) ;
#541 = ORIENTED_EDGE ( 'NONE', *, *, #1686, .F. ) ;
#542 = ORIENTED_EDGE ( 'NONE', *, *, #1404, .T. ) ;
#543 = AXIS2_PLACEMENT_3D ( 'NONE', #704, #2484, #2529 ) ;
#544 = FACE_OUTER_BOUND ( 'NONE', #567, .T. ) ;
#545 = EDGE_CURVE ( 'NONE', #2034, #2521, #1742, .T. ) ;
#546 = DIRECTION ( 'NONE',  ( 0.7071067811865475727, 0.7071067811865475727, 0.0000000000000000000 ) ) ;
#547 = EDGE_CURVE ( 'NONE', #1491, #1131, #917, .T. ) ;
#548 = VERTEX_POINT ( 'NONE', #2075 ) ;
#549 = CARTESIAN_POINT ( 'NONE',  ( 30.58050849806129889, 14.00000000000000000, 8.349999999999999645 ) ) ;
#550 = EDGE_LOOP ( 'NONE', ( #837, #1618, #2440, #1640 ) ) ;
#551 = CARTESIAN_POINT ( 'NONE',  ( 38.00000000000000000, 14.00000000000000000, -2.908440090328149933E-16 ) ) ;
#552 = CARTESIAN_POINT ( 'NONE',  ( -47.50000000000000000, -5.000000000000000000, -6.500000000000000000 ) ) ;
#553 = EDGE_CURVE ( 'NONE', #1954, #335, #1778, .T. ) ;
#554 = FACE_OUTER_BOUND ( 'NONE', #604, .T. ) ;
#555 = VECTOR ( 'NONE', #823, 1000.000000000000000 ) ;
#556 = ORIENTED_EDGE ( 'NONE', *, *, #1135, .F. ) ;
#557 = ORIENTED_EDGE ( 'NONE', *, *, #831, .T. ) ;
#558 = VECTOR ( 'NONE', #462, 1000.000000000000114 ) ;
#559 = LINE ( 'NONE', #2579, #1377 ) ;
#560 = LINE ( 'NONE', #1550, #582 ) ;
#561 = FACE_OUTER_BOUND ( 'NONE', #2585, .T. ) ;
#562 = ORIENTED_EDGE ( 'NONE', *, *, #2291, .F. ) ;
#563 = LINE ( 'NONE', #59, #658 ) ;
#564 = FACE_OUTER_BOUND ( 'NONE', #1209, .T. ) ;
#565 = CARTESIAN_POINT ( 'NONE',  ( 20.93036072312180096, 56.84665581351199393, -3.204293994002419765 ) ) ;
#566 = DIRECTION ( 'NONE',  ( -1.000000000000000000, 0.0000000000000000000, -3.749151804555340178E-33 ) ) ;
#567 = EDGE_LOOP ( 'NONE', ( #1084, #869, #1943, #1734 ) ) ;
#568 = DIRECTION ( 'NONE',  ( 0.7071067811865474617, 0.7071067811865474617, 0.0000000000000000000 ) ) ;
#569 = CIRCLE ( 'NONE', #1223, 2.291287847477923911 ) ;
#570 = FACE_OUTER_BOUND ( 'NONE', #1692, .T. ) ;
#571 = FACE_OUTER_BOUND ( 'NONE', #2051, .T. ) ;
#572 = ORIENTED_EDGE ( 'NONE', *, *, #545, .T. ) ;
#573 = DIRECTION ( 'NONE',  ( 0.0000000000000000000, -1.000000000000000000, -6.123031769111888756E-17 ) ) ;
#574 = EDGE_CURVE ( 'NONE', #2346, #316, #47, .T. ) ;
#575 = LINE ( 'NONE', #895, #1392 ) ;
#576 = VECTOR ( 'NONE', #1588, 1000.000000000000000 ) ;
#577 = VECTOR ( 'NONE', #1965, 1000.000000000000000 ) ;
#578 = ORIENTED_EDGE ( 'NONE', *, *, #2074, .F. ) ;
#579 = AXIS2_PLACEMENT_3D ( 'NONE', #1285, #2040, #2242 ) ;
#580 = AXIS2_PLACEMENT_3D ( 'NONE', #214, #1960, #1381 ) ;
#581 = LINE ( 'NONE', #1841, #1426 ) ;
#582 = VECTOR ( 'NONE', #155, 1000.000000000000114 ) ;
#583 = LINE ( 'NONE', #1076, #1456 ) ;
#584 = CARTESIAN_POINT ( 'NONE',  ( 23.75000000000000000, 0.0000000000000000000, -6.500000000000000000 ) ) ;
#585 = EDGE_LOOP ( 'NONE', ( #2127, #2148, #1280, #1288, #2401, #1243 ) ) ;
#586 = LINE ( 'NONE', #1660, #1461 ) ;
#587 = CIRCLE ( 'NONE', #543, 17.92500000000000426 ) ;
#588 = LINE ( 'NONE', #1874, #608 ) ;
#589 = PLANE ( 'NONE',  #1849 ) ;
#590 = DIRECTION ( 'NONE',  ( 6.123031769111888756E-17, 0.0000000000000000000, 1.000000000000000000 ) ) ;
#591 = ORIENTED_EDGE ( 'NONE', *, *, #1519, .T. ) ;
#592 = ORIENTED_EDGE ( 'NONE', *, *, #2328, .F. ) ;
#593 = DIRECTION ( 'NONE',  ( 6.123031769111888756E-17, 0.0000000000000000000, 1.000000000000000000 ) ) ;
#594 = CIRCLE ( 'NONE', #371, 31.69999999999999929 ) ;
#595 = VECTOR ( 'NONE', #13, 1000.000000000000000 ) ;
#596 = VECTOR ( 'NONE', #2392, 1000.000000000000000 ) ;
#597 = EDGE_LOOP ( 'NONE', ( #1336, #1477 ) ) ;
#598 = ORIENTED_EDGE ( 'NONE', *, *, #2290, .T. ) ;
#599 = DIRECTION ( 'NONE',  ( 0.0000000000000000000, 1.000000000000000000, 0.0000000000000000000 ) ) ;
#600 = DIRECTION ( 'NONE',  ( 1.000000000000000000, 0.0000000000000000000, 1.480297366166879989E-16 ) ) ;
#601 = CYLINDRICAL_SURFACE ( 'NONE', #1998, 2.500000000000000888 ) ;
#602 = FACE_OUTER_BOUND ( 'NONE', #1586, .T. ) ;
#603 = CIRCLE ( 'NONE', #2379, 2.000000000000001776 ) ;
#604 = EDGE_LOOP ( 'NONE', ( #1400, #481, #2175, #541 ) ) ;
#605 = CARTESIAN_POINT ( 'NONE',  ( -50.50000000000000000, 14.00000000000000000, 5.051501209517310134E-16 ) ) ;
#606 = CIRCLE ( 'NONE', #1009, 111.7999999999999972 ) ;
#607 = LINE ( 'NONE', #757, #2323 ) ;
#608 = VECTOR ( 'NONE', #2108, 1000.000000000000000 ) ;
#609 = DIRECTION ( 'NONE',  ( 1.480297366166879989E-16, 6.123031769111888756E-17, -1.000000000000000000 ) ) ;
#610 = DIRECTION ( 'NONE',  ( 0.0000000000000000000, 1.000000000000000000, -0.0000000000000000000 ) ) ;
#611 = ORIENTED_EDGE ( 'NONE', *, *, #2291, .T. ) ;
#612 = FACE_OUTER_BOUND ( 'NONE', #1343, .T. ) ;
#613 = EDGE_CURVE ( 'NONE', #2249, #1251, #935, .T. ) ;
#614 = FACE_BOUND ( 'NONE', #1685, .T. ) ;
#615 = FACE_OUTER_BOUND ( 'NONE', #624, .T. ) ;
#616 = CIRCLE ( 'NONE', #921, 10.00000000000000178 ) ;
#617 = CARTESIAN_POINT ( 'NONE',  ( 22.80455449960430059, 52.56902059367159552, 3.061515884555939694E-16 ) ) ;
#618 = DIRECTION ( 'NONE',  ( 0.7071067811865471286, 0.7071067811865479058, 0.0000000000000000000 ) ) ;
#619 = ORIENTED_EDGE ( 'NONE', *, *, #1644, .T. ) ;
#620 = CYLINDRICAL_SURFACE ( 'NONE', #1327, 111.7999999999999972 ) ;
#621 = CYLINDRICAL_SURFACE ( 'NONE', #2564, 12.49999999999999645 ) ;
#622 = FACE_OUTER_BOUND ( 'NONE', #447, .T. ) ;
#623 = VERTEX_POINT ( 'NONE', #2509 ) ;
#624 = EDGE_LOOP ( 'NONE', ( #1197, #2043, #2292, #1502 ) ) ;
#625 = CARTESIAN_POINT ( 'NONE',  ( 47.50000000000000000, 12.00000000000000000, 12.50000000000000000 ) ) ;
#626 = DIRECTION ( 'NONE',  ( 0.7071067811865474617, 0.7071067811865474617, 0.0000000000000000000 ) ) ;
#627 = LINE ( 'NONE', #868, #558 ) ;
#628 = CYLINDRICAL_SURFACE ( 'NONE', #2500, 24.67999999999999972 ) ;
#629 = FACE_OUTER_BOUND ( 'NONE', #1484, .T. ) ;
#630 = DATE_AND_TIME ( #2364, #2358 ) ;
#631 = VECTOR ( 'NONE', #911, 1000.000000000000000 ) ;
#632 = DIRECTION ( 'NONE',  ( -0.7071067811865475727, 0.7071067811865475727, -1.224606353822379970E-16 ) ) ;
#633 = CARTESIAN_POINT ( 'NONE',  ( -44.50000000000000000, -5.000000000000000000, -6.500000000000000000 ) ) ;
#634 = FACE_BOUND ( 'NONE', #1218, .T. ) ;
#635 = DIRECTION ( 'NONE',  ( 0.0000000000000000000, -1.000000000000000000, -6.123031769111888756E-17 ) ) ;
#636 = DIRECTION ( 'NONE',  ( 1.000000000000000000, 0.0000000000000000000, 0.0000000000000000000 ) ) ;
#637 = VERTEX_POINT ( 'NONE', #245 ) ;
#638 = LINE ( 'NONE', #1390, #1522 ) ;
#639 = DIRECTION ( 'NONE',  ( -6.123031769111888756E-17, 0.0000000000000000000, -1.000000000000000000 ) ) ;
#640 = VERTEX_POINT ( 'NONE', #1409 ) ;
#641 = APPROVAL_DATE_TIME ( #630, #472 ) ;
#642 = DIRECTION ( 'NONE',  ( 1.000000000000000000, -2.295617560651549988E-49, 3.749151804555340178E-33 ) ) ;
#643 = CONICAL_SURFACE ( 'NONE', #190, 3.227022324300353517, 0.3490658503988663397 ) ;
#644 = VERTEX_POINT ( 'NONE', #117 ) ;
#645 = ORIENTED_EDGE ( 'NONE', *, *, #1953, .F. ) ;
#646 = EDGE_CURVE ( 'NONE', #2537, #2150, #982, .T. ) ;
#647 = DIRECTION ( 'NONE',  ( 0.0000000000000000000, 1.000000000000000000, 0.0000000000000000000 ) ) ;
#648 = DIRECTION ( 'NONE',  ( 0.0000000000000000000, 1.000000000000000000, 0.0000000000000000000 ) ) ;
#649 = CARTESIAN_POINT ( 'NONE',  ( -47.50000000000000000, 14.00000000000000000, -12.50000000000000000 ) ) ;
#650 = FACE_BOUND ( 'NONE', #1997, .T. ) ;
#651 = ORIENTED_EDGE ( 'NONE', *, *, #4, .F. ) ;
#652 = LINE ( 'NONE', #1043, #1513 ) ;
#653 = DIRECTION ( 'NONE',  ( -7.498303609110689935E-33, -1.000000000000000000, 6.123031769111888756E-17 ) ) ;
#654 = FACE_OUTER_BOUND ( 'NONE', #318, .T. ) ;
#655 = DIRECTION ( 'NONE',  ( -1.000000000000000000, 0.0000000000000000000, 0.0000000000000000000 ) ) ;
#656 = DIRECTION ( 'NONE',  ( 1.000000000000000000, 0.0000000000000000000, 0.0000000000000000000 ) ) ;
#657 = ORIENTED_EDGE ( 'NONE', *, *, #1746, .T. ) ;
#658 = VECTOR ( 'NONE', #1062, 1000.000000000000000 ) ;
#659 = EDGE_CURVE ( 'NONE', #1599, #270, #148, .T. ) ;
#660 = LINE ( 'NONE', #1063, #681 ) ;
#661 = DIRECTION ( 'NONE',  ( 0.0000000000000000000, -1.000000000000000000, 0.0000000000000000000 ) ) ;
#662 = DIRECTION ( 'NONE',  ( 0.7071067811865475727, -0.7071067811865475727, 0.0000000000000000000 ) ) ;
#663 = ORIENTED_EDGE ( 'NONE', *, *, #419, .F. ) ;
#664 = AXIS2_PLACEMENT_3D ( 'NONE', #1592, #2580, #2161 ) ;
#665 = AXIS2_PLACEMENT_3D ( 'NONE', #1554, #1919, #524 ) ;
#666 = LINE ( 'NONE', #946, #2318 ) ;
#667 = ORIENTED_EDGE ( 'NONE', *, *, #1545, .T. ) ;
#668 = ORIENTED_EDGE ( 'NONE', *, *, #1751, .T. ) ;
#669 = LINE ( 'NONE', #2530, #1497 ) ;
#670 = DIRECTION ( 'NONE',  ( 1.000000000000000000, 0.0000000000000000000, 0.0000000000000000000 ) ) ;
#671 = DIRECTION ( 'NONE',  ( 0.0000000000000000000, -1.000000000000000000, 0.0000000000000000000 ) ) ;
#672 = CARTESIAN_POINT ( 'NONE',  ( 17.81909088590099799, 54.65462479183370448, -3.061515884555939694E-16 ) ) ;
#673 = EDGE_CURVE ( 'NONE', #251, #678, #1002, .T. ) ;
#674 = EDGE_CURVE ( 'NONE', #219, #36, #972, .T. ) ;
#675 = DIRECTION ( 'NONE',  ( -6.123031769111888756E-17, 1.000000000000000000, 3.749151804555349757E-33 ) ) ;
#676 = ORIENTED_EDGE ( 'NONE', *, *, #1840, .F. ) ;
#677 = DIRECTION ( 'NONE',  ( 0.7071067811865475727, -0.7071067811865475727, 0.0000000000000000000 ) ) ;
#678 = VERTEX_POINT ( 'NONE', #1335 ) ;
#679 = EDGE_CURVE ( 'NONE', #19, #2310, #1855, .T. ) ;
#680 = ADVANCED_FACE ( 'NONE', ( #106 ), #1934, .T. ) ;
#681 = VECTOR ( 'NONE', #2031, 1000.000000000000000 ) ;
#682 = DIRECTION ( 'NONE',  ( -1.000000000000000000, 0.0000000000000000000, 0.0000000000000000000 ) ) ;
#683 = CARTESIAN_POINT ( 'NONE',  ( -5.112731527208419531E-16, 33.30000000000000426, -8.349999999999999645 ) ) ;
#684 = EDGE_LOOP ( 'NONE', ( #883, #240, #879, #31 ) ) ;
#685 = VERTEX_POINT ( 'NONE', #1948 ) ;
#686 = PERSON_AND_ORGANIZATION ( #1577, #1551 ) ;
#687 = CARTESIAN_POINT ( 'NONE',  ( 21.54103260428249911, 60.07362278506290210, -2.136195996001609920 ) ) ;
#688 = VECTOR ( 'NONE', #220, 1000.000000000000000 ) ;
#689 = LINE ( 'NONE', #242, #2482 ) ;
#690 = DIRECTION ( 'NONE',  ( 0.0000000000000000000, 0.0000000000000000000, -1.000000000000000000 ) ) ;
#691 = CARTESIAN_POINT ( 'NONE',  ( -1.120514813747480043E-15, 33.30000000000000426, -18.30000000000000071 ) ) ;
#692 = DIRECTION ( 'NONE',  ( 1.000000000000000000, 0.0000000000000000000, 0.0000000000000000000 ) ) ;
#693 = FACE_OUTER_BOUND ( 'NONE', #2577, .T. ) ;
#694 = VERTEX_POINT ( 'NONE', #549 ) ;
#695 = ORIENTED_EDGE ( 'NONE', *, *, #168, .F. ) ;
#696 = DIRECTION ( 'NONE',  ( -1.731854914143874781E-16, 0.0000000000000000000, 1.000000000000000000 ) ) ;
#697 = CARTESIAN_POINT ( 'NONE',  ( -1.396051243357509995E-15, 23.30000000000000071, -2.799999999999999822 ) ) ;
#698 = LINE ( 'NONE', #2493, #718 ) ;
#699 = DIRECTION ( 'NONE',  ( 6.123031769111888756E-17, 0.0000000000000000000, 1.000000000000000000 ) ) ;
#700 = PLANE ( 'NONE',  #370 ) ;
#701 = EDGE_LOOP ( 'NONE', ( #2373, #1699, #1403, #1936 ) ) ;
#702 = EDGE_CURVE ( 'NONE', #49, #342, #92, .T. ) ;
#703 = AXIS2_PLACEMENT_3D ( 'NONE', #903, #496, #78 ) ;
#704 = CARTESIAN_POINT ( 'NONE',  ( -3.275821996474860053E-16, 33.30000000000000426, -5.349999999999999645 ) ) ;
#705 = EDGE_LOOP ( 'NONE', ( #1191, #1790, #1169, #1833 ) ) ;
#706 = CC_DESIGN_PERSON_AND_ORGANIZATION_ASSIGNMENT ( #1270, #973, ( #1418 ) ) ;
#707 = CARTESIAN_POINT ( 'NONE',  ( 20.40003063723190024, 56.31632572762210032, 3.204293994002419765 ) ) ;
#708 = ADVANCED_FACE ( 'NONE', ( #97 ), #129, .T. ) ;
#709 = AXIS2_PLACEMENT_3D ( 'NONE', #187, #2005, #2023 ) ;
#710 = DIRECTION ( 'NONE',  ( 0.7071067811865475727, 0.7071067811865475727, 0.0000000000000000000 ) ) ;
#711 = VECTOR ( 'NONE', #1397, 1000.000000000000227 ) ;
#712 = ORIENTED_EDGE ( 'NONE', *, *, #2454, .T. ) ;
#713 = EDGE_CURVE ( 'NONE', #342, #2076, #1023, .T. ) ;
#714 = EDGE_CURVE ( 'NONE', #2346, #1954, #1887, .T. ) ;
#715 = DIRECTION ( 'NONE',  ( 0.7071067811865474617, 0.7071067811865474617, 0.0000000000000000000 ) ) ;
#716 = DIRECTION ( 'NONE',  ( 0.0000000000000000000, 1.000000000000000000, 0.0000000000000000000 ) ) ;
#717 = CARTESIAN_POINT ( 'NONE',  ( 61.50000000000000000, 0.0000000000000000000, -19.00000000000000000 ) ) ;
#718 = VECTOR ( 'NONE', #653, 1000.000000000000000 ) ;
#719 = ORIENTED_EDGE ( 'NONE', *, *, #1042, .T. ) ;
#720 = DIRECTION ( 'NONE',  ( 0.0000000000000000000, -1.000000000000000000, -6.123031769111888756E-17 ) ) ;
#721 = EDGE_CURVE ( 'NONE', #2334, #2233, #1879, .T. ) ;
#722 = LINE ( 'NONE', #1374, #2452 ) ;
#723 = DIRECTION ( 'NONE',  ( 0.3535533905932738974, -0.3535533905932741194, -0.8660254037844384856 ) ) ;
#724 = VERTEX_POINT ( 'NONE', #1962 ) ;
#725 = ORIENTED_EDGE ( 'NONE', *, *, #2569, .F. ) ;
#726 = FACE_OUTER_BOUND ( 'NONE', #550, .T. ) ;
#727 = CARTESIAN_POINT ( 'NONE',  ( -3.275821996474860053E-16, 33.30000000000000426, -5.349999999999999645 ) ) ;
#728 = ORIENTED_EDGE ( 'NONE', *, *, #200, .T. ) ;
#729 = DIRECTION ( 'NONE',  ( 0.0000000000000000000, 0.0000000000000000000, 1.000000000000000000 ) ) ;
#730 = FACE_OUTER_BOUND ( 'NONE', #2432, .T. ) ;
#731 = ORIENTED_EDGE ( 'NONE', *, *, #2041, .F. ) ;
#732 = EDGE_CURVE ( 'NONE', #1396, #2553, #1017, .T. ) ;
#733 = DIRECTION ( 'NONE',  ( 1.000000000000000000, 0.0000000000000000000, 0.0000000000000000000 ) ) ;
#734 = DIRECTION ( 'NONE',  ( -1.000000000000000000, 0.0000000000000000000, -5.609547913895529197E-17 ) ) ;
#735 = ADVANCED_FACE ( 'NONE', ( #1019, #1825 ), #1783, .T. ) ;
#736 = DIRECTION ( 'NONE',  ( 0.7071067811865469066, -0.7071067811865480168, 0.0000000000000000000 ) ) ;
#737 = CIRCLE ( 'NONE', #774, 6.499999999999999112 ) ;
#738 = ORIENTED_EDGE ( 'NONE', *, *, #464, .F. ) ;
#739 = DIRECTION ( 'NONE',  ( 1.000000000000000000, 0.0000000000000000000, 0.0000000000000000000 ) ) ;
#740 = EDGE_CURVE ( 'NONE', #1890, #5, #115, .T. ) ;
#741 = FACE_BOUND ( 'NONE', #585, .T. ) ;
#742 = CARTESIAN_POINT ( 'NONE',  ( 28.69999999999999929, 33.30000000000000426, 0.0000000000000000000 ) ) ;
#743 = CARTESIAN_POINT ( 'NONE',  ( 26.48114895543620051, 59.78114895543619411, 0.0000000000000000000 ) ) ;
#744 = EDGE_LOOP ( 'NONE', ( #2512, #1313, #409, #2394 ) ) ;
#745 = AXIS2_PLACEMENT_3D ( 'NONE', #967, #1596, #1793 ) ;
#746 = CC_DESIGN_PERSON_AND_ORGANIZATION_ASSIGNMENT ( #1311, #2515, ( #2563 ) ) ;
#747 = AXIS2_PLACEMENT_3D ( 'NONE', #2548, #573, #1594 ) ;
#748 = CARTESIAN_POINT ( 'NONE',  ( 2.777407210469149791E-15, 55.98000000000000398, 1.776356839400249676E-15 ) ) ;
#749 = ORIENTED_EDGE ( 'NONE', *, *, #1921, .T. ) ;
#750 = VERTEX_POINT ( 'NONE', #136 ) ;
#751 = DIRECTION ( 'NONE',  ( 1.000000000000000000, 0.0000000000000000000, 0.0000000000000000000 ) ) ;
#752 = CYLINDRICAL_SURFACE ( 'NONE', #2410, 3.500000000000000000 ) ;
#753 = ORIENTED_EDGE ( 'NONE', *, *, #2532, .F. ) ;
#754 = EDGE_LOOP ( 'NONE', ( #1187, #759, #2077, #2445, #667, #1949 ) ) ;
#755 = ADVANCED_FACE ( 'NONE', ( #88 ), #763, .T. ) ;
#756 = CARTESIAN_POINT ( 'NONE',  ( -60.00000000000000000, 12.00000000000000000, -7.638482131967079726E-15 ) ) ;
#757 = CARTESIAN_POINT ( 'NONE',  ( -47.50000000000000000, 14.00000000000000000, 12.50000000000000000 ) ) ;
#758 = VECTOR ( 'NONE', #376, 1000.000000000000000 ) ;
#759 = ORIENTED_EDGE ( 'NONE', *, *, #835, .T. ) ;
#760 = ORIENTED_EDGE ( 'NONE', *, *, #2568, .F. ) ;
#761 = CARTESIAN_POINT ( 'NONE',  ( 44.50000000000000000, 14.00000000000000000, -6.500000000000000000 ) ) ;
#762 = FACE_OUTER_BOUND ( 'NONE', #2427, .T. ) ;
#763 = PLANE ( 'NONE',  #64 ) ;
#764 = DIRECTION ( 'NONE',  ( -0.7071067811865475727, -0.7071067811865475727, 0.0000000000000000000 ) ) ;
#765 = ORIENTED_EDGE ( 'NONE', *, *, #1789, .F. ) ;
#766 = VECTOR ( 'NONE', #2552, 1000.000000000000114 ) ;
#767 = CARTESIAN_POINT ( 'NONE',  ( 5.526036171623479941E-16, 33.30000000000000426, 9.025000000000000355 ) ) ;
#768 = ORIENTED_EDGE ( 'NONE', *, *, #2245, .T. ) ;
#769 = DIRECTION ( 'NONE',  ( 6.123031769111888756E-17, 0.0000000000000000000, 1.000000000000000000 ) ) ;
#770 = EDGE_CURVE ( 'NONE', #2064, #2389, #153, .T. ) ;
#771 = EDGE_CURVE ( 'NONE', #724, #1982, #140, .T. ) ;
#772 = VECTOR ( 'NONE', #720, 1000.000000000000000 ) ;
#773 = CARTESIAN_POINT ( 'NONE',  ( -2.388594693130549903E-15, 10.61999999999999922, 6.349999999999999645 ) ) ;
#774 = AXIS2_PLACEMENT_3D ( 'NONE', #134, #2105, #1137 ) ;
#775 = ORIENTED_EDGE ( 'NONE', *, *, #2055, .F. ) ;
#776 = LINE ( 'NONE', #1082, #1629 ) ;
#777 = DIRECTION ( 'NONE',  ( -1.000000000000000000, 0.0000000000000000000, 6.123031769111888756E-17 ) ) ;
#778 = VERTEX_POINT ( 'NONE', #1536 ) ;
#779 = CARTESIAN_POINT ( 'NONE',  ( 1.207821175257199970E-15, 33.30000000000000426, 1.150791159414129865E-15 ) ) ;
#780 = DIRECTION ( 'NONE',  ( 0.0000000000000000000, 1.000000000000000000, 0.0000000000000000000 ) ) ;
#781 = CIRCLE ( 'NONE', #2442, 17.92500000000000426 ) ;
#782 = ORIENTED_EDGE ( 'NONE', *, *, #1469, .T. ) ;
#783 = DIRECTION ( 'NONE',  ( 0.0000000000000000000, 1.000000000000000000, 0.0000000000000000000 ) ) ;
#784 = DIRECTION ( 'NONE',  ( 1.000000000000000000, 0.0000000000000000000, 0.0000000000000000000 ) ) ;
#785 = CARTESIAN_POINT ( 'NONE',  ( 61.50000000000000000, 12.00000000000000000, 19.00000000000000000 ) ) ;
#786 = DIRECTION ( 'NONE',  ( 0.7071067811865463515, -0.7071067811865487940, 0.0000000000000000000 ) ) ;
#787 = LINE ( 'NONE', #348, #824 ) ;
#788 = DIRECTION ( 'NONE',  ( 0.7071067811865480168, -0.7071067811865470176, 0.0000000000000000000 ) ) ;
#789 = DIRECTION ( 'NONE',  ( 0.0000000000000000000, 1.000000000000000000, 0.0000000000000000000 ) ) ;
#790 = CIRCLE ( 'NONE', #96, 22.67999999999999972 ) ;
#791 = CARTESIAN_POINT ( 'NONE',  ( 63.50000000000000000, 6.000000000000000000, 0.0000000000000000000 ) ) ;
#792 = ORIENTED_EDGE ( 'NONE', *, *, #1128, .F. ) ;
#793 = DIRECTION ( 'NONE',  ( 0.0000000000000000000, 0.0000000000000000000, 1.000000000000000000 ) ) ;
#794 = ORIENTED_EDGE ( 'NONE', *, *, #740, .T. ) ;
#795 = DIRECTION ( 'NONE',  ( 0.0000000000000000000, 1.000000000000000000, 0.0000000000000000000 ) ) ;
#796 = ORIENTED_EDGE ( 'NONE', *, *, #1129, .T. ) ;
#797 = EDGE_CURVE ( 'NONE', #432, #49, #1015, .T. ) ;
#798 = CIRCLE ( 'NONE', #305, 4.069397989875165322 ) ;
#799 = ORIENTED_EDGE ( 'NONE', *, *, #740, .F. ) ;
#800 = ORIENTED_EDGE ( 'NONE', *, *, #1953, .T. ) ;
#801 = CARTESIAN_POINT ( 'NONE',  ( 28.07213921310592042, 59.25081886954627919, 0.0000000000000000000 ) ) ;
#802 = AXIS2_PLACEMENT_3D ( 'NONE', #1284, #69, #2240 ) ;
#803 = PLANE ( 'NONE',  #366 ) ;
#804 = CC_DESIGN_PERSON_AND_ORGANIZATION_ASSIGNMENT ( #1281, #1127, ( #268 ) ) ;
#805 = CARTESIAN_POINT ( 'NONE',  ( 63.50000000000000000, 12.00000000000000000, 17.00000000000000000 ) ) ;
#806 = AXIS2_PLACEMENT_3D ( 'NONE', #2536, #2294, #302 ) ;
#807 = FACE_OUTER_BOUND ( 'NONE', #1407, .T. ) ;
#808 = VERTEX_POINT ( 'NONE', #177 ) ;
#809 = EDGE_CURVE ( 'NONE', #2088, #2178, #994, .T. ) ;
#810 = CARTESIAN_POINT ( 'NONE',  ( -3.411140998572229865E-15, 8.619999999999999218, -6.349999999999999645 ) ) ;
#811 = EDGE_CURVE ( 'NONE', #623, #2063, #1850, .T. ) ;
#812 = CARTESIAN_POINT ( 'NONE',  ( 4.500428350297239777E-16, 33.30000000000000426, 7.349999999999999645 ) ) ;
#813 = CYLINDRICAL_SURFACE ( 'NONE', #926, 10.00000000000000178 ) ;
#814 = DIRECTION ( 'NONE',  ( -1.000000000000000000, 0.0000000000000000000, 0.0000000000000000000 ) ) ;
#815 = ADVANCED_FACE ( 'NONE', ( #120 ), #1766, .F. ) ;
#816 = CIRCLE ( 'NONE', #133, 6.499999999999999112 ) ;
#817 = DIRECTION ( 'NONE',  ( 0.0000000000000000000, 1.000000000000000000, 6.123031769111888756E-17 ) ) ;
#818 = EDGE_CURVE ( 'NONE', #251, #2553, #1006, .T. ) ;
#819 = CIRCLE ( 'NONE', #2382, 28.69999999999999929 ) ;
#820 = ORIENTED_EDGE ( 'NONE', *, *, #1789, .T. ) ;
#821 = DIRECTION ( 'NONE',  ( 0.0000000000000000000, 1.000000000000000000, 0.0000000000000000000 ) ) ;
#822 = CARTESIAN_POINT ( 'NONE',  ( -2.633515963895019833E-15, 8.619999999999999218, 6.349999999999999645 ) ) ;
#823 = DIRECTION ( 'NONE',  ( -1.000000000000000000, 0.0000000000000000000, -1.480297366166879989E-16 ) ) ;
#824 = VECTOR ( 'NONE', #1981, 1000.000000000000000 ) ;
#825 = EDGE_LOOP ( 'NONE', ( #1328, #398, #356, #2408 ) ) ;
#826 = DIRECTION ( 'NONE',  ( -1.000000000000000000, 0.0000000000000000000, 0.0000000000000000000 ) ) ;
#827 = PLANE ( 'NONE',  #1387 ) ;
#828 = FACE_OUTER_BOUND ( 'NONE', #1539, .T. ) ;
#829 = DIRECTION ( 'NONE',  ( 0.0000000000000000000, 1.000000000000000000, 0.0000000000000000000 ) ) ;
#830 = ORIENTED_EDGE ( 'NONE', *, *, #1810, .T. ) ;
#831 = EDGE_CURVE ( 'NONE', #339, #1231, #998, .T. ) ;
#832 = CIRCLE ( 'NONE', #406, 28.69999999999999929 ) ;
#833 = DIRECTION ( 'NONE',  ( 0.0000000000000000000, 1.000000000000000000, 0.0000000000000000000 ) ) ;
#834 = ORIENTED_EDGE ( 'NONE', *, *, #1853, .F. ) ;
#835 = EDGE_CURVE ( 'NONE', #2521, #1100, #137, .T. ) ;
#836 = CIRCLE ( 'NONE', #165, 24.67999999999999972 ) ;
#837 = ORIENTED_EDGE ( 'NONE', *, *, #174, .T. ) ;
#838 = AXIS2_PLACEMENT_3D ( 'NONE', #856, #435, #393 ) ;
#839 = CC_DESIGN_PERSON_AND_ORGANIZATION_ASSIGNMENT ( #397, #299, ( #2563 ) ) ;
#840 = DIRECTION ( 'NONE',  ( 0.0000000000000000000, -1.000000000000000000, -6.123031769111888756E-17 ) ) ;
#841 = AXIS2_PLACEMENT_3D ( 'NONE', #2430, #37, #23 ) ;
#842 = CARTESIAN_POINT ( 'NONE',  ( -47.50000000000000000, 12.00000000000000000, -6.107724189689109731E-15 ) ) ;
#843 = CARTESIAN_POINT ( 'NONE',  ( 50.50000000000000000, 14.00000000000000000, 8.725320270984437965E-16 ) ) ;
#844 = FACE_OUTER_BOUND ( 'NONE', #1219, .T. ) ;
#845 = VERTEX_POINT ( 'NONE', #2431 ) ;
#846 = EDGE_CURVE ( 'NONE', #1549, #1682, #1889, .T. ) ;
#847 = CARTESIAN_POINT ( 'NONE',  ( 24.25448420737489741, 54.01895030144220300, 0.0000000000000000000 ) ) ;
#848 = CARTESIAN_POINT ( 'NONE',  ( 27.29124154273720038, 56.49618263398230056, 0.0000000000000000000 ) ) ;
#849 = FACE_OUTER_BOUND ( 'NONE', #1080, .T. ) ;
#850 = EDGE_LOOP ( 'NONE', ( #2134, #1658, #2226, #1105 ) ) ;
#851 = FACE_OUTER_BOUND ( 'NONE', #2582, .T. ) ;
#852 = CARTESIAN_POINT ( 'NONE',  ( 24.15732769467270202, 57.45732769467269918, -4.272391992003229610 ) ) ;
#853 = EDGE_LOOP ( 'NONE', ( #46, #265, #1826, #1441 ) ) ;
#854 = LINE ( 'NONE', #1442, #1665 ) ;
#855 = ORIENTED_EDGE ( 'NONE', *, *, #2197, .F. ) ;
#856 = CARTESIAN_POINT ( 'NONE',  ( -44.50000000000000000, -5.000000000000000000, -2.908440090328149933E-16 ) ) ;
#857 = DIRECTION ( 'NONE',  ( 1.000000000000000000, 0.0000000000000000000, 0.0000000000000000000 ) ) ;
#858 = DIRECTION ( 'NONE',  ( 6.123031769111888756E-17, 0.0000000000000000000, 1.000000000000000000 ) ) ;
#859 = VECTOR ( 'NONE', #1060, 1000.000000000000000 ) ;
#860 = EDGE_LOOP ( 'NONE', ( #2194, #1386, #830, #235 ) ) ;
#861 = EDGE_CURVE ( 'NONE', #1224, #685, #1881, .T. ) ;
#862 = CARTESIAN_POINT ( 'NONE',  ( 44.50000000000000000, 14.00000000000000000, 6.500000000000000000 ) ) ;
#863 = DIRECTION ( 'NONE',  ( 0.0000000000000000000, -1.000000000000000000, -6.123031769111888756E-17 ) ) ;
#864 = VECTOR ( 'NONE', #2217, 1000.000000000000000 ) ;
#865 = DIRECTION ( 'NONE',  ( 0.0000000000000000000, 1.000000000000000000, 6.123031769111888756E-17 ) ) ;
#866 = CIRCLE ( 'NONE', #1942, 2.954044648600704370 ) ;
#867 = AXIS2_PLACEMENT_3D ( 'NONE', #1677, #1718, #2504 ) ;
#868 = CARTESIAN_POINT ( 'NONE',  ( 24.85480335870710178, 52.92221317792670021, 2.136195996001619690 ) ) ;
#869 = ORIENTED_EDGE ( 'NONE', *, *, #1478, .T. ) ;
#870 = DIRECTION ( 'NONE',  ( 0.0000000000000000000, 1.000000000000000000, 0.0000000000000000000 ) ) ;
#871 = AXIS2_PLACEMENT_3D ( 'NONE', #1888, #2017, #2259 ) ;
#872 = LINE ( 'NONE', #697, #1713 ) ;
#873 = AXIS2_PLACEMENT_3D ( 'NONE', #1177, #1110, #2583 ) ;
#874 = EDGE_LOOP ( 'NONE', ( #203, #1351, #1710, #1967 ) ) ;
#875 = DIRECTION ( 'NONE',  ( -6.123031769111888756E-17, 0.0000000000000000000, -1.000000000000000000 ) ) ;
#876 = DIRECTION ( 'NONE',  ( 3.749151804555340178E-33, 6.123031769111888756E-17, -1.000000000000000000 ) ) ;
#877 = DIRECTION ( 'NONE',  ( 0.0000000000000000000, 1.000000000000000000, 6.123031769111888756E-17 ) ) ;
#878 = FACE_OUTER_BOUND ( 'NONE', #1154, .T. ) ;
#879 = ORIENTED_EDGE ( 'NONE', *, *, #1810, .F. ) ;
#880 = DIRECTION ( 'NONE',  ( 0.7071067811865475727, 0.7071067811865475727, 0.0000000000000000000 ) ) ;
#881 = CARTESIAN_POINT ( 'NONE',  ( -2.449825010821669949E-15, 10.61999999999999922, 5.349999999999999645 ) ) ;
#882 = CIRCLE ( 'NONE', #1637, 2.000000000000001776 ) ;
#883 = ORIENTED_EDGE ( 'NONE', *, *, #1735, .F. ) ;
#884 = EDGE_CURVE ( 'NONE', #1590, #2038, #1011, .T. ) ;
#885 = LINE ( 'NONE', #905, #1772 ) ;
#886 = VERTEX_POINT ( 'NONE', #1775 ) ;
#887 = DIRECTION ( 'NONE',  ( 1.000000000000000000, 0.0000000000000000000, -6.123031769111888756E-17 ) ) ;
#888 = EDGE_CURVE ( 'NONE', #949, #291, #1871, .T. ) ;
#889 = DIRECTION ( 'NONE',  ( 7.498303609110710462E-33, 1.000000000000000000, -6.123031769111888756E-17 ) ) ;
#890 = DIRECTION ( 'NONE',  ( 0.7071067811865475727, 0.7071067811865475727, 0.0000000000000000000 ) ) ;
#891 = CARTESIAN_POINT ( 'NONE',  ( 25.24371208835970393, 58.54371208835969753, 0.0000000000000000000 ) ) ;
#892 = CIRCLE ( 'NONE', #1847, 2.500000000000000888 ) ;
#893 = EDGE_CURVE ( 'NONE', #1339, #316, #145, .T. ) ;
#894 = CARTESIAN_POINT ( 'NONE',  ( 3.130541756803709825E-32, 14.00000000000000000, -8.349999999999999645 ) ) ;
#895 = CARTESIAN_POINT ( 'NONE',  ( 0.0000000000000000000, 0.0000000000000000000, 19.00000000000000000 ) ) ;
#896 = AXIS2_PLACEMENT_3D ( 'NONE', #2510, #2480, #1556 ) ;
#897 = AXIS2_PLACEMENT_3D ( 'NONE', #1700, #1851, #647 ) ;
#898 = ADVANCED_FACE ( 'NONE', ( #1816 ), #1821, .F. ) ;
#899 = LINE ( 'NONE', #1587, #941 ) ;
#900 = MANIFOLD_SOLID_BREP ( 'bearing_seat_p2901.stp[3]', #204 ) ;
#901 = DIRECTION ( 'NONE',  ( 0.7071067811865475727, -0.7071067811865475727, 0.0000000000000000000 ) ) ;
#902 = ORIENTED_EDGE ( 'NONE', *, *, #2383, .T. ) ;
#903 = CARTESIAN_POINT ( 'NONE',  ( 50.50000000000000000, 0.0000000000000000000, 1.530757942277970340E-17 ) ) ;
#904 = CARTESIAN_POINT ( 'NONE',  ( 26.48114895543620051, 59.78114895543619411, 0.0000000000000000000 ) ) ;
#905 = CARTESIAN_POINT ( 'NONE',  ( -23.75000000000000000, 0.0000000000000000000, 6.500000000000000000 ) ) ;
#906 = SPHERICAL_SURFACE ( 'NONE', #1260, 31.69999999999999929 ) ;
#907 = DIRECTION ( 'NONE',  ( 0.0000000000000000000, 1.000000000000000000, 0.0000000000000000000 ) ) ;
#908 = APPLICATION_CONTEXT ( 'configuration controlled 3d designs of mechanical parts and assemblies' ) ;
#909 = CYLINDRICAL_SURFACE ( 'NONE', #2282, 28.69999999999999929 ) ;
#910 = LINE ( 'NONE', #1036, #1813 ) ;
#911 = DIRECTION ( 'NONE',  ( 1.000000000000000000, 0.0000000000000000000, 0.0000000000000000000 ) ) ;
#912 = DIRECTION ( 'NONE',  ( 0.0000000000000000000, 1.000000000000000000, 6.123031769111888756E-17 ) ) ;
#913 = CARTESIAN_POINT ( 'NONE',  ( -44.50000000000000000, -5.000000000000000000, -2.908440090328149933E-16 ) ) ;
#914 = ADVANCED_FACE ( 'NONE', ( #974 ), #1830, .T. ) ;
#915 = CYLINDRICAL_SURFACE ( 'NONE', #2528, 24.67999999999999972 ) ;
#916 = CARTESIAN_POINT ( 'NONE',  ( -50.50000000000000000, 14.00000000000000000, 5.051501209517310134E-16 ) ) ;
#917 = CIRCLE ( 'NONE', #1345, 111.7999999999999972 ) ;
#918 = EDGE_CURVE ( 'NONE', #2178, #1860, #2388, .T. ) ;
#919 = VERTEX_POINT ( 'NONE', #2485 ) ;
#920 = CYLINDRICAL_SURFACE ( 'NONE', #2222, 3.500000000000000000 ) ;
#921 = AXIS2_PLACEMENT_3D ( 'NONE', #1144, #182, #795 ) ;
#922 = CARTESIAN_POINT ( 'NONE',  ( 7.776250346772100323E-16, 51.22500000000000142, 12.69999999999999929 ) ) ;
#923 = CC_DESIGN_APPROVAL ( #2061, ( #1418 ) ) ;
#924 = APPROVAL_ROLE ( '' ) ;
#925 = VECTOR ( 'NONE', #50, 1000.000000000000000 ) ;
#926 = AXIS2_PLACEMENT_3D ( 'NONE', #1048, #1980, #1992 ) ;
#927 = CARTESIAN_POINT ( 'NONE',  ( -1.989985324961360086E-16, 0.0000000000000000000, 0.0000000000000000000 ) ) ;
#928 = VERTEX_POINT ( 'NONE', #2188 ) ;
#929 = VECTOR ( 'NONE', #715, 1000.000000000000114 ) ;
#930 = EDGE_CURVE ( 'NONE', #298, #207, #588, .T. ) ;
#931 = EDGE_CURVE ( 'NONE', #316, #2346, #2314, .T. ) ;
#932 = FACE_OUTER_BOUND ( 'NONE', #1088, .T. ) ;
#933 = ORIENTED_EDGE ( 'NONE', *, *, #2168, .F. ) ;
#934 = CARTESIAN_POINT ( 'NONE',  ( 28.90051902648119864, 12.00000000000000000, 19.00000000000000000 ) ) ;
#935 = LINE ( 'NONE', #2274, #103 ) ;
#936 = VERTEX_POINT ( 'NONE', #2277 ) ;
#937 = DIRECTION ( 'NONE',  ( 0.0000000000000000000, -1.000000000000000000, -6.123031769111888756E-17 ) ) ;
#938 = EDGE_CURVE ( 'NONE', #12, #387, #2366, .T. ) ;
#939 = DIRECTION ( 'NONE',  ( 0.0000000000000000000, 0.0000000000000000000, 1.000000000000000000 ) ) ;
#940 = ADVANCED_FACE ( 'NONE', ( #629 ), #700, .F. ) ;
#941 = VECTOR ( 'NONE', #2351, 1000.000000000000000 ) ;
#942 = ADVANCED_FACE ( 'NONE', ( #561 ), #2261, .F. ) ;
#943 = DIRECTION ( 'NONE',  ( -6.123031769111888756E-17, -1.000000000000000000, -3.749151804555340178E-33 ) ) ;
#944 = APPLICATION_CONTEXT ( 'configuration controlled 3d designs of mechanical parts and assemblies' ) ;
#945 = ORIENTED_EDGE ( 'NONE', *, *, #931, .F. ) ;
#946 = CARTESIAN_POINT ( 'NONE',  ( 30.58050849806129889, 33.30000000000000426, -8.349999999999999645 ) ) ;
#947 = DIRECTION ( 'NONE',  ( -1.000000000000000000, 3.434744008713760465E-33, -5.609547913895529197E-17 ) ) ;
#948 = CYLINDRICAL_SURFACE ( 'NONE', #1054, 17.92500000000000426 ) ;
#949 = VERTEX_POINT ( 'NONE', #1518 ) ;
#950 = DIRECTION ( 'NONE',  ( -6.123031769111888756E-17, 0.0000000000000000000, -1.000000000000000000 ) ) ;
#951 = EDGE_CURVE ( 'NONE', #2367, #336, #2362, .T. ) ;
#952 = CARTESIAN_POINT ( 'NONE',  ( 23.54665581351200032, 54.23036072312180522, 3.204293994002419765 ) ) ;
#953 = CIRCLE ( 'NONE', #871, 111.7999999999999972 ) ;
#954 = LINE ( 'NONE', #1995, #1444 ) ;
#955 = AXIS2_PLACEMENT_3D ( 'NONE', #1059, #723, #227 ) ;
#956 = AXIS2_PLACEMENT_3D ( 'NONE', #2348, #321, #248 ) ;
#957 = AXIS2_PLACEMENT_3D ( 'NONE', #1364, #1417, #1655 ) ;
#958 = DIRECTION ( 'NONE',  ( 1.000000000000000000, 0.0000000000000000000, 0.0000000000000000000 ) ) ;
#959 = CARTESIAN_POINT ( 'NONE',  ( -3.888125173386050161E-16, 57.97999999999999687, -6.349999999999999645 ) ) ;
#960 = ADVANCED_FACE ( 'NONE', ( #571 ), #643, .T. ) ;
#961 = LINE ( 'NONE', #1835, #925 ) ;
#962 = EDGE_CURVE ( 'NONE', #2363, #1058, #616, .T. ) ;
#963 = EDGE_CURVE ( 'NONE', #1231, #529, #638, .T. ) ;
#964 = VECTOR ( 'NONE', #158, 1000.000000000000000 ) ;
#965 = CARTESIAN_POINT ( 'NONE',  ( 57.00000000000000000, 0.0000000000000000000, 8.113017094073250322E-16 ) ) ;
#966 = EDGE_LOOP ( 'NONE', ( #1378, #2524, #2198, #1885 ) ) ;
#967 = CARTESIAN_POINT ( 'NONE',  ( 24.64267132435119834, 60.55896641474139841, -3.204293994002419765 ) ) ;
#968 = CARTESIAN_POINT ( 'NONE',  ( -2.777407210469149791E-15, 10.61999999999999922, 1.776356839400249676E-15 ) ) ;
#969 = CARTESIAN_POINT ( 'NONE',  ( 61.50000000000000000, -1.000000000000000000, -17.00000000000000000 ) ) ;
#970 = ORIENTED_EDGE ( 'NONE', *, *, #1404, .F. ) ;
#971 = CARTESIAN_POINT ( 'NONE',  ( 24.64267132435119834, 60.55896641474139841, 3.204293994002419765 ) ) ;
#972 = LINE ( 'NONE', #367, #1832 ) ;
#973 = PERSON_AND_ORGANIZATION_ROLE ( 'classification_officer' ) ;
#974 = FACE_OUTER_BOUND ( 'NONE', #1244, .T. ) ;
#975 = CIRCLE ( 'NONE', #341, 2.000000000000001776 ) ;
#976 = EDGE_CURVE ( 'NONE', #1339, #1954, #2393, .T. ) ;
#977 = VECTOR ( 'NONE', #690, 1000.000000000000000 ) ;
#978 = CARTESIAN_POINT ( 'NONE',  ( 20.71895030144220229, 57.55448420737489812, -3.061515884555939694E-16 ) ) ;
#979 = CARTESIAN_POINT ( 'NONE',  ( -21.24146887576279852, 14.00000000000000000, 0.0000000000000000000 ) ) ;
#980 = CARTESIAN_POINT ( 'NONE',  ( 23.50166935730059947, 56.80166935730060374, 4.272391992003229610 ) ) ;
#981 = CARTESIAN_POINT ( 'NONE',  ( -1.120514813747480043E-15, 47.26249999999999574, -18.30000000000000071 ) ) ;
#982 = LINE ( 'NONE', #275, #1842 ) ;
#983 = CIRCLE ( 'NONE', #2531, 24.67999999999999972 ) ;
#984 = EDGE_CURVE ( 'NONE', #644, #219, #1526, .T. ) ;
#985 = ORIENTED_EDGE ( 'NONE', *, *, #1751, .F. ) ;
#986 = DIRECTION ( 'NONE',  ( 0.7071067811865474617, 0.7071067811865474617, 0.0000000000000000000 ) ) ;
#987 = CARTESIAN_POINT ( 'NONE',  ( 0.0000000000000000000, 0.0000000000000000000, 19.00000000000000000 ) ) ;
#988 = VECTOR ( 'NONE', #2377, 1000.000000000000000 ) ;
#989 = CC_DESIGN_SECURITY_CLASSIFICATION ( #1418, ( #2563 ) ) ;
#990 = ORIENTED_EDGE ( 'NONE', *, *, #1230, .F. ) ;
#991 = AXIS2_PLACEMENT_3D ( 'NONE', #2461, #890, #455 ) ;
#992 = DIRECTION ( 'NONE',  ( 0.0000000000000000000, 1.000000000000000000, 0.0000000000000000000 ) ) ;
#993 = VECTOR ( 'NONE', #1920, 1000.000000000000114 ) ;
#994 = LINE ( 'NONE', #2359, #113 ) ;
#995 = DIRECTION ( 'NONE',  ( 0.0000000000000000000, 1.000000000000000000, 6.123031769111888756E-17 ) ) ;
#996 = CARTESIAN_POINT ( 'NONE',  ( 47.50000000000000000, -5.000000000000000000, -6.500000000000000000 ) ) ;
#997 = DIRECTION ( 'NONE',  ( 0.0000000000000000000, 1.000000000000000000, 0.0000000000000000000 ) ) ;
#998 = CIRCLE ( 'NONE', #2059, 4.069397989875159993 ) ;
#999 = ORIENTED_EDGE ( 'NONE', *, *, #101, .T. ) ;
#1000 = CARTESIAN_POINT ( 'NONE',  ( -3.104989410116640283E-15, 10.61999999999999922, -5.349999999999999645 ) ) ;
#1001 = CARTESIAN_POINT ( 'NONE',  ( 1.207821175257199970E-15, 33.30000000000000426, 1.150791159414129865E-15 ) ) ;
#1002 = CIRCLE ( 'NONE', #267, 24.67999999999999972 ) ;
#1003 = CARTESIAN_POINT ( 'NONE',  ( 1.555250069354419749E-14, 0.0000000000000000000, -127.0000000000000000 ) ) ;
#1004 = VECTOR ( 'NONE', #2305, 1000.000000000000000 ) ;
#1005 = AXIS2_PLACEMENT_3D ( 'NONE', #842, #2554, #1150 ) ;
#1006 = LINE ( 'NONE', #1250, #1028 ) ;
#1007 = AXIS2_PLACEMENT_3D ( 'NONE', #791, #233, #1814 ) ;
#1008 = CARTESIAN_POINT ( 'NONE',  ( 21.24146887576279852, 14.00000000000000000, 8.349999999999999645 ) ) ;
#1009 = AXIS2_PLACEMENT_3D ( 'NONE', #1003, #599, #2384 ) ;
#1010 = ADVANCED_FACE ( 'NONE', ( #650, #2333 ), #1642, .T. ) ;
#1011 = CIRCLE ( 'NONE', #9, 17.92500000000000426 ) ;
#1012 = DIRECTION ( 'NONE',  ( 0.7071067811865474617, 0.7071067811865474617, 0.0000000000000000000 ) ) ;
#1013 = EDGE_CURVE ( 'NONE', #1117, #1779, #2378, .T. ) ;
#1014 = DIRECTION ( 'NONE',  ( -0.7071067811865470176, 0.7071067811865480168, 0.0000000000000000000 ) ) ;
#1015 = LINE ( 'NONE', #8, #1837 ) ;
#1016 = CARTESIAN_POINT ( 'NONE',  ( 61.50000000000000000, 12.00000000000000000, 17.00000000000000000 ) ) ;
#1017 = CIRCLE ( 'NONE', #2153, 24.67999999999999972 ) ;
#1018 = EDGE_CURVE ( 'NONE', #40, #355, #1528, .T. ) ;
#1019 = FACE_BOUND ( 'NONE', #1414, .T. ) ;
#1020 = CARTESIAN_POINT ( 'NONE',  ( -7.240485066974809286E-16, 33.30000000000000426, -11.82500000000000107 ) ) ;
#1021 = CARTESIAN_POINT ( 'NONE',  ( 29.10030404427950046, 58.22265403837270270, 0.0000000000000000000 ) ) ;
#1022 = CARTESIAN_POINT ( 'NONE',  ( -47.50000000000000000, 12.00000000000000000, -12.50000000000000000 ) ) ;
#1023 = LINE ( 'NONE', #987, #1858 ) ;
#1024 = DIRECTION ( 'NONE',  ( 6.123031769111888756E-17, 0.0000000000000000000, 1.000000000000000000 ) ) ;
#1025 = DIRECTION ( 'NONE',  ( 1.000000000000000000, 0.0000000000000000000, 0.0000000000000000000 ) ) ;
#1026 = ADVANCED_FACE ( 'NONE', ( #654 ), #2200, .F. ) ;
#1027 = CARTESIAN_POINT ( 'NONE',  ( 50.50000000000000000, 0.0000000000000000000, 1.530757942277970340E-17 ) ) ;
#1028 = VECTOR ( 'NONE', #1844, 1000.000000000000000 ) ;
#1029 = CARTESIAN_POINT ( 'NONE',  ( 28.58622162869270156, 58.73673645395950160, 0.0000000000000000000 ) ) ;
#1030 = VECTOR ( 'NONE', #1341, 1000.000000000000000 ) ;
#1031 = AXIS2_PLACEMENT_3D ( 'NONE', #904, #1079, #736 ) ;
#1032 = AXIS2_PLACEMENT_3D ( 'NONE', #450, #2519, #1687 ) ;
#1033 = AXIS2_PLACEMENT_3D ( 'NONE', #2341, #729, #751 ) ;
#1034 = CARTESIAN_POINT ( 'NONE',  ( 21.03678754663799921, 54.33678754663799282, 0.0000000000000000000 ) ) ;
#1035 = AXIS2_PLACEMENT_3D ( 'NONE', #2083, #1774, #2520 ) ;
#1036 = CARTESIAN_POINT ( 'NONE',  ( 50.50000000000000000, -5.000000000000000000, 6.500000000000000000 ) ) ;
#1037 = DIRECTION ( 'NONE',  ( 0.0000000000000000000, 0.0000000000000000000, 1.000000000000000000 ) ) ;
#1038 = EDGE_CURVE ( 'NONE', #176, #327, #1432, .T. ) ;
#1039 = EDGE_CURVE ( 'NONE', #249, #1247, #1447, .T. ) ;
#1040 = CARTESIAN_POINT ( 'NONE',  ( 3.888125173386050161E-16, 33.30000000000000426, 6.349999999999999645 ) ) ;
#1041 = PLANE ( 'NONE',  #2062 ) ;
#1042 = EDGE_CURVE ( 'NONE', #2537, #548, #1507, .T. ) ;
#1043 = CARTESIAN_POINT ( 'NONE',  ( -28.90051902648109916, 6.000000000000000000, -19.00000000000000000 ) ) ;
#1044 = DIRECTION ( 'NONE',  ( -0.7071067811865470176, 0.7071067811865480168, 0.0000000000000000000 ) ) ;
#1045 = CARTESIAN_POINT ( 'NONE',  ( 0.0000000000000000000, 12.00000000000000000, 12.50000000000000000 ) ) ;
#1046 = DIRECTION ( 'NONE',  ( 1.000000000000000000, 0.0000000000000000000, 1.480297366166879989E-16 ) ) ;
#1047 = DIRECTION ( 'NONE',  ( 0.0000000000000000000, 0.0000000000000000000, -1.000000000000000000 ) ) ;
#1048 = CARTESIAN_POINT ( 'NONE',  ( -1.714448895351330331E-16, 33.30000000000000426, -2.799999999999999822 ) ) ;
#1049 = CARTESIAN_POINT ( 'NONE',  ( 28.42569260369920059, 56.77594513539339971, 0.0000000000000000000 ) ) ;
#1050 = EDGE_LOOP ( 'NONE', ( #2244, #1170, #333, #2513 ) ) ;
#1051 = EDGE_CURVE ( 'NONE', #1621, #1765, #1476, .T. ) ;
#1052 = PLANE ( 'NONE',  #1465 ) ;
#1053 = EDGE_LOOP ( 'NONE', ( #572, #2355, #1175, #970 ) ) ;
#1054 = AXIS2_PLACEMENT_3D ( 'NONE', #1225, #2054, #457 ) ;
#1055 = ADVANCED_FACE ( 'NONE', ( #634, #2309 ), #1531, .T. ) ;
#1056 = AXIS2_PLACEMENT_3D ( 'NONE', #2429, #661, #682 ) ;
#1057 = CARTESIAN_POINT ( 'NONE',  ( -1.120514813747480043E-15, 51.22500000000000142, -18.30000000000000071 ) ) ;
#1058 = VERTEX_POINT ( 'NONE', #221 ) ;
#1059 = CARTESIAN_POINT ( 'NONE',  ( 23.54665581351200032, 54.23036072312180522, -3.204293994002419765 ) ) ;
#1060 = DIRECTION ( 'NONE',  ( 1.000000000000000000, -2.295617560651549988E-49, 3.749151804555340178E-33 ) ) ;
#1061 = DIRECTION ( 'NONE',  ( 0.0000000000000000000, 1.000000000000000000, 0.0000000000000000000 ) ) ;
#1062 = DIRECTION ( 'NONE',  ( 0.0000000000000000000, 0.0000000000000000000, -1.000000000000000000 ) ) ;
#1063 = CARTESIAN_POINT ( 'NONE',  ( -63.50000000000000000, 6.000000000000000000, 17.00000000000000000 ) ) ;
#1064 = CARTESIAN_POINT ( 'NONE',  ( -1.989985324961360086E-16, 0.0000000000000000000, 0.0000000000000000000 ) ) ;
#1065 = ORIENTED_EDGE ( 'NONE', *, *, #1478, .F. ) ;
#1066 = ORIENTED_EDGE ( 'NONE', *, *, #1912, .F. ) ;
#1067 = DIRECTION ( 'NONE',  ( -1.000000000000000000, 0.0000000000000000000, -3.749151804555340178E-33 ) ) ;
#1068 = ADVANCED_FACE ( 'NONE', ( #2385 ), #2289, .F. ) ;
#1069 = EDGE_CURVE ( 'NONE', #2045, #2521, #1468, .T. ) ;
#1070 = ORIENTED_EDGE ( 'NONE', *, *, #1287, .F. ) ;
#1071 = DIRECTION ( 'NONE',  ( 6.123031769111888756E-17, 0.0000000000000000000, 1.000000000000000000 ) ) ;
#1072 = DIRECTION ( 'NONE',  ( 0.7071067811865475727, -0.7071067811865475727, 0.0000000000000000000 ) ) ;
#1073 = ORIENTED_EDGE ( 'NONE', *, *, #29, .T. ) ;
#1074 = AXIS2_PLACEMENT_3D ( 'NONE', #379, #610, #2187 ) ;
#1075 = DIRECTION ( 'NONE',  ( 0.0000000000000000000, 0.0000000000000000000, -1.000000000000000000 ) ) ;
#1076 = CARTESIAN_POINT ( 'NONE',  ( -28.69999999999999929, 33.30000000000000426, 0.0000000000000000000 ) ) ;
#1077 = CARTESIAN_POINT ( 'NONE',  ( 0.0000000000000000000, 12.00000000000000000, -12.50000000000000000 ) ) ;
#1078 = CC_DESIGN_PERSON_AND_ORGANIZATION_ASSIGNMENT ( #686, #1696, ( #343 ) ) ;
#1079 = DIRECTION ( 'NONE',  ( -0.7071067811865475727, -0.7071067811865475727, 0.0000000000000000000 ) ) ;
#1080 = EDGE_LOOP ( 'NONE', ( #1269, #731, #426, #1149 ) ) ;
#1081 = ORIENTED_EDGE ( 'NONE', *, *, #167, .F. ) ;
#1082 = CARTESIAN_POINT ( 'NONE',  ( -30.58050849806129889, 33.30000000000000426, 8.349999999999999645 ) ) ;
#1083 = ORIENTED_EDGE ( 'NONE', *, *, #2181, .F. ) ;
#1084 = ORIENTED_EDGE ( 'NONE', *, *, #535, .F. ) ;
#1085 = CARTESIAN_POINT ( 'NONE',  ( -28.69999999999999929, 33.30000000000000426, -8.349999999999999645 ) ) ;
#1086 = DIRECTION ( 'NONE',  ( 3.797180489722468162E-33, 6.123031769111887524E-17, -1.000000000000000000 ) ) ;
#1087 = EDGE_CURVE ( 'NONE', #2310, #644, #1428, .T. ) ;
#1088 = EDGE_LOOP ( 'NONE', ( #578, #307, #2053, #1424 ) ) ;
#1089 = CARTESIAN_POINT ( 'NONE',  ( -3.505967446184699986E-16, 12.00000000000000000, 12.50000000000000000 ) ) ;
#1090 = CARTESIAN_POINT ( 'NONE',  ( 24.15732769467270202, 57.45732769467269918, 4.272391992003229610 ) ) ;
#1091 = ORIENTED_EDGE ( 'NONE', *, *, #1633, .F. ) ;
#1092 = ORIENTED_EDGE ( 'NONE', *, *, #732, .T. ) ;
#1093 = AXIS2_PLACEMENT_3D ( 'NONE', #1421, #1656, #2002 ) ;
#1094 = ORIENTED_EDGE ( 'NONE', *, *, #2436, .T. ) ;
#1095 = AXIS2_PLACEMENT_3D ( 'NONE', #2143, #1906, #1607 ) ;
#1096 = CARTESIAN_POINT ( 'NONE',  ( 23.75000000000000000, 14.00000000000000000, -6.500000000000000000 ) ) ;
#1097 = DIRECTION ( 'NONE',  ( 0.3535533905932741749, -0.3535533905932741749, -0.8660254037844382635 ) ) ;
#1098 = DIRECTION ( 'NONE',  ( 1.480297366166879989E-16, 6.123031769111888756E-17, -1.000000000000000000 ) ) ;
#1099 = AXIS2_PLACEMENT_3D ( 'NONE', #483, #1333, #2123 ) ;
#1100 = VERTEX_POINT ( 'NONE', #2488 ) ;
#1101 = EDGE_CURVE ( 'NONE', #724, #949, #660, .T. ) ;
#1102 = CARTESIAN_POINT ( 'NONE',  ( 50.50000000000000000, -5.000000000000000000, -2.908440090328149933E-16 ) ) ;
#1103 = ORIENTED_EDGE ( 'NONE', *, *, #771, .T. ) ;
#1104 = DIRECTION ( 'NONE',  ( 0.0000000000000000000, 1.000000000000000000, 6.123031769111888756E-17 ) ) ;
#1105 = ORIENTED_EDGE ( 'NONE', *, *, #1217, .F. ) ;
#1106 = EDGE_CURVE ( 'NONE', #125, #2070, #666, .T. ) ;
#1107 = ORIENTED_EDGE ( 'NONE', *, *, #1273, .T. ) ;
#1108 = DIRECTION ( 'NONE',  ( 0.0000000000000000000, 1.000000000000000000, 0.0000000000000000000 ) ) ;
#1109 = ORIENTED_EDGE ( 'NONE', *, *, #1106, .T. ) ;
#1110 = DIRECTION ( 'NONE',  ( 0.0000000000000000000, -1.000000000000000000, 0.0000000000000000000 ) ) ;
#1111 = DIRECTION ( 'NONE',  ( 0.0000000000000000000, 1.000000000000000000, 0.0000000000000000000 ) ) ;
#1112 = ORIENTED_EDGE ( 'NONE', *, *, #2436, .F. ) ;
#1113 = DIRECTION ( 'NONE',  ( -1.000000000000000000, 0.0000000000000000000, -5.609547913895529197E-17 ) ) ;
#1114 = CARTESIAN_POINT ( 'NONE',  ( 44.50000000000000000, -5.000000000000000000, -6.582259151795279735E-16 ) ) ;
#1115 = ORIENTED_EDGE ( 'NONE', *, *, #448, .T. ) ;
#1116 = DIRECTION ( 'NONE',  ( 1.000000000000000000, 0.0000000000000000000, 0.0000000000000000000 ) ) ;
#1117 = VERTEX_POINT ( 'NONE', #1256 ) ;
#1118 = ADVANCED_FACE ( 'NONE', ( #1538 ), #2403, .T. ) ;
#1119 = ADVANCED_FACE ( 'NONE', ( #1543 ), #2284, .F. ) ;
#1120 = CARTESIAN_POINT ( 'NONE',  ( -28.90051902648109916, 0.0000000000000000000, -19.00000000000000000 ) ) ;
#1121 = ORIENTED_EDGE ( 'NONE', *, *, #70, .F. ) ;
#1122 = EDGE_CURVE ( 'NONE', #2334, #1199, #1440, .T. ) ;
#1123 = AXIS2_PLACEMENT_3D ( 'NONE', #927, #57, #1086 ) ;
#1124 = AXIS2_PLACEMENT_3D ( 'NONE', #236, #2501, #1479 ) ;
#1125 = VERTEX_POINT ( 'NONE', #2457 ) ;
#1126 = AXIS2_PLACEMENT_3D ( 'NONE', #1769, #2339, #151 ) ;
#1127 = PERSON_AND_ORGANIZATION_ROLE ( 'creator' ) ;
#1128 = EDGE_CURVE ( 'NONE', #1215, #2070, #583, .T. ) ;
#1129 = EDGE_CURVE ( 'NONE', #1908, #2076, #603, .T. ) ;
#1130 = ORIENTED_EDGE ( 'NONE', *, *, #514, .F. ) ;
#1131 = VERTEX_POINT ( 'NONE', #1701 ) ;
#1132 = DIRECTION ( 'NONE',  ( 0.3535533905932738419, -0.3535533905932738419, 0.8660254037844385966 ) ) ;
#1133 = EDGE_LOOP ( 'NONE', ( #132, #1865, #1508, #1786 ) ) ;
#1134 = ORIENTED_EDGE ( 'NONE', *, *, #918, .F. ) ;
#1135 = EDGE_CURVE ( 'NONE', #320, #1246, #1483, .T. ) ;
#1136 = ORIENTED_EDGE ( 'NONE', *, *, #888, .F. ) ;
#1137 = DIRECTION ( 'NONE',  ( 1.000000000000000000, 0.0000000000000000000, 0.0000000000000000000 ) ) ;
#1138 = CARTESIAN_POINT ( 'NONE',  ( 0.0000000000000000000, 33.30000000000000426, 8.349999999999999645 ) ) ;
#1139 = VERTEX_POINT ( 'NONE', #1617 ) ;
#1140 = DIRECTION ( 'NONE',  ( 1.000000000000000000, 0.0000000000000000000, 0.0000000000000000000 ) ) ;
#1141 = ORIENTED_EDGE ( 'NONE', *, *, #918, .T. ) ;
#1142 = CARTESIAN_POINT ( 'NONE',  ( 61.50000000000000000, 6.000000000000000000, 19.00000000000000000 ) ) ;
#1143 = ORIENTED_EDGE ( 'NONE', *, *, #2542, .T. ) ;
#1144 = CARTESIAN_POINT ( 'NONE',  ( 7.776250346772100323E-16, 33.30000000000000426, 12.69999999999999929 ) ) ;
#1145 = EDGE_LOOP ( 'NONE', ( #1470, #337 ) ) ;
#1146 = EDGE_LOOP ( 'NONE', ( #369, #434, #1312, #381 ) ) ;
#1147 = EDGE_CURVE ( 'NONE', #2319, #487, #1489, .T. ) ;
#1148 = CARTESIAN_POINT ( 'NONE',  ( -30.58050849806129889, 14.00000000000000000, -8.349999999999999645 ) ) ;
#1149 = ORIENTED_EDGE ( 'NONE', *, *, #674, .T. ) ;
#1150 = DIRECTION ( 'NONE',  ( 1.000000000000000000, 0.0000000000000000000, 0.0000000000000000000 ) ) ;
#1151 = VERTEX_POINT ( 'NONE', #978 ) ;
#1152 = ORIENTED_EDGE ( 'NONE', *, *, #547, .T. ) ;
#1153 = AXIS2_PLACEMENT_3D ( 'NONE', #2538, #2118, #159 ) ;
#1154 = EDGE_LOOP ( 'NONE', ( #1066, #2257, #902, #1073 ) ) ;
#1155 = CARTESIAN_POINT ( 'NONE',  ( 3.888125173386050161E-16, 57.97999999999999687, 6.349999999999999645 ) ) ;
#1156 = EDGE_LOOP ( 'NONE', ( #1929, #2278 ) ) ;
#1157 = DIRECTION ( 'NONE',  ( -6.123031769111888756E-17, 0.0000000000000000000, -1.000000000000000000 ) ) ;
#1158 = AXIS2_PLACEMENT_3D ( 'NONE', #2216, #1914, #716 ) ;
#1159 = AXIS2_PLACEMENT_3D ( 'NONE', #476, #531, #780 ) ;
#1160 = AXIS2_PLACEMENT_3D ( 'NONE', #1905, #2089, #55 ) ;
#1161 = CARTESIAN_POINT ( 'NONE',  ( 0.0000000000000000000, 0.0000000000000000000, 0.0000000000000000000 ) ) ;
#1162 = VERTEX_POINT ( 'NONE', #141 ) ;
#1163 = VERTEX_POINT ( 'NONE', #2369 ) ;
#1164 = DESIGN_CONTEXT ( 'detailed design', #944, 'design' ) ;
#1165 = VERTEX_POINT ( 'NONE', #1971 ) ;
#1166 = CARTESIAN_POINT ( 'NONE',  ( 3.275821996474860053E-16, 51.22500000000000142, 5.349999999999999645 ) ) ;
#1167 = ORIENTED_EDGE ( 'NONE', *, *, #888, .T. ) ;
#1168 = CARTESIAN_POINT ( 'NONE',  ( 63.50000000000000000, 6.000000000000000000, 17.00000000000000000 ) ) ;
#1169 = ORIENTED_EDGE ( 'NONE', *, *, #674, .F. ) ;
#1170 = ORIENTED_EDGE ( 'NONE', *, *, #713, .T. ) ;
#1171 = DIRECTION ( 'NONE',  ( 0.0000000000000000000, 1.000000000000000000, 0.0000000000000000000 ) ) ;
#1172 = DIRECTION ( 'NONE',  ( 1.000000000000000000, 0.0000000000000000000, 0.0000000000000000000 ) ) ;
#1173 = ORIENTED_EDGE ( 'NONE', *, *, #1876, .T. ) ;
#1174 = EDGE_CURVE ( 'NONE', #2057, #2086, #2345, .T. ) ;
#1175 = ORIENTED_EDGE ( 'NONE', *, *, #419, .T. ) ;
#1176 = ADVANCED_FACE ( 'NONE', ( #622 ), #2354, .T. ) ;
#1177 = CARTESIAN_POINT ( 'NONE',  ( 47.50000000000000000, 12.00000000000000000, -2.908440090328149933E-16 ) ) ;
#1178 = CARTESIAN_POINT ( 'NONE',  ( 1.839971046618119779E-15, 33.30000000000000426, 2.038969579114260028E-15 ) ) ;
#1179 = EDGE_CURVE ( 'NONE', #355, #54, #1501, .T. ) ;
#1180 = VERTEX_POINT ( 'NONE', #1166 ) ;
#1181 = ORIENTED_EDGE ( 'NONE', *, *, #2209, .T. ) ;
#1182 = AXIS2_PLACEMENT_3D ( 'NONE', #916, #1222, #2204 ) ;
#1183 = ORIENTED_EDGE ( 'NONE', *, *, #2328, .T. ) ;
#1184 = DIRECTION ( 'NONE',  ( 0.0000000000000000000, -1.000000000000000000, -6.123031769111888756E-17 ) ) ;
#1185 = CARTESIAN_POINT ( 'NONE',  ( -61.50000000000000000, 7.105427357600998703E-15, -17.00000000000000000 ) ) ;
#1186 = VERTEX_POINT ( 'NONE', #801 ) ;
#1187 = ORIENTED_EDGE ( 'NONE', *, *, #1069, .T. ) ;
#1188 = ORIENTED_EDGE ( 'NONE', *, *, #146, .F. ) ;
#1189 = CARTESIAN_POINT ( 'NONE',  ( -3.888125173386050161E-16, 33.30000000000000426, -6.349999999999999645 ) ) ;
#1190 = DIRECTION ( 'NONE',  ( 0.7071067811865475727, -0.7071067811865475727, 0.0000000000000000000 ) ) ;
#1191 = ORIENTED_EDGE ( 'NONE', *, *, #1087, .F. ) ;
#1192 = ORIENTED_EDGE ( 'NONE', *, *, #2074, .T. ) ;
#1193 = CARTESIAN_POINT ( 'NONE',  ( 44.50000000000000000, 0.0000000000000000000, -6.500000000000000000 ) ) ;
#1194 = ORIENTED_EDGE ( 'NONE', *, *, #2090, .T. ) ;
#1195 = DIRECTION ( 'NONE',  ( 1.000000000000000000, 0.0000000000000000000, 0.0000000000000000000 ) ) ;
#1196 = ORIENTED_EDGE ( 'NONE', *, *, #1038, .T. ) ;
#1197 = ORIENTED_EDGE ( 'NONE', *, *, #514, .T. ) ;
#1198 = ADVANCED_FACE ( 'NONE', ( #762 ), #2477, .F. ) ;
#1199 = VERTEX_POINT ( 'NONE', #1148 ) ;
#1200 = PLANE ( 'NONE',  #1877 ) ;
#1201 = DIRECTION ( 'NONE',  ( 0.0000000000000000000, 1.000000000000000000, 6.123031769111888756E-17 ) ) ;
#1202 = ORIENTED_EDGE ( 'NONE', *, *, #2542, .F. ) ;
#1203 = CARTESIAN_POINT ( 'NONE',  ( 23.75000000000000000, 0.0000000000000000000, 6.500000000000000000 ) ) ;
#1204 = DIRECTION ( 'NONE',  ( 0.0000000000000000000, 1.000000000000000000, 0.0000000000000000000 ) ) ;
#1205 = EDGE_LOOP ( 'NONE', ( #1330, #180, #2179, #2299 ) ) ;
#1206 = EDGE_LOOP ( 'NONE', ( #611, #1991, #1143, #363, #440, #1290 ) ) ;
#1207 = DIRECTION ( 'NONE',  ( 6.123031769111888756E-17, 0.0000000000000000000, 1.000000000000000000 ) ) ;
#1208 = DIRECTION ( 'NONE',  ( 3.749151804555340178E-33, 6.123031769111888756E-17, -1.000000000000000000 ) ) ;
#1209 = EDGE_LOOP ( 'NONE', ( #2285, #945 ) ) ;
#1210 = PLANE ( 'NONE',  #1093 ) ;
#1211 = ORIENTED_EDGE ( 'NONE', *, *, #809, .F. ) ;
#1212 = ORIENTED_EDGE ( 'NONE', *, *, #2496, .T. ) ;
#1213 = EDGE_LOOP ( 'NONE', ( #1188, #2517, #1293, #1262, #695, #2100 ) ) ;
#1214 = DIRECTION ( 'NONE',  ( 0.0000000000000000000, 1.000000000000000000, 0.0000000000000000000 ) ) ;
#1215 = VERTEX_POINT ( 'NONE', #1356 ) ;
#1216 = CARTESIAN_POINT ( 'NONE',  ( 61.50000000000000000, -1.000000000000000000, 17.00000000000000000 ) ) ;
#1217 = EDGE_CURVE ( 'NONE', #1599, #176, #722, .T. ) ;
#1218 = EDGE_LOOP ( 'NONE', ( #645, #2163 ) ) ;
#1219 = EDGE_LOOP ( 'NONE', ( #439, #392 ) ) ;
#1220 = AXIS2_PLACEMENT_3D ( 'NONE', #2092, #2560, #1140 ) ;
#1221 =( GEOMETRIC_REPRESENTATION_CONTEXT ( 3 ) GLOBAL_UNCERTAINTY_ASSIGNED_CONTEXT ( ( #1749 ) ) GLOBAL_UNIT_ASSIGNED_CONTEXT ( ( #512, #1901, #2079 ) ) REPRESENTATION_CONTEXT ( 'NONE', 'WORKASPACE' ) );
#1222 = DIRECTION ( 'NONE',  ( 0.0000000000000000000, -1.000000000000000000, -6.123031769111888756E-17 ) ) ;
#1223 = AXIS2_PLACEMENT_3D ( 'NONE', #1308, #2283, #662 ) ;
#1224 = VERTEX_POINT ( 'NONE', #773 ) ;
#1225 = CARTESIAN_POINT ( 'NONE',  ( 5.526036171623479941E-16, 33.30000000000000426, 9.025000000000000355 ) ) ;
#1226 = CARTESIAN_POINT ( 'NONE',  ( -30.58050849806129889, 0.0000000000000000000, -8.349999999999999645 ) ) ;
#1227 = DIRECTION ( 'NONE',  ( 0.0000000000000000000, 1.000000000000000000, 0.0000000000000000000 ) ) ;
#1228 = ORIENTED_EDGE ( 'NONE', *, *, #553, .T. ) ;
#1229 = EDGE_CURVE ( 'NONE', #1231, #2064, #1608, .T. ) ;
#1230 = EDGE_CURVE ( 'NONE', #2169, #2249, #1585, .T. ) ;
#1231 = VERTEX_POINT ( 'NONE', #18 ) ;
#1232 = DIRECTION ( 'NONE',  ( 0.0000000000000000000, 1.000000000000000000, 0.0000000000000000000 ) ) ;
#1233 = DIRECTION ( 'NONE',  ( 0.0000000000000000000, -1.000000000000000000, -6.123031769111888756E-17 ) ) ;
#1234 = VERTEX_POINT ( 'NONE', #1955 ) ;
#1235 = ORIENTED_EDGE ( 'NONE', *, *, #482, .F. ) ;
#1236 = EDGE_CURVE ( 'NONE', #1491, #2086, #2463, .T. ) ;
#1237 = CARTESIAN_POINT ( 'NONE',  ( -2.511055328512779740E-15, 8.619999999999999218, 8.349999999999999645 ) ) ;
#1238 = EDGE_LOOP ( 'NONE', ( #1663, #999, #2489, #1625 ) ) ;
#1239 = EDGE_CURVE ( 'NONE', #1779, #323, #1558, .T. ) ;
#1240 = DIRECTION ( 'NONE',  ( 0.0000000000000000000, 0.0000000000000000000, 1.000000000000000000 ) ) ;
#1241 = DIRECTION ( 'NONE',  ( 1.000000000000000000, 0.0000000000000000000, 0.0000000000000000000 ) ) ;
#1242 = ORIENTED_EDGE ( 'NONE', *, *, #797, .F. ) ;
#1243 = ORIENTED_EDGE ( 'NONE', *, *, #70, .T. ) ;
#1244 = EDGE_LOOP ( 'NONE', ( #2483, #1523, #2119, #1272 ) ) ;
#1245 = DIRECTION ( 'NONE',  ( 0.7071067811865475727, 0.7071067811865475727, 0.0000000000000000000 ) ) ;
#1246 = VERTEX_POINT ( 'NONE', #1753 ) ;
#1247 = VERTEX_POINT ( 'NONE', #1928 ) ;
#1248 = DIRECTION ( 'NONE',  ( 0.7071067811865474617, -0.7071067811865474617, 0.0000000000000000000 ) ) ;
#1249 = DIRECTION ( 'NONE',  ( -1.372452916205289837E-32, -1.000000000000000000, -2.241459734258990006E-16 ) ) ;
#1250 = CARTESIAN_POINT ( 'NONE',  ( 2.572285646203899786E-15, 57.97999999999999687, -7.349999999999999645 ) ) ;
#1251 = VERTEX_POINT ( 'NONE', #2115 ) ;
#1252 = ORIENTED_EDGE ( 'NONE', *, *, #1229, .F. ) ;
#1253 = EDGE_CURVE ( 'NONE', #1151, #1740, #1589, .T. ) ;
#1254 = DIRECTION ( 'NONE',  ( 0.0000000000000000000, 1.000000000000000000, 0.0000000000000000000 ) ) ;
#1255 = ORIENTED_EDGE ( 'NONE', *, *, #410, .T. ) ;
#1256 = CARTESIAN_POINT ( 'NONE',  ( -50.50000000000000000, 0.0000000000000000000, 6.500000000000000000 ) ) ;
#1257 = DIRECTION ( 'NONE',  ( 6.123031769111888756E-17, 0.0000000000000000000, 1.000000000000000000 ) ) ;
#1258 = CARTESIAN_POINT ( 'NONE',  ( 44.50000000000000000, -5.000000000000000000, -6.500000000000000000 ) ) ;
#1259 = FACE_OUTER_BOUND ( 'NONE', #469, .T. ) ;
#1260 = AXIS2_PLACEMENT_3D ( 'NONE', #2425, #32, #199 ) ;
#1261 = AXIS2_PLACEMENT_3D ( 'NONE', #247, #122, #1472 ) ;
#1262 = ORIENTED_EDGE ( 'NONE', *, *, #679, .F. ) ;
#1263 = DIRECTION ( 'NONE',  ( -0.7071067811865474617, -0.7071067811865474617, 0.0000000000000000000 ) ) ;
#1264 = DIRECTION ( 'NONE',  ( 0.0000000000000000000, -1.000000000000000000, -6.123031769111888756E-17 ) ) ;
#1265 = EDGE_CURVE ( 'NONE', #5, #623, #689, .T. ) ;
#1266 = DIRECTION ( 'NONE',  ( 0.7071067811865474617, -0.7071067811865474617, 0.0000000000000000000 ) ) ;
#1267 = DIRECTION ( 'NONE',  ( 1.000000000000000000, 0.0000000000000000000, 1.480297366166879989E-16 ) ) ;
#1268 = EDGE_CURVE ( 'NONE', #2086, #12, #1576, .T. ) ;
#1269 = ORIENTED_EDGE ( 'NONE', *, *, #1861, .T. ) ;
#1270 = PERSON_AND_ORGANIZATION ( #1577, #1551 ) ;
#1271 = CARTESIAN_POINT ( 'NONE',  ( -50.50000000000000000, 14.00000000000000000, -6.500000000000000000 ) ) ;
#1272 = ORIENTED_EDGE ( 'NONE', *, *, #206, .F. ) ;
#1273 = EDGE_CURVE ( 'NONE', #5, #1890, #2467, .T. ) ;
#1274 = ADVANCED_FACE ( 'NONE', ( #726 ), #2441, .T. ) ;
#1275 = DIRECTION ( 'NONE',  ( -6.123031769111888756E-17, -1.000000000000000000, -6.123031769111888756E-17 ) ) ;
#1276 = EDGE_LOOP ( 'NONE', ( #2091, #1647, #2507, #446 ) ) ;
#1277 = CARTESIAN_POINT ( 'NONE',  ( 21.70817818242699815, 55.00817818242700241, 0.0000000000000000000 ) ) ;
#1278 = SHAPE_DEFINITION_REPRESENTATION ( #2545, #119 ) ;
#1279 = FACE_OUTER_BOUND ( 'NONE', #2237, .T. ) ;
#1280 = ORIENTED_EDGE ( 'NONE', *, *, #4, .T. ) ;
#1281 = PERSON_AND_ORGANIZATION ( #1577, #1551 ) ;
#1282 = CARTESIAN_POINT ( 'NONE',  ( -47.50000000000000000, 14.00000000000000000, -5.985263554306869638E-15 ) ) ;
#1283 = ORIENTED_EDGE ( 'NONE', *, *, #1852, .T. ) ;
#1284 = CARTESIAN_POINT ( 'NONE',  ( -4.500428350297228930E-16, 33.30000000000000426, -7.349999999999999645 ) ) ;
#1285 = CARTESIAN_POINT ( 'NONE',  ( 25.24371208835970393, 58.54371208835969753, 0.0000000000000000000 ) ) ;
#1286 = ORIENTED_EDGE ( 'NONE', *, *, #1761, .T. ) ;
#1287 = EDGE_CURVE ( 'NONE', #1163, #2360, #2434, .T. ) ;
#1288 = ORIENTED_EDGE ( 'NONE', *, *, #1239, .T. ) ;
#1289 = CARTESIAN_POINT ( 'NONE',  ( 61.50000000000000000, 12.00000000000000000, -19.00000000000000000 ) ) ;
#1290 = ORIENTED_EDGE ( 'NONE', *, *, #2112, .T. ) ;
#1291 = PERSON_AND_ORGANIZATION ( #1577, #1551 ) ;
#1292 = AXIS2_PLACEMENT_3D ( 'NONE', #1903, #1619, #326 ) ;
#1293 = ORIENTED_EDGE ( 'NONE', *, *, #1361, .F. ) ;
#1294 = VERTEX_POINT ( 'NONE', #1705 ) ;
#1295 = AXIS2_PLACEMENT_3D ( 'NONE', #891, #1245, #1680 ) ;
#1296 = DIRECTION ( 'NONE',  ( 3.037744391777974461E-33, 5.472313804343239919E-17, -1.000000000000000000 ) ) ;
#1297 = AXIS2_PLACEMENT_3D ( 'NONE', #365, #424, #1190 ) ;
#1298 = ORIENTED_EDGE ( 'NONE', *, *, #2446, .F. ) ;
#1299 = ADVANCED_FACE ( 'NONE', ( #2437 ), #1200, .T. ) ;
#1300 = ORIENTED_EDGE ( 'NONE', *, *, #1039, .T. ) ;
#1301 = APPROVAL_DATE_TIME ( #388, #1385 ) ;
#1302 = ADVANCED_FACE ( 'NONE', ( #2458 ), #1593, .F. ) ;
#1303 = DIRECTION ( 'NONE',  ( 0.0000000000000000000, 1.000000000000000000, 6.123031769111888756E-17 ) ) ;
#1304 = FACE_OUTER_BOUND ( 'NONE', #2320, .T. ) ;
#1305 = CARTESIAN_POINT ( 'NONE',  ( 28.90051902648119864, 6.000000000000000000, 19.00000000000000000 ) ) ;
#1306 = COORDINATED_UNIVERSAL_TIME_OFFSET ( 8, 0, .AHEAD. ) ;
#1307 = VECTOR ( 'NONE', #1430, 1000.000000000000000 ) ;
#1308 = CARTESIAN_POINT ( 'NONE',  ( 25.24371208835970393, 58.54371208835969753, 0.0000000000000000000 ) ) ;
#1309 = APPROVAL_STATUS ( 'not_yet_approved' ) ;
#1310 = ORIENTED_EDGE ( 'NONE', *, *, #1391, .T. ) ;
#1311 = PERSON_AND_ORGANIZATION ( #1577, #1551 ) ;
#1312 = ORIENTED_EDGE ( 'NONE', *, *, #2405, .F. ) ;
#1313 = ORIENTED_EDGE ( 'NONE', *, *, #1761, .F. ) ;
#1314 = CARTESIAN_POINT ( 'NONE',  ( 6.582259151795279735E-16, 14.00000000000000000, 8.572244476756639821E-16 ) ) ;
#1315 = DIRECTION ( 'NONE',  ( 0.0000000000000000000, -1.000000000000000000, -6.123031769111888756E-17 ) ) ;
#1316 = FACE_BOUND ( 'NONE', #2004, .T. ) ;
#1317 = ORIENTED_EDGE ( 'NONE', *, *, #2168, .T. ) ;
#1318 = ADVANCED_FACE ( 'NONE', ( #2414 ), #1624, .T. ) ;
#1319 = DIRECTION ( 'NONE',  ( 0.7071067811865475727, 0.7071067811865475727, 0.0000000000000000000 ) ) ;
#1320 = EDGE_CURVE ( 'NONE', #1860, #2008, #698, .T. ) ;
#1321 = CLOSED_SHELL ( 'NONE', ( #2335, #960, #2293, #1922, #2470, #63, #1736, #1055, #492, #1419, #1274, #1372, #2550, #1822, #755, #1318, #1394, #45 ) ) ;
#1322 = CARTESIAN_POINT ( 'NONE',  ( 3.275821996474860053E-16, 33.30000000000000426, 5.349999999999999645 ) ) ;
#1323 = ADVANCED_FACE ( 'NONE', ( #2418 ), #1581, .T. ) ;
#1324 = ORIENTED_EDGE ( 'NONE', *, *, #861, .F. ) ;
#1325 = FACE_OUTER_BOUND ( 'NONE', #1993, .T. ) ;
#1326 = AXIS2_PLACEMENT_3D ( 'NONE', #258, #889, #1834 ) ;
#1327 = AXIS2_PLACEMENT_3D ( 'NONE', #2486, #389, #670 ) ;
#1328 = ORIENTED_EDGE ( 'NONE', *, *, #770, .T. ) ;
#1329 = VECTOR ( 'NONE', #1854, 1000.000000000000000 ) ;
#1330 = ORIENTED_EDGE ( 'NONE', *, *, #1894, .F. ) ;
#1331 = DIRECTION ( 'NONE',  ( 0.0000000000000000000, -2.188925521737295968E-16, 1.000000000000000000 ) ) ;
#1332 = VERTEX_POINT ( 'NONE', #1057 ) ;
#1333 = DIRECTION ( 'NONE',  ( 6.123031769111888756E-17, 0.0000000000000000000, 1.000000000000000000 ) ) ;
#1334 = LINE ( 'NONE', #1870, #1307 ) ;
#1335 = CARTESIAN_POINT ( 'NONE',  ( -3.533601633954469957E-15, 8.619999999999999218, -8.349999999999999645 ) ) ;
#1336 = ORIENTED_EDGE ( 'NONE', *, *, #2197, .T. ) ;
#1337 = VECTOR ( 'NONE', #1530, 1000.000000000000000 ) ;
#1338 = DIRECTION ( 'NONE',  ( 6.123031769111888756E-17, 0.0000000000000000000, 1.000000000000000000 ) ) ;
#1339 = VERTEX_POINT ( 'NONE', #468 ) ;
#1340 = ORIENTED_EDGE ( 'NONE', *, *, #332, .T. ) ;
#1341 = DIRECTION ( 'NONE',  ( -6.123031769111888756E-17, 0.0000000000000000000, -1.000000000000000000 ) ) ;
#1342 = DIRECTION ( 'NONE',  ( 6.123031769111888756E-17, -1.000000000000000000, -3.749151804555340178E-33 ) ) ;
#1343 = EDGE_LOOP ( 'NONE', ( #2415, #2142, #1235, #1211 ) ) ;
#1344 = AXIS2_PLACEMENT_3D ( 'NONE', #2085, #1376, #997 ) ;
#1345 = AXIS2_PLACEMENT_3D ( 'NONE', #2007, #1435, #1708 ) ;
#1346 = AXIS2_PLACEMENT_3D ( 'NONE', #2315, #769, #1111 ) ;
#1347 = AXIS2_PLACEMENT_3D ( 'NONE', #1534, #1933, #739 ) ;
#1348 = FACE_OUTER_BOUND ( 'NONE', #353, .T. ) ;
#1349 = DIRECTION ( 'NONE',  ( 6.123031769111888756E-17, -1.000000000000000000, -3.749151804555340178E-33 ) ) ;
#1350 = DIRECTION ( 'NONE',  ( 0.7071067811865480168, -0.7071067811865470176, 0.0000000000000000000 ) ) ;
#1351 = ORIENTED_EDGE ( 'NONE', *, *, #1575, .T. ) ;
#1352 = EDGE_CURVE ( 'NONE', #323, #2150, #1627, .T. ) ;
#1353 = EDGE_CURVE ( 'NONE', #1215, #2233, #776, .T. ) ;
#1354 = VECTOR ( 'NONE', #138, 1000.000000000000000 ) ;
#1355 = ORIENTED_EDGE ( 'NONE', *, *, #1265, .F. ) ;
#1356 = CARTESIAN_POINT ( 'NONE',  ( -28.69999999999999929, 33.30000000000000426, 8.349999999999999645 ) ) ;
#1357 = CARTESIAN_POINT ( 'NONE',  ( 23.01632572762209961, 53.70003063723189740, 3.204293994002419765 ) ) ;
#1358 = CARTESIAN_POINT ( 'NONE',  ( -61.50000000000000000, 0.0000000000000000000, -19.00000000000000000 ) ) ;
#1359 = PLANE ( 'NONE',  #301 ) ;
#1360 = LINE ( 'NONE', #230, #2218 ) ;
#1361 = EDGE_CURVE ( 'NONE', #2310, #36, #2444, .T. ) ;
#1362 = ORIENTED_EDGE ( 'NONE', *, *, #1645, .F. ) ;
#1363 = CARTESIAN_POINT ( 'NONE',  ( 0.0000000000000000000, 14.00000000000000000, -8.129478686586420339E-16 ) ) ;
#1364 = CARTESIAN_POINT ( 'NONE',  ( -44.50000000000000000, 0.0000000000000000000, 1.530757942277970340E-17 ) ) ;
#1365 = CYLINDRICAL_SURFACE ( 'NONE', #1344, 22.67999999999999972 ) ;
#1366 = LINE ( 'NONE', #748, #1454 ) ;
#1367 = ORIENTED_EDGE ( 'NONE', *, *, #29, .F. ) ;
#1368 = FACE_OUTER_BOUND ( 'NONE', #2003, .T. ) ;
#1369 = CARTESIAN_POINT ( 'NONE',  ( -30.58050849806129889, 33.30000000000000426, 8.349999999999999645 ) ) ;
#1370 = DIRECTION ( 'NONE',  ( -6.123031769111888756E-17, 0.0000000000000000000, -1.000000000000000000 ) ) ;
#1371 = CYLINDRICAL_SURFACE ( 'NONE', #1716, 22.67999999999999972 ) ;
#1372 = ADVANCED_FACE ( 'NONE', ( #730 ), #329, .T. ) ;
#1373 = ORIENTED_EDGE ( 'NONE', *, *, #2479, .F. ) ;
#1374 = CARTESIAN_POINT ( 'NONE',  ( 30.58050849806129889, 33.30000000000000426, -8.349999999999999645 ) ) ;
#1375 = DIRECTION ( 'NONE',  ( 6.123031769111888756E-17, 0.0000000000000000000, 1.000000000000000000 ) ) ;
#1376 = DIRECTION ( 'NONE',  ( 6.123031769111888756E-17, 0.0000000000000000000, 1.000000000000000000 ) ) ;
#1377 = VECTOR ( 'NONE', #1961, 1000.000000000000000 ) ;
#1378 = ORIENTED_EDGE ( 'NONE', *, *, #714, .F. ) ;
#1379 = ORIENTED_EDGE ( 'NONE', *, *, #1174, .F. ) ;
#1380 = AXIS2_PLACEMENT_3D ( 'NONE', #1064, #2136, #2295 ) ;
#1381 = DIRECTION ( 'NONE',  ( 1.000000000000000000, 0.0000000000000000000, 0.0000000000000000000 ) ) ;
#1382 = CARTESIAN_POINT ( 'NONE',  ( 25.95081886954629979, 59.25081886954630050, 0.0000000000000000000 ) ) ;
#1383 = LINE ( 'NONE', #1683, #2253 ) ;
#1384 = AXIS2_PLACEMENT_3D ( 'NONE', #605, #840, #1564 ) ;
#1385 = APPROVAL ( #1748, '未指定' ) ;
#1386 = ORIENTED_EDGE ( 'NONE', *, *, #2556, .T. ) ;
#1387 = AXIS2_PLACEMENT_3D ( 'NONE', #2193, #1208, #566 ) ;
#1388 = PLANE ( 'NONE',  #2413 ) ;
#1389 = VECTOR ( 'NONE', #1788, 1000.000000000000000 ) ;
#1390 = CARTESIAN_POINT ( 'NONE',  ( 19.62221317792669950, 58.15480335870710604, -2.136195996001619690 ) ) ;
#1391 = EDGE_CURVE ( 'NONE', #355, #339, #2487, .T. ) ;
#1392 = VECTOR ( 'NONE', #1711, 1000.000000000000000 ) ;
#1393 = CARTESIAN_POINT ( 'NONE',  ( 22.48671725440849656, 55.78671725440850082, 0.0000000000000000000 ) ) ;
#1394 = ADVANCED_FACE ( 'NONE', ( #1602 ), #752, .T. ) ;
#1395 = LINE ( 'NONE', #1142, #2317 ) ;
#1396 = VERTEX_POINT ( 'NONE', #810 ) ;
#1397 = DIRECTION ( 'NONE',  ( -0.9063077870366501587, -0.4226182617406989972, -4.188400406518539573E-17 ) ) ;
#1398 = CARTESIAN_POINT ( 'NONE',  ( 63.50000000000000000, 0.0000000000000000000, 17.00000000000000000 ) ) ;
#1399 = FACE_OUTER_BOUND ( 'NONE', #277, .T. ) ;
#1400 = ORIENTED_EDGE ( 'NONE', *, *, #1894, .T. ) ;
#1401 = DIRECTION ( 'NONE',  ( 0.0000000000000000000, 1.000000000000000000, 0.0000000000000000000 ) ) ;
#1402 = DIRECTION ( 'NONE',  ( 0.7071067811865475727, 0.7071067811865475727, 0.0000000000000000000 ) ) ;
#1403 = ORIENTED_EDGE ( 'NONE', *, *, #1353, .T. ) ;
#1404 = EDGE_CURVE ( 'NONE', #2034, #2189, #737, .T. ) ;
#1405 = CYLINDRICAL_SURFACE ( 'NONE', #1261, 22.67999999999999972 ) ;
#1406 = VERTEX_POINT ( 'NONE', #761 ) ;
#1407 = EDGE_LOOP ( 'NONE', ( #1802, #2324, #317, #933 ) ) ;
#1408 = DIRECTION ( 'NONE',  ( 6.123031769111888756E-17, 0.0000000000000000000, 1.000000000000000000 ) ) ;
#1409 = CARTESIAN_POINT ( 'NONE',  ( 21.35462479183370021, 51.11909088590100225, 0.0000000000000000000 ) ) ;
#1410 = PLANE ( 'NONE',  #2279 ) ;
#1411 = EDGE_CURVE ( 'NONE', #845, #183, #1634, .T. ) ;
#1412 = CYLINDRICAL_SURFACE ( 'NONE', #841, 10.00000000000000178 ) ;
#1413 = LINE ( 'NONE', #304, #596 ) ;
#1414 = EDGE_LOOP ( 'NONE', ( #493, #657 ) ) ;
#1415 = ORIENTED_EDGE ( 'NONE', *, *, #362, .F. ) ;
#1416 = DIRECTION ( 'NONE',  ( 0.0000000000000000000, 1.000000000000000000, 0.0000000000000000000 ) ) ;
#1417 = DIRECTION ( 'NONE',  ( 0.0000000000000000000, 1.000000000000000000, 0.0000000000000000000 ) ) ;
#1418 = SECURITY_CLASSIFICATION ( '', '', #1924 ) ;
#1419 = ADVANCED_FACE ( 'NONE', ( #693 ), #2508, .T. ) ;
#1420 = AXIS2_PLACEMENT_3D ( 'NONE', #1161, #2129, #352 ) ;
#1421 = CARTESIAN_POINT ( 'NONE',  ( 3.888125173386050161E-16, 56.98000000000000398, 6.349999999999999645 ) ) ;
#1422 = FACE_OUTER_BOUND ( 'NONE', #1694, .T. ) ;
#1423 = FACE_OUTER_BOUND ( 'NONE', #2238, .T. ) ;
#1424 = ORIENTED_EDGE ( 'NONE', *, *, #118, .T. ) ;
#1425 = CARTESIAN_POINT ( 'NONE',  ( 63.50000000000000000, 0.0000000000000000000, 0.0000000000000000000 ) ) ;
#1426 = VECTOR ( 'NONE', #175, 1000.000000000000000 ) ;
#1427 = CARTESIAN_POINT ( 'NONE',  ( 25.95081886954629979, 59.25081886954630050, 0.0000000000000000000 ) ) ;
#1428 = LINE ( 'NONE', #756, #2298 ) ;
#1429 = ORIENTED_EDGE ( 'NONE', *, *, #1876, .F. ) ;
#1430 = DIRECTION ( 'NONE',  ( 1.000000000000000000, -9.063907800772430102E-33, 1.480297366166879989E-16 ) ) ;
#1431 = CIRCLE ( 'NONE', #266, 1.500000000000001998 ) ;
#1432 = CIRCLE ( 'NONE', #2219, 31.69999999999999929 ) ;
#1433 = EDGE_LOOP ( 'NONE', ( #456, #1956, #1911, #855 ) ) ;
#1434 = DIRECTION ( 'NONE',  ( -1.000000000000000000, 6.123031769111888756E-17, 0.0000000000000000000 ) ) ;
#1435 = DIRECTION ( 'NONE',  ( 0.0000000000000000000, -1.000000000000000000, 0.0000000000000000000 ) ) ;
#1436 = CARTESIAN_POINT ( 'NONE',  ( 50.50000000000000000, 14.00000000000000000, -6.500000000000000000 ) ) ;
#1437 = CARTESIAN_POINT ( 'NONE',  ( -63.50000000000000000, 0.0000000000000000000, 0.0000000000000000000 ) ) ;
#1438 = FACE_OUTER_BOUND ( 'NONE', #684, .T. ) ;
#1439 = LINE ( 'NONE', #584, #555 ) ;
#1440 = CIRCLE ( 'NONE', #1898, 31.69999999999999929 ) ;
#1441 = ORIENTED_EDGE ( 'NONE', *, *, #835, .F. ) ;
#1442 = CARTESIAN_POINT ( 'NONE',  ( -2.777407210469149791E-15, 10.61999999999999922, 1.700615258546300108E-31 ) ) ;
#1443 = DIRECTION ( 'NONE',  ( 0.0000000000000000000, 1.000000000000000000, 6.123031769111888756E-17 ) ) ;
#1444 = VECTOR ( 'NONE', #1883, 1000.000000000000000 ) ;
#1445 = CIRCLE ( 'NONE', #1612, 17.92500000000000426 ) ;
#1446 = SPHERICAL_SURFACE ( 'NONE', #1074, 31.69999999999999929 ) ;
#1447 = CIRCLE ( 'NONE', #1755, 4.069397989875159993 ) ;
#1448 = ORIENTED_EDGE ( 'NONE', *, *, #846, .T. ) ;
#1449 = ORIENTED_EDGE ( 'NONE', *, *, #1620, .T. ) ;
#1450 = ADVANCED_FACE ( 'NONE', ( #1595, #2406, #741, #1598, #2491 ), #1895, .T. ) ;
#1451 = LINE ( 'NONE', #2472, #631 ) ;
#1452 = CARTESIAN_POINT ( 'NONE',  ( -30.58050849806129889, 14.00000000000000000, 8.349999999999999645 ) ) ;
#1453 = EDGE_CURVE ( 'NONE', #1659, #1332, #781, .T. ) ;
#1454 = VECTOR ( 'NONE', #2024, 1000.000000000000000 ) ;
#1455 = CIRCLE ( 'NONE', #2149, 2.000000000000001776 ) ;
#1456 = VECTOR ( 'NONE', #1506, 1000.000000000000000 ) ;
#1457 = EDGE_LOOP ( 'NONE', ( #619, #765, #169, #2503 ) ) ;
#1458 = VERTEX_POINT ( 'NONE', #1155 ) ;
#1459 = DIRECTION ( 'NONE',  ( 0.0000000000000000000, 1.000000000000000000, 6.123031769111888756E-17 ) ) ;
#1460 = AXIS2_PLACEMENT_3D ( 'NONE', #1836, #1976, #1857 ) ;
#1461 = VECTOR ( 'NONE', #449, 1000.000000000000000 ) ;
#1462 = AXIS2_PLACEMENT_3D ( 'NONE', #1277, #111, #1902 ) ;
#1463 = CIRCLE ( 'NONE', #213, 12.49999999999999645 ) ;
#1464 = VERTEX_POINT ( 'NONE', #1120 ) ;
#1465 = AXIS2_PLACEMENT_3D ( 'NONE', #1029, #2047, #1075 ) ;
#1466 = CIRCLE ( 'NONE', #1917, 22.67999999999999972 ) ;
#1467 = FACE_BOUND ( 'NONE', #754, .T. ) ;
#1468 = CIRCLE ( 'NONE', #703, 6.499999999999999112 ) ;
#1469 = EDGE_CURVE ( 'NONE', #2038, #1590, #2456, .T. ) ;
#1470 = ORIENTED_EDGE ( 'NONE', *, *, #1652, .T. ) ;
#1471 = DIRECTION ( 'NONE',  ( -3.749151804555340178E-33, -6.123031769111888756E-17, 1.000000000000000000 ) ) ;
#1472 = DIRECTION ( 'NONE',  ( 0.0000000000000000000, 1.000000000000000000, 0.0000000000000000000 ) ) ;
#1473 = LINE ( 'NONE', #2030, #2327 ) ;
#1474 = LINE ( 'NONE', #2109, #72 ) ;
#1475 = FACE_OUTER_BOUND ( 'NONE', #2567, .T. ) ;
#1476 = CIRCLE ( 'NONE', #1158, 10.00000000000000178 ) ;
#1477 = ORIENTED_EDGE ( 'NONE', *, *, #1411, .T. ) ;
#1478 = EDGE_CURVE ( 'NONE', #207, #1599, #1566, .T. ) ;
#1479 = DIRECTION ( 'NONE',  ( 0.0000000000000000000, 1.000000000000000000, 0.0000000000000000000 ) ) ;
#1480 = LINE ( 'NONE', #1579, #595 ) ;
#1481 = DIRECTION ( 'NONE',  ( 1.000000000000000000, 0.0000000000000000000, 0.0000000000000000000 ) ) ;
#1482 = FACE_BOUND ( 'NONE', #1156, .T. ) ;
#1483 = LINE ( 'NONE', #2133, #2340 ) ;
#1484 = EDGE_LOOP ( 'NONE', ( #651, #1704, #1966, #2022 ) ) ;
#1485 = APPROVAL_PERSON_ORGANIZATION ( #1510, #472, #1770 ) ;
#1486 = ADVANCED_FACE ( 'NONE', ( #2420 ), #1573, .T. ) ;
#1487 = CIRCLE ( 'NONE', #897, 24.67999999999999972 ) ;
#1488 = VECTOR ( 'NONE', #1824, 1000.000000000000000 ) ;
#1489 = CIRCLE ( 'NONE', #2475, 6.499999999999999112 ) ;
#1490 = ORIENTED_EDGE ( 'NONE', *, *, #411, .F. ) ;
#1491 = VERTEX_POINT ( 'NONE', #1798 ) ;
#1492 = COORDINATED_UNIVERSAL_TIME_OFFSET ( 8, 0, .AHEAD. ) ;
#1493 = CARTESIAN_POINT ( 'NONE',  ( 63.50000000000000000, 6.000000000000000000, -17.00000000000000000 ) ) ;
#1494 = CIRCLE ( 'NONE', #1124, 22.67999999999999972 ) ;
#1495 = CIRCLE ( 'NONE', #470, 6.499999999999999112 ) ;
#1496 = ORIENTED_EDGE ( 'NONE', *, *, #659, .F. ) ;
#1497 = VECTOR ( 'NONE', #123, 1000.000000000000000 ) ;
#1498 = CARTESIAN_POINT ( 'NONE',  ( -47.50000000000000000, 12.00000000000000000, -6.107724189689109731E-15 ) ) ;
#1499 = DATE_TIME_ROLE ( 'creation_date' ) ;
#1500 = LINE ( 'NONE', #110, #688 ) ;
#1501 = LINE ( 'NONE', #1628, #766 ) ;
#1502 = ORIENTED_EDGE ( 'NONE', *, *, #278, .F. ) ;
#1503 = LINE ( 'NONE', #1089, #2395 ) ;
#1504 = AXIS2_PLACEMENT_3D ( 'NONE', #498, #2555, #1116 ) ;
#1505 = CARTESIAN_POINT ( 'NONE',  ( 3.275821996474860053E-16, 33.30000000000000426, 5.349999999999999645 ) ) ;
#1506 = DIRECTION ( 'NONE',  ( 0.0000000000000000000, 0.0000000000000000000, -1.000000000000000000 ) ) ;
#1507 = CIRCLE ( 'NONE', #1032, 6.499999999999999112 ) ;
#1508 = ORIENTED_EDGE ( 'NONE', *, *, #893, .T. ) ;
#1509 = ORIENTED_EDGE ( 'NONE', *, *, #1912, .T. ) ;
#1510 = PERSON_AND_ORGANIZATION ( #1577, #1551 ) ;
#1511 = AXIS2_PLACEMENT_3D ( 'NONE', #1027, #1829, #2195 ) ;
#1512 = CC_DESIGN_APPROVAL ( #1385, ( #2563 ) ) ;
#1513 = VECTOR ( 'NONE', #2433, 1000.000000000000000 ) ;
#1514 = AXIS2_PLACEMENT_3D ( 'NONE', #297, #1443, #1673 ) ;
#1515 = VECTOR ( 'NONE', #507, 1000.000000000000000 ) ;
#1516 = EDGE_LOOP ( 'NONE', ( #1759, #1689 ) ) ;
#1517 = CARTESIAN_POINT ( 'NONE',  ( 3.130541756803709825E-32, 0.0000000000000000000, -8.349999999999999645 ) ) ;
#1518 = CARTESIAN_POINT ( 'NONE',  ( -63.50000000000000000, 0.0000000000000000000, 17.00000000000000000 ) ) ;
#1519 = EDGE_CURVE ( 'NONE', #288, #1339, #2422, .T. ) ;
#1520 = EDGE_CURVE ( 'NONE', #2063, #1890, #854, .T. ) ;
#1521 = CYLINDRICAL_SURFACE ( 'NONE', #2220, 22.67999999999999972 ) ;
#1522 = VECTOR ( 'NONE', #626, 1000.000000000000114 ) ;
#1523 = ORIENTED_EDGE ( 'NONE', *, *, #721, .T. ) ;
#1524 = FACE_BOUND ( 'NONE', #1654, .T. ) ;
#1525 = FACE_OUTER_BOUND ( 'NONE', #1145, .T. ) ;
#1526 = CIRCLE ( 'NONE', #2026, 12.49999999999999645 ) ;
#1527 = EDGE_CURVE ( 'NONE', #320, #2419, #2546, .T. ) ;
#1528 = CIRCLE ( 'NONE', #442, 4.069397989875162658 ) ;
#1529 = ORIENTED_EDGE ( 'NONE', *, *, #1042, .F. ) ;
#1530 = DIRECTION ( 'NONE',  ( -1.000000000000000000, 9.063907800772430102E-33, -1.480297366166879989E-16 ) ) ;
#1531 = SPHERICAL_SURFACE ( 'NONE', #1462, 5.500000000000000000 ) ;
#1532 = VERTEX_POINT ( 'NONE', #847 ) ;
#1533 = ORIENTED_EDGE ( 'NONE', *, *, #535, .T. ) ;
#1534 = CARTESIAN_POINT ( 'NONE',  ( 0.0000000000000000000, 33.30000000000000426, -8.349999999999999645 ) ) ;
#1535 = SPHERICAL_SURFACE ( 'NONE', #956, 5.500000000000000000 ) ;
#1536 = CARTESIAN_POINT ( 'NONE',  ( -3.275821996474860053E-16, 51.22500000000000142, -5.349999999999999645 ) ) ;
#1537 = FACE_OUTER_BOUND ( 'NONE', #314, .T. ) ;
#1538 = FACE_OUTER_BOUND ( 'NONE', #705, .T. ) ;
#1539 = EDGE_LOOP ( 'NONE', ( #1152, #2035, #2407, #2423, #1115, #1134, #436, #1242, #598, #2080, #361, #290 ) ) ;
#1540 = CARTESIAN_POINT ( 'NONE',  ( 3.552713678800499352E-15, 0.0000000000000000000, 8.349999999999999645 ) ) ;
#1541 = APPROVAL_STATUS ( 'not_yet_approved' ) ;
#1542 = CARTESIAN_POINT ( 'NONE',  ( 47.50000000000000000, 12.00000000000000000, 12.50000000000000000 ) ) ;
#1543 = FACE_OUTER_BOUND ( 'NONE', #853, .T. ) ;
#1544 = EDGE_LOOP ( 'NONE', ( #2243, #1362, #792, #834 ) ) ;
#1545 = EDGE_CURVE ( 'NONE', #487, #1549, #816, .T. ) ;
#1546 = DIRECTION ( 'NONE',  ( 3.870458008999209872E-65, -1.000000000000000000, -6.123031769111888756E-17 ) ) ;
#1547 = AXIS2_PLACEMENT_3D ( 'NONE', #2350, #2462, #784 ) ;
#1548 = EDGE_LOOP ( 'NONE', ( #2152, #1310, #557, #2069, #1675, #1286 ) ) ;
#1549 = VERTEX_POINT ( 'NONE', #229 ) ;
#1550 = CARTESIAN_POINT ( 'NONE',  ( 19.62221317792669950, 58.15480335870710604, 2.136195996001609920 ) ) ;
#1551 = ORGANIZATION ( '未指定', '未指定', '' ) ;
#1552 = AXIS2_PLACEMENT_3D ( 'NONE', #1363, #1303, #273 ) ;
#1553 = ORIENTED_EDGE ( 'NONE', *, *, #809, .T. ) ;
#1554 = CARTESIAN_POINT ( 'NONE',  ( 24.85480335870710178, 52.92221317792670021, 0.0000000000000000000 ) ) ;
#1555 = DIRECTION ( 'NONE',  ( 6.123031769111888756E-17, 0.0000000000000000000, 1.000000000000000000 ) ) ;
#1556 = DIRECTION ( 'NONE',  ( 1.000000000000000000, 0.0000000000000000000, 0.0000000000000000000 ) ) ;
#1557 = LINE ( 'NONE', #20, #2368 ) ;
#1558 = CIRCLE ( 'NONE', #1384, 6.499999999999999112 ) ;
#1559 = ORIENTED_EDGE ( 'NONE', *, *, #1320, .F. ) ;
#1560 = DIRECTION ( 'NONE',  ( 6.123031769111888756E-17, 0.0000000000000000000, 1.000000000000000000 ) ) ;
#1561 = MECHANICAL_CONTEXT ( 'NONE', #908, 'mechanical' ) ;
#1562 = ADVANCED_FACE ( 'NONE', ( #1688 ), #813, .F. ) ;
#1563 = ADVANCED_FACE ( 'NONE', ( #1653 ), #1684, .F. ) ;
#1564 = DIRECTION ( 'NONE',  ( 1.000000000000000000, 0.0000000000000000000, 0.0000000000000000000 ) ) ;
#1565 = DIRECTION ( 'NONE',  ( -0.3535533905932731757, 0.3535533905932731757, -0.8660254037844392627 ) ) ;
#1566 = CIRCLE ( 'NONE', #1347, 28.69999999999999929 ) ;
#1567 = DIRECTION ( 'NONE',  ( -0.7071067811865474617, -0.7071067811865474617, 0.0000000000000000000 ) ) ;
#1568 = ORIENTED_EDGE ( 'NONE', *, *, #1101, .F. ) ;
#1569 = EDGE_LOOP ( 'NONE', ( #800, #2316 ) ) ;
#1570 = DIRECTION ( 'NONE',  ( 0.0000000000000000000, 1.000000000000000000, 6.123031769111888756E-17 ) ) ;
#1571 = ADVANCED_FACE ( 'NONE', ( #851 ), #2416, .F. ) ;
#1572 = CARTESIAN_POINT ( 'NONE',  ( 27.01147904132610122, 60.31147904132610194, 0.0000000000000000000 ) ) ;
#1573 = CYLINDRICAL_SURFACE ( 'NONE', #1160, 2.000000000000001776 ) ;
#1574 = DIRECTION ( 'NONE',  ( 0.0000000000000000000, -1.000000000000000000, 0.0000000000000000000 ) ) ;
#1575 = EDGE_CURVE ( 'NONE', #2553, #1396, #2566, .T. ) ;
#1576 = LINE ( 'NONE', #2052, #772 ) ;
#1577 = PERSON ( '未指定', '未指定', '未指定', ('未指定'), ('未指定'), ('未指定') ) ;
#1578 = ORIENTED_EDGE ( 'NONE', *, *, #1990, .F. ) ;
#1579 = CARTESIAN_POINT ( 'NONE',  ( -2.572285646203899786E-15, 8.619999999999999218, 7.349999999999999645 ) ) ;
#1580 = AXIS2_PLACEMENT_3D ( 'NONE', #969, #1104, #2155 ) ;
#1581 = CYLINDRICAL_SURFACE ( 'NONE', #1326, 2.000000000000001776 ) ;
#1582 = ORIENTED_EDGE ( 'NONE', *, *, #1946, .T. ) ;
#1583 = ORIENTED_EDGE ( 'NONE', *, *, #1872, .T. ) ;
#1584 = AXIS2_PLACEMENT_3D ( 'NONE', #2455, #1254, #77 ) ;
#1585 = CIRCLE ( 'NONE', #128, 6.499999999999999112 ) ;
#1586 = EDGE_LOOP ( 'NONE', ( #1181, #1081, #372, #262, #796, #234, #712, #1578, #1449, #1167, #728, #2036 ) ) ;
#1587 = CARTESIAN_POINT ( 'NONE',  ( -47.50000000000000000, 12.00000000000000000, 12.50000000000000000 ) ) ;
#1588 = DIRECTION ( 'NONE',  ( -1.000000000000000000, 0.0000000000000000000, 0.0000000000000000000 ) ) ;
#1589 = LINE ( 'NONE', #2349, #1614 ) ;
#1590 = VERTEX_POINT ( 'NONE', #2192 ) ;
#1591 = CARTESIAN_POINT ( 'NONE',  ( -44.50000000000000000, 14.00000000000000000, 8.725320270984437965E-16 ) ) ;
#1592 = CARTESIAN_POINT ( 'NONE',  ( -7.240485066974809286E-16, 33.30000000000000426, -11.82500000000000107 ) ) ;
#1593 = CYLINDRICAL_SURFACE ( 'NONE', #838, 6.499999999999999112 ) ;
#1594 = DIRECTION ( 'NONE',  ( 1.000000000000000000, 0.0000000000000000000, 0.0000000000000000000 ) ) ;
#1595 = FACE_BOUND ( 'NONE', #351, .T. ) ;
#1596 = DIRECTION ( 'NONE',  ( 0.3535533905932738419, -0.3535533905932738419, 0.8660254037844385966 ) ) ;
#1597 = DIRECTION ( 'NONE',  ( -0.7071067811865474617, -0.7071067811865474617, 0.0000000000000000000 ) ) ;
#1598 = FACE_BOUND ( 'NONE', #2087, .T. ) ;
#1599 = VERTEX_POINT ( 'NONE', #2159 ) ;
#1600 = CARTESIAN_POINT ( 'NONE',  ( 28.90051902648119864, 0.0000000000000000000, 19.00000000000000000 ) ) ;
#1601 = DIRECTION ( 'NONE',  ( 1.000000000000000000, 0.0000000000000000000, 0.0000000000000000000 ) ) ;
#1602 = FACE_OUTER_BOUND ( 'NONE', #966, .T. ) ;
#1603 = ORIENTED_EDGE ( 'NONE', *, *, #2066, .F. ) ;
#1604 = ORIENTED_EDGE ( 'NONE', *, *, #811, .T. ) ;
#1605 = CARTESIAN_POINT ( 'NONE',  ( 27.25896641474140125, 57.94267132435120260, -3.204293994002419765 ) ) ;
#1606 = AXIS2_PLACEMENT_3D ( 'NONE', #2370, #1375, #2173 ) ;
#1607 = DIRECTION ( 'NONE',  ( 0.0000000000000000000, 1.000000000000000000, 0.0000000000000000000 ) ) ;
#1608 = CIRCLE ( 'NONE', #745, 4.069397989875158217 ) ;
#1609 = AXIS2_PLACEMENT_3D ( 'NONE', #1322, #1555, #331 ) ;
#1610 = VERTEX_POINT ( 'NONE', #2396 ) ;
#1611 = EDGE_LOOP ( 'NONE', ( #1553, #1141, #308, #264 ) ) ;
#1612 = AXIS2_PLACEMENT_3D ( 'NONE', #727, #1695, #1910 ) ;
#1613 = DIRECTION ( 'NONE',  ( -1.000000000000000000, 0.0000000000000000000, 6.123031769111888756E-17 ) ) ;
#1614 = VECTOR ( 'NONE', #1263, 1000.000000000000114 ) ;
#1615 = ORIENTED_EDGE ( 'NONE', *, *, #1122, .T. ) ;
#1616 = EDGE_CURVE ( 'NONE', #529, #280, #1698, .T. ) ;
#1617 = CARTESIAN_POINT ( 'NONE',  ( -3.888125173386050161E-16, 55.98000000000000398, -6.349999999999999645 ) ) ;
#1618 = ORIENTED_EDGE ( 'NONE', *, *, #1616, .F. ) ;
#1619 = DIRECTION ( 'NONE',  ( 6.123031769111888756E-17, 0.0000000000000000000, 1.000000000000000000 ) ) ;
#1620 = EDGE_CURVE ( 'NONE', #2008, #949, #1693, .T. ) ;
#1621 = VERTEX_POINT ( 'NONE', #422 ) ;
#1622 = CARTESIAN_POINT ( 'NONE',  ( -63.50000000000000000, 6.000000000000000000, 0.0000000000000000000 ) ) ;
#1623 = DIRECTION ( 'NONE',  ( -1.000000000000000000, 2.295617560651549988E-49, -3.749151804555340178E-33 ) ) ;
#1624 = CYLINDRICAL_SURFACE ( 'NONE', #2336, 2.500000000000000888 ) ;
#1625 = ORIENTED_EDGE ( 'NONE', *, *, #1469, .F. ) ;
#1626 = PLANE ( 'NONE',  #1420 ) ;
#1627 = CIRCLE ( 'NONE', #1182, 6.499999999999999112 ) ;
#1628 = CARTESIAN_POINT ( 'NONE',  ( 22.23850826831689886, 55.53850826831690313, 4.272391992003229610 ) ) ;
#1629 = VECTOR ( 'NONE', #1434, 1000.000000000000000 ) ;
#1630 = ORIENTED_EDGE ( 'NONE', *, *, #1520, .F. ) ;
#1631 = CARTESIAN_POINT ( 'NONE',  ( 30.58050849806129889, 33.30000000000000426, 8.349999999999999645 ) ) ;
#1632 = CARTESIAN_POINT ( 'NONE',  ( 0.0000000000000000000, 6.000000000000000000, 19.00000000000000000 ) ) ;
#1633 = EDGE_CURVE ( 'NONE', #1199, #1610, #2516, .T. ) ;
#1634 = CIRCLE ( 'NONE', #241, 30.58050849806129889 ) ;
#1635 = ORIENTED_EDGE ( 'NONE', *, *, #102, .F. ) ;
#1636 = DIRECTION ( 'NONE',  ( 6.123031769111888756E-17, 1.000000000000000000, 6.123031769111888756E-17 ) ) ;
#1637 = AXIS2_PLACEMENT_3D ( 'NONE', #1897, #416, #655 ) ;
#1638 = AXIS2_PLACEMENT_3D ( 'NONE', #707, #1097, #139 ) ;
#1639 = AXIS2_PLACEMENT_3D ( 'NONE', #1077, #112, #734 ) ;
#1640 = ORIENTED_EDGE ( 'NONE', *, *, #831, .F. ) ;
#1641 = CARTESIAN_POINT ( 'NONE',  ( 27.71858582251270064, 56.06883835420679674, 0.0000000000000000000 ) ) ;
#1642 = PLANE ( 'NONE',  #1916 ) ;
#1643 = DIRECTION ( 'NONE',  ( 6.123031769111888756E-17, 0.0000000000000000000, 1.000000000000000000 ) ) ;
#1644 = EDGE_CURVE ( 'NONE', #640, #1532, #1703, .T. ) ;
#1645 = EDGE_CURVE ( 'NONE', #2070, #1610, #819, .T. ) ;
#1646 = CIRCLE ( 'NONE', #1723, 3.500000000000000000 ) ;
#1647 = ORIENTED_EDGE ( 'NONE', *, *, #102, .T. ) ;
#1648 = VECTOR ( 'NONE', #875, 1000.000000000000000 ) ;
#1649 = ORIENTED_EDGE ( 'NONE', *, *, #2067, .F. ) ;
#1650 = CARTESIAN_POINT ( 'NONE',  ( -5.112731527208419531E-16, 33.30000000000000426, -8.349999999999999645 ) ) ;
#1651 = CARTESIAN_POINT ( 'NONE',  ( -5.112731527208419531E-16, 57.97999999999999687, -8.349999999999999645 ) ) ;
#1652 = EDGE_CURVE ( 'NONE', #335, #288, #866, .T. ) ;
#1653 = FACE_OUTER_BOUND ( 'NONE', #2020, .T. ) ;
#1654 = EDGE_LOOP ( 'NONE', ( #2082, #820 ) ) ;
#1655 = DIRECTION ( 'NONE',  ( 1.000000000000000000, 0.0000000000000000000, 0.0000000000000000000 ) ) ;
#1656 = DIRECTION ( 'NONE',  ( 6.123031769111888756E-17, 0.0000000000000000000, 1.000000000000000000 ) ) ;
#1657 = VECTOR ( 'NONE', #863, 1000.000000000000000 ) ;
#1658 = ORIENTED_EDGE ( 'NONE', *, *, #2383, .F. ) ;
#1659 = VERTEX_POINT ( 'NONE', #2210 ) ;
#1660 = CARTESIAN_POINT ( 'NONE',  ( -30.58050849806129889, 33.30000000000000426, 8.349999999999999645 ) ) ;
#1661 = CARTESIAN_POINT ( 'NONE',  ( 1.471058382529129853E-15, 51.22500000000000142, -11.82500000000000107 ) ) ;
#1662 = LINE ( 'NONE', #2417, #2266 ) ;
#1663 = ORIENTED_EDGE ( 'NONE', *, *, #2245, .F. ) ;
#1664 = ADVANCED_FACE ( 'NONE', ( #2557 ), #589, .F. ) ;
#1665 = VECTOR ( 'NONE', #2448, 1000.000000000000000 ) ;
#1666 = ORIENTED_EDGE ( 'NONE', *, *, #2055, .T. ) ;
#1667 = DIRECTION ( 'NONE',  ( 0.0000000000000000000, 1.000000000000000000, 0.0000000000000000000 ) ) ;
#1668 = CARTESIAN_POINT ( 'NONE',  ( 28.69999999999999929, 33.30000000000000426, 8.349999999999999645 ) ) ;
#1669 = EDGE_CURVE ( 'NONE', #1590, #1125, #1709, .T. ) ;
#1670 = SPHERICAL_SURFACE ( 'NONE', #1794, 1.500000000000000000 ) ;
#1671 = DIRECTION ( 'NONE',  ( 1.000000000000000000, 0.0000000000000000000, 0.0000000000000000000 ) ) ;
#1672 = AXIS2_PLACEMENT_3D ( 'NONE', #2184, #1408, #2239 ) ;
#1673 = DIRECTION ( 'NONE',  ( 1.000000000000000000, 0.0000000000000000000, 0.0000000000000000000 ) ) ;
#1674 = AXIS2_PLACEMENT_3D ( 'NONE', #1862, #1232, #826 ) ;
#1675 = ORIENTED_EDGE ( 'NONE', *, *, #1882, .T. ) ;
#1676 = DIRECTION ( 'NONE',  ( 0.0000000000000000000, 0.0000000000000000000, -1.000000000000000000 ) ) ;
#1677 = CARTESIAN_POINT ( 'NONE',  ( 0.0000000000000000000, 33.30000000000000426, 8.349999999999999645 ) ) ;
#1678 = EDGE_LOOP ( 'NONE', ( #2027, #2106, #534, #2011 ) ) ;
#1679 = VECTOR ( 'NONE', #91, 1000.000000000000000 ) ;
#1680 = DIRECTION ( 'NONE',  ( 0.7071067811865480168, -0.7071067811865470176, 0.0000000000000000000 ) ) ;
#1681 = CYLINDRICAL_SURFACE ( 'NONE', #1973, 6.499999999999999112 ) ;
#1682 = VERTEX_POINT ( 'NONE', #862 ) ;
#1683 = CARTESIAN_POINT ( 'NONE',  ( 47.50000000000000000, 12.00000000000000000, -12.50000000000000000 ) ) ;
#1684 = CYLINDRICAL_SURFACE ( 'NONE', #1674, 111.7999999999999972 ) ;
#1685 = EDGE_LOOP ( 'NONE', ( #1194, #1173, #1212, #719, #2065, #2439 ) ) ;
#1686 = EDGE_CURVE ( 'NONE', #1458, #347, #2584, .T. ) ;
#1687 = DIRECTION ( 'NONE',  ( 1.000000000000000000, 0.0000000000000000000, 0.0000000000000000000 ) ) ;
#1688 = FACE_OUTER_BOUND ( 'NONE', #860, .T. ) ;
#1689 = ORIENTED_EDGE ( 'NONE', *, *, #732, .F. ) ;
#1690 = DIRECTION ( 'NONE',  ( 6.123031769111888756E-17, 0.0000000000000000000, 1.000000000000000000 ) ) ;
#1691 = LINE ( 'NONE', #633, #2534 ) ;
#1692 = EDGE_LOOP ( 'NONE', ( #478, #1112, #2478, #794 ) ) ;
#1693 = CIRCLE ( 'NONE', #1056, 2.000000000000001776 ) ;
#1694 = EDGE_LOOP ( 'NONE', ( #499, #799 ) ) ;
#1695 = DIRECTION ( 'NONE',  ( 6.123031769111888756E-17, 0.0000000000000000000, 1.000000000000000000 ) ) ;
#1696 = PERSON_AND_ORGANIZATION_ROLE ( 'design_owner' ) ;
#1697 = CARTESIAN_POINT ( 'NONE',  ( 47.50000000000000000, 14.00000000000000000, -1.683833736505769963E-16 ) ) ;
#1698 = CIRCLE ( 'NONE', #2096, 4.069397989875159993 ) ;
#1699 = ORIENTED_EDGE ( 'NONE', *, *, #1853, .T. ) ;
#1700 = CARTESIAN_POINT ( 'NONE',  ( 3.888125173386050161E-16, 33.30000000000000426, 6.349999999999999645 ) ) ;
#1701 = CARTESIAN_POINT ( 'NONE',  ( -28.90051902648109916, 12.00000000000000000, -19.00000000000000000 ) ) ;
#1702 = PLANE ( 'NONE',  #1639 ) ;
#1703 = LINE ( 'NONE', #617, #2551 ) ;
#1704 = ORIENTED_EDGE ( 'NONE', *, *, #951, .F. ) ;
#1705 = CARTESIAN_POINT ( 'NONE',  ( 47.50000000000000000, 12.00000000000000000, -12.50000000000000000 ) ) ;
#1706 = CIRCLE ( 'NONE', #1899, 17.92500000000000426 ) ;
#1707 = ORIENTED_EDGE ( 'NONE', *, *, #1978, .T. ) ;
#1708 = DIRECTION ( 'NONE',  ( -1.000000000000000000, 0.0000000000000000000, 0.0000000000000000000 ) ) ;
#1709 = LINE ( 'NONE', #401, #2539 ) ;
#1710 = ORIENTED_EDGE ( 'NONE', *, *, #2471, .T. ) ;
#1711 = DIRECTION ( 'NONE',  ( 1.000000000000000000, 0.0000000000000000000, 0.0000000000000000000 ) ) ;
#1712 = CARTESIAN_POINT ( 'NONE',  ( 21.24146887576279852, 14.00000000000000000, -8.349999999999999645 ) ) ;
#1713 = VECTOR ( 'NONE', #950, 1000.000000000000000 ) ;
#1714 = ORIENTED_EDGE ( 'NONE', *, *, #2496, .F. ) ;
#1715 = ADVANCED_FACE ( 'NONE', ( #2518 ), #152, .F. ) ;
#1716 = AXIS2_PLACEMENT_3D ( 'NONE', #1777, #1915, #540 ) ;
#1717 = DIRECTION ( 'NONE',  ( 0.0000000000000000000, 0.0000000000000000000, -1.000000000000000000 ) ) ;
#1718 = DIRECTION ( 'NONE',  ( 3.749151804555340178E-33, 6.123031769111888756E-17, -1.000000000000000000 ) ) ;
#1719 = LINE ( 'NONE', #208, #1648 ) ;
#1720 = ORIENTED_EDGE ( 'NONE', *, *, #861, .T. ) ;
#1721 = AXIS2_PLACEMENT_3D ( 'NONE', #1001, #2107, #506 ) ;
#1722 = PRODUCT_RELATED_PRODUCT_CATEGORY ( 'detail', '', ( #343 ) ) ;
#1723 = AXIS2_PLACEMENT_3D ( 'NONE', #1382, #7, #188 ) ;
#1724 = DIRECTION ( 'NONE',  ( 6.123031769111888756E-17, 0.0000000000000000000, 1.000000000000000000 ) ) ;
#1725 = CYLINDRICAL_SURFACE ( 'NONE', #802, 24.67999999999999972 ) ;
#1726 = EDGE_LOOP ( 'NONE', ( #1970, #300, #2019, #1989 ) ) ;
#1727 = CARTESIAN_POINT ( 'NONE',  ( -30.58050849806129889, 0.0000000000000000000, 8.349999999999999645 ) ) ;
#1728 = EDGE_CURVE ( 'NONE', #2419, #2046, #2561, .T. ) ;
#1729 = EDGE_CURVE ( 'NONE', #1332, #1659, #1706, .T. ) ;
#1730 = FACE_OUTER_BOUND ( 'NONE', #2042, .T. ) ;
#1731 = DIRECTION ( 'NONE',  ( 0.0000000000000000000, -2.188925521737295968E-16, 1.000000000000000000 ) ) ;
#1732 = EDGE_CURVE ( 'NONE', #1224, #919, #790, .T. ) ;
#1733 = CIRCLE ( 'NONE', #1913, 2.500000000000000888 ) ;
#1734 = ORIENTED_EDGE ( 'NONE', *, *, #1872, .F. ) ;
#1735 = EDGE_CURVE ( 'NONE', #1765, #1058, #2502, .T. ) ;
#1736 = ADVANCED_FACE ( 'NONE', ( #844 ), #1670, .T. ) ;
#1737 = DIRECTION ( 'NONE',  ( 3.037744391777974461E-33, 5.472313804343239919E-17, -1.000000000000000000 ) ) ;
#1738 = CARTESIAN_POINT ( 'NONE',  ( 30.58050849806129889, 33.30000000000000426, -8.349999999999999645 ) ) ;
#1739 = FACE_OUTER_BOUND ( 'NONE', #1544, .T. ) ;
#1740 = VERTEX_POINT ( 'NONE', #672 ) ;
#1741 = ADVANCED_FACE ( 'NONE', ( #849 ), #1702, .T. ) ;
#1742 = LINE ( 'NONE', #1845, #53 ) ;
#1743 = ORIENTED_EDGE ( 'NONE', *, *, #1746, .F. ) ;
#1744 = DIRECTION ( 'NONE',  ( 0.0000000000000000000, 1.000000000000000000, 0.0000000000000000000 ) ) ;
#1745 = LINE ( 'NONE', #1168, #1750 ) ;
#1746 = EDGE_CURVE ( 'NONE', #678, #251, #836, .T. ) ;
#1747 = DIRECTION ( 'NONE',  ( 0.7071067811865480168, -0.7071067811865470176, 0.0000000000000000000 ) ) ;
#1748 = APPROVAL_STATUS ( 'not_yet_approved' ) ;
#1749 = UNCERTAINTY_MEASURE_WITH_UNIT (LENGTH_MEASURE( 1.000000000000000082E-05 ), #512, 'distance_accuracy_value', 'NONE');
#1750 = VECTOR ( 'NONE', #1342, 1000.000000000000000 ) ;
#1751 = EDGE_CURVE ( 'NONE', #54, #249, #798, .T. ) ;
#1752 = ORIENTED_EDGE ( 'NONE', *, *, #374, .T. ) ;
#1753 = CARTESIAN_POINT ( 'NONE',  ( 60.00000000000000000, 14.00000000000000000, 1.362374568627389967E-15 ) ) ;
#1754 = PLANE ( 'NONE',  #1035 ) ;
#1755 = AXIS2_PLACEMENT_3D ( 'NONE', #2421, #28, #1717 ) ;
#1756 = DIRECTION ( 'NONE',  ( 0.7071067811865475727, 0.7071067811865475727, 0.0000000000000000000 ) ) ;
#1757 = CIRCLE ( 'NONE', #1460, 6.499999999999999112 ) ;
#1758 = AXIS2_PLACEMENT_3D ( 'NONE', #683, #1071, #1061 ) ;
#1759 = ORIENTED_EDGE ( 'NONE', *, *, #1575, .F. ) ;
#1760 = ADVANCED_FACE ( 'NONE', ( #2495, #828 ), #1754, .F. ) ;
#1761 = EDGE_CURVE ( 'NONE', #808, #40, #2570, .T. ) ;
#1762 = CARTESIAN_POINT ( 'NONE',  ( 25.59726547895299831, 58.89726547895300257, 0.0000000000000000000 ) ) ;
#1763 = EDGE_CURVE ( 'NONE', #1610, #296, #2523, .T. ) ;
#1764 = FACE_OUTER_BOUND ( 'NONE', #2016, .T. ) ;
#1765 = VERTEX_POINT ( 'NONE', #394 ) ;
#1766 = PLANE ( 'NONE',  #1007 ) ;
#1767 = FACE_OUTER_BOUND ( 'NONE', #1133, .T. ) ;
#1768 = ORIENTED_EDGE ( 'NONE', *, *, #2471, .F. ) ;
#1769 = CARTESIAN_POINT ( 'NONE',  ( 5.112731527208430378E-16, 33.30000000000000426, 8.349999999999999645 ) ) ;
#1770 = APPROVAL_ROLE ( '' ) ;
#1771 = EDGE_CURVE ( 'NONE', #1165, #2169, #1691, .T. ) ;
#1772 = VECTOR ( 'NONE', #1046, 1000.000000000000000 ) ;
#1773 = EDGE_LOOP ( 'NONE', ( #2424, #2103, #1298, #985 ) ) ;
#1774 = DIRECTION ( 'NONE',  ( 0.0000000000000000000, -1.000000000000000000, 0.0000000000000000000 ) ) ;
#1775 = CARTESIAN_POINT ( 'NONE',  ( -47.50000000000000000, 12.00000000000000000, 12.50000000000000000 ) ) ;
#1776 = CARTESIAN_POINT ( 'NONE',  ( -63.50000000000000000, 0.0000000000000000000, -17.00000000000000000 ) ) ;
#1777 = CARTESIAN_POINT ( 'NONE',  ( 0.0000000000000000000, 33.30000000000000426, 0.0000000000000000000 ) ) ;
#1778 = LINE ( 'NONE', #2039, #1782 ) ;
#1779 = VERTEX_POINT ( 'NONE', #82 ) ;
#1780 = LINE ( 'NONE', #1425, #977 ) ;
#1781 = DIRECTION ( 'NONE',  ( 0.0000000000000000000, -1.000000000000000000, -6.123031769111888756E-17 ) ) ;
#1782 = VECTOR ( 'NONE', #437, 1000.000000000000227 ) ;
#1783 = PLANE ( 'NONE',  #537 ) ;
#1784 = EDGE_CURVE ( 'NONE', #750, #1659, #1719, .T. ) ;
#1785 = CIRCLE ( 'NONE', #494, 4.069397989875165322 ) ;
#1786 = ORIENTED_EDGE ( 'NONE', *, *, #931, .T. ) ;
#1787 = FACE_BOUND ( 'NONE', #2037, .T. ) ;
#1788 = DIRECTION ( 'NONE',  ( -1.000000000000000000, 2.295617560651549988E-49, -3.749151804555340178E-33 ) ) ;
#1789 = EDGE_CURVE ( 'NONE', #1151, #1532, #2576, .T. ) ;
#1790 = ORIENTED_EDGE ( 'NONE', *, *, #1361, .T. ) ;
#1791 = FACE_OUTER_BOUND ( 'NONE', #334, .T. ) ;
#1792 = AXIS2_PLACEMENT_3D ( 'NONE', #1114, #995, #1823 ) ;
#1793 = DIRECTION ( 'NONE',  ( 0.7071067811865479058, 0.7071067811865470176, 0.0000000000000000000 ) ) ;
#1794 = AXIS2_PLACEMENT_3D ( 'NONE', #2048, #451, #43 ) ;
#1795 = CIRCLE ( 'NONE', #95, 2.954044648600704370 ) ;
#1796 = ORIENTED_EDGE ( 'NONE', *, *, #2302, .T. ) ;
#1797 = LINE ( 'NONE', #42, #929 ) ;
#1798 = CARTESIAN_POINT ( 'NONE',  ( 28.90051902648119864, 12.00000000000000000, -19.00000000000000000 ) ) ;
#1799 = DIRECTION ( 'NONE',  ( 0.0000000000000000000, 1.000000000000000000, 6.123031769111888756E-17 ) ) ;
#1800 = CARTESIAN_POINT ( 'NONE',  ( -63.50000000000000000, 12.00000000000000000, 0.0000000000000000000 ) ) ;
#1801 = LINE ( 'NONE', #1203, #964 ) ;
#1802 = ORIENTED_EDGE ( 'NONE', *, *, #2302, .F. ) ;
#1803 = CARTESIAN_POINT ( 'NONE',  ( 50.50000000000000000, 14.00000000000000000, 6.500000000000000000 ) ) ;
#1804 = CARTESIAN_POINT ( 'NONE',  ( -50.50000000000000000, -5.000000000000000000, 6.500000000000000000 ) ) ;
#1805 = LINE ( 'NONE', #2412, #1809 ) ;
#1806 = ORIENTED_EDGE ( 'NONE', *, *, #146, .T. ) ;
#1807 = PLANE ( 'NONE',  #1606 ) ;
#1808 = DIRECTION ( 'NONE',  ( 0.7071067811865463515, -0.7071067811865487940, 0.0000000000000000000 ) ) ;
#1809 = VECTOR ( 'NONE', #21, 1000.000000000000000 ) ;
#1810 = EDGE_CURVE ( 'NONE', #2363, #1621, #872, .T. ) ;
#1811 = DIRECTION ( 'NONE',  ( 1.000000000000000000, 0.0000000000000000000, 0.0000000000000000000 ) ) ;
#1812 = CARTESIAN_POINT ( 'NONE',  ( 30.58050849806129889, 14.00000000000000000, -8.349999999999999645 ) ) ;
#1813 = VECTOR ( 'NONE', #1570, 1000.000000000000000 ) ;
#1814 = DIRECTION ( 'NONE',  ( 0.0000000000000000000, 0.0000000000000000000, 1.000000000000000000 ) ) ;
#1815 = AXIS2_PLACEMENT_3D ( 'NONE', #971, #2273, #2578 ) ;
#1816 = FACE_OUTER_BOUND ( 'NONE', #2029, .T. ) ;
#1817 = EDGE_LOOP ( 'NONE', ( #189, #212 ) ) ;
#1818 = FACE_OUTER_BOUND ( 'NONE', #1146, .T. ) ;
#1819 = CARTESIAN_POINT ( 'NONE',  ( 7.776250346772100323E-16, 47.26249999999999574, 12.69999999999999929 ) ) ;
#1820 = DIRECTION ( 'NONE',  ( -6.123031769111888756E-17, -1.000000000000000000, -6.123031769111888756E-17 ) ) ;
#1821 = CYLINDRICAL_SURFACE ( 'NONE', #1547, 28.69999999999999929 ) ;
#1822 = ADVANCED_FACE ( 'NONE', ( #2581 ), #274, .T. ) ;
#1823 = DIRECTION ( 'NONE',  ( 1.000000000000000000, 0.0000000000000000000, 0.0000000000000000000 ) ) ;
#1824 = DIRECTION ( 'NONE',  ( 6.123031769111888756E-17, 1.000000000000000000, 6.123031769111888756E-17 ) ) ;
#1825 = FACE_OUTER_BOUND ( 'NONE', #1904, .T. ) ;
#1826 = ORIENTED_EDGE ( 'NONE', *, *, #118, .F. ) ;
#1827 = DIRECTION ( 'NONE',  ( 0.0000000000000000000, 1.000000000000000000, 0.0000000000000000000 ) ) ;
#1828 = DIRECTION ( 'NONE',  ( -0.3535533905932738419, 0.3535533905932738419, 0.8660254037844385966 ) ) ;
#1829 = DIRECTION ( 'NONE',  ( 0.0000000000000000000, 1.000000000000000000, 0.0000000000000000000 ) ) ;
#1830 = CYLINDRICAL_SURFACE ( 'NONE', #1123, 31.69999999999999929 ) ;
#1831 = DIRECTION ( 'NONE',  ( 6.123031769111888756E-17, 0.0000000000000000000, 1.000000000000000000 ) ) ;
#1832 = VECTOR ( 'NONE', #162, 1000.000000000000000 ) ;
#1833 = ORIENTED_EDGE ( 'NONE', *, *, #984, .F. ) ;
#1834 = DIRECTION ( 'NONE',  ( -1.000000000000000000, 0.0000000000000000000, 0.0000000000000000000 ) ) ;
#1835 = CARTESIAN_POINT ( 'NONE',  ( -57.00000000000000000, 7.000000000000000000, -7.194562328706469350E-16 ) ) ;
#1836 = CARTESIAN_POINT ( 'NONE',  ( -50.50000000000000000, 0.0000000000000000000, -3.520743267239329687E-16 ) ) ;
#1837 = VECTOR ( 'NONE', #814, 1000.000000000000000 ) ;
#1838 = ORIENTED_EDGE ( 'NONE', *, *, #438, .F. ) ;
#1839 = ADVANCED_FACE ( 'NONE', ( #878 ), #330, .T. ) ;
#1840 = EDGE_CURVE ( 'NONE', #2057, #387, #2527, .T. ) ;
#1841 = CARTESIAN_POINT ( 'NONE',  ( -63.50000000000000000, 6.000000000000000000, -17.00000000000000000 ) ) ;
#1842 = VECTOR ( 'NONE', #484, 1000.000000000000000 ) ;
#1843 = ORIENTED_EDGE ( 'NONE', *, *, #2041, .T. ) ;
#1844 = DIRECTION ( 'NONE',  ( 6.123031769111888756E-17, 0.0000000000000000000, 1.000000000000000000 ) ) ;
#1845 = CARTESIAN_POINT ( 'NONE',  ( 57.00000000000000000, 7.000000000000000000, 1.239913933245159932E-15 ) ) ;
#1846 = VERTEX_POINT ( 'NONE', #1812 ) ;
#1847 = AXIS2_PLACEMENT_3D ( 'NONE', #1873, #2206, #259 ) ;
#1848 = CC_DESIGN_APPROVAL ( #472, ( #268 ) ) ;
#1849 = AXIS2_PLACEMENT_3D ( 'NONE', #1622, #1811, #2176 ) ;
#1850 = CIRCLE ( 'NONE', #1609, 22.67999999999999972 ) ;
#1851 = DIRECTION ( 'NONE',  ( 6.123031769111888756E-17, 0.0000000000000000000, 1.000000000000000000 ) ) ;
#1852 = EDGE_CURVE ( 'NONE', #1954, #1339, #1646, .T. ) ;
#1853 = EDGE_CURVE ( 'NONE', #296, #1215, #832, .T. ) ;
#1854 = DIRECTION ( 'NONE',  ( 6.123031769111888756E-17, 0.0000000000000000000, 1.000000000000000000 ) ) ;
#1855 = CIRCLE ( 'NONE', #1220, 12.49999999999999645 ) ;
#1856 = ORIENTED_EDGE ( 'NONE', *, *, #930, .F. ) ;
#1857 = DIRECTION ( 'NONE',  ( 1.000000000000000000, 0.0000000000000000000, 0.0000000000000000000 ) ) ;
#1858 = VECTOR ( 'NONE', #527, 1000.000000000000000 ) ;
#1859 = EDGE_CURVE ( 'NONE', #2094, #928, #2511, .T. ) ;
#1860 = VERTEX_POINT ( 'NONE', #402 ) ;
#1861 = EDGE_CURVE ( 'NONE', #36, #16, #787, .T. ) ;
#1862 = CARTESIAN_POINT ( 'NONE',  ( 1.555250069354419749E-14, 11.50000000000000000, -127.0000000000000000 ) ) ;
#1863 = CARTESIAN_POINT ( 'NONE',  ( -28.90051902648119864, 0.0000000000000000000, 19.00000000000000000 ) ) ;
#1864 = VECTOR ( 'NONE', #568, 1000.000000000000114 ) ;
#1865 = ORIENTED_EDGE ( 'NONE', *, *, #976, .F. ) ;
#1866 = ADVANCED_FACE ( 'NONE', ( #807 ), #1681, .F. ) ;
#1867 = DIRECTION ( 'NONE',  ( -1.000000000000000000, 0.0000000000000000000, 0.0000000000000000000 ) ) ;
#1868 = DIRECTION ( 'NONE',  ( 6.123031769111888756E-17, 0.0000000000000000000, 1.000000000000000000 ) ) ;
#1869 = DIRECTION ( 'NONE',  ( 0.0000000000000000000, -1.000000000000000000, -6.123031769111888756E-17 ) ) ;
#1870 = CARTESIAN_POINT ( 'NONE',  ( -23.75000000000000000, 14.00000000000000000, -6.500000000000000000 ) ) ;
#1871 = LINE ( 'NONE', #1437, #142 ) ;
#1872 = EDGE_CURVE ( 'NONE', #1846, #176, #1662, .T. ) ;
#1873 = CARTESIAN_POINT ( 'NONE',  ( 19.58685783886739884, 52.88685783886739955, 0.0000000000000000000 ) ) ;
#1874 = CARTESIAN_POINT ( 'NONE',  ( 21.24146887576279852, 14.00000000000000000, 0.0000000000000000000 ) ) ;
#1875 = VECTOR ( 'NONE', #865, 1000.000000000000000 ) ;
#1876 = EDGE_CURVE ( 'NONE', #1251, #1165, #2275, .T. ) ;
#1877 = AXIS2_PLACEMENT_3D ( 'NONE', #1045, #48, #1986 ) ;
#1878 = CARTESIAN_POINT ( 'NONE',  ( 63.50000000000000000, 12.00000000000000000, -17.00000000000000000 ) ) ;
#1879 = LINE ( 'NONE', #1727, #1004 ) ;
#1880 = AXIS2_PLACEMENT_3D ( 'NONE', #848, #2177, #1014 ) ;
#1881 = LINE ( 'NONE', #968, #1030 ) ;
#1882 = EDGE_CURVE ( 'NONE', #2064, #808, #2306, .T. ) ;
#1883 = DIRECTION ( 'NONE',  ( 0.0000000000000000000, 1.000000000000000000, 6.123031769111888756E-17 ) ) ;
#1884 = CARTESIAN_POINT ( 'NONE',  ( 50.50000000000000000, -5.000000000000000000, -2.908440090328149933E-16 ) ) ;
#1885 = ORIENTED_EDGE ( 'NONE', *, *, #1852, .F. ) ;
#1886 = DIRECTION ( 'NONE',  ( 6.123031769111888756E-17, 0.0000000000000000000, 1.000000000000000000 ) ) ;
#1887 = LINE ( 'NONE', #2124, #993 ) ;
#1888 = CARTESIAN_POINT ( 'NONE',  ( 0.0000000000000000000, 12.00000000000000000, 127.0000000000000000 ) ) ;
#1889 = LINE ( 'NONE', #404, #1875 ) ;
#1890 = VERTEX_POINT ( 'NONE', #1000 ) ;
#1891 = DIRECTION ( 'NONE',  ( 0.0000000000000000000, -1.000000000000000000, 0.0000000000000000000 ) ) ;
#1892 = VECTOR ( 'NONE', #1574, 1000.000000000000000 ) ;
#1893 = CARTESIAN_POINT ( 'NONE',  ( 21.03678754663799921, 54.33678754663799282, 0.0000000000000000000 ) ) ;
#1894 = EDGE_CURVE ( 'NONE', #1458, #1163, #559, .T. ) ;
#1895 = PLANE ( 'NONE',  #1552 ) ;
#1896 = AXIS2_PLACEMENT_3D ( 'NONE', #480, #465, #887 ) ;
#1897 = CARTESIAN_POINT ( 'NONE',  ( -61.50000000000000000, 12.00000000000000000, 17.00000000000000000 ) ) ;
#1898 = AXIS2_PLACEMENT_3D ( 'NONE', #1314, #1546, #1737 ) ;
#1899 = AXIS2_PLACEMENT_3D ( 'NONE', #691, #1257, #648 ) ;
#1900 = PLANE ( 'NONE',  #2337 ) ;
#1901 =( NAMED_UNIT ( * ) PLANE_ANGLE_UNIT ( ) SI_UNIT ( $, .RADIAN. ) );
#1902 = DIRECTION ( 'NONE',  ( 0.7071067811865479058, -0.7071067811865472397, 0.0000000000000000000 ) ) ;
#1903 = CARTESIAN_POINT ( 'NONE',  ( 3.275821996474860053E-16, 33.30000000000000426, 5.349999999999999645 ) ) ;
#1904 = EDGE_LOOP ( 'NONE', ( #172, #1083 ) ) ;
#1905 = CARTESIAN_POINT ( 'NONE',  ( -61.50000000000000000, -1.000000000000000000, -17.00000000000000000 ) ) ;
#1906 = DIRECTION ( 'NONE',  ( 6.123031769111888756E-17, 0.0000000000000000000, 1.000000000000000000 ) ) ;
#1907 = ADVANCED_FACE ( 'NONE', ( #544 ), #827, .T. ) ;
#1908 = VERTEX_POINT ( 'NONE', #1398 ) ;
#1909 = ADVANCED_FACE ( 'NONE', ( #554 ), #2281, .F. ) ;
#1910 = DIRECTION ( 'NONE',  ( 0.0000000000000000000, 1.000000000000000000, 0.0000000000000000000 ) ) ;
#1911 = ORIENTED_EDGE ( 'NONE', *, *, #1978, .F. ) ;
#1912 = EDGE_CURVE ( 'NONE', #694, #298, #2287, .T. ) ;
#1913 = AXIS2_PLACEMENT_3D ( 'NONE', #1393, #538, #1975 ) ;
#1914 = DIRECTION ( 'NONE',  ( 6.123031769111888756E-17, 0.0000000000000000000, 1.000000000000000000 ) ) ;
#1915 = DIRECTION ( 'NONE',  ( 6.123031769111888756E-17, 0.0000000000000000000, 1.000000000000000000 ) ) ;
#1916 = AXIS2_PLACEMENT_3D ( 'NONE', #354, #1370, #1613 ) ;
#1917 = AXIS2_PLACEMENT_3D ( 'NONE', #1505, #1831, #408 ) ;
#1918 = EDGE_LOOP ( 'NONE', ( #1635, #738 ) ) ;
#1919 = DIRECTION ( 'NONE',  ( 0.7071067811865475727, -0.7071067811865475727, 0.0000000000000000000 ) ) ;
#1920 = DIRECTION ( 'NONE',  ( 0.7071067811865474617, 0.7071067811865474617, 0.0000000000000000000 ) ) ;
#1921 = EDGE_CURVE ( 'NONE', #1982, #291, #581, .T. ) ;
#1922 = ADVANCED_FACE ( 'NONE', ( #2229, #564 ), #2397, .T. ) ;
#1923 = DIRECTION ( 'NONE',  ( 0.0000000000000000000, 0.0000000000000000000, -1.000000000000000000 ) ) ;
#1924 = SECURITY_CLASSIFICATION_LEVEL ( 'unclassified' ) ;
#1925 = ADVANCED_FACE ( 'NONE', ( #1438 ), #1412, .F. ) ;
#1926 = ORIENTED_EDGE ( 'NONE', *, *, #1645, .T. ) ;
#1927 = ADVANCED_FACE ( 'NONE', ( #2271, #1422 ), #1041, .T. ) ;
#1928 = CARTESIAN_POINT ( 'NONE',  ( 26.77362278506290139, 54.84103260428249627, -2.136195996001619690 ) ) ;
#1929 = ORIENTED_EDGE ( 'NONE', *, *, #99, .F. ) ;
#1930 = DIRECTION ( 'NONE',  ( 0.0000000000000000000, 0.0000000000000000000, -1.000000000000000000 ) ) ;
#1931 = CARTESIAN_POINT ( 'NONE',  ( -1.120514813747480043E-15, 33.30000000000000426, -18.30000000000000071 ) ) ;
#1932 = ORIENTED_EDGE ( 'NONE', *, *, #194, .T. ) ;
#1933 = DIRECTION ( 'NONE',  ( -3.749151804555340178E-33, -6.123031769111888756E-17, 1.000000000000000000 ) ) ;
#1934 = PLANE ( 'NONE',  #1721 ) ;
#1935 = ORIENTED_EDGE ( 'NONE', *, *, #2032, .F. ) ;
#1936 = ORIENTED_EDGE ( 'NONE', *, *, #721, .F. ) ;
#1937 = EDGE_CURVE ( 'NONE', #1247, #2389, #2232, .T. ) ;
#1938 = CARTESIAN_POINT ( 'NONE',  ( 44.50000000000000000, 0.0000000000000000000, -3.520743267239329687E-16 ) ) ;
#1939 = CARTESIAN_POINT ( 'NONE',  ( 7.776250346772100323E-16, 33.30000000000000426, 12.69999999999999929 ) ) ;
#1940 = AXIS2_PLACEMENT_3D ( 'NONE', #2404, #14, #600 ) ;
#1941 = CARTESIAN_POINT ( 'NONE',  ( -21.24146887576279852, 14.00000000000000000, 8.349999999999999645 ) ) ;
#1942 = AXIS2_PLACEMENT_3D ( 'NONE', #364, #880, #1248 ) ;
#1943 = ORIENTED_EDGE ( 'NONE', *, *, #1217, .T. ) ;
#1944 = EDGE_CURVE ( 'NONE', #2249, #336, #509, .T. ) ;
#1945 = DIRECTION ( 'NONE',  ( 0.0000000000000000000, 1.000000000000000000, 0.0000000000000000000 ) ) ;
#1946 = EDGE_CURVE ( 'NONE', #1464, #313, #2236, .T. ) ;
#1947 = CARTESIAN_POINT ( 'NONE',  ( 1.776356839400249676E-15, 14.00000000000000000, 8.349999999999999645 ) ) ;
#1948 = CARTESIAN_POINT ( 'NONE',  ( -3.166219727807759935E-15, 10.61999999999999922, -6.349999999999999645 ) ) ;
#1949 = ORIENTED_EDGE ( 'NONE', *, *, #411, .T. ) ;
#1950 = EDGE_LOOP ( 'NONE', ( #225, #760 ) ) ;
#1951 = CARTESIAN_POINT ( 'NONE',  ( 25.59726547895299831, 58.89726547895300257, 0.0000000000000000000 ) ) ;
#1952 = CARTESIAN_POINT ( 'NONE',  ( -47.50000000000000000, 12.00000000000000000, -6.107724189689109731E-15 ) ) ;
#1953 = EDGE_CURVE ( 'NONE', #928, #2094, #569, .T. ) ;
#1954 = VERTEX_POINT ( 'NONE', #1049 ) ;
#1955 = CARTESIAN_POINT ( 'NONE',  ( -61.50000000000000000, 12.00000000000000000, -19.00000000000000000 ) ) ;
#1956 = ORIENTED_EDGE ( 'NONE', *, *, #2181, .T. ) ;
#1957 = CARTESIAN_POINT ( 'NONE',  ( -44.50000000000000000, 14.00000000000000000, 6.500000000000000000 ) ) ;
#1958 = DIRECTION ( 'NONE',  ( 0.0000000000000000000, 1.000000000000000000, 0.0000000000000000000 ) ) ;
#1959 = ORIENTED_EDGE ( 'NONE', *, *, #2568, .T. ) ;
#1960 = DIRECTION ( 'NONE',  ( 0.0000000000000000000, 0.0000000000000000000, 1.000000000000000000 ) ) ;
#1961 = DIRECTION ( 'NONE',  ( 6.123031769111888756E-17, 0.0000000000000000000, 1.000000000000000000 ) ) ;
#1962 = CARTESIAN_POINT ( 'NONE',  ( -63.50000000000000000, 12.00000000000000000, 17.00000000000000000 ) ) ;
#1963 = ORIENTED_EDGE ( 'NONE', *, *, #206, .T. ) ;
#1964 = DIRECTION ( 'NONE',  ( 0.7071067811865475727, 0.7071067811865475727, 0.0000000000000000000 ) ) ;
#1965 = DIRECTION ( 'NONE',  ( 0.0000000000000000000, 1.000000000000000000, 6.123031769111888756E-17 ) ) ;
#1966 = ORIENTED_EDGE ( 'NONE', *, *, #508, .F. ) ;
#1967 = ORIENTED_EDGE ( 'NONE', *, *, #673, .F. ) ;
#1968 = AXIS2_PLACEMENT_3D ( 'NONE', #913, #223, #1241 ) ;
#1969 = AXIS2_PLACEMENT_3D ( 'NONE', #2269, #253, #733 ) ;
#1970 = ORIENTED_EDGE ( 'NONE', *, *, #613, .T. ) ;
#1971 = CARTESIAN_POINT ( 'NONE',  ( -44.50000000000000000, 0.0000000000000000000, -6.500000000000000000 ) ) ;
#1972 = ORIENTED_EDGE ( 'NONE', *, *, #76, .T. ) ;
#1973 = AXIS2_PLACEMENT_3D ( 'NONE', #384, #1799, #1025 ) ;
#1974 = DIRECTION ( 'NONE',  ( 0.0000000000000000000, 0.0000000000000000000, 1.000000000000000000 ) ) ;
#1975 = DIRECTION ( 'NONE',  ( 0.7071067811865475727, -0.7071067811865475727, 0.0000000000000000000 ) ) ;
#1976 = DIRECTION ( 'NONE',  ( 0.0000000000000000000, 1.000000000000000000, 0.0000000000000000000 ) ) ;
#1977 = ADVANCED_FACE ( 'NONE', ( #491 ), #1900, .T. ) ;
#1978 = EDGE_CURVE ( 'NONE', #845, #1162, #2296, .T. ) ;
#1979 = ORIENTED_EDGE ( 'NONE', *, *, #374, .F. ) ;
#1980 = DIRECTION ( 'NONE',  ( 6.123031769111888756E-17, 0.0000000000000000000, 1.000000000000000000 ) ) ;
#1981 = DIRECTION ( 'NONE',  ( 1.000000000000000000, -3.434744008713760465E-33, 5.609547913895529197E-17 ) ) ;
#1982 = VERTEX_POINT ( 'NONE', #104 ) ;
#1983 = DIRECTION ( 'NONE',  ( 1.000000000000000000, 0.0000000000000000000, -6.123031769111888756E-17 ) ) ;
#1984 = ORIENTED_EDGE ( 'NONE', *, *, #2343, .T. ) ;
#1985 = ORIENTED_EDGE ( 'NONE', *, *, #76, .F. ) ;
#1986 = DIRECTION ( 'NONE',  ( 0.0000000000000000000, -1.000000000000000000, -6.123031769111888756E-17 ) ) ;
#1987 = EDGE_LOOP ( 'NONE', ( #285, #295 ) ) ;
#1988 = DIRECTION ( 'NONE',  ( 6.123031769111888756E-17, 0.0000000000000000000, 1.000000000000000000 ) ) ;
#1989 = ORIENTED_EDGE ( 'NONE', *, *, #1944, .F. ) ;
#1990 = EDGE_CURVE ( 'NONE', #2008, #2088, #575, .T. ) ;
#1991 = ORIENTED_EDGE ( 'NONE', *, *, #1527, .T. ) ;
#1992 = DIRECTION ( 'NONE',  ( 0.0000000000000000000, 1.000000000000000000, 0.0000000000000000000 ) ) ;
#1993 = EDGE_LOOP ( 'NONE', ( #415, #2072, #2113, #2356 ) ) ;
#1994 = AXIS2_PLACEMENT_3D ( 'NONE', #51, #877, #636 ) ;
#1995 = CARTESIAN_POINT ( 'NONE',  ( 38.00000000000000000, 7.000000000000000000, -7.194562328706469350E-16 ) ) ;
#1996 = CARTESIAN_POINT ( 'NONE',  ( -5.112731527208419531E-16, 33.30000000000000426, -8.349999999999999645 ) ) ;
#1997 = EDGE_LOOP ( 'NONE', ( #1752, #2262 ) ) ;
#1998 = AXIS2_PLACEMENT_3D ( 'NONE', #1893, #2068, #901 ) ;
#1999 = AXIS2_PLACEMENT_3D ( 'NONE', #779, #2361, #2565 ) ;
#2000 = ORIENTED_EDGE ( 'NONE', *, *, #168, .T. ) ;
#2001 = DIRECTION ( 'NONE',  ( 0.7071067811865475727, 0.7071067811865475727, 0.0000000000000000000 ) ) ;
#2002 = DIRECTION ( 'NONE',  ( 1.000000000000000000, 0.0000000000000000000, -6.123031769111888756E-17 ) ) ;
#2003 = EDGE_LOOP ( 'NONE', ( #283, #254, #1379, #2263 ) ) ;
#2004 = EDGE_LOOP ( 'NONE', ( #1070, #2572 ) ) ;
#2005 = DIRECTION ( 'NONE',  ( 0.0000000000000000000, -1.000000000000000000, 0.0000000000000000000 ) ) ;
#2006 = CARTESIAN_POINT ( 'NONE',  ( -3.275821996474860053E-16, 53.60249999999999915, -5.349999999999999645 ) ) ;
#2007 = CARTESIAN_POINT ( 'NONE',  ( 1.555250069354419749E-14, 12.00000000000000000, -127.0000000000000000 ) ) ;
#2008 = VERTEX_POINT ( 'NONE', #263 ) ;
#2009 = ORIENTED_EDGE ( 'NONE', *, *, #1771, .F. ) ;
#2010 = CARTESIAN_POINT ( 'NONE',  ( 1.087668936092689915E-31, 33.30000000000000426, 1.776356839400249676E-15 ) ) ;
#2011 = ORIENTED_EDGE ( 'NONE', *, *, #2066, .T. ) ;
#2012 = ADVANCED_FACE ( 'NONE', ( #519 ), #1405, .F. ) ;
#2013 = CARTESIAN_POINT ( 'NONE',  ( -50.50000000000000000, -5.000000000000000000, -6.582259151795279735E-16 ) ) ;
#2014 = CLOSED_SHELL ( 'NONE', ( #815, #1664, #1571, #163, #2227, #1323, #1486, #144, #66, #196, #2325, #942, #1760, #1563, #1741, #294, #1299, #2081, #1450, #2252, #914, #86, #680, #516, #380, #898, #1977, #1839, #1907, #940, #1302, #1715, #269, #1026, #1068, #292, #1198, #1866, #1119, #85, #41, #2203, #1118 ) ) ;
#2015 = ORIENTED_EDGE ( 'NONE', *, *, #963, .T. ) ;
#2016 = EDGE_LOOP ( 'NONE', ( #1932, #2221, #1707, #178 ) ) ;
#2017 = DIRECTION ( 'NONE',  ( 0.0000000000000000000, -1.000000000000000000, 0.0000000000000000000 ) ) ;
#2018 = DIRECTION ( 'NONE',  ( 0.0000000000000000000, -1.000000000000000000, -6.123031769111888756E-17 ) ) ;
#2019 = ORIENTED_EDGE ( 'NONE', *, *, #951, .T. ) ;
#2020 = EDGE_LOOP ( 'NONE', ( #2347, #592, #2049, #753 ) ) ;
#2021 = AXIS2_PLACEMENT_3D ( 'NONE', #2207, #210, #1808 ) ;
#2022 = ORIENTED_EDGE ( 'NONE', *, *, #1013, .T. ) ;
#2023 = DIRECTION ( 'NONE',  ( 1.000000000000000000, 0.0000000000000000000, 0.0000000000000000000 ) ) ;
#2024 = DIRECTION ( 'NONE',  ( 6.123031769111888756E-17, 0.0000000000000000000, 1.000000000000000000 ) ) ;
#2025 = DIRECTION ( 'NONE',  ( 0.0000000000000000000, 0.0000000000000000000, 1.000000000000000000 ) ) ;
#2026 = AXIS2_PLACEMENT_3D ( 'NONE', #1952, #2147, #1195 ) ;
#2027 = ORIENTED_EDGE ( 'NONE', *, *, #200, .F. ) ;
#2028 = AXIS2_PLACEMENT_3D ( 'NONE', #2498, #992, #1923 ) ;
#2029 = EDGE_LOOP ( 'NONE', ( #1856, #1367, #1496, #1065 ) ) ;
#2030 = CARTESIAN_POINT ( 'NONE',  ( -3.472371316263349911E-15, 8.619999999999999218, -7.349999999999999645 ) ) ;
#2031 = DIRECTION ( 'NONE',  ( -7.498303609110689935E-33, -1.000000000000000000, 6.123031769111888756E-17 ) ) ;
#2032 = EDGE_CURVE ( 'NONE', #750, #778, #1445, .T. ) ;
#2033 = PLANE ( 'NONE',  #1896 ) ;
#2034 = VERTEX_POINT ( 'NONE', #2098 ) ;
#2035 = ORIENTED_EDGE ( 'NONE', *, *, #2304, .F. ) ;
#2036 = ORIENTED_EDGE ( 'NONE', *, *, #1946, .F. ) ;
#2037 = EDGE_LOOP ( 'NONE', ( #2474, #121 ) ) ;
#2038 = VERTEX_POINT ( 'NONE', #922 ) ;
#2039 = CARTESIAN_POINT ( 'NONE',  ( 28.76299832398940026, 57.49929958688310450, 3.951832042264859980E-16 ) ) ;
#2040 = DIRECTION ( 'NONE',  ( 0.7071067811865475727, 0.7071067811865475727, 0.0000000000000000000 ) ) ;
#2041 = EDGE_CURVE ( 'NONE', #1294, #16, #1383, .T. ) ;
#2042 = EDGE_LOOP ( 'NONE', ( #1604, #1094 ) ) ;
#2043 = ORIENTED_EDGE ( 'NONE', *, *, #1239, .F. ) ;
#2044 = CARTESIAN_POINT ( 'NONE',  ( -61.50000000000000000, 6.000000000000000000, -19.00000000000000000 ) ) ;
#2045 = VERTEX_POINT ( 'NONE', #282 ) ;
#2046 = VERTEX_POINT ( 'NONE', #488 ) ;
#2047 = DIRECTION ( 'NONE',  ( 0.7071067811865475727, 0.7071067811865475727, 0.0000000000000000000 ) ) ;
#2048 = CARTESIAN_POINT ( 'NONE',  ( 27.01147904132610122, 60.31147904132610194, 0.0000000000000000000 ) ) ;
#2049 = ORIENTED_EDGE ( 'NONE', *, *, #547, .F. ) ;
#2050 = ORIENTED_EDGE ( 'NONE', *, *, #287, .F. ) ;
#2051 = EDGE_LOOP ( 'NONE', ( #1228, #1838, #591, #2264 ) ) ;
#2052 = CARTESIAN_POINT ( 'NONE',  ( 61.50000000000000000, 6.000000000000000000, -19.00000000000000000 ) ) ;
#2053 = ORIENTED_EDGE ( 'NONE', *, *, #173, .F. ) ;
#2054 = DIRECTION ( 'NONE',  ( 6.123031769111888756E-17, 0.0000000000000000000, 1.000000000000000000 ) ) ;
#2055 = EDGE_CURVE ( 'NONE', #1139, #919, #1366, .T. ) ;
#2056 = ORIENTED_EDGE ( 'NONE', *, *, #1087, .T. ) ;
#2057 = VERTEX_POINT ( 'NONE', #1878 ) ;
#2058 = CLOSED_SHELL ( 'NONE', ( #1010, #2012, #211, #1909, #25, #403, #735, #471, #489, #232, #272, #2450 ) ) ;
#2059 = AXIS2_PLACEMENT_3D ( 'NONE', #385, #38, #2025 ) ;
#2060 = DIRECTION ( 'NONE',  ( 1.000000000000000000, 0.0000000000000000000, 0.0000000000000000000 ) ) ;
#2061 = APPROVAL ( #1541, '未指定' ) ;
#2062 = AXIS2_PLACEMENT_3D ( 'NONE', #2006, #2211, #2449 ) ;
#2063 = VERTEX_POINT ( 'NONE', #881 ) ;
#2064 = VERTEX_POINT ( 'NONE', #460 ) ;
#2065 = ORIENTED_EDGE ( 'NONE', *, *, #278, .T. ) ;
#2066 = EDGE_CURVE ( 'NONE', #1234, #313, #2311, .T. ) ;
#2067 = EDGE_CURVE ( 'NONE', #778, #750, #587, .T. ) ;
#2068 = DIRECTION ( 'NONE',  ( 0.7071067811865475727, 0.7071067811865475727, 0.0000000000000000000 ) ) ;
#2069 = ORIENTED_EDGE ( 'NONE', *, *, #1229, .T. ) ;
#2070 = VERTEX_POINT ( 'NONE', #1085 ) ;
#2071 = ORIENTED_EDGE ( 'NONE', *, *, #2481, .F. ) ;
#2072 = ORIENTED_EDGE ( 'NONE', *, *, #338, .F. ) ;
#2073 = EDGE_LOOP ( 'NONE', ( #312, #1559, #306, #358 ) ) ;
#2074 = EDGE_CURVE ( 'NONE', #1406, #256, #532, .T. ) ;
#2075 = CARTESIAN_POINT ( 'NONE',  ( -57.00000000000000000, 0.0000000000000000000, -1.148068456708479863E-15 ) ) ;
#2076 = VERTEX_POINT ( 'NONE', #2247 ) ;
#2077 = ORIENTED_EDGE ( 'NONE', *, *, #173, .T. ) ;
#2078 = CARTESIAN_POINT ( 'NONE',  ( 0.0000000000000000000, 33.30000000000000426, 0.0000000000000000000 ) ) ;
#2079 =( NAMED_UNIT ( * ) SI_UNIT ( $, .STERADIAN. ) SOLID_ANGLE_UNIT ( ) );
#2080 = ORIENTED_EDGE ( 'NONE', *, *, #2481, .T. ) ;
#2081 = ADVANCED_FACE ( 'NONE', ( #1399 ), #2213, .T. ) ;
#2082 = ORIENTED_EDGE ( 'NONE', *, *, #309, .T. ) ;
#2083 = CARTESIAN_POINT ( 'NONE',  ( 0.0000000000000000000, 12.00000000000000000, 0.0000000000000000000 ) ) ;
#2084 = ORIENTED_EDGE ( 'NONE', *, *, #237, .T. ) ;
#2085 = CARTESIAN_POINT ( 'NONE',  ( 0.0000000000000000000, 33.30000000000000426, 0.0000000000000000000 ) ) ;
#2086 = VERTEX_POINT ( 'NONE', #1289 ) ;
#2087 = EDGE_LOOP ( 'NONE', ( #2084, #542, #2469, #1255, #1317, #1192 ) ) ;
#2088 = VERTEX_POINT ( 'NONE', #1863 ) ;
#2089 = DIRECTION ( 'NONE',  ( 6.123031769111888756E-17, 1.000000000000000000, 3.749151804555349757E-33 ) ) ;
#2090 = EDGE_CURVE ( 'NONE', #2367, #1251, #486, .T. ) ;
#2091 = ORIENTED_EDGE ( 'NONE', *, *, #1644, .F. ) ;
#2092 = CARTESIAN_POINT ( 'NONE',  ( -47.50000000000000000, 14.00000000000000000, -5.985263554306869638E-15 ) ) ;
#2093 = CARTESIAN_POINT ( 'NONE',  ( -47.50000000000000000, -5.000000000000000000, 6.500000000000000000 ) ) ;
#2094 = VERTEX_POINT ( 'NONE', #74 ) ;
#2095 = AXIS2_PLACEMENT_3D ( 'NONE', #98, #632, #696 ) ;
#2096 = AXIS2_PLACEMENT_3D ( 'NONE', #22, #2465, #73 ) ;
#2097 = ORIENTED_EDGE ( 'NONE', *, *, #1633, .T. ) ;
#2098 = CARTESIAN_POINT ( 'NONE',  ( 57.00000000000000000, 14.00000000000000000, 1.668526157082990000E-15 ) ) ;
#2099 = APPLICATION_PROTOCOL_DEFINITION ( 'international standard', 'config_control_design', 1994, #908 ) ;
#2100 = ORIENTED_EDGE ( 'NONE', *, *, #107, .F. ) ;
#2101 = ORIENTED_EDGE ( 'NONE', *, *, #770, .F. ) ;
#2102 = CARTESIAN_POINT ( 'NONE',  ( 30.58050849806129889, 33.30000000000000426, 8.349999999999999645 ) ) ;
#2103 = ORIENTED_EDGE ( 'NONE', *, *, #1018, .F. ) ;
#2104 = CIRCLE ( 'NONE', #2375, 31.69999999999999929 ) ;
#2105 = DIRECTION ( 'NONE',  ( 0.0000000000000000000, -1.000000000000000000, -6.123031769111888756E-17 ) ) ;
#2106 = ORIENTED_EDGE ( 'NONE', *, *, #1921, .F. ) ;
#2107 = DIRECTION ( 'NONE',  ( 6.123031769111888756E-17, 1.000000000000000000, 6.123031769111888756E-17 ) ) ;
#2108 = DIRECTION ( 'NONE',  ( 0.0000000000000000000, 0.0000000000000000000, -1.000000000000000000 ) ) ;
#2109 = CARTESIAN_POINT ( 'NONE',  ( 2.747710506388959762E-15, 51.22500000000000142, 9.025000000000000355 ) ) ;
#2110 = APPROVAL_ROLE ( '' ) ;
#2111 = ORIENTED_EDGE ( 'NONE', *, *, #332, .F. ) ;
#2112 = EDGE_CURVE ( 'NONE', #219, #1294, #1360, .T. ) ;
#2113 = ORIENTED_EDGE ( 'NONE', *, *, #2290, .F. ) ;
#2114 = CALENDAR_DATE ( 2022, 9, 6 ) ;
#2115 = CARTESIAN_POINT ( 'NONE',  ( -38.00000000000000000, 0.0000000000000000000, 8.113017094073250322E-16 ) ) ;
#2116 = LINE ( 'NONE', #2490, #1337 ) ;
#2117 = CARTESIAN_POINT ( 'NONE',  ( 22.76883835420679958, 61.01858582251269780, -4.286122238378319911E-16 ) ) ;
#2118 = DIRECTION ( 'NONE',  ( 6.123031769111888756E-17, 0.0000000000000000000, 1.000000000000000000 ) ) ;
#2119 = ORIENTED_EDGE ( 'NONE', *, *, #2405, .T. ) ;
#2120 = APPROVAL_PERSON_ORGANIZATION ( #1291, #1385, #924 ) ;
#2121 = EDGE_CURVE ( 'NONE', #1162, #936, #2224, .T. ) ;
#2122 = CONICAL_SURFACE ( 'NONE', #1031, 3.227022324300353517, 0.3490658503988663397 ) ;
#2123 = DIRECTION ( 'NONE',  ( 0.0000000000000000000, 1.000000000000000000, 0.0000000000000000000 ) ) ;
#2124 = CARTESIAN_POINT ( 'NONE',  ( 28.07213921310589555, 56.42239174480010178, 4.286122238378319911E-16 ) ) ;
#2125 = CALENDAR_DATE ( 2022, 9, 6 ) ;
#2126 = CC_DESIGN_DATE_AND_TIME_ASSIGNMENT ( #2138, #1499, ( #268 ) ) ;
#2127 = ORIENTED_EDGE ( 'NONE', *, *, #1230, .T. ) ;
#2128 = ORIENTED_EDGE ( 'NONE', *, *, #1179, .T. ) ;
#2129 = DIRECTION ( 'NONE',  ( -0.0000000000000000000, 1.000000000000000000, 0.0000000000000000000 ) ) ;
#2130 = APPLICATION_PROTOCOL_DEFINITION ( 'international standard', 'config_control_design', 1994, #944 ) ;
#2131 = DATE_AND_TIME ( #2114, #443 ) ;
#2132 = ORIENTED_EDGE ( 'NONE', *, *, #362, .T. ) ;
#2133 = CARTESIAN_POINT ( 'NONE',  ( 60.00000000000000000, 12.00000000000000000, 1.239913933245159932E-15 ) ) ;
#2134 = ORIENTED_EDGE ( 'NONE', *, *, #659, .T. ) ;
#2135 = CARTESIAN_POINT ( 'NONE',  ( 60.00000000000000000, 12.00000000000000000, 1.239913933245159932E-15 ) ) ;
#2136 = DIRECTION ( 'NONE',  ( 6.123031769111888756E-17, 1.000000000000000000, 6.123031769111888756E-17 ) ) ;
#2137 = ORIENTED_EDGE ( 'NONE', *, *, #1391, .F. ) ;
#2138 = DATE_AND_TIME ( #2170, #407 ) ;
#2139 = EDGE_LOOP ( 'NONE', ( #505, #515 ) ) ;
#2140 = DIRECTION ( 'NONE',  ( -0.9258200997725513082, 0.0000000000000000000, 0.3779644730092276417 ) ) ;
#2141 = DIRECTION ( 'NONE',  ( 1.000000000000000000, 0.0000000000000000000, 0.0000000000000000000 ) ) ;
#2142 = ORIENTED_EDGE ( 'NONE', *, *, #702, .F. ) ;
#2143 = CARTESIAN_POINT ( 'NONE',  ( -3.275821996474860053E-16, 33.30000000000000426, -5.349999999999999645 ) ) ;
#2144 = COORDINATED_UNIVERSAL_TIME_OFFSET ( 8, 0, .AHEAD. ) ;
#2145 = ORIENTED_EDGE ( 'NONE', *, *, #2304, .T. ) ;
#2146 = DIRECTION ( 'NONE',  ( 0.0000000000000000000, 1.000000000000000000, 0.0000000000000000000 ) ) ;
#2147 = DIRECTION ( 'NONE',  ( 0.0000000000000000000, -1.000000000000000000, 0.0000000000000000000 ) ) ;
#2148 = ORIENTED_EDGE ( 'NONE', *, *, #1944, .T. ) ;
#2149 = AXIS2_PLACEMENT_3D ( 'NONE', #1185, #33, #1047 ) ;
#2150 = VERTEX_POINT ( 'NONE', #1271 ) ;
#2151 = CARTESIAN_POINT ( 'NONE',  ( 61.50000000000000000, 12.00000000000000000, -17.00000000000000000 ) ) ;
#2152 = ORIENTED_EDGE ( 'NONE', *, *, #1018, .T. ) ;
#2153 = AXIS2_PLACEMENT_3D ( 'NONE', #2329, #593, #1744 ) ;
#2154 = CARTESIAN_POINT ( 'NONE',  ( 0.0000000000000000000, 33.30000000000000426, 0.0000000000000000000 ) ) ;
#2155 = DIRECTION ( 'NONE',  ( 1.000000000000000000, 0.0000000000000000000, 0.0000000000000000000 ) ) ;
#2156 = AXIS2_PLACEMENT_3D ( 'NONE', #56, #216, #986 ) ;
#2157 = COORDINATED_UNIVERSAL_TIME_OFFSET ( 8, 0, .AHEAD. ) ;
#2158 = EDGE_CURVE ( 'NONE', #886, #644, #2260, .T. ) ;
#2159 = CARTESIAN_POINT ( 'NONE',  ( 28.69999999999999929, 33.30000000000000426, -8.349999999999999645 ) ) ;
#2160 = EDGE_CURVE ( 'NONE', #1234, #1982, #497, .T. ) ;
#2161 = DIRECTION ( 'NONE',  ( 0.0000000000000000000, 1.000000000000000000, 0.0000000000000000000 ) ) ;
#2162 = APPROVAL_DATE_TIME ( #433, #2061 ) ;
#2163 = ORIENTED_EDGE ( 'NONE', *, *, #1859, .F. ) ;
#2164 = ORIENTED_EDGE ( 'NONE', *, *, #1937, .T. ) ;
#2165 = CARTESIAN_POINT ( 'NONE',  ( 27.25896641474140125, 57.94267132435120260, 3.204293994002419765 ) ) ;
#2166 = CALENDAR_DATE ( 2022, 9, 6 ) ;
#2167 = EDGE_CURVE ( 'NONE', #296, #2334, #503, .T. ) ;
#2168 = EDGE_CURVE ( 'NONE', #2267, #1406, #522, .T. ) ;
#2169 = VERTEX_POINT ( 'NONE', #511 ) ;
#2170 = CALENDAR_DATE ( 2022, 9, 6 ) ;
#2171 = CARTESIAN_POINT ( 'NONE',  ( -44.50000000000000000, 14.00000000000000000, 8.725320270984437965E-16 ) ) ;
#2172 = CYLINDRICAL_SURFACE ( 'NONE', #1968, 6.499999999999999112 ) ;
#2173 = DIRECTION ( 'NONE',  ( 1.000000000000000000, 0.0000000000000000000, -6.123031769111888756E-17 ) ) ;
#2174 = CARTESIAN_POINT ( 'NONE',  ( 21.54103260428249911, 60.07362278506290210, 2.136195996001609920 ) ) ;
#2175 = ORIENTED_EDGE ( 'NONE', *, *, #2191, .T. ) ;
#2176 = DIRECTION ( 'NONE',  ( 0.0000000000000000000, 1.000000000000000000, 0.0000000000000000000 ) ) ;
#2177 = DIRECTION ( 'NONE',  ( -0.7071067811865480168, -0.7071067811865470176, 0.0000000000000000000 ) ) ;
#2178 = VERTEX_POINT ( 'NONE', #192 ) ;
#2179 = ORIENTED_EDGE ( 'NONE', *, *, #2191, .F. ) ;
#2180 = DIRECTION ( 'NONE',  ( 0.0000000000000000000, 0.0000000000000000000, -1.000000000000000000 ) ) ;
#2181 = EDGE_CURVE ( 'NONE', #936, #1162, #528, .T. ) ;
#2182 = ORIENTED_EDGE ( 'NONE', *, *, #174, .F. ) ;
#2183 = AXIS2_PLACEMENT_3D ( 'NONE', #1020, #2571, #783 ) ;
#2184 = CARTESIAN_POINT ( 'NONE',  ( -3.275821996474860053E-16, 33.30000000000000426, -5.349999999999999645 ) ) ;
#2185 = AXIS2_PLACEMENT_3D ( 'NONE', #181, #1338, #2146 ) ;
#2186 = DIRECTION ( 'NONE',  ( 0.0000000000000000000, 1.000000000000000000, 0.0000000000000000000 ) ) ;
#2187 = DIRECTION ( 'NONE',  ( 6.123031769111888756E-17, 0.0000000000000000000, 1.000000000000000000 ) ) ;
#2188 = CARTESIAN_POINT ( 'NONE',  ( 26.86389726296167169, 56.92352691375773333, 0.0000000000000000000 ) ) ;
#2189 = VERTEX_POINT ( 'NONE', #1803 ) ;
#2190 = EDGE_CURVE ( 'NONE', #432, #2076, #1395, .T. ) ;
#2191 = EDGE_CURVE ( 'NONE', #2360, #347, #1480, .T. ) ;
#2192 = CARTESIAN_POINT ( 'NONE',  ( -1.417481854549400059E-15, 15.37500000000000000, 12.69999999999999929 ) ) ;
#2193 = CARTESIAN_POINT ( 'NONE',  ( 3.130541756803709825E-32, 0.0000000000000000000, -8.349999999999999645 ) ) ;
#2194 = ORIENTED_EDGE ( 'NONE', *, *, #1735, .T. ) ;
#2195 = DIRECTION ( 'NONE',  ( 1.000000000000000000, 0.0000000000000000000, 0.0000000000000000000 ) ) ;
#2196 = FACE_OUTER_BOUND ( 'NONE', #1205, .T. ) ;
#2197 = EDGE_CURVE ( 'NONE', #183, #845, #2344, .T. ) ;
#2198 = ORIENTED_EDGE ( 'NONE', *, *, #893, .F. ) ;
#2199 = CARTESIAN_POINT ( 'NONE',  ( -60.00000000000000000, 14.00000000000000000, -7.516021496584840422E-15 ) ) ;
#2200 = PLANE ( 'NONE',  #1940 ) ;
#2201 = CIRCLE ( 'NONE', #2214, 10.00000000000000178 ) ;
#2202 = EDGE_LOOP ( 'NONE', ( #749, #1136, #1568, #1103 ) ) ;
#2203 = ADVANCED_FACE ( 'NONE', ( #2330 ), #621, .T. ) ;
#2204 = DIRECTION ( 'NONE',  ( 1.000000000000000000, 0.0000000000000000000, 0.0000000000000000000 ) ) ;
#2205 = FACE_BOUND ( 'NONE', #1817, .T. ) ;
#2206 = DIRECTION ( 'NONE',  ( 0.7071067811865475727, 0.7071067811865475727, 0.0000000000000000000 ) ) ;
#2207 = CARTESIAN_POINT ( 'NONE',  ( 27.01147904132610122, 60.31147904132610194, 0.0000000000000000000 ) ) ;
#2208 = ORIENTED_EDGE ( 'NONE', *, *, #811, .F. ) ;
#2209 = EDGE_CURVE ( 'NONE', #1464, #637, #606, .T. ) ;
#2210 = CARTESIAN_POINT ( 'NONE',  ( -3.315621702974089740E-15, 15.37500000000000000, -18.30000000000000071 ) ) ;
#2211 = DIRECTION ( 'NONE',  ( -6.123031769111888756E-17, 0.0000000000000000000, -1.000000000000000000 ) ) ;
#2212 = EDGE_LOOP ( 'NONE', ( #1985, #510, #521, #1649 ) ) ;
#2213 = CYLINDRICAL_SURFACE ( 'NONE', #1514, 12.49999999999999645 ) ;
#2214 = AXIS2_PLACEMENT_3D ( 'NONE', #1931, #2371, #1958 ) ;
#2215 = DIRECTION ( 'NONE',  ( 0.0000000000000000000, 1.000000000000000000, 0.0000000000000000000 ) ) ;
#2216 = CARTESIAN_POINT ( 'NONE',  ( -1.120514813747480043E-15, 33.30000000000000426, -18.30000000000000071 ) ) ;
#2217 = DIRECTION ( 'NONE',  ( 0.0000000000000000000, 1.000000000000000000, 6.123031769111888756E-17 ) ) ;
#2218 = VECTOR ( 'NONE', #444, 1000.000000000000000 ) ;
#2219 = AXIS2_PLACEMENT_3D ( 'NONE', #1178, #1820, #2180 ) ;
#2220 = AXIS2_PLACEMENT_3D ( 'NONE', #2010, #1868, #2215 ) ;
#2221 = ORIENTED_EDGE ( 'NONE', *, *, #1411, .F. ) ;
#2222 = AXIS2_PLACEMENT_3D ( 'NONE', #1951, #1964, #1747 ) ;
#2223 = CARTESIAN_POINT ( 'NONE',  ( 38.00000000000000000, 0.0000000000000000000, -1.148068456708479863E-15 ) ) ;
#2224 = CIRCLE ( 'NONE', #1758, 30.58050849806129889 ) ;
#2225 = CARTESIAN_POINT ( 'NONE',  ( 23.12239174480010107, 61.37213921310590337, -4.286122238378319911E-16 ) ) ;
#2226 = ORIENTED_EDGE ( 'NONE', *, *, #1038, .F. ) ;
#2227 = ADVANCED_FACE ( 'NONE', ( #614, #1467, #602 ), #1626, .F. ) ;
#2228 = FACE_OUTER_BOUND ( 'NONE', #1611, .T. ) ;
#2229 = FACE_BOUND ( 'NONE', #1569, .T. ) ;
#2230 = CARTESIAN_POINT ( 'NONE',  ( -44.50000000000000000, 0.0000000000000000000, 1.530757942277970340E-17 ) ) ;
#2231 = ORIENTED_EDGE ( 'NONE', *, *, #553, .F. ) ;
#2232 = CIRCLE ( 'NONE', #2156, 4.069397989875165322 ) ;
#2233 = VERTEX_POINT ( 'NONE', #1369 ) ;
#2234 = DIRECTION ( 'NONE',  ( -6.123031769111888756E-17, 0.0000000000000000000, -1.000000000000000000 ) ) ;
#2235 = DIRECTION ( 'NONE',  ( 1.000000000000000000, -6.123031769111888756E-17, 0.0000000000000000000 ) ) ;
#2236 = LINE ( 'NONE', #475, #513 ) ;
#2237 = EDGE_LOOP ( 'NONE', ( #2342, #990, #2009, #1429 ) ) ;
#2238 = EDGE_LOOP ( 'NONE', ( #466, #2254 ) ) ;
#2239 = DIRECTION ( 'NONE',  ( 0.0000000000000000000, 1.000000000000000000, 0.0000000000000000000 ) ) ;
#2240 = DIRECTION ( 'NONE',  ( 0.0000000000000000000, 1.000000000000000000, 0.0000000000000000000 ) ) ;
#2241 = VECTOR ( 'NONE', #943, 1000.000000000000000 ) ;
#2242 = DIRECTION ( 'NONE',  ( 0.7071067811865480168, -0.7071067811865470176, 0.0000000000000000000 ) ) ;
#2243 = ORIENTED_EDGE ( 'NONE', *, *, #1763, .F. ) ;
#2244 = ORIENTED_EDGE ( 'NONE', *, *, #702, .T. ) ;
#2245 = EDGE_CURVE ( 'NONE', #1180, #2038, #1474, .T. ) ;
#2246 = VECTOR ( 'NONE', #1623, 1000.000000000000000 ) ;
#2247 = CARTESIAN_POINT ( 'NONE',  ( 61.50000000000000000, 0.0000000000000000000, 19.00000000000000000 ) ) ;
#2248 = ORIENTED_EDGE ( 'NONE', *, *, #818, .F. ) ;
#2249 = VERTEX_POINT ( 'NONE', #27 ) ;
#2250 = CARTESIAN_POINT ( 'NONE',  ( 19.58685783886739884, 52.88685783886739955, 0.0000000000000000000 ) ) ;
#2251 = AXIS2_PLACEMENT_3D ( 'NONE', #1282, #937, #2326 ) ;
#2252 = ADVANCED_FACE ( 'NONE', ( #1818 ), #530, .T. ) ;
#2253 = VECTOR ( 'NONE', #2313, 1000.000000000000000 ) ;
#2254 = ORIENTED_EDGE ( 'NONE', *, *, #1453, .F. ) ;
#2255 = ORIENTED_EDGE ( 'NONE', *, *, #1763, .T. ) ;
#2256 = CARTESIAN_POINT ( 'NONE',  ( -44.50000000000000000, 0.0000000000000000000, 6.500000000000000000 ) ) ;
#2257 = ORIENTED_EDGE ( 'NONE', *, *, #2569, .T. ) ;
#2258 = DIRECTION ( 'NONE',  ( 0.7071067811865475727, 0.7071067811865475727, 0.0000000000000000000 ) ) ;
#2259 = DIRECTION ( 'NONE',  ( 1.000000000000000000, 0.0000000000000000000, 0.0000000000000000000 ) ) ;
#2260 = CIRCLE ( 'NONE', #501, 12.49999999999999645 ) ;
#2261 = PLANE ( 'NONE',  #405 ) ;
#2262 = ORIENTED_EDGE ( 'NONE', *, *, #2479, .T. ) ;
#2263 = ORIENTED_EDGE ( 'NONE', *, *, #1840, .T. ) ;
#2264 = ORIENTED_EDGE ( 'NONE', *, *, #976, .T. ) ;
#2265 = ORIENTED_EDGE ( 'NONE', *, *, #1527, .F. ) ;
#2266 = VECTOR ( 'NONE', #1636, 1000.000000000000000 ) ;
#2267 = VERTEX_POINT ( 'NONE', #551 ) ;
#2268 = CARTESIAN_POINT ( 'NONE',  ( 5.112731527208430378E-16, 33.30000000000000426, 8.349999999999999645 ) ) ;
#2269 = CARTESIAN_POINT ( 'NONE',  ( -47.50000000000000000, 12.00000000000000000, -6.107724189689109731E-15 ) ) ;
#2270 = CARTESIAN_POINT ( 'NONE',  ( 6.582259151795279735E-16, 14.00000000000000000, 8.572244476756639821E-16 ) ) ;
#2271 = FACE_BOUND ( 'NONE', #2139, .T. ) ;
#2272 = CIRCLE ( 'NONE', #161, 2.500000000000000888 ) ;
#2273 = DIRECTION ( 'NONE',  ( 0.3535533905932741749, -0.3535533905932741749, -0.8660254037844382635 ) ) ;
#2274 = CARTESIAN_POINT ( 'NONE',  ( -38.00000000000000000, 7.000000000000000000, 1.239913933245159932E-15 ) ) ;
#2275 = CIRCLE ( 'NONE', #957, 6.499999999999999112 ) ;
#2276 = CIRCLE ( 'NONE', #399, 31.69999999999999929 ) ;
#2277 = CARTESIAN_POINT ( 'NONE',  ( 30.58050849806129889, 33.30000000000000426, -8.349999999999999645 ) ) ;
#2278 = ORIENTED_EDGE ( 'NONE', *, *, #1732, .F. ) ;
#2279 = AXIS2_PLACEMENT_3D ( 'NONE', #1632, #1037, #656 ) ;
#2280 = CIRCLE ( 'NONE', #1584, 111.7999999999999972 ) ;
#2281 = CYLINDRICAL_SURFACE ( 'NONE', #67, 24.67999999999999972 ) ;
#2282 = AXIS2_PLACEMENT_3D ( 'NONE', #2154, #2391, #170 ) ;
#2283 = DIRECTION ( 'NONE',  ( 0.7071067811865475727, 0.7071067811865475727, 0.0000000000000000000 ) ) ;
#2284 = CYLINDRICAL_SURFACE ( 'NONE', #2562, 6.499999999999999112 ) ;
#2285 = ORIENTED_EDGE ( 'NONE', *, *, #574, .F. ) ;
#2286 = AXIS2_PLACEMENT_3D ( 'NONE', #1591, #1781, #2141 ) ;
#2287 = LINE ( 'NONE', #1947, #2246 ) ;
#2288 = FACE_OUTER_BOUND ( 'NONE', #1050, .T. ) ;
#2289 = CYLINDRICAL_SURFACE ( 'NONE', #340, 6.499999999999999112 ) ;
#2290 = EDGE_CURVE ( 'NONE', #432, #108, #975, .T. ) ;
#2291 = EDGE_CURVE ( 'NONE', #1294, #320, #109, .T. ) ;
#2292 = ORIENTED_EDGE ( 'NONE', *, *, #1013, .F. ) ;
#2293 = ADVANCED_FACE ( 'NONE', ( #1767 ), #920, .T. ) ;
#2294 = DIRECTION ( 'NONE',  ( -0.7071067811865475727, 0.7071067811865475727, 0.0000000000000000000 ) ) ;
#2295 = DIRECTION ( 'NONE',  ( 3.797180489722468162E-33, 6.123031769111887524E-17, -1.000000000000000000 ) ) ;
#2296 = CIRCLE ( 'NONE', #218, 31.69999999999999929 ) ;
#2297 = LINE ( 'NONE', #1226, #1488 ) ;
#2298 = VECTOR ( 'NONE', #1869, 1000.000000000000000 ) ;
#2299 = ORIENTED_EDGE ( 'NONE', *, *, #2357, .T. ) ;
#2300 = ADVANCED_FACE ( 'NONE', ( #1787, #1791 ), #1388, .T. ) ;
#2301 = ADVANCED_FACE ( 'NONE', ( #58 ), #75, .T. ) ;
#2302 = EDGE_CURVE ( 'NONE', #487, #2267, #954, .T. ) ;
#2303 = DIRECTION ( 'NONE',  ( -3.749151804555340178E-33, -6.123031769111888756E-17, 1.000000000000000000 ) ) ;
#2304 = EDGE_CURVE ( 'NONE', #1234, #1131, #1451, .T. ) ;
#2305 = DIRECTION ( 'NONE',  ( 6.123031769111888756E-17, 1.000000000000000000, 6.123031769111888756E-17 ) ) ;
#2306 = CIRCLE ( 'NONE', #2505, 4.069397989875162658 ) ;
#2307 = CIRCLE ( 'NONE', #126, 12.49999999999999645 ) ;
#2308 = CARTESIAN_POINT ( 'NONE',  ( 0.0000000000000000000, 6.000000000000000000, -19.00000000000000000 ) ) ;
#2309 = FACE_OUTER_BOUND ( 'NONE', #350, .T. ) ;
#2310 = VERTEX_POINT ( 'NONE', #2199 ) ;
#2311 = LINE ( 'NONE', #2044, #2241 ) ;
#2312 = CYLINDRICAL_SURFACE ( 'NONE', #1380, 31.69999999999999929 ) ;
#2313 = DIRECTION ( 'NONE',  ( 0.0000000000000000000, 1.000000000000000000, 6.123031769111888756E-17 ) ) ;
#2314 = CIRCLE ( 'NONE', #579, 3.500000000000000000 ) ;
#2315 = CARTESIAN_POINT ( 'NONE',  ( 7.776250346772100323E-16, 33.30000000000000426, 12.69999999999999929 ) ) ;
#2316 = ORIENTED_EDGE ( 'NONE', *, *, #1859, .T. ) ;
#2317 = VECTOR ( 'NONE', #1349, 1000.000000000000000 ) ;
#2318 = VECTOR ( 'NONE', #2235, 1000.000000000000000 ) ;
#2319 = VERTEX_POINT ( 'NONE', #1193 ) ;
#2320 = EDGE_LOOP ( 'NONE', ( #2231, #1283, #228, #2459 ) ) ;
#2321 = CARTESIAN_POINT ( 'NONE',  ( 0.0000000000000000000, 33.30000000000000426, 0.0000000000000000000 ) ) ;
#2322 = FACE_OUTER_BOUND ( 'NONE', #1457, .T. ) ;
#2323 = VECTOR ( 'NONE', #947, 1000.000000000000000 ) ;
#2324 = ORIENTED_EDGE ( 'NONE', *, *, #1147, .F. ) ;
#2325 = ADVANCED_FACE ( 'NONE', ( #612 ), #620, .F. ) ;
#2326 = DIRECTION ( 'NONE',  ( 1.000000000000000000, 0.0000000000000000000, 0.0000000000000000000 ) ) ;
#2327 = VECTOR ( 'NONE', #2234, 1000.000000000000000 ) ;
#2328 = EDGE_CURVE ( 'NONE', #1131, #1464, #652, .T. ) ;
#2329 = CARTESIAN_POINT ( 'NONE',  ( -3.888125173386050161E-16, 33.30000000000000426, -6.349999999999999645 ) ) ;
#2330 = FACE_OUTER_BOUND ( 'NONE', #2400, .T. ) ;
#2331 = CYLINDRICAL_SURFACE ( 'NONE', #1580, 2.000000000000001776 ) ;
#2332 = DIRECTION ( 'NONE',  ( 0.0000000000000000000, 0.0000000000000000000, 1.000000000000000000 ) ) ;
#2333 = FACE_OUTER_BOUND ( 'NONE', #1516, .T. ) ;
#2334 = VERTEX_POINT ( 'NONE', #1452 ) ;
#2335 = ADVANCED_FACE ( 'NONE', ( #2398, #1525 ), #1052, .T. ) ;
#2336 = AXIS2_PLACEMENT_3D ( 'NONE', #1034, #2258, #677 ) ;
#2337 = AXIS2_PLACEMENT_3D ( 'NONE', #1540, #2514, #1233 ) ;
#2338 = FACE_OUTER_BOUND ( 'NONE', #1433, .T. ) ;
#2339 = DIRECTION ( 'NONE',  ( 6.123031769111888756E-17, 0.0000000000000000000, 1.000000000000000000 ) ) ;
#2340 = VECTOR ( 'NONE', #359, 1000.000000000000000 ) ;
#2341 = CARTESIAN_POINT ( 'NONE',  ( 0.0000000000000000000, 0.0000000000000000000, 0.0000000000000000000 ) ) ;
#2342 = ORIENTED_EDGE ( 'NONE', *, *, #613, .F. ) ;
#2343 = EDGE_CURVE ( 'NONE', #1908, #387, #1780, .T. ) ;
#2344 = CIRCLE ( 'NONE', #1126, 30.58050849806129889 ) ;
#2345 = CIRCLE ( 'NONE', #215, 2.000000000000001776 ) ;
#2346 = VERTEX_POINT ( 'NONE', #1641 ) ;
#2347 = ORIENTED_EDGE ( 'NONE', *, *, #2209, .F. ) ;
#2348 = CARTESIAN_POINT ( 'NONE',  ( 25.95081886954629979, 59.25081886954630050, 0.0000000000000000000 ) ) ;
#2349 = CARTESIAN_POINT ( 'NONE',  ( 19.26902059367160192, 56.10455449960429775, -3.061515884555939694E-16 ) ) ;
#2350 = CARTESIAN_POINT ( 'NONE',  ( 0.0000000000000000000, 33.30000000000000426, 0.0000000000000000000 ) ) ;
#2351 = DIRECTION ( 'NONE',  ( 0.0000000000000000000, 1.000000000000000000, 6.123031769111888756E-17 ) ) ;
#2352 = CARTESIAN_POINT ( 'NONE',  ( 0.0000000000000000000, 0.0000000000000000000, -19.00000000000000000 ) ) ;
#2353 = CYLINDRICAL_SURFACE ( 'NONE', #1994, 6.499999999999999112 ) ;
#2354 = CYLINDRICAL_SURFACE ( 'NONE', #2183, 17.92500000000000426 ) ;
#2355 = ORIENTED_EDGE ( 'NONE', *, *, #1069, .F. ) ;
#2356 = ORIENTED_EDGE ( 'NONE', *, *, #2190, .T. ) ;
#2357 = EDGE_CURVE ( 'NONE', #2360, #1163, #983, .T. ) ;
#2358 = LOCAL_TIME ( 8, 55, 26.00000000000000000, #1492 ) ;
#2359 = CARTESIAN_POINT ( 'NONE',  ( -28.90051902648119864, 6.000000000000000000, 19.00000000000000000 ) ) ;
#2360 = VERTEX_POINT ( 'NONE', #1237 ) ;
#2361 = DIRECTION ( 'NONE',  ( 6.123031769111888756E-17, 1.000000000000000000, 6.123031769111888756E-17 ) ) ;
#2362 = LINE ( 'NONE', #485, #1515 ) ;
#2363 = VERTEX_POINT ( 'NONE', #205 ) ;
#2364 = CALENDAR_DATE ( 2022, 9, 6 ) ;
#2365 = EDGE_CURVE ( 'NONE', #808, #1247, #1797, .T. ) ;
#2366 = CIRCLE ( 'NONE', #896, 2.000000000000001776 ) ;
#2367 = VERTEX_POINT ( 'NONE', #2256 ) ;
#2368 = VECTOR ( 'NONE', #2533, 1000.000000000000000 ) ;
#2369 = CARTESIAN_POINT ( 'NONE',  ( 5.112731527208430378E-16, 57.97999999999999687, 8.349999999999999645 ) ) ;
#2370 = CARTESIAN_POINT ( 'NONE',  ( 3.275821996474860053E-16, 53.60249999999999915, 5.349999999999999645 ) ) ;
#2371 = DIRECTION ( 'NONE',  ( 6.123031769111888756E-17, 0.0000000000000000000, 1.000000000000000000 ) ) ;
#2372 = VECTOR ( 'NONE', #1867, 1000.000000000000000 ) ;
#2373 = ORIENTED_EDGE ( 'NONE', *, *, #2167, .F. ) ;
#2374 = CIRCLE ( 'NONE', #1638, 4.069397989875165322 ) ;
#2375 = AXIS2_PLACEMENT_3D ( 'NONE', #2270, #452, #1296 ) ;
#2376 = DIRECTION ( 'NONE',  ( 3.749151804555340178E-33, 6.123031769111888756E-17, -1.000000000000000000 ) ) ;
#2377 = DIRECTION ( 'NONE',  ( 0.0000000000000000000, 0.0000000000000000000, -1.000000000000000000 ) ) ;
#2378 = LINE ( 'NONE', #1804, #577 ) ;
#2379 = AXIS2_PLACEMENT_3D ( 'NONE', #430, #671, #1240 ) ;
#2380 = ORIENTED_EDGE ( 'NONE', *, *, #646, .F. ) ;
#2381 = CIRCLE ( 'NONE', #1346, 10.00000000000000178 ) ;
#2382 = AXIS2_PLACEMENT_3D ( 'NONE', #6, #1471, #202 ) ;
#2383 = EDGE_CURVE ( 'NONE', #327, #270, #586, .T. ) ;
#2384 = DIRECTION ( 'NONE',  ( -1.000000000000000000, 0.0000000000000000000, 0.0000000000000000000 ) ) ;
#2385 = FACE_OUTER_BOUND ( 'NONE', #1053, .T. ) ;
#2386 = ORIENTED_EDGE ( 'NONE', *, *, #646, .T. ) ;
#2387 = FACE_OUTER_BOUND ( 'NONE', #1548, .T. ) ;
#2388 = LINE ( 'NONE', #2451, #2372 ) ;
#2389 = VERTEX_POINT ( 'NONE', #852 ) ;
#2390 = CIRCLE ( 'NONE', #1159, 17.92500000000000426 ) ;
#2391 = DIRECTION ( 'NONE',  ( 0.0000000000000000000, 0.0000000000000000000, -1.000000000000000000 ) ) ;
#2392 = DIRECTION ( 'NONE',  ( 0.0000000000000000000, 1.000000000000000000, 6.123031769111888756E-17 ) ) ;
#2393 = CIRCLE ( 'NONE', #500, 3.500000000000000000 ) ;
#2394 = ORIENTED_EDGE ( 'NONE', *, *, #1039, .F. ) ;
#2395 = VECTOR ( 'NONE', #1113, 1000.000000000000000 ) ;
#2396 = CARTESIAN_POINT ( 'NONE',  ( -21.24146887576279852, 14.00000000000000000, -8.349999999999999645 ) ) ;
#2397 = PLANE ( 'NONE',  #1880 ) ;
#2398 = FACE_BOUND ( 'NONE', #1987, .T. ) ;
#2399 = DIRECTION ( 'NONE',  ( 6.123031769111888756E-17, 0.0000000000000000000, 1.000000000000000000 ) ) ;
#2400 = EDGE_LOOP ( 'NONE', ( #556, #562, #1843, #1806 ) ) ;
#2401 = ORIENTED_EDGE ( 'NONE', *, *, #1352, .T. ) ;
#2402 = DIRECTION ( 'NONE',  ( 6.123031769111888756E-17, 0.0000000000000000000, 1.000000000000000000 ) ) ;
#2403 = CYLINDRICAL_SURFACE ( 'NONE', #1969, 12.49999999999999645 ) ;
#2404 = CARTESIAN_POINT ( 'NONE',  ( 47.50000000000000000, -5.000000000000000000, 6.500000000000000000 ) ) ;
#2405 = EDGE_CURVE ( 'NONE', #2233, #125, #594, .T. ) ;
#2406 = FACE_BOUND ( 'NONE', #473, .T. ) ;
#2407 = ORIENTED_EDGE ( 'NONE', *, *, #2160, .T. ) ;
#2408 = ORIENTED_EDGE ( 'NONE', *, *, #1882, .F. ) ;
#2409 = DIRECTION ( 'NONE',  ( 0.0000000000000000000, -1.000000000000000000, -6.123031769111888756E-17 ) ) ;
#2410 = AXIS2_PLACEMENT_3D ( 'NONE', #1762, #546, #788 ) ;
#2411 = CARTESIAN_POINT ( 'NONE',  ( -57.00000000000000000, 14.00000000000000000, -2.908440090328149933E-16 ) ) ;
#2412 = CARTESIAN_POINT ( 'NONE',  ( 23.75000000000000000, 14.00000000000000000, 6.500000000000000000 ) ) ;
#2413 = AXIS2_PLACEMENT_3D ( 'NONE', #1819, #1560, #1983 ) ;
#2414 = FACE_OUTER_BOUND ( 'NONE', #1276, .T. ) ;
#2415 = ORIENTED_EDGE ( 'NONE', *, *, #2454, .F. ) ;
#2416 = PLANE ( 'NONE',  #580 ) ;
#2417 = CARTESIAN_POINT ( 'NONE',  ( 30.58050849806129889, 0.0000000000000000000, -8.349999999999999645 ) ) ;
#2418 = FACE_OUTER_BOUND ( 'NONE', #2073, .T. ) ;
#2419 = VERTEX_POINT ( 'NONE', #625 ) ;
#2420 = FACE_OUTER_BOUND ( 'NONE', #1678, .T. ) ;
#2421 = CARTESIAN_POINT ( 'NONE',  ( 24.32447327281719751, 52.39188309203679950, 0.0000000000000000000 ) ) ;
#2422 = LINE ( 'NONE', #441, #711 ) ;
#2423 = ORIENTED_EDGE ( 'NONE', *, *, #771, .F. ) ;
#2424 = ORIENTED_EDGE ( 'NONE', *, *, #1179, .F. ) ;
#2425 = CARTESIAN_POINT ( 'NONE',  ( 0.0000000000000000000, 33.30000000000000426, 0.0000000000000000000 ) ) ;
#2426 = DIRECTION ( 'NONE',  ( 1.000000000000000000, 0.0000000000000000000, 0.0000000000000000000 ) ) ;
#2427 = EDGE_LOOP ( 'NONE', ( #1796, #328, #135, #94 ) ) ;
#2428 = MANIFOLD_SOLID_BREP ( 'bearing_seat_p2901.stp[1]', #2014 ) ;
#2429 = CARTESIAN_POINT ( 'NONE',  ( -61.50000000000000000, 0.0000000000000000000, 17.00000000000000000 ) ) ;
#2430 = CARTESIAN_POINT ( 'NONE',  ( -1.714448895351330331E-16, 33.30000000000000426, -2.799999999999999822 ) ) ;
#2431 = CARTESIAN_POINT ( 'NONE',  ( -30.58050849806129889, 33.30000000000000426, 8.349999999999999645 ) ) ;
#2432 = EDGE_LOOP ( 'NONE', ( #2128, #461, #2182, #2137 ) ) ;
#2433 = DIRECTION ( 'NONE',  ( 0.0000000000000000000, -1.000000000000000000, 0.0000000000000000000 ) ) ;
#2434 = CIRCLE ( 'NONE', #303, 24.67999999999999972 ) ;
#2435 = PLANE ( 'NONE',  #186 ) ;
#2436 = EDGE_CURVE ( 'NONE', #2063, #623, #1466, .T. ) ;
#2437 = FACE_OUTER_BOUND ( 'NONE', #2468, .T. ) ;
#2438 = AXIS2_PLACEMENT_3D ( 'NONE', #325, #635, #857 ) ;
#2439 = ORIENTED_EDGE ( 'NONE', *, *, #508, .T. ) ;
#2440 = ORIENTED_EDGE ( 'NONE', *, *, #963, .F. ) ;
#2441 = PLANE ( 'NONE',  #2095 ) ;
#2442 = AXIS2_PLACEMENT_3D ( 'NONE', #2541, #310, #523 ) ;
#2443 = CARTESIAN_POINT ( 'NONE',  ( -4.500428350297228930E-16, 33.30000000000000426, -7.349999999999999645 ) ) ;
#2444 = CIRCLE ( 'NONE', #2251, 12.49999999999999645 ) ;
#2445 = ORIENTED_EDGE ( 'NONE', *, *, #1147, .T. ) ;
#2446 = EDGE_CURVE ( 'NONE', #249, #40, #627, .T. ) ;
#2447 = EDGE_CURVE ( 'NONE', #347, #1458, #1487, .T. ) ;
#2448 = DIRECTION ( 'NONE',  ( -6.123031769111888756E-17, 0.0000000000000000000, -1.000000000000000000 ) ) ;
#2449 = DIRECTION ( 'NONE',  ( -1.000000000000000000, 0.0000000000000000000, 6.123031769111888756E-17 ) ) ;
#2450 = ADVANCED_FACE ( 'NONE', ( #1537 ), #1521, .F. ) ;
#2451 = CARTESIAN_POINT ( 'NONE',  ( 0.0000000000000000000, 12.00000000000000000, 19.00000000000000000 ) ) ;
#2452 = VECTOR ( 'NONE', #518, 1000.000000000000000 ) ;
#2453 = ORIENTED_EDGE ( 'NONE', *, *, #1728, .F. ) ;
#2454 = EDGE_CURVE ( 'NONE', #342, #2088, #2280, .T. ) ;
#2455 = CARTESIAN_POINT ( 'NONE',  ( 0.0000000000000000000, 0.0000000000000000000, 127.0000000000000000 ) ) ;
#2456 = CIRCLE ( 'NONE', #1099, 17.92500000000000426 ) ;
#2457 = CARTESIAN_POINT ( 'NONE',  ( -1.867524689579129658E-15, 15.37500000000000000, 5.349999999999999645 ) ) ;
#2458 = FACE_OUTER_BOUND ( 'NONE', #1726, .T. ) ;
#2459 = ORIENTED_EDGE ( 'NONE', *, *, #1652, .F. ) ;
#2460 = DIRECTION ( 'NONE',  ( 6.123031769111888756E-17, 0.0000000000000000000, 1.000000000000000000 ) ) ;
#2461 = CARTESIAN_POINT ( 'NONE',  ( 22.48671725440849656, 55.78671725440850082, 0.0000000000000000000 ) ) ;
#2462 = DIRECTION ( 'NONE',  ( 0.0000000000000000000, 0.0000000000000000000, -1.000000000000000000 ) ) ;
#2463 = LINE ( 'NONE', #184, #758 ) ;
#2464 = ORIENTED_EDGE ( 'NONE', *, *, #2158, .F. ) ;
#2465 = DIRECTION ( 'NONE',  ( 0.7071067811865475727, -0.7071067811865475727, 1.224606353822377012E-16 ) ) ;
#2466 = DIRECTION ( 'NONE',  ( 1.000000000000000000, 0.0000000000000000000, 0.0000000000000000000 ) ) ;
#2467 = CIRCLE ( 'NONE', #1672, 22.67999999999999972 ) ;
#2468 = EDGE_LOOP ( 'NONE', ( #2000, #1415, #1202, #526 ) ) ;
#2469 = ORIENTED_EDGE ( 'NONE', *, *, #287, .T. ) ;
#2470 = ADVANCED_FACE ( 'NONE', ( #2322 ), #601, .T. ) ;
#2471 = EDGE_CURVE ( 'NONE', #1396, #678, #1473, .T. ) ;
#2472 = CARTESIAN_POINT ( 'NONE',  ( 0.0000000000000000000, 12.00000000000000000, -19.00000000000000000 ) ) ;
#2473 = CARTESIAN_POINT ( 'NONE',  ( 3.888125173386050161E-16, 33.30000000000000426, 6.349999999999999645 ) ) ;
#2474 = ORIENTED_EDGE ( 'NONE', *, *, #2556, .F. ) ;
#2475 = AXIS2_PLACEMENT_3D ( 'NONE', #1938, #821, #322 ) ;
#2476 = AXIS2_PLACEMENT_3D ( 'NONE', #1040, #1207, #1416 ) ;
#2477 = CYLINDRICAL_SURFACE ( 'NONE', #1792, 6.499999999999999112 ) ;
#2478 = ORIENTED_EDGE ( 'NONE', *, *, #1520, .T. ) ;
#2479 = EDGE_CURVE ( 'NONE', #685, #1139, #1494, .T. ) ;
#2480 = DIRECTION ( 'NONE',  ( 0.0000000000000000000, -1.000000000000000000, 0.0000000000000000000 ) ) ;
#2481 = EDGE_CURVE ( 'NONE', #108, #2057, #563, .T. ) ;
#2482 = VECTOR ( 'NONE', #2460, 1000.000000000000000 ) ;
#2483 = ORIENTED_EDGE ( 'NONE', *, *, #1122, .F. ) ;
#2484 = DIRECTION ( 'NONE',  ( 6.123031769111888756E-17, 0.0000000000000000000, 1.000000000000000000 ) ) ;
#2485 = CARTESIAN_POINT ( 'NONE',  ( 3.888125173386050161E-16, 55.98000000000000398, 6.349999999999999645 ) ) ;
#2486 = CARTESIAN_POINT ( 'NONE',  ( 0.0000000000000000000, 11.50000000000000000, 127.0000000000000000 ) ) ;
#2487 = CIRCLE ( 'NONE', #1815, 4.069397989875162658 ) ;
#2488 = CARTESIAN_POINT ( 'NONE',  ( 50.50000000000000000, 0.0000000000000000000, -6.500000000000000000 ) ) ;
#2489 = ORIENTED_EDGE ( 'NONE', *, *, #1669, .F. ) ;
#2490 = CARTESIAN_POINT ( 'NONE',  ( -23.75000000000000000, 14.00000000000000000, 6.500000000000000000 ) ) ;
#2491 = FACE_OUTER_BOUND ( 'NONE', #1213, .T. ) ;
#2492 = ORIENTED_EDGE ( 'NONE', *, *, #884, .T. ) ;
#2493 = CARTESIAN_POINT ( 'NONE',  ( -61.50000000000000000, 6.000000000000000000, 19.00000000000000000 ) ) ;
#2494 = CARTESIAN_POINT ( 'NONE',  ( 27.01147904132610122, 60.31147904132610194, 0.0000000000000000000 ) ) ;
#2495 = FACE_BOUND ( 'NONE', #1206, .T. ) ;
#2496 = EDGE_CURVE ( 'NONE', #1165, #2537, #1500, .T. ) ;
#2497 = EDGE_LOOP ( 'NONE', ( #1091, #1963, #1109, #1926 ) ) ;
#2498 = CARTESIAN_POINT ( 'NONE',  ( -61.50000000000000000, 12.00000000000000000, -17.00000000000000000 ) ) ;
#2499 = ORIENTED_EDGE ( 'NONE', *, *, #1453, .T. ) ;
#2500 = AXIS2_PLACEMENT_3D ( 'NONE', #417, #858, #1204 ) ;
#2501 = DIRECTION ( 'NONE',  ( 6.123031769111888756E-17, 0.0000000000000000000, 1.000000000000000000 ) ) ;
#2502 = LINE ( 'NONE', #238, #1679 ) ;
#2503 = ORIENTED_EDGE ( 'NONE', *, *, #464, .T. ) ;
#2504 = DIRECTION ( 'NONE',  ( 1.000000000000000000, 0.0000000000000000000, 0.0000000000000000000 ) ) ;
#2505 = AXIS2_PLACEMENT_3D ( 'NONE', #1605, #1828, #618 ) ;
#2506 = VECTOR ( 'NONE', #1974, 1000.000000000000000 ) ;
#2507 = ORIENTED_EDGE ( 'NONE', *, *, #1253, .F. ) ;
#2508 = PLANE ( 'NONE',  #474 ) ;
#2509 = CARTESIAN_POINT ( 'NONE',  ( 3.275821996474860053E-16, 55.98000000000000398, 5.349999999999999645 ) ) ;
#2510 = CARTESIAN_POINT ( 'NONE',  ( 61.50000000000000000, 0.0000000000000000000, -17.00000000000000000 ) ) ;
#2511 = CIRCLE ( 'NONE', #1297, 2.291287847477923911 ) ;
#2512 = ORIENTED_EDGE ( 'NONE', *, *, #2446, .T. ) ;
#2513 = ORIENTED_EDGE ( 'NONE', *, *, #797, .T. ) ;
#2514 = DIRECTION ( 'NONE',  ( -3.749151804555340178E-33, -6.123031769111888756E-17, 1.000000000000000000 ) ) ;
#2515 = PERSON_AND_ORGANIZATION_ROLE ( 'creator' ) ;
#2516 = LINE ( 'NONE', #894, #859 ) ;
#2517 = ORIENTED_EDGE ( 'NONE', *, *, #1861, .F. ) ;
#2518 = FACE_OUTER_BOUND ( 'NONE', #250, .T. ) ;
#2519 = DIRECTION ( 'NONE',  ( 0.0000000000000000000, 1.000000000000000000, 0.0000000000000000000 ) ) ;
#2520 = DIRECTION ( 'NONE',  ( 0.0000000000000000000, 0.0000000000000000000, -1.000000000000000000 ) ) ;
#2521 = VERTEX_POINT ( 'NONE', #965 ) ;
#2522 = DIRECTION ( 'NONE',  ( -6.123031769111888756E-17, 0.0000000000000000000, -1.000000000000000000 ) ) ;
#2523 = LINE ( 'NONE', #979, #2506 ) ;
#2524 = ORIENTED_EDGE ( 'NONE', *, *, #574, .T. ) ;
#2525 = CARTESIAN_POINT ( 'NONE',  ( 20.93036072312180096, 56.84665581351199393, 3.204293994002419765 ) ) ;
#2526 = AXIS2_PLACEMENT_3D ( 'NONE', #344, #1988, #2186 ) ;
#2527 = LINE ( 'NONE', #1493, #1657 ) ;
#2528 = AXIS2_PLACEMENT_3D ( 'NONE', #2443, #699, #1667 ) ;
#2529 = DIRECTION ( 'NONE',  ( 0.0000000000000000000, 1.000000000000000000, 0.0000000000000000000 ) ) ;
#2530 = CARTESIAN_POINT ( 'NONE',  ( 30.58050849806129889, 0.0000000000000000000, 8.349999999999999645 ) ) ;
#2531 = AXIS2_PLACEMENT_3D ( 'NONE', #2268, #428, #1401 ) ;
#2532 = EDGE_CURVE ( 'NONE', #637, #1491, #1557, .T. ) ;
#2533 = DIRECTION ( 'NONE',  ( 0.0000000000000000000, 1.000000000000000000, 0.0000000000000000000 ) ) ;
#2534 = VECTOR ( 'NONE', #1201, 1000.000000000000000 ) ;
#2535 = DIRECTION ( 'NONE',  ( 0.0000000000000000000, 1.000000000000000000, 0.0000000000000000000 ) ) ;
#2536 = CARTESIAN_POINT ( 'NONE',  ( 28.56711395993649916, 56.63452377915609759, 0.0000000000000000000 ) ) ;
#2537 = VERTEX_POINT ( 'NONE', #479 ) ;
#2538 = CARTESIAN_POINT ( 'NONE',  ( 3.888125173386050161E-16, 33.30000000000000426, 6.349999999999999645 ) ) ;
#2539 = VECTOR ( 'NONE', #639, 1000.000000000000000 ) ;
#2540 = VERTEX_POINT ( 'NONE', #517 ) ;
#2541 = CARTESIAN_POINT ( 'NONE',  ( -1.120514813747480043E-15, 33.30000000000000426, -18.30000000000000071 ) ) ;
#2542 = EDGE_CURVE ( 'NONE', #2419, #886, #1503, .T. ) ;
#2543 = CARTESIAN_POINT ( 'NONE',  ( -5.112731527208419531E-16, 60.93025424903070331, -8.349999999999999645 ) ) ;
#2544 = DIRECTION ( 'NONE',  ( 0.7071067811865469066, -0.7071067811865480168, 0.0000000000000000000 ) ) ;
#2545 = PRODUCT_DEFINITION_SHAPE ( 'NONE', 'NONE',  #268 ) ;
#2546 = CIRCLE ( 'NONE', #709, 12.49999999999999645 ) ;
#2547 = EDGE_LOOP ( 'NONE', ( #1666, #2549, #1720, #1979 ) ) ;
#2548 = CARTESIAN_POINT ( 'NONE',  ( 44.50000000000000000, 14.00000000000000000, 5.051501209517310134E-16 ) ) ;
#2549 = ORIENTED_EDGE ( 'NONE', *, *, #99, .T. ) ;
#2550 = ADVANCED_FACE ( 'NONE', ( #1524, #2387 ), #1535, .T. ) ;
#2551 = VECTOR ( 'NONE', #1012, 1000.000000000000114 ) ;
#2552 = DIRECTION ( 'NONE',  ( 0.7071067811865474617, 0.7071067811865474617, 0.0000000000000000000 ) ) ;
#2553 = VERTEX_POINT ( 'NONE', #959 ) ;
#2554 = DIRECTION ( 'NONE',  ( 0.0000000000000000000, 1.000000000000000000, 6.123031769111888756E-17 ) ) ;
#2555 = DIRECTION ( 'NONE',  ( 0.0000000000000000000, 0.0000000000000000000, 1.000000000000000000 ) ) ;
#2556 = EDGE_CURVE ( 'NONE', #1058, #2363, #2381, .T. ) ;
#2557 = FACE_OUTER_BOUND ( 'NONE', #2202, .T. ) ;
#2558 = CARTESIAN_POINT ( 'NONE',  ( 3.552713678800499352E-15, 0.0000000000000000000, 8.349999999999999645 ) ) ;
#2559 = AXIS2_PLACEMENT_3D ( 'NONE', #1216, #675, #239 ) ;
#2560 = DIRECTION ( 'NONE',  ( 0.0000000000000000000, -1.000000000000000000, -6.123031769111888756E-17 ) ) ;
#2561 = LINE ( 'NONE', #1542, #864 ) ;
#2562 = AXIS2_PLACEMENT_3D ( 'NONE', #1102, #912, #1481 ) ;
#2563 = PRODUCT_DEFINITION_FORMATION_WITH_SPECIFIED_SOURCE ( '任何', '', #343, .NOT_KNOWN. ) ;
#2564 = AXIS2_PLACEMENT_3D ( 'NONE', #315, #817, #958 ) ;
#2565 = DIRECTION ( 'NONE',  ( 1.000000000000000000, -6.123031769111888756E-17, 0.0000000000000000000 ) ) ;
#2566 = CIRCLE ( 'NONE', #271, 24.67999999999999972 ) ;
#2567 = EDGE_LOOP ( 'NONE', ( #201, #246 ) ) ;
#2568 = EDGE_CURVE ( 'NONE', #1125, #1180, #2390, .T. ) ;
#2569 = EDGE_CURVE ( 'NONE', #694, #327, #669, .T. ) ;
#2570 = CIRCLE ( 'NONE', #806, 4.069397989875159993 ) ;
#2571 = DIRECTION ( 'NONE',  ( 6.123031769111888756E-17, 0.0000000000000000000, 1.000000000000000000 ) ) ;
#2572 = ORIENTED_EDGE ( 'NONE', *, *, #2357, .F. ) ;
#2573 = CARTESIAN_POINT ( 'NONE',  ( 63.50000000000000000, 0.0000000000000000000, -17.00000000000000000 ) ) ;
#2574 = CARTESIAN_POINT ( 'NONE',  ( -30.58050849806129889, 33.30000000000000426, -8.349999999999999645 ) ) ;
#2575 = EDGE_CURVE ( 'NONE', #280, #54, #2374, .T. ) ;
#2576 = CIRCLE ( 'NONE', #991, 2.500000000000000888 ) ;
#2577 = EDGE_LOOP ( 'NONE', ( #2015, #2111, #2101, #1252 ) ) ;
#2578 = DIRECTION ( 'NONE',  ( -0.7071067811865471286, -0.7071067811865479058, 0.0000000000000000000 ) ) ;
#2579 = CARTESIAN_POINT ( 'NONE',  ( 3.472371316263349911E-15, 57.97999999999999687, 7.349999999999999645 ) ) ;
#2580 = DIRECTION ( 'NONE',  ( 6.123031769111888756E-17, 0.0000000000000000000, 1.000000000000000000 ) ) ;
#2581 = FACE_OUTER_BOUND ( 'NONE', #744, .T. ) ;
#2582 = EDGE_LOOP ( 'NONE', ( #346, #260, #281, #231 ) ) ;
#2583 = DIRECTION ( 'NONE',  ( 1.000000000000000000, 0.0000000000000000000, 0.0000000000000000000 ) ) ;
#2584 = CIRCLE ( 'NONE', #2476, 24.67999999999999972 ) ;
#2585 = EDGE_LOOP ( 'NONE', ( #1183, #1582, #1603, #2145 ) ) ;
ENDSEC;
END-ISO-10303-21;
