ISO-10303-21;
HEADER;
FILE_DESCRIPTION( ( '' ), '1' );
FILE_NAME( 'C:/Users/Administrator/Desktop/step/RU42.stp', '2018-07-04T06:04:06', ( '' ), ( '' ), ' ', ' ', ' ' );
FILE_SCHEMA( ( 'CONFIG_CONTROL_DESIGN' ) );
ENDSEC;
DATA;
#1 = DESIGN_CONTEXT( '', #27, 'design' );
#2 = APPLICATION_PROTOCOL_DEFINITION( 'INTERNATIONAL STANDARD', 'config_control_design', 1994, #27 );
#3 = PRODUCT_CATEGORY_RELATIONSHIP( 'NONE', 'NONE', #28, #29 );
#4 = DATE_AND_TIME( #30, #31 );
#5 = DATE_TIME_ROLE( 'creation_date' );
#6 = DATE_TIME_ROLE( 'classification_date' );
#7 = PERSON_AND_ORGANIZATION_ROLE( 'creator' );
#8 = PERSON_AND_ORGANIZATION_ROLE( 'design_supplier' );
#9 = PERSON_AND_ORGANIZATION_ROLE( 'classification_officer' );
#10 = PERSON_AND_ORGANIZATION_ROLE( 'design_owner' );
#11 = APPROVAL_PERSON_ORGANIZATION( #32, #33, #34 );
#12 = APPROVAL_DATE_TIME( #4, #33 );
#13 = CC_DESIGN_APPROVAL( #33, ( #35, #36, #37 ) );
#14 = CC_DESIGN_DATE_AND_TIME_ASSIGNMENT( #4, #5, ( #37 ) );
#15 = CC_DESIGN_DATE_AND_TIME_ASSIGNMENT( #4, #6, ( #35 ) );
#16 = CC_DESIGN_PERSON_AND_ORGANIZATION_ASSIGNMENT( #32, #10, ( #38 ) );
#17 = CC_DESIGN_PERSON_AND_ORGANIZATION_ASSIGNMENT( #32, #7, ( #37 ) );
#18 = CC_DESIGN_PERSON_AND_ORGANIZATION_ASSIGNMENT( #32, #7, ( #36 ) );
#19 = CC_DESIGN_PERSON_AND_ORGANIZATION_ASSIGNMENT( #32, #8, ( #36 ) );
#20 = CC_DESIGN_SECURITY_CLASSIFICATION( #35, ( #36 ) );
#21 = CC_DESIGN_PERSON_AND_ORGANIZATION_ASSIGNMENT( #32, #9, ( #35 ) );
#22 = SHAPE_DEFINITION_REPRESENTATION( #39, #40 );
#23 =  ( GEOMETRIC_REPRESENTATION_CONTEXT( 3 )GLOBAL_UNCERTAINTY_ASSIGNED_CONTEXT( ( #43 ) )GLOBAL_UNIT_ASSIGNED_CONTEXT( ( #45, #46, #47 ) )REPRESENTATION_CONTEXT( 'NONE', 'WORKSPACE' ) );
#27 = APPLICATION_CONTEXT( 'CONFIGURATION CONTROLLED 3D DESIGNS OF MECHANICAL PARTS AND ASSEMBLIES' );
#28 = PRODUCT_CATEGORY( 'part', 'NONE' );
#29 = PRODUCT_RELATED_PRODUCT_CATEGORY( 'detail', ' ', ( #38 ) );
#30 = CALENDAR_DATE( 2018, 4, 6 );
#31 = LOCAL_TIME( 14, 4, 6.00000000000000, #49 );
#32 = PERSON_AND_ORGANIZATION( #50, #51 );
#33 = APPROVAL( #52, 'SOLID MODEL' );
#34 = APPROVAL_ROLE( 'APPROVED' );
#35 = SECURITY_CLASSIFICATION( '', '', #53 );
#36 = PRODUCT_DEFINITION_FORMATION_WITH_SPECIFIED_SOURCE( ' ', 'NONE', #38, .NOT_KNOWN. );
#37 = PRODUCT_DEFINITION( 'NONE', 'NONE', #36, #1 );
#38 = PRODUCT( '1', '1', 'PART-1-DESC', ( #54 ) );
#39 = PRODUCT_DEFINITION_SHAPE( 'NONE', 'NONE', #37 );
#40 = ADVANCED_BREP_SHAPE_REPRESENTATION( '1', ( #55, #56 ), #23 );
#43 = UNCERTAINTY_MEASURE_WITH_UNIT( LENGTH_MEASURE( 1.00000000000000E-006 ), #45, '', '' );
#45 =  ( CONVERSION_BASED_UNIT( 'MILLIMETRE', #59 )LENGTH_UNIT(  )NAMED_UNIT( #62 ) );
#46 =  ( NAMED_UNIT( #64 )PLANE_ANGLE_UNIT(  )SI_UNIT( $, .RADIAN. ) );
#47 =  ( NAMED_UNIT( #64 )SOLID_ANGLE_UNIT(  )SI_UNIT( $, .STERADIAN. ) );
#49 = COORDINATED_UNIVERSAL_TIME_OFFSET( 8, 0, .AHEAD. );
#50 = PERSON( '', 'UNSPECIFIED', $, $, $, $ );
#51 = ORGANIZATION( 'UNSPECIFIED', 'UNSPECIFIED', 'UNSPECIFIED' );
#52 = APPROVAL_STATUS( 'approved' );
#53 = SECURITY_CLASSIFICATION_LEVEL( 'unclassified' );
#54 = MECHANICAL_CONTEXT( '', #27, 'mechanical' );
#55 = MANIFOLD_SOLID_BREP( '1', #70 );
#56 = AXIS2_PLACEMENT_3D( '', #71, #72, #73 );
#59 = LENGTH_MEASURE_WITH_UNIT( LENGTH_MEASURE( 1.00000000000000 ), #74 );
#62 = DIMENSIONAL_EXPONENTS( 1.00000000000000, 0.000000000000000, 0.000000000000000, 0.000000000000000, 0.000000000000000, 0.000000000000000, 0.000000000000000 );
#64 = DIMENSIONAL_EXPONENTS( 0.000000000000000, 0.000000000000000, 0.000000000000000, 0.000000000000000, 0.000000000000000, 0.000000000000000, 0.000000000000000 );
#70 = CLOSED_SHELL( '', ( #75, #76, #77, #78, #79, #80, #81, #82, #83, #84, #85, #86, #87, #88, #89, #90, #91, #92, #93, #94, #95, #96, #97, #98, #99, #100, #101, #102, #103, #104, #105, #106, #107, #108, #109, #110, #111, #112, #113, #114, #115, #116, #117, #118, #119, #120, #121, #122, #123, #124, #125, #126, #127, #128, #129, #130, #131, #132, #133, #134, #135, #136, #137, #138, #139, #140, #141, #142, #143, #144, #145, #146, #147, #148, #149, #150, #151, #152, #153, #154, #155, #156, #157, #158, #159, #160, #161, #162, #163, #164, #165, #166, #167, #168, #169, #170, #171, #172 ) );
#71 = CARTESIAN_POINT( '', ( 0.000000000000000, 0.000000000000000, 0.000000000000000 ) );
#72 = DIRECTION( '', ( 0.000000000000000, 0.000000000000000, 1.00000000000000 ) );
#73 = DIRECTION( '', ( 1.00000000000000, 0.000000000000000, 0.000000000000000 ) );
#74 =  ( NAMED_UNIT( #62 )LENGTH_UNIT(  )SI_UNIT( .MILLI., .METRE. ) );
#75 = ADVANCED_FACE( '', ( #174 ), #175, .T. );
#76 = ADVANCED_FACE( '', ( #176 ), #177, .T. );
#77 = ADVANCED_FACE( '', ( #178 ), #179, .F. );
#78 = ADVANCED_FACE( '', ( #180 ), #181, .T. );
#79 = ADVANCED_FACE( '', ( #182 ), #183, .T. );
#80 = ADVANCED_FACE( '', ( #184 ), #185, .F. );
#81 = ADVANCED_FACE( '', ( #186 ), #187, .T. );
#82 = ADVANCED_FACE( '', ( #188 ), #189, .T. );
#83 = ADVANCED_FACE( '', ( #190 ), #191, .F. );
#84 = ADVANCED_FACE( '', ( #192 ), #193, .F. );
#85 = ADVANCED_FACE( '', ( #194 ), #195, .F. );
#86 = ADVANCED_FACE( '', ( #196 ), #197, .F. );
#87 = ADVANCED_FACE( '', ( #198 ), #199, .F. );
#88 = ADVANCED_FACE( '', ( #200 ), #201, .F. );
#89 = ADVANCED_FACE( '', ( #202 ), #203, .F. );
#90 = ADVANCED_FACE( '', ( #204 ), #205, .F. );
#91 = ADVANCED_FACE( '', ( #206 ), #207, .F. );
#92 = ADVANCED_FACE( '', ( #208 ), #209, .F. );
#93 = ADVANCED_FACE( '', ( #210 ), #211, .F. );
#94 = ADVANCED_FACE( '', ( #212 ), #213, .F. );
#95 = ADVANCED_FACE( '', ( #214 ), #215, .F. );
#96 = ADVANCED_FACE( '', ( #216 ), #217, .F. );
#97 = ADVANCED_FACE( '', ( #218 ), #219, .F. );
#98 = ADVANCED_FACE( '', ( #220 ), #221, .F. );
#99 = ADVANCED_FACE( '', ( #222 ), #223, .F. );
#100 = ADVANCED_FACE( '', ( #224 ), #225, .F. );
#101 = ADVANCED_FACE( '', ( #226 ), #227, .F. );
#102 = ADVANCED_FACE( '', ( #228 ), #229, .F. );
#103 = ADVANCED_FACE( '', ( #230 ), #231, .F. );
#104 = ADVANCED_FACE( '', ( #232 ), #233, .F. );
#105 = ADVANCED_FACE( '', ( #234 ), #235, .F. );
#106 = ADVANCED_FACE( '', ( #236 ), #237, .F. );
#107 = ADVANCED_FACE( '', ( #238 ), #239, .F. );
#108 = ADVANCED_FACE( '', ( #240 ), #241, .F. );
#109 = ADVANCED_FACE( '', ( #242 ), #243, .F. );
#110 = ADVANCED_FACE( '', ( #244 ), #245, .F. );
#111 = ADVANCED_FACE( '', ( #246 ), #247, .F. );
#112 = ADVANCED_FACE( '', ( #248 ), #249, .F. );
#113 = ADVANCED_FACE( '', ( #250 ), #251, .F. );
#114 = ADVANCED_FACE( '', ( #252 ), #253, .F. );
#115 = ADVANCED_FACE( '', ( #254, #255 ), #256, .T. );
#116 = ADVANCED_FACE( '', ( #257 ), #258, .F. );
#117 = ADVANCED_FACE( '', ( #259 ), #260, .F. );
#118 = ADVANCED_FACE( '', ( #261 ), #262, .F. );
#119 = ADVANCED_FACE( '', ( #263, #264 ), #265, .T. );
#120 = ADVANCED_FACE( '', ( #266 ), #267, .F. );
#121 = ADVANCED_FACE( '', ( #268 ), #269, .F. );
#122 = ADVANCED_FACE( '', ( #270 ), #271, .F. );
#123 = ADVANCED_FACE( '', ( #272 ), #273, .F. );
#124 = ADVANCED_FACE( '', ( #274 ), #275, .F. );
#125 = ADVANCED_FACE( '', ( #276 ), #277, .F. );
#126 = ADVANCED_FACE( '', ( #278 ), #279, .F. );
#127 = ADVANCED_FACE( '', ( #280 ), #281, .F. );
#128 = ADVANCED_FACE( '', ( #282 ), #283, .F. );
#129 = ADVANCED_FACE( '', ( #284 ), #285, .F. );
#130 = ADVANCED_FACE( '', ( #286 ), #287, .F. );
#131 = ADVANCED_FACE( '', ( #288 ), #289, .F. );
#132 = ADVANCED_FACE( '', ( #290 ), #291, .F. );
#133 = ADVANCED_FACE( '', ( #292 ), #293, .F. );
#134 = ADVANCED_FACE( '', ( #294 ), #295, .F. );
#135 = ADVANCED_FACE( '', ( #296 ), #297, .F. );
#136 = ADVANCED_FACE( '', ( #298 ), #299, .F. );
#137 = ADVANCED_FACE( '', ( #300 ), #301, .F. );
#138 = ADVANCED_FACE( '', ( #302 ), #303, .F. );
#139 = ADVANCED_FACE( '', ( #304 ), #305, .F. );
#140 = ADVANCED_FACE( '', ( #306 ), #307, .F. );
#141 = ADVANCED_FACE( '', ( #308, #309 ), #310, .F. );
#142 = ADVANCED_FACE( '', ( #311 ), #312, .F. );
#143 = ADVANCED_FACE( '', ( #313 ), #314, .F. );
#144 = ADVANCED_FACE( '', ( #315, #316 ), #317, .F. );
#145 = ADVANCED_FACE( '', ( #318 ), #319, .F. );
#146 = ADVANCED_FACE( '', ( #320 ), #321, .F. );
#147 = ADVANCED_FACE( '', ( #322, #323 ), #324, .F. );
#148 = ADVANCED_FACE( '', ( #325 ), #326, .F. );
#149 = ADVANCED_FACE( '', ( #327 ), #328, .F. );
#150 = ADVANCED_FACE( '', ( #329, #330 ), #331, .F. );
#151 = ADVANCED_FACE( '', ( #332 ), #333, .F. );
#152 = ADVANCED_FACE( '', ( #334 ), #335, .F. );
#153 = ADVANCED_FACE( '', ( #336, #337 ), #338, .F. );
#154 = ADVANCED_FACE( '', ( #339 ), #340, .F. );
#155 = ADVANCED_FACE( '', ( #341 ), #342, .F. );
#156 = ADVANCED_FACE( '', ( #343, #344 ), #345, .F. );
#157 = ADVANCED_FACE( '', ( #346 ), #347, .F. );
#158 = ADVANCED_FACE( '', ( #348 ), #349, .F. );
#159 = ADVANCED_FACE( '', ( #350, #351 ), #352, .T. );
#160 = ADVANCED_FACE( '', ( #353 ), #354, .T. );
#161 = ADVANCED_FACE( '', ( #355, #356, #357, #358, #359, #360, #361, #362 ), #363, .T. );
#162 = ADVANCED_FACE( '', ( #364 ), #365, .T. );
#163 = ADVANCED_FACE( '', ( #366 ), #367, .F. );
#164 = ADVANCED_FACE( '', ( #368 ), #369, .T. );
#165 = ADVANCED_FACE( '', ( #370, #371, #372, #373, #374, #375, #376, #377 ), #378, .T. );
#166 = ADVANCED_FACE( '', ( #379 ), #380, .T. );
#167 = ADVANCED_FACE( '', ( #381, #382 ), #383, .T. );
#168 = ADVANCED_FACE( '', ( #384 ), #385, .F. );
#169 = ADVANCED_FACE( '', ( #386, #387, #388, #389, #390, #391, #392, #393 ), #394, .T. );
#170 = ADVANCED_FACE( '', ( #395 ), #396, .T. );
#171 = ADVANCED_FACE( '', ( #397 ), #398, .T. );
#172 = ADVANCED_FACE( '', ( #399, #400, #401, #402, #403, #404, #405, #406 ), #407, .T. );
#174 = FACE_OUTER_BOUND( '', #408, .T. );
#175 = TOROIDAL_SURFACE( '', #409, 34.4000000000000, 0.600000000000001 );
#176 = FACE_OUTER_BOUND( '', #410, .T. );
#177 = TOROIDAL_SURFACE( '', #411, 34.4000000000000, 0.600000000000001 );
#178 = FACE_OUTER_BOUND( '', #412, .T. );
#179 = CYLINDRICAL_SURFACE( '', #413, 22.4166666666667 );
#180 = FACE_OUTER_BOUND( '', #414, .T. );
#181 = CYLINDRICAL_SURFACE( '', #415, 20.7500000000000 );
#182 = FACE_OUTER_BOUND( '', #416, .T. );
#183 = TOROIDAL_SURFACE( '', #417, 10.6000000000000, 0.600000000000000 );
#184 = FACE_OUTER_BOUND( '', #418, .T. );
#185 = CYLINDRICAL_SURFACE( '', #419, 10.0000000000000 );
#186 = FACE_OUTER_BOUND( '', #420, .T. );
#187 = TOROIDAL_SURFACE( '', #421, 10.6000000000000, 0.600000000000000 );
#188 = FACE_OUTER_BOUND( '', #422, .T. );
#189 = CYLINDRICAL_SURFACE( '', #423, 20.7500000000000 );
#190 = FACE_OUTER_BOUND( '', #424, .T. );
#191 = CYLINDRICAL_SURFACE( '', #425, 22.4166666666667 );
#192 = FACE_OUTER_BOUND( '', #426, .T. );
#193 = CYLINDRICAL_SURFACE( '', #427, 1.70000000000000 );
#194 = FACE_OUTER_BOUND( '', #428, .T. );
#195 = CYLINDRICAL_SURFACE( '', #429, 3.25000000000000 );
#196 = FACE_OUTER_BOUND( '', #430, .T. );
#197 = CYLINDRICAL_SURFACE( '', #431, 1.70000000000000 );
#198 = FACE_OUTER_BOUND( '', #432, .T. );
#199 = CYLINDRICAL_SURFACE( '', #433, 3.25000000000000 );
#200 = FACE_OUTER_BOUND( '', #434, .T. );
#201 = CYLINDRICAL_SURFACE( '', #435, 1.70000000000000 );
#202 = FACE_OUTER_BOUND( '', #436, .T. );
#203 = CYLINDRICAL_SURFACE( '', #437, 3.25000000000000 );
#204 = FACE_OUTER_BOUND( '', #438, .T. );
#205 = CYLINDRICAL_SURFACE( '', #439, 1.70000000000000 );
#206 = FACE_OUTER_BOUND( '', #440, .T. );
#207 = CYLINDRICAL_SURFACE( '', #441, 3.25000000000000 );
#208 = FACE_OUTER_BOUND( '', #442, .T. );
#209 = CYLINDRICAL_SURFACE( '', #443, 1.70000000000000 );
#210 = FACE_OUTER_BOUND( '', #444, .T. );
#211 = CYLINDRICAL_SURFACE( '', #445, 3.25000000000000 );
#212 = FACE_OUTER_BOUND( '', #446, .T. );
#213 = CYLINDRICAL_SURFACE( '', #447, 1.70000000000000 );
#214 = FACE_OUTER_BOUND( '', #448, .T. );
#215 = CYLINDRICAL_SURFACE( '', #449, 3.25000000000000 );
#216 = FACE_OUTER_BOUND( '', #450, .T. );
#217 = CONICAL_SURFACE( '', #451, 1.36475000000000, 0.785398163397448 );
#218 = FACE_OUTER_BOUND( '', #452, .T. );
#219 = CYLINDRICAL_SURFACE( '', #453, 1.22950000000000 );
#220 = FACE_OUTER_BOUND( '', #454, .T. );
#221 = CONICAL_SURFACE( '', #455, 1.36475000000000, 0.785398163397448 );
#222 = FACE_OUTER_BOUND( '', #456, .T. );
#223 = CONICAL_SURFACE( '', #457, 1.36475000000000, 0.785398163397448 );
#224 = FACE_OUTER_BOUND( '', #458, .T. );
#225 = CYLINDRICAL_SURFACE( '', #459, 1.22950000000000 );
#226 = FACE_OUTER_BOUND( '', #460, .T. );
#227 = CONICAL_SURFACE( '', #461, 1.36475000000000, 0.785398163397448 );
#228 = FACE_OUTER_BOUND( '', #462, .T. );
#229 = CONICAL_SURFACE( '', #463, 1.36475000000000, 0.785398163397448 );
#230 = FACE_OUTER_BOUND( '', #464, .T. );
#231 = CYLINDRICAL_SURFACE( '', #465, 1.22950000000000 );
#232 = FACE_OUTER_BOUND( '', #466, .T. );
#233 = CONICAL_SURFACE( '', #467, 1.36475000000000, 0.785398163397448 );
#234 = FACE_OUTER_BOUND( '', #468, .T. );
#235 = CONICAL_SURFACE( '', #469, 1.36475000000000, 0.785398163397448 );
#236 = FACE_OUTER_BOUND( '', #470, .T. );
#237 = CYLINDRICAL_SURFACE( '', #471, 1.22950000000000 );
#238 = FACE_OUTER_BOUND( '', #472, .T. );
#239 = CONICAL_SURFACE( '', #473, 1.36475000000000, 0.785398163397448 );
#240 = FACE_OUTER_BOUND( '', #474, .T. );
#241 = CONICAL_SURFACE( '', #475, 1.36475000000000, 0.785398163397448 );
#242 = FACE_OUTER_BOUND( '', #476, .T. );
#243 = CYLINDRICAL_SURFACE( '', #477, 1.22950000000000 );
#244 = FACE_OUTER_BOUND( '', #478, .T. );
#245 = CONICAL_SURFACE( '', #479, 1.36475000000000, 0.785398163397448 );
#246 = FACE_OUTER_BOUND( '', #480, .T. );
#247 = CONICAL_SURFACE( '', #481, 1.36475000000000, 0.785398163397448 );
#248 = FACE_OUTER_BOUND( '', #482, .T. );
#249 = CYLINDRICAL_SURFACE( '', #483, 1.22950000000000 );
#250 = FACE_OUTER_BOUND( '', #484, .T. );
#251 = CONICAL_SURFACE( '', #485, 1.36475000000000, 0.785398163397448 );
#252 = FACE_OUTER_BOUND( '', #486, .T. );
#253 = CYLINDRICAL_SURFACE( '', #487, 1.55000000000000 );
#254 = FACE_OUTER_BOUND( '', #488, .T. );
#255 = FACE_BOUND( '', #489, .T. );
#256 = CYLINDRICAL_SURFACE( '', #490, 35.0000000000000 );
#257 = FACE_OUTER_BOUND( '', #491, .T. );
#258 = CYLINDRICAL_SURFACE( '', #492, 1.54999999999999 );
#259 = FACE_OUTER_BOUND( '', #493, .T. );
#260 = CYLINDRICAL_SURFACE( '', #494, 1.54999999999999 );
#261 = FACE_OUTER_BOUND( '', #495, .T. );
#262 = PLANE( '', #496 );
#263 = FACE_OUTER_BOUND( '', #497, .T. );
#264 = FACE_BOUND( '', #498, .T. );
#265 = CYLINDRICAL_SURFACE( '', #499, 35.0000000000000 );
#266 = FACE_OUTER_BOUND( '', #500, .T. );
#267 = PLANE( '', #501 );
#268 = FACE_OUTER_BOUND( '', #502, .T. );
#269 = CYLINDRICAL_SURFACE( '', #503, 1.55000000000000 );
#270 = FACE_OUTER_BOUND( '', #504, .T. );
#271 = CONICAL_SURFACE( '', #505, 1.36475000000000, 0.785398163397448 );
#272 = FACE_OUTER_BOUND( '', #506, .T. );
#273 = CYLINDRICAL_SURFACE( '', #507, 1.22950000000000 );
#274 = FACE_OUTER_BOUND( '', #508, .T. );
#275 = CONICAL_SURFACE( '', #509, 1.36475000000000, 0.785398163397448 );
#276 = FACE_OUTER_BOUND( '', #510, .T. );
#277 = CONICAL_SURFACE( '', #511, 1.36475000000000, 0.785398163397448 );
#278 = FACE_OUTER_BOUND( '', #512, .T. );
#279 = CYLINDRICAL_SURFACE( '', #513, 1.22950000000000 );
#280 = FACE_OUTER_BOUND( '', #514, .T. );
#281 = CONICAL_SURFACE( '', #515, 1.36475000000000, 0.785398163397448 );
#282 = FACE_OUTER_BOUND( '', #516, .T. );
#283 = CONICAL_SURFACE( '', #517, 1.36475000000000, 0.785398163397448 );
#284 = FACE_OUTER_BOUND( '', #518, .T. );
#285 = CYLINDRICAL_SURFACE( '', #519, 1.22950000000000 );
#286 = FACE_OUTER_BOUND( '', #520, .T. );
#287 = CONICAL_SURFACE( '', #521, 1.36475000000000, 0.785398163397448 );
#288 = FACE_OUTER_BOUND( '', #522, .T. );
#289 = CONICAL_SURFACE( '', #523, 1.36475000000000, 0.785398163397448 );
#290 = FACE_OUTER_BOUND( '', #524, .T. );
#291 = CYLINDRICAL_SURFACE( '', #525, 1.22950000000000 );
#292 = FACE_OUTER_BOUND( '', #526, .T. );
#293 = CONICAL_SURFACE( '', #527, 1.36475000000000, 0.785398163397448 );
#294 = FACE_OUTER_BOUND( '', #528, .T. );
#295 = CONICAL_SURFACE( '', #529, 1.36475000000000, 0.785398163397448 );
#296 = FACE_OUTER_BOUND( '', #530, .T. );
#297 = CYLINDRICAL_SURFACE( '', #531, 1.22950000000000 );
#298 = FACE_OUTER_BOUND( '', #532, .T. );
#299 = CONICAL_SURFACE( '', #533, 1.36475000000000, 0.785398163397448 );
#300 = FACE_OUTER_BOUND( '', #534, .T. );
#301 = CONICAL_SURFACE( '', #535, 1.36475000000000, 0.785398163397448 );
#302 = FACE_OUTER_BOUND( '', #536, .T. );
#303 = CYLINDRICAL_SURFACE( '', #537, 1.22950000000000 );
#304 = FACE_OUTER_BOUND( '', #538, .T. );
#305 = CONICAL_SURFACE( '', #539, 1.36475000000000, 0.785398163397448 );
#306 = FACE_OUTER_BOUND( '', #540, .T. );
#307 = CYLINDRICAL_SURFACE( '', #541, 3.25000000000000 );
#308 = FACE_BOUND( '', #542, .T. );
#309 = FACE_OUTER_BOUND( '', #543, .T. );
#310 = PLANE( '', #544 );
#311 = FACE_OUTER_BOUND( '', #545, .T. );
#312 = CYLINDRICAL_SURFACE( '', #546, 1.70000000000000 );
#313 = FACE_OUTER_BOUND( '', #547, .T. );
#314 = CYLINDRICAL_SURFACE( '', #548, 3.25000000000000 );
#315 = FACE_BOUND( '', #549, .T. );
#316 = FACE_OUTER_BOUND( '', #550, .T. );
#317 = PLANE( '', #551 );
#318 = FACE_OUTER_BOUND( '', #552, .T. );
#319 = CYLINDRICAL_SURFACE( '', #553, 1.70000000000000 );
#320 = FACE_OUTER_BOUND( '', #554, .T. );
#321 = CYLINDRICAL_SURFACE( '', #555, 3.25000000000000 );
#322 = FACE_BOUND( '', #556, .T. );
#323 = FACE_OUTER_BOUND( '', #557, .T. );
#324 = PLANE( '', #558 );
#325 = FACE_OUTER_BOUND( '', #559, .T. );
#326 = CYLINDRICAL_SURFACE( '', #560, 1.70000000000000 );
#327 = FACE_OUTER_BOUND( '', #561, .T. );
#328 = CYLINDRICAL_SURFACE( '', #562, 3.25000000000000 );
#329 = FACE_BOUND( '', #563, .T. );
#330 = FACE_OUTER_BOUND( '', #564, .T. );
#331 = PLANE( '', #565 );
#332 = FACE_OUTER_BOUND( '', #566, .T. );
#333 = CYLINDRICAL_SURFACE( '', #567, 1.70000000000000 );
#334 = FACE_OUTER_BOUND( '', #568, .T. );
#335 = CYLINDRICAL_SURFACE( '', #569, 3.25000000000000 );
#336 = FACE_BOUND( '', #570, .T. );
#337 = FACE_OUTER_BOUND( '', #571, .T. );
#338 = PLANE( '', #572 );
#339 = FACE_OUTER_BOUND( '', #573, .T. );
#340 = CYLINDRICAL_SURFACE( '', #574, 1.70000000000000 );
#341 = FACE_OUTER_BOUND( '', #575, .T. );
#342 = CYLINDRICAL_SURFACE( '', #576, 3.25000000000000 );
#343 = FACE_BOUND( '', #577, .T. );
#344 = FACE_OUTER_BOUND( '', #578, .T. );
#345 = PLANE( '', #579 );
#346 = FACE_OUTER_BOUND( '', #580, .T. );
#347 = CYLINDRICAL_SURFACE( '', #581, 1.70000000000000 );
#348 = FACE_OUTER_BOUND( '', #582, .T. );
#349 = CYLINDRICAL_SURFACE( '', #583, 22.4166666666667 );
#350 = FACE_BOUND( '', #584, .T. );
#351 = FACE_OUTER_BOUND( '', #585, .T. );
#352 = PLANE( '', #586 );
#353 = FACE_OUTER_BOUND( '', #587, .T. );
#354 = CYLINDRICAL_SURFACE( '', #588, 20.7500000000000 );
#355 = FACE_BOUND( '', #589, .T. );
#356 = FACE_BOUND( '', #590, .T. );
#357 = FACE_BOUND( '', #591, .T. );
#358 = FACE_BOUND( '', #592, .T. );
#359 = FACE_BOUND( '', #593, .T. );
#360 = FACE_BOUND( '', #594, .T. );
#361 = FACE_BOUND( '', #595, .T. );
#362 = FACE_OUTER_BOUND( '', #596, .T. );
#363 = PLANE( '', #597 );
#364 = FACE_OUTER_BOUND( '', #598, .T. );
#365 = TOROIDAL_SURFACE( '', #599, 10.6000000000000, 0.600000000000000 );
#366 = FACE_OUTER_BOUND( '', #600, .T. );
#367 = CYLINDRICAL_SURFACE( '', #601, 10.0000000000000 );
#368 = FACE_OUTER_BOUND( '', #602, .T. );
#369 = TOROIDAL_SURFACE( '', #603, 10.6000000000000, 0.600000000000000 );
#370 = FACE_BOUND( '', #604, .T. );
#371 = FACE_BOUND( '', #605, .T. );
#372 = FACE_BOUND( '', #606, .T. );
#373 = FACE_BOUND( '', #607, .T. );
#374 = FACE_BOUND( '', #608, .T. );
#375 = FACE_BOUND( '', #609, .T. );
#376 = FACE_OUTER_BOUND( '', #610, .T. );
#377 = FACE_BOUND( '', #611, .T. );
#378 = PLANE( '', #612 );
#379 = FACE_OUTER_BOUND( '', #613, .T. );
#380 = CYLINDRICAL_SURFACE( '', #614, 20.7500000000000 );
#381 = FACE_OUTER_BOUND( '', #615, .T. );
#382 = FACE_BOUND( '', #616, .T. );
#383 = PLANE( '', #617 );
#384 = FACE_OUTER_BOUND( '', #618, .T. );
#385 = CYLINDRICAL_SURFACE( '', #619, 22.4166666666667 );
#386 = FACE_BOUND( '', #620, .T. );
#387 = FACE_BOUND( '', #621, .T. );
#388 = FACE_BOUND( '', #622, .T. );
#389 = FACE_BOUND( '', #623, .T. );
#390 = FACE_BOUND( '', #624, .T. );
#391 = FACE_BOUND( '', #625, .T. );
#392 = FACE_OUTER_BOUND( '', #626, .T. );
#393 = FACE_BOUND( '', #627, .T. );
#394 = PLANE( '', #628 );
#395 = FACE_OUTER_BOUND( '', #629, .T. );
#396 = TOROIDAL_SURFACE( '', #630, 34.4000000000000, 0.600000000000001 );
#397 = FACE_OUTER_BOUND( '', #631, .T. );
#398 = TOROIDAL_SURFACE( '', #632, 34.4000000000000, 0.600000000000001 );
#399 = FACE_BOUND( '', #633, .T. );
#400 = FACE_BOUND( '', #634, .T. );
#401 = FACE_BOUND( '', #635, .T. );
#402 = FACE_BOUND( '', #636, .T. );
#403 = FACE_BOUND( '', #637, .T. );
#404 = FACE_BOUND( '', #638, .T. );
#405 = FACE_BOUND( '', #639, .T. );
#406 = FACE_OUTER_BOUND( '', #640, .T. );
#407 = PLANE( '', #641 );
#408 = EDGE_LOOP( '', ( #642, #643, #644, #645, #646, #647 ) );
#409 = AXIS2_PLACEMENT_3D( '', #648, #649, #650 );
#410 = EDGE_LOOP( '', ( #651, #652, #653, #654, #655, #656 ) );
#411 = AXIS2_PLACEMENT_3D( '', #657, #658, #659 );
#412 = EDGE_LOOP( '', ( #660, #661, #662, #663 ) );
#413 = AXIS2_PLACEMENT_3D( '', #664, #665, #666 );
#414 = EDGE_LOOP( '', ( #667, #668, #669, #670 ) );
#415 = AXIS2_PLACEMENT_3D( '', #671, #672, #673 );
#416 = EDGE_LOOP( '', ( #674, #675, #676, #677, #678, #679 ) );
#417 = AXIS2_PLACEMENT_3D( '', #680, #681, #682 );
#418 = EDGE_LOOP( '', ( #683, #684, #685, #686, #687, #688 ) );
#419 = AXIS2_PLACEMENT_3D( '', #689, #690, #691 );
#420 = EDGE_LOOP( '', ( #692, #693, #694, #695, #696, #697 ) );
#421 = AXIS2_PLACEMENT_3D( '', #698, #699, #700 );
#422 = EDGE_LOOP( '', ( #701, #702, #703, #704 ) );
#423 = AXIS2_PLACEMENT_3D( '', #705, #706, #707 );
#424 = EDGE_LOOP( '', ( #708, #709, #710, #711 ) );
#425 = AXIS2_PLACEMENT_3D( '', #712, #713, #714 );
#426 = EDGE_LOOP( '', ( #715, #716, #717, #718 ) );
#427 = AXIS2_PLACEMENT_3D( '', #719, #720, #721 );
#428 = EDGE_LOOP( '', ( #722, #723, #724, #725 ) );
#429 = AXIS2_PLACEMENT_3D( '', #726, #727, #728 );
#430 = EDGE_LOOP( '', ( #729, #730, #731, #732 ) );
#431 = AXIS2_PLACEMENT_3D( '', #733, #734, #735 );
#432 = EDGE_LOOP( '', ( #736, #737, #738, #739 ) );
#433 = AXIS2_PLACEMENT_3D( '', #740, #741, #742 );
#434 = EDGE_LOOP( '', ( #743, #744, #745, #746 ) );
#435 = AXIS2_PLACEMENT_3D( '', #747, #748, #749 );
#436 = EDGE_LOOP( '', ( #750, #751, #752, #753 ) );
#437 = AXIS2_PLACEMENT_3D( '', #754, #755, #756 );
#438 = EDGE_LOOP( '', ( #757, #758, #759, #760 ) );
#439 = AXIS2_PLACEMENT_3D( '', #761, #762, #763 );
#440 = EDGE_LOOP( '', ( #764, #765, #766, #767 ) );
#441 = AXIS2_PLACEMENT_3D( '', #768, #769, #770 );
#442 = EDGE_LOOP( '', ( #771, #772, #773, #774 ) );
#443 = AXIS2_PLACEMENT_3D( '', #775, #776, #777 );
#444 = EDGE_LOOP( '', ( #778, #779, #780, #781 ) );
#445 = AXIS2_PLACEMENT_3D( '', #782, #783, #784 );
#446 = EDGE_LOOP( '', ( #785, #786, #787, #788 ) );
#447 = AXIS2_PLACEMENT_3D( '', #789, #790, #791 );
#448 = EDGE_LOOP( '', ( #792, #793, #794, #795 ) );
#449 = AXIS2_PLACEMENT_3D( '', #796, #797, #798 );
#450 = EDGE_LOOP( '', ( #799, #800, #801, #802 ) );
#451 = AXIS2_PLACEMENT_3D( '', #803, #804, #805 );
#452 = EDGE_LOOP( '', ( #806, #807, #808, #809 ) );
#453 = AXIS2_PLACEMENT_3D( '', #810, #811, #812 );
#454 = EDGE_LOOP( '', ( #813, #814, #815, #816 ) );
#455 = AXIS2_PLACEMENT_3D( '', #817, #818, #819 );
#456 = EDGE_LOOP( '', ( #820, #821, #822, #823 ) );
#457 = AXIS2_PLACEMENT_3D( '', #824, #825, #826 );
#458 = EDGE_LOOP( '', ( #827, #828, #829, #830 ) );
#459 = AXIS2_PLACEMENT_3D( '', #831, #832, #833 );
#460 = EDGE_LOOP( '', ( #834, #835, #836, #837 ) );
#461 = AXIS2_PLACEMENT_3D( '', #838, #839, #840 );
#462 = EDGE_LOOP( '', ( #841, #842, #843, #844 ) );
#463 = AXIS2_PLACEMENT_3D( '', #845, #846, #847 );
#464 = EDGE_LOOP( '', ( #848, #849, #850, #851 ) );
#465 = AXIS2_PLACEMENT_3D( '', #852, #853, #854 );
#466 = EDGE_LOOP( '', ( #855, #856, #857, #858 ) );
#467 = AXIS2_PLACEMENT_3D( '', #859, #860, #861 );
#468 = EDGE_LOOP( '', ( #862, #863, #864, #865 ) );
#469 = AXIS2_PLACEMENT_3D( '', #866, #867, #868 );
#470 = EDGE_LOOP( '', ( #869, #870, #871, #872 ) );
#471 = AXIS2_PLACEMENT_3D( '', #873, #874, #875 );
#472 = EDGE_LOOP( '', ( #876, #877, #878, #879 ) );
#473 = AXIS2_PLACEMENT_3D( '', #880, #881, #882 );
#474 = EDGE_LOOP( '', ( #883, #884, #885, #886 ) );
#475 = AXIS2_PLACEMENT_3D( '', #887, #888, #889 );
#476 = EDGE_LOOP( '', ( #890, #891, #892, #893 ) );
#477 = AXIS2_PLACEMENT_3D( '', #894, #895, #896 );
#478 = EDGE_LOOP( '', ( #897, #898, #899, #900 ) );
#479 = AXIS2_PLACEMENT_3D( '', #901, #902, #903 );
#480 = EDGE_LOOP( '', ( #904, #905, #906, #907 ) );
#481 = AXIS2_PLACEMENT_3D( '', #908, #909, #910 );
#482 = EDGE_LOOP( '', ( #911, #912, #913, #914 ) );
#483 = AXIS2_PLACEMENT_3D( '', #915, #916, #917 );
#484 = EDGE_LOOP( '', ( #918, #919, #920, #921 ) );
#485 = AXIS2_PLACEMENT_3D( '', #922, #923, #924 );
#486 = EDGE_LOOP( '', ( #925, #926, #927, #928, #929 ) );
#487 = AXIS2_PLACEMENT_3D( '', #930, #931, #932 );
#488 = EDGE_LOOP( '', ( #933, #934, #935, #936, #937, #938 ) );
#489 = EDGE_LOOP( '', ( #939, #940, #941, #942 ) );
#490 = AXIS2_PLACEMENT_3D( '', #943, #944, #945 );
#491 = EDGE_LOOP( '', ( #946, #947, #948, #949, #950 ) );
#492 = AXIS2_PLACEMENT_3D( '', #951, #952, #953 );
#493 = EDGE_LOOP( '', ( #954, #955, #956, #957, #958 ) );
#494 = AXIS2_PLACEMENT_3D( '', #959, #960, #961 );
#495 = EDGE_LOOP( '', ( #962, #963 ) );
#496 = AXIS2_PLACEMENT_3D( '', #964, #965, #966 );
#497 = EDGE_LOOP( '', ( #967, #968, #969, #970, #971, #972 ) );
#498 = EDGE_LOOP( '', ( #973, #974, #975, #976 ) );
#499 = AXIS2_PLACEMENT_3D( '', #977, #978, #979 );
#500 = EDGE_LOOP( '', ( #980, #981 ) );
#501 = AXIS2_PLACEMENT_3D( '', #982, #983, #984 );
#502 = EDGE_LOOP( '', ( #985, #986, #987, #988, #989 ) );
#503 = AXIS2_PLACEMENT_3D( '', #990, #991, #992 );
#504 = EDGE_LOOP( '', ( #993, #994, #995, #996 ) );
#505 = AXIS2_PLACEMENT_3D( '', #997, #998, #999 );
#506 = EDGE_LOOP( '', ( #1000, #1001, #1002, #1003 ) );
#507 = AXIS2_PLACEMENT_3D( '', #1004, #1005, #1006 );
#508 = EDGE_LOOP( '', ( #1007, #1008, #1009, #1010 ) );
#509 = AXIS2_PLACEMENT_3D( '', #1011, #1012, #1013 );
#510 = EDGE_LOOP( '', ( #1014, #1015, #1016, #1017 ) );
#511 = AXIS2_PLACEMENT_3D( '', #1018, #1019, #1020 );
#512 = EDGE_LOOP( '', ( #1021, #1022, #1023, #1024 ) );
#513 = AXIS2_PLACEMENT_3D( '', #1025, #1026, #1027 );
#514 = EDGE_LOOP( '', ( #1028, #1029, #1030, #1031 ) );
#515 = AXIS2_PLACEMENT_3D( '', #1032, #1033, #1034 );
#516 = EDGE_LOOP( '', ( #1035, #1036, #1037, #1038 ) );
#517 = AXIS2_PLACEMENT_3D( '', #1039, #1040, #1041 );
#518 = EDGE_LOOP( '', ( #1042, #1043, #1044, #1045 ) );
#519 = AXIS2_PLACEMENT_3D( '', #1046, #1047, #1048 );
#520 = EDGE_LOOP( '', ( #1049, #1050, #1051, #1052 ) );
#521 = AXIS2_PLACEMENT_3D( '', #1053, #1054, #1055 );
#522 = EDGE_LOOP( '', ( #1056, #1057, #1058, #1059 ) );
#523 = AXIS2_PLACEMENT_3D( '', #1060, #1061, #1062 );
#524 = EDGE_LOOP( '', ( #1063, #1064, #1065, #1066 ) );
#525 = AXIS2_PLACEMENT_3D( '', #1067, #1068, #1069 );
#526 = EDGE_LOOP( '', ( #1070, #1071, #1072, #1073 ) );
#527 = AXIS2_PLACEMENT_3D( '', #1074, #1075, #1076 );
#528 = EDGE_LOOP( '', ( #1077, #1078, #1079, #1080 ) );
#529 = AXIS2_PLACEMENT_3D( '', #1081, #1082, #1083 );
#530 = EDGE_LOOP( '', ( #1084, #1085, #1086, #1087 ) );
#531 = AXIS2_PLACEMENT_3D( '', #1088, #1089, #1090 );
#532 = EDGE_LOOP( '', ( #1091, #1092, #1093, #1094 ) );
#533 = AXIS2_PLACEMENT_3D( '', #1095, #1096, #1097 );
#534 = EDGE_LOOP( '', ( #1098, #1099, #1100, #1101 ) );
#535 = AXIS2_PLACEMENT_3D( '', #1102, #1103, #1104 );
#536 = EDGE_LOOP( '', ( #1105, #1106, #1107, #1108 ) );
#537 = AXIS2_PLACEMENT_3D( '', #1109, #1110, #1111 );
#538 = EDGE_LOOP( '', ( #1112, #1113, #1114, #1115 ) );
#539 = AXIS2_PLACEMENT_3D( '', #1116, #1117, #1118 );
#540 = EDGE_LOOP( '', ( #1119, #1120, #1121, #1122 ) );
#541 = AXIS2_PLACEMENT_3D( '', #1123, #1124, #1125 );
#542 = EDGE_LOOP( '', ( #1126, #1127 ) );
#543 = EDGE_LOOP( '', ( #1128, #1129 ) );
#544 = AXIS2_PLACEMENT_3D( '', #1130, #1131, #1132 );
#545 = EDGE_LOOP( '', ( #1133, #1134, #1135, #1136 ) );
#546 = AXIS2_PLACEMENT_3D( '', #1137, #1138, #1139 );
#547 = EDGE_LOOP( '', ( #1140, #1141, #1142, #1143 ) );
#548 = AXIS2_PLACEMENT_3D( '', #1144, #1145, #1146 );
#549 = EDGE_LOOP( '', ( #1147, #1148 ) );
#550 = EDGE_LOOP( '', ( #1149, #1150 ) );
#551 = AXIS2_PLACEMENT_3D( '', #1151, #1152, #1153 );
#552 = EDGE_LOOP( '', ( #1154, #1155, #1156, #1157 ) );
#553 = AXIS2_PLACEMENT_3D( '', #1158, #1159, #1160 );
#554 = EDGE_LOOP( '', ( #1161, #1162, #1163, #1164 ) );
#555 = AXIS2_PLACEMENT_3D( '', #1165, #1166, #1167 );
#556 = EDGE_LOOP( '', ( #1168, #1169 ) );
#557 = EDGE_LOOP( '', ( #1170, #1171 ) );
#558 = AXIS2_PLACEMENT_3D( '', #1172, #1173, #1174 );
#559 = EDGE_LOOP( '', ( #1175, #1176, #1177, #1178 ) );
#560 = AXIS2_PLACEMENT_3D( '', #1179, #1180, #1181 );
#561 = EDGE_LOOP( '', ( #1182, #1183, #1184, #1185 ) );
#562 = AXIS2_PLACEMENT_3D( '', #1186, #1187, #1188 );
#563 = EDGE_LOOP( '', ( #1189, #1190 ) );
#564 = EDGE_LOOP( '', ( #1191, #1192 ) );
#565 = AXIS2_PLACEMENT_3D( '', #1193, #1194, #1195 );
#566 = EDGE_LOOP( '', ( #1196, #1197, #1198, #1199 ) );
#567 = AXIS2_PLACEMENT_3D( '', #1200, #1201, #1202 );
#568 = EDGE_LOOP( '', ( #1203, #1204, #1205, #1206 ) );
#569 = AXIS2_PLACEMENT_3D( '', #1207, #1208, #1209 );
#570 = EDGE_LOOP( '', ( #1210, #1211 ) );
#571 = EDGE_LOOP( '', ( #1212, #1213 ) );
#572 = AXIS2_PLACEMENT_3D( '', #1214, #1215, #1216 );
#573 = EDGE_LOOP( '', ( #1217, #1218, #1219, #1220 ) );
#574 = AXIS2_PLACEMENT_3D( '', #1221, #1222, #1223 );
#575 = EDGE_LOOP( '', ( #1224, #1225, #1226, #1227 ) );
#576 = AXIS2_PLACEMENT_3D( '', #1228, #1229, #1230 );
#577 = EDGE_LOOP( '', ( #1231, #1232 ) );
#578 = EDGE_LOOP( '', ( #1233, #1234 ) );
#579 = AXIS2_PLACEMENT_3D( '', #1235, #1236, #1237 );
#580 = EDGE_LOOP( '', ( #1238, #1239, #1240, #1241 ) );
#581 = AXIS2_PLACEMENT_3D( '', #1242, #1243, #1244 );
#582 = EDGE_LOOP( '', ( #1245, #1246, #1247, #1248 ) );
#583 = AXIS2_PLACEMENT_3D( '', #1249, #1250, #1251 );
#584 = EDGE_LOOP( '', ( #1252, #1253 ) );
#585 = EDGE_LOOP( '', ( #1254, #1255 ) );
#586 = AXIS2_PLACEMENT_3D( '', #1256, #1257, #1258 );
#587 = EDGE_LOOP( '', ( #1259, #1260, #1261, #1262 ) );
#588 = AXIS2_PLACEMENT_3D( '', #1263, #1264, #1265 );
#589 = EDGE_LOOP( '', ( #1266, #1267 ) );
#590 = EDGE_LOOP( '', ( #1268, #1269 ) );
#591 = EDGE_LOOP( '', ( #1270, #1271 ) );
#592 = EDGE_LOOP( '', ( #1272, #1273 ) );
#593 = EDGE_LOOP( '', ( #1274, #1275 ) );
#594 = EDGE_LOOP( '', ( #1276, #1277 ) );
#595 = EDGE_LOOP( '', ( #1278, #1279, #1280 ) );
#596 = EDGE_LOOP( '', ( #1281, #1282 ) );
#597 = AXIS2_PLACEMENT_3D( '', #1283, #1284, #1285 );
#598 = EDGE_LOOP( '', ( #1286, #1287, #1288, #1289, #1290 ) );
#599 = AXIS2_PLACEMENT_3D( '', #1291, #1292, #1293 );
#600 = EDGE_LOOP( '', ( #1294, #1295, #1296, #1297, #1298, #1299 ) );
#601 = AXIS2_PLACEMENT_3D( '', #1300, #1301, #1302 );
#602 = EDGE_LOOP( '', ( #1303, #1304, #1305, #1306, #1307 ) );
#603 = AXIS2_PLACEMENT_3D( '', #1308, #1309, #1310 );
#604 = EDGE_LOOP( '', ( #1311, #1312 ) );
#605 = EDGE_LOOP( '', ( #1313, #1314 ) );
#606 = EDGE_LOOP( '', ( #1315, #1316 ) );
#607 = EDGE_LOOP( '', ( #1317, #1318 ) );
#608 = EDGE_LOOP( '', ( #1319, #1320 ) );
#609 = EDGE_LOOP( '', ( #1321, #1322 ) );
#610 = EDGE_LOOP( '', ( #1323, #1324 ) );
#611 = EDGE_LOOP( '', ( #1325, #1326, #1327 ) );
#612 = AXIS2_PLACEMENT_3D( '', #1328, #1329, #1330 );
#613 = EDGE_LOOP( '', ( #1331, #1332, #1333, #1334 ) );
#614 = AXIS2_PLACEMENT_3D( '', #1335, #1336, #1337 );
#615 = EDGE_LOOP( '', ( #1338, #1339 ) );
#616 = EDGE_LOOP( '', ( #1340, #1341 ) );
#617 = AXIS2_PLACEMENT_3D( '', #1342, #1343, #1344 );
#618 = EDGE_LOOP( '', ( #1345, #1346, #1347, #1348 ) );
#619 = AXIS2_PLACEMENT_3D( '', #1349, #1350, #1351 );
#620 = EDGE_LOOP( '', ( #1352, #1353 ) );
#621 = EDGE_LOOP( '', ( #1354, #1355 ) );
#622 = EDGE_LOOP( '', ( #1356, #1357 ) );
#623 = EDGE_LOOP( '', ( #1358, #1359 ) );
#624 = EDGE_LOOP( '', ( #1360, #1361 ) );
#625 = EDGE_LOOP( '', ( #1362, #1363 ) );
#626 = EDGE_LOOP( '', ( #1364, #1365, #1366 ) );
#627 = EDGE_LOOP( '', ( #1367, #1368 ) );
#628 = AXIS2_PLACEMENT_3D( '', #1369, #1370, #1371 );
#629 = EDGE_LOOP( '', ( #1372, #1373, #1374, #1375, #1376 ) );
#630 = AXIS2_PLACEMENT_3D( '', #1377, #1378, #1379 );
#631 = EDGE_LOOP( '', ( #1380, #1381, #1382, #1383, #1384 ) );
#632 = AXIS2_PLACEMENT_3D( '', #1385, #1386, #1387 );
#633 = EDGE_LOOP( '', ( #1388, #1389 ) );
#634 = EDGE_LOOP( '', ( #1390, #1391 ) );
#635 = EDGE_LOOP( '', ( #1392, #1393 ) );
#636 = EDGE_LOOP( '', ( #1394, #1395 ) );
#637 = EDGE_LOOP( '', ( #1396, #1397 ) );
#638 = EDGE_LOOP( '', ( #1398, #1399 ) );
#639 = EDGE_LOOP( '', ( #1400, #1401 ) );
#640 = EDGE_LOOP( '', ( #1402, #1403, #1404 ) );
#641 = AXIS2_PLACEMENT_3D( '', #1405, #1406, #1407 );
#642 = ORIENTED_EDGE( '', *, *, #1408, .F. );
#643 = ORIENTED_EDGE( '', *, *, #1409, .T. );
#644 = ORIENTED_EDGE( '', *, *, #1410, .T. );
#645 = ORIENTED_EDGE( '', *, *, #1411, .F. );
#646 = ORIENTED_EDGE( '', *, *, #1412, .F. );
#647 = ORIENTED_EDGE( '', *, *, #1413, .F. );
#648 = CARTESIAN_POINT( '', ( 0.600000000000002, 0.000000000000000, 0.000000000000000 ) );
#649 = DIRECTION( '', ( -1.00000000000000, 0.000000000000000, 0.000000000000000 ) );
#650 = DIRECTION( '', ( 0.000000000000000, -0.000000000000000, 1.00000000000000 ) );
#651 = ORIENTED_EDGE( '', *, *, #1414, .F. );
#652 = ORIENTED_EDGE( '', *, *, #1415, .T. );
#653 = ORIENTED_EDGE( '', *, *, #1416, .T. );
#654 = ORIENTED_EDGE( '', *, *, #1417, .F. );
#655 = ORIENTED_EDGE( '', *, *, #1418, .F. );
#656 = ORIENTED_EDGE( '', *, *, #1419, .F. );
#657 = CARTESIAN_POINT( '', ( 11.4000000000000, 0.000000000000000, 0.000000000000000 ) );
#658 = DIRECTION( '', ( -1.00000000000000, 0.000000000000000, 0.000000000000000 ) );
#659 = DIRECTION( '', ( 0.000000000000000, -0.000000000000000, 1.00000000000000 ) );
#660 = ORIENTED_EDGE( '', *, *, #1420, .F. );
#661 = ORIENTED_EDGE( '', *, *, #1421, .F. );
#662 = ORIENTED_EDGE( '', *, *, #1422, .F. );
#663 = ORIENTED_EDGE( '', *, *, #1423, .T. );
#664 = CARTESIAN_POINT( '', ( 11.7000000000000, 0.000000000000000, 0.000000000000000 ) );
#665 = DIRECTION( '', ( 1.00000000000000, -0.000000000000000, -0.000000000000000 ) );
#666 = DIRECTION( '', ( 0.000000000000000, 1.00000000000000, -2.44921270764475E-016 ) );
#667 = ORIENTED_EDGE( '', *, *, #1424, .F. );
#668 = ORIENTED_EDGE( '', *, *, #1425, .T. );
#669 = ORIENTED_EDGE( '', *, *, #1426, .F. );
#670 = ORIENTED_EDGE( '', *, *, #1427, .F. );
#671 = CARTESIAN_POINT( '', ( 11.7000000000000, 0.000000000000000, 0.000000000000000 ) );
#672 = DIRECTION( '', ( 1.00000000000000, -0.000000000000000, -0.000000000000000 ) );
#673 = DIRECTION( '', ( 0.000000000000000, 1.00000000000000, -2.44921270764475E-016 ) );
#674 = ORIENTED_EDGE( '', *, *, #1428, .F. );
#675 = ORIENTED_EDGE( '', *, *, #1429, .T. );
#676 = ORIENTED_EDGE( '', *, *, #1430, .T. );
#677 = ORIENTED_EDGE( '', *, *, #1431, .F. );
#678 = ORIENTED_EDGE( '', *, *, #1432, .F. );
#679 = ORIENTED_EDGE( '', *, *, #1433, .F. );
#680 = CARTESIAN_POINT( '', ( 11.4000000000000, 0.000000000000000, 0.000000000000000 ) );
#681 = DIRECTION( '', ( -1.00000000000000, 0.000000000000000, 0.000000000000000 ) );
#682 = DIRECTION( '', ( 0.000000000000000, -0.000000000000000, 1.00000000000000 ) );
#683 = ORIENTED_EDGE( '', *, *, #1434, .F. );
#684 = ORIENTED_EDGE( '', *, *, #1429, .F. );
#685 = ORIENTED_EDGE( '', *, *, #1435, .F. );
#686 = ORIENTED_EDGE( '', *, *, #1436, .F. );
#687 = ORIENTED_EDGE( '', *, *, #1437, .T. );
#688 = ORIENTED_EDGE( '', *, *, #1438, .T. );
#689 = CARTESIAN_POINT( '', ( 6.00000000000000, 0.000000000000000, 0.000000000000000 ) );
#690 = DIRECTION( '', ( 1.00000000000000, -0.000000000000000, -0.000000000000000 ) );
#691 = DIRECTION( '', ( 0.000000000000000, 1.00000000000000, -2.44921270764475E-016 ) );
#692 = ORIENTED_EDGE( '', *, *, #1439, .F. );
#693 = ORIENTED_EDGE( '', *, *, #1440, .T. );
#694 = ORIENTED_EDGE( '', *, *, #1441, .T. );
#695 = ORIENTED_EDGE( '', *, *, #1442, .F. );
#696 = ORIENTED_EDGE( '', *, *, #1443, .F. );
#697 = ORIENTED_EDGE( '', *, *, #1438, .F. );
#698 = CARTESIAN_POINT( '', ( 0.600000000000000, 0.000000000000000, 0.000000000000000 ) );
#699 = DIRECTION( '', ( -1.00000000000000, 0.000000000000000, 0.000000000000000 ) );
#700 = DIRECTION( '', ( 0.000000000000000, -0.000000000000000, 1.00000000000000 ) );
#701 = ORIENTED_EDGE( '', *, *, #1444, .F. );
#702 = ORIENTED_EDGE( '', *, *, #1445, .T. );
#703 = ORIENTED_EDGE( '', *, *, #1446, .F. );
#704 = ORIENTED_EDGE( '', *, *, #1447, .F. );
#705 = CARTESIAN_POINT( '', ( 0.300000000000000, 0.000000000000000, 0.000000000000000 ) );
#706 = DIRECTION( '', ( 1.00000000000000, -0.000000000000000, -0.000000000000000 ) );
#707 = DIRECTION( '', ( 0.000000000000000, 1.00000000000000, -2.44921270764475E-016 ) );
#708 = ORIENTED_EDGE( '', *, *, #1448, .F. );
#709 = ORIENTED_EDGE( '', *, *, #1449, .F. );
#710 = ORIENTED_EDGE( '', *, *, #1450, .F. );
#711 = ORIENTED_EDGE( '', *, *, #1451, .T. );
#712 = CARTESIAN_POINT( '', ( 0.300000000000000, 0.000000000000000, 0.000000000000000 ) );
#713 = DIRECTION( '', ( 1.00000000000000, -0.000000000000000, -0.000000000000000 ) );
#714 = DIRECTION( '', ( 0.000000000000000, 1.00000000000000, -2.44921270764475E-016 ) );
#715 = ORIENTED_EDGE( '', *, *, #1452, .F. );
#716 = ORIENTED_EDGE( '', *, *, #1453, .F. );
#717 = ORIENTED_EDGE( '', *, *, #1454, .F. );
#718 = ORIENTED_EDGE( '', *, *, #1455, .F. );
#719 = CARTESIAN_POINT( '', ( 4.35000000000000, 28.5000000000000, 0.000000000000000 ) );
#720 = DIRECTION( '', ( 1.00000000000000, -0.000000000000000, -0.000000000000000 ) );
#721 = DIRECTION( '', ( 0.000000000000000, 1.00000000000000, -2.44921270764468E-016 ) );
#722 = ORIENTED_EDGE( '', *, *, #1456, .F. );
#723 = ORIENTED_EDGE( '', *, *, #1457, .T. );
#724 = ORIENTED_EDGE( '', *, *, #1458, .F. );
#725 = ORIENTED_EDGE( '', *, *, #1459, .F. );
#726 = CARTESIAN_POINT( '', ( 10.3500000000000, 28.5000000000000, 0.000000000000000 ) );
#727 = DIRECTION( '', ( 1.00000000000000, -0.000000000000000, -0.000000000000000 ) );
#728 = DIRECTION( '', ( 0.000000000000000, 1.00000000000000, -2.44921270764468E-016 ) );
#729 = ORIENTED_EDGE( '', *, *, #1460, .F. );
#730 = ORIENTED_EDGE( '', *, *, #1461, .F. );
#731 = ORIENTED_EDGE( '', *, *, #1462, .F. );
#732 = ORIENTED_EDGE( '', *, *, #1463, .F. );
#733 = CARTESIAN_POINT( '', ( 4.35000000000000, 14.2500000000000, -24.6817240078565 ) );
#734 = DIRECTION( '', ( 1.00000000000000, -0.000000000000000, -0.000000000000000 ) );
#735 = DIRECTION( '', ( 0.000000000000000, 1.00000000000000, 0.000000000000000 ) );
#736 = ORIENTED_EDGE( '', *, *, #1464, .F. );
#737 = ORIENTED_EDGE( '', *, *, #1465, .T. );
#738 = ORIENTED_EDGE( '', *, *, #1466, .F. );
#739 = ORIENTED_EDGE( '', *, *, #1467, .F. );
#740 = CARTESIAN_POINT( '', ( 10.3500000000000, 14.2500000000000, -24.6817240078565 ) );
#741 = DIRECTION( '', ( 1.00000000000000, -0.000000000000000, -0.000000000000000 ) );
#742 = DIRECTION( '', ( 0.000000000000000, 1.00000000000000, 0.000000000000000 ) );
#743 = ORIENTED_EDGE( '', *, *, #1468, .F. );
#744 = ORIENTED_EDGE( '', *, *, #1469, .F. );
#745 = ORIENTED_EDGE( '', *, *, #1470, .F. );
#746 = ORIENTED_EDGE( '', *, *, #1471, .F. );
#747 = CARTESIAN_POINT( '', ( 4.35000000000000, -14.2500000000000, -24.6817240078565 ) );
#748 = DIRECTION( '', ( 1.00000000000000, -0.000000000000000, -0.000000000000000 ) );
#749 = DIRECTION( '', ( 0.000000000000000, 1.00000000000000, 0.000000000000000 ) );
#750 = ORIENTED_EDGE( '', *, *, #1472, .F. );
#751 = ORIENTED_EDGE( '', *, *, #1473, .T. );
#752 = ORIENTED_EDGE( '', *, *, #1474, .F. );
#753 = ORIENTED_EDGE( '', *, *, #1475, .F. );
#754 = CARTESIAN_POINT( '', ( 10.3500000000000, -14.2500000000000, -24.6817240078565 ) );
#755 = DIRECTION( '', ( 1.00000000000000, -0.000000000000000, -0.000000000000000 ) );
#756 = DIRECTION( '', ( 0.000000000000000, 1.00000000000000, 0.000000000000000 ) );
#757 = ORIENTED_EDGE( '', *, *, #1476, .F. );
#758 = ORIENTED_EDGE( '', *, *, #1477, .F. );
#759 = ORIENTED_EDGE( '', *, *, #1478, .F. );
#760 = ORIENTED_EDGE( '', *, *, #1479, .F. );
#761 = CARTESIAN_POINT( '', ( 4.35000000000000, -28.5000000000000, 1.24344978758018E-014 ) );
#762 = DIRECTION( '', ( 1.00000000000000, -0.000000000000000, -0.000000000000000 ) );
#763 = DIRECTION( '', ( 0.000000000000000, 1.00000000000000, -2.44921270764173E-016 ) );
#764 = ORIENTED_EDGE( '', *, *, #1480, .F. );
#765 = ORIENTED_EDGE( '', *, *, #1481, .T. );
#766 = ORIENTED_EDGE( '', *, *, #1482, .F. );
#767 = ORIENTED_EDGE( '', *, *, #1483, .F. );
#768 = CARTESIAN_POINT( '', ( 10.3500000000000, -28.5000000000000, 1.24344978758018E-014 ) );
#769 = DIRECTION( '', ( 1.00000000000000, -0.000000000000000, -0.000000000000000 ) );
#770 = DIRECTION( '', ( 0.000000000000000, 1.00000000000000, -2.44921270764173E-016 ) );
#771 = ORIENTED_EDGE( '', *, *, #1484, .F. );
#772 = ORIENTED_EDGE( '', *, *, #1485, .F. );
#773 = ORIENTED_EDGE( '', *, *, #1486, .F. );
#774 = ORIENTED_EDGE( '', *, *, #1487, .F. );
#775 = CARTESIAN_POINT( '', ( 4.35000000000000, -14.2500000000000, 24.6817240078565 ) );
#776 = DIRECTION( '', ( 1.00000000000000, -0.000000000000000, -0.000000000000000 ) );
#777 = DIRECTION( '', ( 0.000000000000000, 1.00000000000000, 0.000000000000000 ) );
#778 = ORIENTED_EDGE( '', *, *, #1488, .F. );
#779 = ORIENTED_EDGE( '', *, *, #1489, .T. );
#780 = ORIENTED_EDGE( '', *, *, #1490, .F. );
#781 = ORIENTED_EDGE( '', *, *, #1491, .F. );
#782 = CARTESIAN_POINT( '', ( 10.3500000000000, -14.2500000000000, 24.6817240078565 ) );
#783 = DIRECTION( '', ( 1.00000000000000, -0.000000000000000, -0.000000000000000 ) );
#784 = DIRECTION( '', ( 0.000000000000000, 1.00000000000000, 0.000000000000000 ) );
#785 = ORIENTED_EDGE( '', *, *, #1492, .F. );
#786 = ORIENTED_EDGE( '', *, *, #1493, .F. );
#787 = ORIENTED_EDGE( '', *, *, #1494, .F. );
#788 = ORIENTED_EDGE( '', *, *, #1495, .F. );
#789 = CARTESIAN_POINT( '', ( 4.35000000000000, 14.2500000000000, 24.6817240078565 ) );
#790 = DIRECTION( '', ( 1.00000000000000, -0.000000000000000, -0.000000000000000 ) );
#791 = DIRECTION( '', ( 0.000000000000000, 1.00000000000000, 0.000000000000000 ) );
#792 = ORIENTED_EDGE( '', *, *, #1496, .F. );
#793 = ORIENTED_EDGE( '', *, *, #1497, .T. );
#794 = ORIENTED_EDGE( '', *, *, #1498, .F. );
#795 = ORIENTED_EDGE( '', *, *, #1499, .F. );
#796 = CARTESIAN_POINT( '', ( 10.3500000000000, 14.2500000000000, 24.6817240078565 ) );
#797 = DIRECTION( '', ( 1.00000000000000, -0.000000000000000, -0.000000000000000 ) );
#798 = DIRECTION( '', ( 0.000000000000000, 1.00000000000000, 0.000000000000000 ) );
#799 = ORIENTED_EDGE( '', *, *, #1500, .F. );
#800 = ORIENTED_EDGE( '', *, *, #1501, .F. );
#801 = ORIENTED_EDGE( '', *, *, #1502, .F. );
#802 = ORIENTED_EDGE( '', *, *, #1503, .F. );
#803 = CARTESIAN_POINT( '', ( 0.135250000000000, 14.0000000000000, 0.000000000000000 ) );
#804 = DIRECTION( '', ( -1.00000000000000, 0.000000000000000, -0.000000000000000 ) );
#805 = DIRECTION( '', ( 0.000000000000000, 1.00000000000000, -2.44921270764551E-016 ) );
#806 = ORIENTED_EDGE( '', *, *, #1504, .F. );
#807 = ORIENTED_EDGE( '', *, *, #1503, .T. );
#808 = ORIENTED_EDGE( '', *, *, #1505, .F. );
#809 = ORIENTED_EDGE( '', *, *, #1506, .F. );
#810 = CARTESIAN_POINT( '', ( 6.00000000000000, 14.0000000000000, 0.000000000000000 ) );
#811 = DIRECTION( '', ( 1.00000000000000, -0.000000000000000, -0.000000000000000 ) );
#812 = DIRECTION( '', ( 0.000000000000000, 1.00000000000000, -2.44921270764551E-016 ) );
#813 = ORIENTED_EDGE( '', *, *, #1507, .F. );
#814 = ORIENTED_EDGE( '', *, *, #1506, .T. );
#815 = ORIENTED_EDGE( '', *, *, #1508, .F. );
#816 = ORIENTED_EDGE( '', *, *, #1509, .F. );
#817 = CARTESIAN_POINT( '', ( 11.8647500000000, 14.0000000000000, 0.000000000000000 ) );
#818 = DIRECTION( '', ( 1.00000000000000, -0.000000000000000, -0.000000000000000 ) );
#819 = DIRECTION( '', ( 0.000000000000000, 1.00000000000000, -2.44921270764551E-016 ) );
#820 = ORIENTED_EDGE( '', *, *, #1510, .F. );
#821 = ORIENTED_EDGE( '', *, *, #1511, .F. );
#822 = ORIENTED_EDGE( '', *, *, #1512, .F. );
#823 = ORIENTED_EDGE( '', *, *, #1513, .F. );
#824 = CARTESIAN_POINT( '', ( 0.135250000000000, 6.99999999999999, -12.1243556529821 ) );
#825 = DIRECTION( '', ( -1.00000000000000, 0.000000000000000, -0.000000000000000 ) );
#826 = DIRECTION( '', ( 0.000000000000000, 1.00000000000000, 0.000000000000000 ) );
#827 = ORIENTED_EDGE( '', *, *, #1514, .F. );
#828 = ORIENTED_EDGE( '', *, *, #1513, .T. );
#829 = ORIENTED_EDGE( '', *, *, #1515, .F. );
#830 = ORIENTED_EDGE( '', *, *, #1516, .F. );
#831 = CARTESIAN_POINT( '', ( 6.00000000000000, 6.99999999999999, -12.1243556529821 ) );
#832 = DIRECTION( '', ( 1.00000000000000, -0.000000000000000, -0.000000000000000 ) );
#833 = DIRECTION( '', ( 0.000000000000000, 1.00000000000000, 0.000000000000000 ) );
#834 = ORIENTED_EDGE( '', *, *, #1517, .F. );
#835 = ORIENTED_EDGE( '', *, *, #1516, .T. );
#836 = ORIENTED_EDGE( '', *, *, #1518, .F. );
#837 = ORIENTED_EDGE( '', *, *, #1519, .F. );
#838 = CARTESIAN_POINT( '', ( 11.8647500000000, 6.99999999999999, -12.1243556529821 ) );
#839 = DIRECTION( '', ( 1.00000000000000, -0.000000000000000, -0.000000000000000 ) );
#840 = DIRECTION( '', ( 0.000000000000000, 1.00000000000000, 0.000000000000000 ) );
#841 = ORIENTED_EDGE( '', *, *, #1520, .F. );
#842 = ORIENTED_EDGE( '', *, *, #1521, .F. );
#843 = ORIENTED_EDGE( '', *, *, #1522, .F. );
#844 = ORIENTED_EDGE( '', *, *, #1523, .F. );
#845 = CARTESIAN_POINT( '', ( 0.135250000000000, -7.00000000000001, -12.1243556529821 ) );
#846 = DIRECTION( '', ( -1.00000000000000, 0.000000000000000, -0.000000000000000 ) );
#847 = DIRECTION( '', ( 0.000000000000000, 1.00000000000000, 0.000000000000000 ) );
#848 = ORIENTED_EDGE( '', *, *, #1524, .F. );
#849 = ORIENTED_EDGE( '', *, *, #1523, .T. );
#850 = ORIENTED_EDGE( '', *, *, #1525, .F. );
#851 = ORIENTED_EDGE( '', *, *, #1526, .F. );
#852 = CARTESIAN_POINT( '', ( 6.00000000000000, -7.00000000000001, -12.1243556529821 ) );
#853 = DIRECTION( '', ( 1.00000000000000, -0.000000000000000, -0.000000000000000 ) );
#854 = DIRECTION( '', ( 0.000000000000000, 1.00000000000000, 0.000000000000000 ) );
#855 = ORIENTED_EDGE( '', *, *, #1527, .F. );
#856 = ORIENTED_EDGE( '', *, *, #1526, .T. );
#857 = ORIENTED_EDGE( '', *, *, #1528, .F. );
#858 = ORIENTED_EDGE( '', *, *, #1529, .F. );
#859 = CARTESIAN_POINT( '', ( 11.8647500000000, -7.00000000000001, -12.1243556529821 ) );
#860 = DIRECTION( '', ( 1.00000000000000, -0.000000000000000, -0.000000000000000 ) );
#861 = DIRECTION( '', ( 0.000000000000000, 1.00000000000000, 0.000000000000000 ) );
#862 = ORIENTED_EDGE( '', *, *, #1530, .F. );
#863 = ORIENTED_EDGE( '', *, *, #1531, .F. );
#864 = ORIENTED_EDGE( '', *, *, #1532, .F. );
#865 = ORIENTED_EDGE( '', *, *, #1533, .F. );
#866 = CARTESIAN_POINT( '', ( 0.135250000000000, -14.0000000000000, 4.44089209850063E-015 ) );
#867 = DIRECTION( '', ( -1.00000000000000, 0.000000000000000, -0.000000000000000 ) );
#868 = DIRECTION( '', ( 0.000000000000000, 1.00000000000000, -2.44921270764533E-016 ) );
#869 = ORIENTED_EDGE( '', *, *, #1534, .F. );
#870 = ORIENTED_EDGE( '', *, *, #1533, .T. );
#871 = ORIENTED_EDGE( '', *, *, #1535, .F. );
#872 = ORIENTED_EDGE( '', *, *, #1536, .F. );
#873 = CARTESIAN_POINT( '', ( 6.00000000000000, -14.0000000000000, 4.44089209850063E-015 ) );
#874 = DIRECTION( '', ( 1.00000000000000, -0.000000000000000, -0.000000000000000 ) );
#875 = DIRECTION( '', ( 0.000000000000000, 1.00000000000000, -2.44921270764533E-016 ) );
#876 = ORIENTED_EDGE( '', *, *, #1537, .F. );
#877 = ORIENTED_EDGE( '', *, *, #1536, .T. );
#878 = ORIENTED_EDGE( '', *, *, #1538, .F. );
#879 = ORIENTED_EDGE( '', *, *, #1539, .F. );
#880 = CARTESIAN_POINT( '', ( 11.8647500000000, -14.0000000000000, 4.44089209850063E-015 ) );
#881 = DIRECTION( '', ( 1.00000000000000, -0.000000000000000, -0.000000000000000 ) );
#882 = DIRECTION( '', ( 0.000000000000000, 1.00000000000000, -2.44921270764533E-016 ) );
#883 = ORIENTED_EDGE( '', *, *, #1540, .F. );
#884 = ORIENTED_EDGE( '', *, *, #1541, .F. );
#885 = ORIENTED_EDGE( '', *, *, #1542, .F. );
#886 = ORIENTED_EDGE( '', *, *, #1543, .F. );
#887 = CARTESIAN_POINT( '', ( 0.135250000000000, -7.00000000000000, 12.1243556529821 ) );
#888 = DIRECTION( '', ( -1.00000000000000, 0.000000000000000, -0.000000000000000 ) );
#889 = DIRECTION( '', ( 0.000000000000000, 1.00000000000000, 0.000000000000000 ) );
#890 = ORIENTED_EDGE( '', *, *, #1544, .F. );
#891 = ORIENTED_EDGE( '', *, *, #1543, .T. );
#892 = ORIENTED_EDGE( '', *, *, #1545, .F. );
#893 = ORIENTED_EDGE( '', *, *, #1546, .F. );
#894 = CARTESIAN_POINT( '', ( 6.00000000000000, -7.00000000000000, 12.1243556529821 ) );
#895 = DIRECTION( '', ( 1.00000000000000, -0.000000000000000, -0.000000000000000 ) );
#896 = DIRECTION( '', ( 0.000000000000000, 1.00000000000000, 0.000000000000000 ) );
#897 = ORIENTED_EDGE( '', *, *, #1547, .F. );
#898 = ORIENTED_EDGE( '', *, *, #1546, .T. );
#899 = ORIENTED_EDGE( '', *, *, #1548, .F. );
#900 = ORIENTED_EDGE( '', *, *, #1549, .F. );
#901 = CARTESIAN_POINT( '', ( 11.8647500000000, -7.00000000000000, 12.1243556529821 ) );
#902 = DIRECTION( '', ( 1.00000000000000, -0.000000000000000, -0.000000000000000 ) );
#903 = DIRECTION( '', ( 0.000000000000000, 1.00000000000000, 0.000000000000000 ) );
#904 = ORIENTED_EDGE( '', *, *, #1550, .F. );
#905 = ORIENTED_EDGE( '', *, *, #1551, .F. );
#906 = ORIENTED_EDGE( '', *, *, #1552, .F. );
#907 = ORIENTED_EDGE( '', *, *, #1553, .F. );
#908 = CARTESIAN_POINT( '', ( 0.135250000000000, 7.00000000000000, 12.1243556529821 ) );
#909 = DIRECTION( '', ( -1.00000000000000, 0.000000000000000, -0.000000000000000 ) );
#910 = DIRECTION( '', ( 0.000000000000000, 1.00000000000000, 0.000000000000000 ) );
#911 = ORIENTED_EDGE( '', *, *, #1554, .F. );
#912 = ORIENTED_EDGE( '', *, *, #1553, .T. );
#913 = ORIENTED_EDGE( '', *, *, #1555, .F. );
#914 = ORIENTED_EDGE( '', *, *, #1556, .F. );
#915 = CARTESIAN_POINT( '', ( 6.00000000000000, 7.00000000000000, 12.1243556529821 ) );
#916 = DIRECTION( '', ( 1.00000000000000, -0.000000000000000, -0.000000000000000 ) );
#917 = DIRECTION( '', ( 0.000000000000000, 1.00000000000000, 0.000000000000000 ) );
#918 = ORIENTED_EDGE( '', *, *, #1557, .F. );
#919 = ORIENTED_EDGE( '', *, *, #1556, .T. );
#920 = ORIENTED_EDGE( '', *, *, #1558, .F. );
#921 = ORIENTED_EDGE( '', *, *, #1559, .F. );
#922 = CARTESIAN_POINT( '', ( 11.8647500000000, 7.00000000000000, 12.1243556529821 ) );
#923 = DIRECTION( '', ( 1.00000000000000, -0.000000000000000, -0.000000000000000 ) );
#924 = DIRECTION( '', ( 0.000000000000000, 1.00000000000000, 0.000000000000000 ) );
#925 = ORIENTED_EDGE( '', *, *, #1560, .F. );
#926 = ORIENTED_EDGE( '', *, *, #1561, .F. );
#927 = ORIENTED_EDGE( '', *, *, #1562, .F. );
#928 = ORIENTED_EDGE( '', *, *, #1563, .F. );
#929 = ORIENTED_EDGE( '', *, *, #1564, .F. );
#930 = CARTESIAN_POINT( '', ( 6.00000000000000, 1.85834014192546E-015, 30.3500000000000 ) );
#931 = DIRECTION( '', ( -0.000000000000000, -6.12303176911189E-017, -1.00000000000000 ) );
#932 = DIRECTION( '', ( 0.000000000000000, 1.00000000000000, -6.12303176911189E-017 ) );
#933 = ORIENTED_EDGE( '', *, *, #1565, .F. );
#934 = ORIENTED_EDGE( '', *, *, #1418, .T. );
#935 = ORIENTED_EDGE( '', *, *, #1566, .T. );
#936 = ORIENTED_EDGE( '', *, *, #1567, .F. );
#937 = ORIENTED_EDGE( '', *, *, #1568, .F. );
#938 = ORIENTED_EDGE( '', *, *, #1410, .F. );
#939 = ORIENTED_EDGE( '', *, *, #1569, .T. );
#940 = ORIENTED_EDGE( '', *, *, #1570, .T. );
#941 = ORIENTED_EDGE( '', *, *, #1571, .T. );
#942 = ORIENTED_EDGE( '', *, *, #1572, .T. );
#943 = CARTESIAN_POINT( '', ( 6.00000000000000, 0.000000000000000, 0.000000000000000 ) );
#944 = DIRECTION( '', ( 1.00000000000000, -0.000000000000000, -0.000000000000000 ) );
#945 = DIRECTION( '', ( 0.000000000000000, 1.00000000000000, -2.44921270764475E-016 ) );
#946 = ORIENTED_EDGE( '', *, *, #1573, .F. );
#947 = ORIENTED_EDGE( '', *, *, #1574, .T. );
#948 = ORIENTED_EDGE( '', *, *, #1575, .F. );
#949 = ORIENTED_EDGE( '', *, *, #1569, .F. );
#950 = ORIENTED_EDGE( '', *, *, #1572, .F. );
#951 = CARTESIAN_POINT( '', ( 6.00000000000000, -1.85834014192546E-015, -30.3500000000000 ) );
#952 = DIRECTION( '', ( -0.000000000000000, -6.12303176911189E-017, -1.00000000000000 ) );
#953 = DIRECTION( '', ( 0.000000000000000, 1.00000000000000, -6.12303176911189E-017 ) );
#954 = ORIENTED_EDGE( '', *, *, #1573, .T. );
#955 = ORIENTED_EDGE( '', *, *, #1571, .F. );
#956 = ORIENTED_EDGE( '', *, *, #1570, .F. );
#957 = ORIENTED_EDGE( '', *, *, #1575, .T. );
#958 = ORIENTED_EDGE( '', *, *, #1576, .T. );
#959 = CARTESIAN_POINT( '', ( 6.00000000000000, -1.85834014192546E-015, -30.3500000000000 ) );
#960 = DIRECTION( '', ( -0.000000000000000, -6.12303176911189E-017, -1.00000000000000 ) );
#961 = DIRECTION( '', ( 0.000000000000000, 1.00000000000000, -6.12303176911189E-017 ) );
#962 = ORIENTED_EDGE( '', *, *, #1574, .F. );
#963 = ORIENTED_EDGE( '', *, *, #1576, .F. );
#964 = CARTESIAN_POINT( '', ( 6.00000000000000, 0.774999999999996, -25.7000000000000 ) );
#965 = DIRECTION( '', ( 0.000000000000000, 0.000000000000000, 1.00000000000000 ) );
#966 = DIRECTION( '', ( -2.44921270764475E-016, 1.00000000000000, 0.000000000000000 ) );
#967 = ORIENTED_EDGE( '', *, *, #1565, .T. );
#968 = ORIENTED_EDGE( '', *, *, #1409, .F. );
#969 = ORIENTED_EDGE( '', *, *, #1577, .F. );
#970 = ORIENTED_EDGE( '', *, *, #1567, .T. );
#971 = ORIENTED_EDGE( '', *, *, #1578, .T. );
#972 = ORIENTED_EDGE( '', *, *, #1419, .T. );
#973 = ORIENTED_EDGE( '', *, *, #1579, .T. );
#974 = ORIENTED_EDGE( '', *, *, #1562, .T. );
#975 = ORIENTED_EDGE( '', *, *, #1561, .T. );
#976 = ORIENTED_EDGE( '', *, *, #1580, .T. );
#977 = CARTESIAN_POINT( '', ( 6.00000000000000, 0.000000000000000, 0.000000000000000 ) );
#978 = DIRECTION( '', ( 1.00000000000000, -0.000000000000000, -0.000000000000000 ) );
#979 = DIRECTION( '', ( 0.000000000000000, 1.00000000000000, -2.44921270764475E-016 ) );
#980 = ORIENTED_EDGE( '', *, *, #1564, .T. );
#981 = ORIENTED_EDGE( '', *, *, #1581, .T. );
#982 = CARTESIAN_POINT( '', ( 6.00000000000000, 0.775000000000002, 25.7000000000000 ) );
#983 = DIRECTION( '', ( 0.000000000000000, -0.000000000000000, -1.00000000000000 ) );
#984 = DIRECTION( '', ( 2.44921270764475E-016, -1.00000000000000, 0.000000000000000 ) );
#985 = ORIENTED_EDGE( '', *, *, #1560, .T. );
#986 = ORIENTED_EDGE( '', *, *, #1581, .F. );
#987 = ORIENTED_EDGE( '', *, *, #1563, .T. );
#988 = ORIENTED_EDGE( '', *, *, #1579, .F. );
#989 = ORIENTED_EDGE( '', *, *, #1580, .F. );
#990 = CARTESIAN_POINT( '', ( 6.00000000000000, 1.85834014192546E-015, 30.3500000000000 ) );
#991 = DIRECTION( '', ( -0.000000000000000, -6.12303176911189E-017, -1.00000000000000 ) );
#992 = DIRECTION( '', ( 0.000000000000000, 1.00000000000000, -6.12303176911189E-017 ) );
#993 = ORIENTED_EDGE( '', *, *, #1557, .T. );
#994 = ORIENTED_EDGE( '', *, *, #1582, .F. );
#995 = ORIENTED_EDGE( '', *, *, #1558, .T. );
#996 = ORIENTED_EDGE( '', *, *, #1583, .T. );
#997 = CARTESIAN_POINT( '', ( 11.8647500000000, 7.00000000000000, 12.1243556529821 ) );
#998 = DIRECTION( '', ( 1.00000000000000, -0.000000000000000, -0.000000000000000 ) );
#999 = DIRECTION( '', ( 0.000000000000000, 1.00000000000000, 0.000000000000000 ) );
#1000 = ORIENTED_EDGE( '', *, *, #1554, .T. );
#1001 = ORIENTED_EDGE( '', *, *, #1583, .F. );
#1002 = ORIENTED_EDGE( '', *, *, #1555, .T. );
#1003 = ORIENTED_EDGE( '', *, *, #1584, .T. );
#1004 = CARTESIAN_POINT( '', ( 6.00000000000000, 7.00000000000000, 12.1243556529821 ) );
#1005 = DIRECTION( '', ( 1.00000000000000, -0.000000000000000, -0.000000000000000 ) );
#1006 = DIRECTION( '', ( 0.000000000000000, 1.00000000000000, 0.000000000000000 ) );
#1007 = ORIENTED_EDGE( '', *, *, #1550, .T. );
#1008 = ORIENTED_EDGE( '', *, *, #1584, .F. );
#1009 = ORIENTED_EDGE( '', *, *, #1552, .T. );
#1010 = ORIENTED_EDGE( '', *, *, #1585, .F. );
#1011 = CARTESIAN_POINT( '', ( 0.135250000000000, 7.00000000000000, 12.1243556529821 ) );
#1012 = DIRECTION( '', ( -1.00000000000000, 0.000000000000000, -0.000000000000000 ) );
#1013 = DIRECTION( '', ( 0.000000000000000, 1.00000000000000, 0.000000000000000 ) );
#1014 = ORIENTED_EDGE( '', *, *, #1547, .T. );
#1015 = ORIENTED_EDGE( '', *, *, #1586, .F. );
#1016 = ORIENTED_EDGE( '', *, *, #1548, .T. );
#1017 = ORIENTED_EDGE( '', *, *, #1587, .T. );
#1018 = CARTESIAN_POINT( '', ( 11.8647500000000, -7.00000000000000, 12.1243556529821 ) );
#1019 = DIRECTION( '', ( 1.00000000000000, -0.000000000000000, -0.000000000000000 ) );
#1020 = DIRECTION( '', ( 0.000000000000000, 1.00000000000000, 0.000000000000000 ) );
#1021 = ORIENTED_EDGE( '', *, *, #1544, .T. );
#1022 = ORIENTED_EDGE( '', *, *, #1587, .F. );
#1023 = ORIENTED_EDGE( '', *, *, #1545, .T. );
#1024 = ORIENTED_EDGE( '', *, *, #1588, .T. );
#1025 = CARTESIAN_POINT( '', ( 6.00000000000000, -7.00000000000000, 12.1243556529821 ) );
#1026 = DIRECTION( '', ( 1.00000000000000, -0.000000000000000, -0.000000000000000 ) );
#1027 = DIRECTION( '', ( 0.000000000000000, 1.00000000000000, 0.000000000000000 ) );
#1028 = ORIENTED_EDGE( '', *, *, #1540, .T. );
#1029 = ORIENTED_EDGE( '', *, *, #1588, .F. );
#1030 = ORIENTED_EDGE( '', *, *, #1542, .T. );
#1031 = ORIENTED_EDGE( '', *, *, #1589, .F. );
#1032 = CARTESIAN_POINT( '', ( 0.135250000000000, -7.00000000000000, 12.1243556529821 ) );
#1033 = DIRECTION( '', ( -1.00000000000000, 0.000000000000000, -0.000000000000000 ) );
#1034 = DIRECTION( '', ( 0.000000000000000, 1.00000000000000, 0.000000000000000 ) );
#1035 = ORIENTED_EDGE( '', *, *, #1537, .T. );
#1036 = ORIENTED_EDGE( '', *, *, #1590, .F. );
#1037 = ORIENTED_EDGE( '', *, *, #1538, .T. );
#1038 = ORIENTED_EDGE( '', *, *, #1591, .T. );
#1039 = CARTESIAN_POINT( '', ( 11.8647500000000, -14.0000000000000, 4.44089209850063E-015 ) );
#1040 = DIRECTION( '', ( 1.00000000000000, -0.000000000000000, -0.000000000000000 ) );
#1041 = DIRECTION( '', ( 0.000000000000000, 1.00000000000000, -2.44921270764533E-016 ) );
#1042 = ORIENTED_EDGE( '', *, *, #1534, .T. );
#1043 = ORIENTED_EDGE( '', *, *, #1591, .F. );
#1044 = ORIENTED_EDGE( '', *, *, #1535, .T. );
#1045 = ORIENTED_EDGE( '', *, *, #1592, .T. );
#1046 = CARTESIAN_POINT( '', ( 6.00000000000000, -14.0000000000000, 4.44089209850063E-015 ) );
#1047 = DIRECTION( '', ( 1.00000000000000, -0.000000000000000, -0.000000000000000 ) );
#1048 = DIRECTION( '', ( 0.000000000000000, 1.00000000000000, -2.44921270764533E-016 ) );
#1049 = ORIENTED_EDGE( '', *, *, #1530, .T. );
#1050 = ORIENTED_EDGE( '', *, *, #1592, .F. );
#1051 = ORIENTED_EDGE( '', *, *, #1532, .T. );
#1052 = ORIENTED_EDGE( '', *, *, #1593, .F. );
#1053 = CARTESIAN_POINT( '', ( 0.135250000000000, -14.0000000000000, 4.44089209850063E-015 ) );
#1054 = DIRECTION( '', ( -1.00000000000000, 0.000000000000000, -0.000000000000000 ) );
#1055 = DIRECTION( '', ( 0.000000000000000, 1.00000000000000, -2.44921270764533E-016 ) );
#1056 = ORIENTED_EDGE( '', *, *, #1527, .T. );
#1057 = ORIENTED_EDGE( '', *, *, #1594, .F. );
#1058 = ORIENTED_EDGE( '', *, *, #1528, .T. );
#1059 = ORIENTED_EDGE( '', *, *, #1595, .T. );
#1060 = CARTESIAN_POINT( '', ( 11.8647500000000, -7.00000000000001, -12.1243556529821 ) );
#1061 = DIRECTION( '', ( 1.00000000000000, -0.000000000000000, -0.000000000000000 ) );
#1062 = DIRECTION( '', ( 0.000000000000000, 1.00000000000000, 0.000000000000000 ) );
#1063 = ORIENTED_EDGE( '', *, *, #1524, .T. );
#1064 = ORIENTED_EDGE( '', *, *, #1595, .F. );
#1065 = ORIENTED_EDGE( '', *, *, #1525, .T. );
#1066 = ORIENTED_EDGE( '', *, *, #1596, .T. );
#1067 = CARTESIAN_POINT( '', ( 6.00000000000000, -7.00000000000001, -12.1243556529821 ) );
#1068 = DIRECTION( '', ( 1.00000000000000, -0.000000000000000, -0.000000000000000 ) );
#1069 = DIRECTION( '', ( 0.000000000000000, 1.00000000000000, 0.000000000000000 ) );
#1070 = ORIENTED_EDGE( '', *, *, #1520, .T. );
#1071 = ORIENTED_EDGE( '', *, *, #1596, .F. );
#1072 = ORIENTED_EDGE( '', *, *, #1522, .T. );
#1073 = ORIENTED_EDGE( '', *, *, #1597, .F. );
#1074 = CARTESIAN_POINT( '', ( 0.135250000000000, -7.00000000000001, -12.1243556529821 ) );
#1075 = DIRECTION( '', ( -1.00000000000000, 0.000000000000000, -0.000000000000000 ) );
#1076 = DIRECTION( '', ( 0.000000000000000, 1.00000000000000, 0.000000000000000 ) );
#1077 = ORIENTED_EDGE( '', *, *, #1517, .T. );
#1078 = ORIENTED_EDGE( '', *, *, #1598, .F. );
#1079 = ORIENTED_EDGE( '', *, *, #1518, .T. );
#1080 = ORIENTED_EDGE( '', *, *, #1599, .T. );
#1081 = CARTESIAN_POINT( '', ( 11.8647500000000, 6.99999999999999, -12.1243556529821 ) );
#1082 = DIRECTION( '', ( 1.00000000000000, -0.000000000000000, -0.000000000000000 ) );
#1083 = DIRECTION( '', ( 0.000000000000000, 1.00000000000000, 0.000000000000000 ) );
#1084 = ORIENTED_EDGE( '', *, *, #1514, .T. );
#1085 = ORIENTED_EDGE( '', *, *, #1599, .F. );
#1086 = ORIENTED_EDGE( '', *, *, #1515, .T. );
#1087 = ORIENTED_EDGE( '', *, *, #1600, .T. );
#1088 = CARTESIAN_POINT( '', ( 6.00000000000000, 6.99999999999999, -12.1243556529821 ) );
#1089 = DIRECTION( '', ( 1.00000000000000, -0.000000000000000, -0.000000000000000 ) );
#1090 = DIRECTION( '', ( 0.000000000000000, 1.00000000000000, 0.000000000000000 ) );
#1091 = ORIENTED_EDGE( '', *, *, #1510, .T. );
#1092 = ORIENTED_EDGE( '', *, *, #1600, .F. );
#1093 = ORIENTED_EDGE( '', *, *, #1512, .T. );
#1094 = ORIENTED_EDGE( '', *, *, #1601, .F. );
#1095 = CARTESIAN_POINT( '', ( 0.135250000000000, 6.99999999999999, -12.1243556529821 ) );
#1096 = DIRECTION( '', ( -1.00000000000000, 0.000000000000000, -0.000000000000000 ) );
#1097 = DIRECTION( '', ( 0.000000000000000, 1.00000000000000, 0.000000000000000 ) );
#1098 = ORIENTED_EDGE( '', *, *, #1507, .T. );
#1099 = ORIENTED_EDGE( '', *, *, #1602, .F. );
#1100 = ORIENTED_EDGE( '', *, *, #1508, .T. );
#1101 = ORIENTED_EDGE( '', *, *, #1603, .T. );
#1102 = CARTESIAN_POINT( '', ( 11.8647500000000, 14.0000000000000, 0.000000000000000 ) );
#1103 = DIRECTION( '', ( 1.00000000000000, -0.000000000000000, -0.000000000000000 ) );
#1104 = DIRECTION( '', ( 0.000000000000000, 1.00000000000000, -2.44921270764551E-016 ) );
#1105 = ORIENTED_EDGE( '', *, *, #1504, .T. );
#1106 = ORIENTED_EDGE( '', *, *, #1603, .F. );
#1107 = ORIENTED_EDGE( '', *, *, #1505, .T. );
#1108 = ORIENTED_EDGE( '', *, *, #1604, .T. );
#1109 = CARTESIAN_POINT( '', ( 6.00000000000000, 14.0000000000000, 0.000000000000000 ) );
#1110 = DIRECTION( '', ( 1.00000000000000, -0.000000000000000, -0.000000000000000 ) );
#1111 = DIRECTION( '', ( 0.000000000000000, 1.00000000000000, -2.44921270764551E-016 ) );
#1112 = ORIENTED_EDGE( '', *, *, #1500, .T. );
#1113 = ORIENTED_EDGE( '', *, *, #1604, .F. );
#1114 = ORIENTED_EDGE( '', *, *, #1502, .T. );
#1115 = ORIENTED_EDGE( '', *, *, #1605, .F. );
#1116 = CARTESIAN_POINT( '', ( 0.135250000000000, 14.0000000000000, 0.000000000000000 ) );
#1117 = DIRECTION( '', ( -1.00000000000000, 0.000000000000000, -0.000000000000000 ) );
#1118 = DIRECTION( '', ( 0.000000000000000, 1.00000000000000, -2.44921270764551E-016 ) );
#1119 = ORIENTED_EDGE( '', *, *, #1496, .T. );
#1120 = ORIENTED_EDGE( '', *, *, #1606, .F. );
#1121 = ORIENTED_EDGE( '', *, *, #1498, .T. );
#1122 = ORIENTED_EDGE( '', *, *, #1607, .T. );
#1123 = CARTESIAN_POINT( '', ( 10.3500000000000, 14.2500000000000, 24.6817240078565 ) );
#1124 = DIRECTION( '', ( 1.00000000000000, -0.000000000000000, -0.000000000000000 ) );
#1125 = DIRECTION( '', ( 0.000000000000000, 1.00000000000000, 0.000000000000000 ) );
#1126 = ORIENTED_EDGE( '', *, *, #1495, .T. );
#1127 = ORIENTED_EDGE( '', *, *, #1608, .T. );
#1128 = ORIENTED_EDGE( '', *, *, #1497, .F. );
#1129 = ORIENTED_EDGE( '', *, *, #1607, .F. );
#1130 = CARTESIAN_POINT( '', ( 8.70000000000000, 16.7250000000000, 24.6817240078565 ) );
#1131 = DIRECTION( '', ( -1.00000000000000, 0.000000000000000, 0.000000000000000 ) );
#1132 = DIRECTION( '', ( 0.000000000000000, 1.00000000000000, -2.44921270764475E-016 ) );
#1133 = ORIENTED_EDGE( '', *, *, #1492, .T. );
#1134 = ORIENTED_EDGE( '', *, *, #1608, .F. );
#1135 = ORIENTED_EDGE( '', *, *, #1494, .T. );
#1136 = ORIENTED_EDGE( '', *, *, #1609, .F. );
#1137 = CARTESIAN_POINT( '', ( 4.35000000000000, 14.2500000000000, 24.6817240078565 ) );
#1138 = DIRECTION( '', ( 1.00000000000000, -0.000000000000000, -0.000000000000000 ) );
#1139 = DIRECTION( '', ( 0.000000000000000, 1.00000000000000, 0.000000000000000 ) );
#1140 = ORIENTED_EDGE( '', *, *, #1488, .T. );
#1141 = ORIENTED_EDGE( '', *, *, #1610, .F. );
#1142 = ORIENTED_EDGE( '', *, *, #1490, .T. );
#1143 = ORIENTED_EDGE( '', *, *, #1611, .T. );
#1144 = CARTESIAN_POINT( '', ( 10.3500000000000, -14.2500000000000, 24.6817240078565 ) );
#1145 = DIRECTION( '', ( 1.00000000000000, -0.000000000000000, -0.000000000000000 ) );
#1146 = DIRECTION( '', ( 0.000000000000000, 1.00000000000000, 0.000000000000000 ) );
#1147 = ORIENTED_EDGE( '', *, *, #1487, .T. );
#1148 = ORIENTED_EDGE( '', *, *, #1612, .T. );
#1149 = ORIENTED_EDGE( '', *, *, #1489, .F. );
#1150 = ORIENTED_EDGE( '', *, *, #1611, .F. );
#1151 = CARTESIAN_POINT( '', ( 8.70000000000000, -11.7750000000000, 24.6817240078565 ) );
#1152 = DIRECTION( '', ( -1.00000000000000, 0.000000000000000, 0.000000000000000 ) );
#1153 = DIRECTION( '', ( 0.000000000000000, 1.00000000000000, -2.44921270764475E-016 ) );
#1154 = ORIENTED_EDGE( '', *, *, #1484, .T. );
#1155 = ORIENTED_EDGE( '', *, *, #1612, .F. );
#1156 = ORIENTED_EDGE( '', *, *, #1486, .T. );
#1157 = ORIENTED_EDGE( '', *, *, #1613, .F. );
#1158 = CARTESIAN_POINT( '', ( 4.35000000000000, -14.2500000000000, 24.6817240078565 ) );
#1159 = DIRECTION( '', ( 1.00000000000000, -0.000000000000000, -0.000000000000000 ) );
#1160 = DIRECTION( '', ( 0.000000000000000, 1.00000000000000, 0.000000000000000 ) );
#1161 = ORIENTED_EDGE( '', *, *, #1480, .T. );
#1162 = ORIENTED_EDGE( '', *, *, #1614, .F. );
#1163 = ORIENTED_EDGE( '', *, *, #1482, .T. );
#1164 = ORIENTED_EDGE( '', *, *, #1615, .T. );
#1165 = CARTESIAN_POINT( '', ( 10.3500000000000, -28.5000000000000, 1.24344978758018E-014 ) );
#1166 = DIRECTION( '', ( 1.00000000000000, -0.000000000000000, -0.000000000000000 ) );
#1167 = DIRECTION( '', ( 0.000000000000000, 1.00000000000000, -2.44921270764173E-016 ) );
#1168 = ORIENTED_EDGE( '', *, *, #1479, .T. );
#1169 = ORIENTED_EDGE( '', *, *, #1616, .T. );
#1170 = ORIENTED_EDGE( '', *, *, #1481, .F. );
#1171 = ORIENTED_EDGE( '', *, *, #1615, .F. );
#1172 = CARTESIAN_POINT( '', ( 8.70000000000000, -26.0250000000000, 1.18283177306597E-014 ) );
#1173 = DIRECTION( '', ( -1.00000000000000, 0.000000000000000, 0.000000000000000 ) );
#1174 = DIRECTION( '', ( 0.000000000000000, 1.00000000000000, -2.44921270764475E-016 ) );
#1175 = ORIENTED_EDGE( '', *, *, #1476, .T. );
#1176 = ORIENTED_EDGE( '', *, *, #1616, .F. );
#1177 = ORIENTED_EDGE( '', *, *, #1478, .T. );
#1178 = ORIENTED_EDGE( '', *, *, #1617, .F. );
#1179 = CARTESIAN_POINT( '', ( 4.35000000000000, -28.5000000000000, 1.24344978758018E-014 ) );
#1180 = DIRECTION( '', ( 1.00000000000000, -0.000000000000000, -0.000000000000000 ) );
#1181 = DIRECTION( '', ( 0.000000000000000, 1.00000000000000, -2.44921270764173E-016 ) );
#1182 = ORIENTED_EDGE( '', *, *, #1472, .T. );
#1183 = ORIENTED_EDGE( '', *, *, #1618, .F. );
#1184 = ORIENTED_EDGE( '', *, *, #1474, .T. );
#1185 = ORIENTED_EDGE( '', *, *, #1619, .T. );
#1186 = CARTESIAN_POINT( '', ( 10.3500000000000, -14.2500000000000, -24.6817240078565 ) );
#1187 = DIRECTION( '', ( 1.00000000000000, -0.000000000000000, -0.000000000000000 ) );
#1188 = DIRECTION( '', ( 0.000000000000000, 1.00000000000000, 0.000000000000000 ) );
#1189 = ORIENTED_EDGE( '', *, *, #1471, .T. );
#1190 = ORIENTED_EDGE( '', *, *, #1620, .T. );
#1191 = ORIENTED_EDGE( '', *, *, #1473, .F. );
#1192 = ORIENTED_EDGE( '', *, *, #1619, .F. );
#1193 = CARTESIAN_POINT( '', ( 8.70000000000000, -11.7750000000000, -24.6817240078565 ) );
#1194 = DIRECTION( '', ( -1.00000000000000, 0.000000000000000, 0.000000000000000 ) );
#1195 = DIRECTION( '', ( 0.000000000000000, 1.00000000000000, -2.44921270764475E-016 ) );
#1196 = ORIENTED_EDGE( '', *, *, #1468, .T. );
#1197 = ORIENTED_EDGE( '', *, *, #1620, .F. );
#1198 = ORIENTED_EDGE( '', *, *, #1470, .T. );
#1199 = ORIENTED_EDGE( '', *, *, #1621, .F. );
#1200 = CARTESIAN_POINT( '', ( 4.35000000000000, -14.2500000000000, -24.6817240078565 ) );
#1201 = DIRECTION( '', ( 1.00000000000000, -0.000000000000000, -0.000000000000000 ) );
#1202 = DIRECTION( '', ( 0.000000000000000, 1.00000000000000, 0.000000000000000 ) );
#1203 = ORIENTED_EDGE( '', *, *, #1464, .T. );
#1204 = ORIENTED_EDGE( '', *, *, #1622, .F. );
#1205 = ORIENTED_EDGE( '', *, *, #1466, .T. );
#1206 = ORIENTED_EDGE( '', *, *, #1623, .T. );
#1207 = CARTESIAN_POINT( '', ( 10.3500000000000, 14.2500000000000, -24.6817240078565 ) );
#1208 = DIRECTION( '', ( 1.00000000000000, -0.000000000000000, -0.000000000000000 ) );
#1209 = DIRECTION( '', ( 0.000000000000000, 1.00000000000000, 0.000000000000000 ) );
#1210 = ORIENTED_EDGE( '', *, *, #1463, .T. );
#1211 = ORIENTED_EDGE( '', *, *, #1624, .T. );
#1212 = ORIENTED_EDGE( '', *, *, #1465, .F. );
#1213 = ORIENTED_EDGE( '', *, *, #1623, .F. );
#1214 = CARTESIAN_POINT( '', ( 8.70000000000000, 16.7250000000000, -24.6817240078565 ) );
#1215 = DIRECTION( '', ( -1.00000000000000, 0.000000000000000, 0.000000000000000 ) );
#1216 = DIRECTION( '', ( 0.000000000000000, 1.00000000000000, -2.44921270764475E-016 ) );
#1217 = ORIENTED_EDGE( '', *, *, #1460, .T. );
#1218 = ORIENTED_EDGE( '', *, *, #1624, .F. );
#1219 = ORIENTED_EDGE( '', *, *, #1462, .T. );
#1220 = ORIENTED_EDGE( '', *, *, #1625, .F. );
#1221 = CARTESIAN_POINT( '', ( 4.35000000000000, 14.2500000000000, -24.6817240078565 ) );
#1222 = DIRECTION( '', ( 1.00000000000000, -0.000000000000000, -0.000000000000000 ) );
#1223 = DIRECTION( '', ( 0.000000000000000, 1.00000000000000, 0.000000000000000 ) );
#1224 = ORIENTED_EDGE( '', *, *, #1456, .T. );
#1225 = ORIENTED_EDGE( '', *, *, #1626, .F. );
#1226 = ORIENTED_EDGE( '', *, *, #1458, .T. );
#1227 = ORIENTED_EDGE( '', *, *, #1627, .T. );
#1228 = CARTESIAN_POINT( '', ( 10.3500000000000, 28.5000000000000, 0.000000000000000 ) );
#1229 = DIRECTION( '', ( 1.00000000000000, -0.000000000000000, -0.000000000000000 ) );
#1230 = DIRECTION( '', ( 0.000000000000000, 1.00000000000000, -2.44921270764468E-016 ) );
#1231 = ORIENTED_EDGE( '', *, *, #1455, .T. );
#1232 = ORIENTED_EDGE( '', *, *, #1628, .T. );
#1233 = ORIENTED_EDGE( '', *, *, #1457, .F. );
#1234 = ORIENTED_EDGE( '', *, *, #1627, .F. );
#1235 = CARTESIAN_POINT( '', ( 8.70000000000000, 30.9750000000000, -6.06180145142077E-016 ) );
#1236 = DIRECTION( '', ( -1.00000000000000, 0.000000000000000, 0.000000000000000 ) );
#1237 = DIRECTION( '', ( 0.000000000000000, 1.00000000000000, -2.44921270764475E-016 ) );
#1238 = ORIENTED_EDGE( '', *, *, #1452, .T. );
#1239 = ORIENTED_EDGE( '', *, *, #1628, .F. );
#1240 = ORIENTED_EDGE( '', *, *, #1454, .T. );
#1241 = ORIENTED_EDGE( '', *, *, #1629, .F. );
#1242 = CARTESIAN_POINT( '', ( 4.35000000000000, 28.5000000000000, 0.000000000000000 ) );
#1243 = DIRECTION( '', ( 1.00000000000000, -0.000000000000000, -0.000000000000000 ) );
#1244 = DIRECTION( '', ( 0.000000000000000, 1.00000000000000, -2.44921270764468E-016 ) );
#1245 = ORIENTED_EDGE( '', *, *, #1448, .T. );
#1246 = ORIENTED_EDGE( '', *, *, #1630, .T. );
#1247 = ORIENTED_EDGE( '', *, *, #1450, .T. );
#1248 = ORIENTED_EDGE( '', *, *, #1631, .F. );
#1249 = CARTESIAN_POINT( '', ( 0.300000000000000, 0.000000000000000, 0.000000000000000 ) );
#1250 = DIRECTION( '', ( 1.00000000000000, -0.000000000000000, -0.000000000000000 ) );
#1251 = DIRECTION( '', ( 0.000000000000000, 1.00000000000000, -2.44921270764475E-016 ) );
#1252 = ORIENTED_EDGE( '', *, *, #1445, .F. );
#1253 = ORIENTED_EDGE( '', *, *, #1632, .F. );
#1254 = ORIENTED_EDGE( '', *, *, #1631, .T. );
#1255 = ORIENTED_EDGE( '', *, *, #1449, .T. );
#1256 = CARTESIAN_POINT( '', ( 0.600000000000000, 21.5833333333333, -5.28621742733326E-015 ) );
#1257 = DIRECTION( '', ( -1.00000000000000, 0.000000000000000, -0.000000000000000 ) );
#1258 = DIRECTION( '', ( 0.000000000000000, 1.00000000000000, -2.44921270764475E-016 ) );
#1259 = ORIENTED_EDGE( '', *, *, #1444, .T. );
#1260 = ORIENTED_EDGE( '', *, *, #1633, .F. );
#1261 = ORIENTED_EDGE( '', *, *, #1446, .T. );
#1262 = ORIENTED_EDGE( '', *, *, #1632, .T. );
#1263 = CARTESIAN_POINT( '', ( 0.300000000000000, 0.000000000000000, 0.000000000000000 ) );
#1264 = DIRECTION( '', ( 1.00000000000000, -0.000000000000000, -0.000000000000000 ) );
#1265 = DIRECTION( '', ( 0.000000000000000, 1.00000000000000, -2.44921270764475E-016 ) );
#1266 = ORIENTED_EDGE( '', *, *, #1585, .T. );
#1267 = ORIENTED_EDGE( '', *, *, #1551, .T. );
#1268 = ORIENTED_EDGE( '', *, *, #1589, .T. );
#1269 = ORIENTED_EDGE( '', *, *, #1541, .T. );
#1270 = ORIENTED_EDGE( '', *, *, #1593, .T. );
#1271 = ORIENTED_EDGE( '', *, *, #1531, .T. );
#1272 = ORIENTED_EDGE( '', *, *, #1597, .T. );
#1273 = ORIENTED_EDGE( '', *, *, #1521, .T. );
#1274 = ORIENTED_EDGE( '', *, *, #1601, .T. );
#1275 = ORIENTED_EDGE( '', *, *, #1511, .T. );
#1276 = ORIENTED_EDGE( '', *, *, #1605, .T. );
#1277 = ORIENTED_EDGE( '', *, *, #1501, .T. );
#1278 = ORIENTED_EDGE( '', *, *, #1441, .F. );
#1279 = ORIENTED_EDGE( '', *, *, #1440, .F. );
#1280 = ORIENTED_EDGE( '', *, *, #1634, .F. );
#1281 = ORIENTED_EDGE( '', *, *, #1447, .T. );
#1282 = ORIENTED_EDGE( '', *, *, #1633, .T. );
#1283 = CARTESIAN_POINT( '', ( 0.000000000000000, 15.6750000000000, -3.83914091923315E-015 ) );
#1284 = DIRECTION( '', ( -1.00000000000000, 0.000000000000000, -0.000000000000000 ) );
#1285 = DIRECTION( '', ( 0.000000000000000, 1.00000000000000, -2.44921270764475E-016 ) );
#1286 = ORIENTED_EDGE( '', *, *, #1439, .T. );
#1287 = ORIENTED_EDGE( '', *, *, #1437, .F. );
#1288 = ORIENTED_EDGE( '', *, *, #1635, .F. );
#1289 = ORIENTED_EDGE( '', *, *, #1442, .T. );
#1290 = ORIENTED_EDGE( '', *, *, #1634, .T. );
#1291 = CARTESIAN_POINT( '', ( 0.600000000000000, 0.000000000000000, 0.000000000000000 ) );
#1292 = DIRECTION( '', ( -1.00000000000000, 0.000000000000000, 0.000000000000000 ) );
#1293 = DIRECTION( '', ( 0.000000000000000, -0.000000000000000, 1.00000000000000 ) );
#1294 = ORIENTED_EDGE( '', *, *, #1434, .T. );
#1295 = ORIENTED_EDGE( '', *, *, #1443, .T. );
#1296 = ORIENTED_EDGE( '', *, *, #1635, .T. );
#1297 = ORIENTED_EDGE( '', *, *, #1436, .T. );
#1298 = ORIENTED_EDGE( '', *, *, #1636, .F. );
#1299 = ORIENTED_EDGE( '', *, *, #1430, .F. );
#1300 = CARTESIAN_POINT( '', ( 6.00000000000000, 0.000000000000000, 0.000000000000000 ) );
#1301 = DIRECTION( '', ( 1.00000000000000, -0.000000000000000, -0.000000000000000 ) );
#1302 = DIRECTION( '', ( 0.000000000000000, 1.00000000000000, -2.44921270764475E-016 ) );
#1303 = ORIENTED_EDGE( '', *, *, #1428, .T. );
#1304 = ORIENTED_EDGE( '', *, *, #1637, .F. );
#1305 = ORIENTED_EDGE( '', *, *, #1431, .T. );
#1306 = ORIENTED_EDGE( '', *, *, #1636, .T. );
#1307 = ORIENTED_EDGE( '', *, *, #1435, .T. );
#1308 = CARTESIAN_POINT( '', ( 11.4000000000000, 0.000000000000000, 0.000000000000000 ) );
#1309 = DIRECTION( '', ( -1.00000000000000, 0.000000000000000, 0.000000000000000 ) );
#1310 = DIRECTION( '', ( 0.000000000000000, -0.000000000000000, 1.00000000000000 ) );
#1311 = ORIENTED_EDGE( '', *, *, #1559, .T. );
#1312 = ORIENTED_EDGE( '', *, *, #1582, .T. );
#1313 = ORIENTED_EDGE( '', *, *, #1549, .T. );
#1314 = ORIENTED_EDGE( '', *, *, #1586, .T. );
#1315 = ORIENTED_EDGE( '', *, *, #1539, .T. );
#1316 = ORIENTED_EDGE( '', *, *, #1590, .T. );
#1317 = ORIENTED_EDGE( '', *, *, #1529, .T. );
#1318 = ORIENTED_EDGE( '', *, *, #1594, .T. );
#1319 = ORIENTED_EDGE( '', *, *, #1519, .T. );
#1320 = ORIENTED_EDGE( '', *, *, #1598, .T. );
#1321 = ORIENTED_EDGE( '', *, *, #1509, .T. );
#1322 = ORIENTED_EDGE( '', *, *, #1602, .T. );
#1323 = ORIENTED_EDGE( '', *, *, #1425, .F. );
#1324 = ORIENTED_EDGE( '', *, *, #1638, .F. );
#1325 = ORIENTED_EDGE( '', *, *, #1432, .T. );
#1326 = ORIENTED_EDGE( '', *, *, #1637, .T. );
#1327 = ORIENTED_EDGE( '', *, *, #1433, .T. );
#1328 = CARTESIAN_POINT( '', ( 12.0000000000000, 15.6750000000000, -3.83914091923315E-015 ) );
#1329 = DIRECTION( '', ( 1.00000000000000, 1.75010526049286E-016, -4.28638004371504E-032 ) );
#1330 = DIRECTION( '', ( 1.75010526049286E-016, -1.00000000000000, 2.44921270764475E-016 ) );
#1331 = ORIENTED_EDGE( '', *, *, #1424, .T. );
#1332 = ORIENTED_EDGE( '', *, *, #1639, .F. );
#1333 = ORIENTED_EDGE( '', *, *, #1426, .T. );
#1334 = ORIENTED_EDGE( '', *, *, #1638, .T. );
#1335 = CARTESIAN_POINT( '', ( 11.7000000000000, 0.000000000000000, 0.000000000000000 ) );
#1336 = DIRECTION( '', ( 1.00000000000000, -0.000000000000000, -0.000000000000000 ) );
#1337 = DIRECTION( '', ( 0.000000000000000, 1.00000000000000, -2.44921270764475E-016 ) );
#1338 = ORIENTED_EDGE( '', *, *, #1640, .F. );
#1339 = ORIENTED_EDGE( '', *, *, #1423, .F. );
#1340 = ORIENTED_EDGE( '', *, *, #1427, .T. );
#1341 = ORIENTED_EDGE( '', *, *, #1639, .T. );
#1342 = CARTESIAN_POINT( '', ( 11.4000000000000, 21.5833333333333, -5.28621742733326E-015 ) );
#1343 = DIRECTION( '', ( 1.00000000000000, 0.000000000000000, 0.000000000000000 ) );
#1344 = DIRECTION( '', ( -0.000000000000000, -1.00000000000000, 2.44921270764475E-016 ) );
#1345 = ORIENTED_EDGE( '', *, *, #1420, .T. );
#1346 = ORIENTED_EDGE( '', *, *, #1640, .T. );
#1347 = ORIENTED_EDGE( '', *, *, #1422, .T. );
#1348 = ORIENTED_EDGE( '', *, *, #1641, .F. );
#1349 = CARTESIAN_POINT( '', ( 11.7000000000000, 0.000000000000000, 0.000000000000000 ) );
#1350 = DIRECTION( '', ( 1.00000000000000, -0.000000000000000, -0.000000000000000 ) );
#1351 = DIRECTION( '', ( 0.000000000000000, 1.00000000000000, -2.44921270764475E-016 ) );
#1352 = ORIENTED_EDGE( '', *, *, #1499, .T. );
#1353 = ORIENTED_EDGE( '', *, *, #1606, .T. );
#1354 = ORIENTED_EDGE( '', *, *, #1491, .T. );
#1355 = ORIENTED_EDGE( '', *, *, #1610, .T. );
#1356 = ORIENTED_EDGE( '', *, *, #1483, .T. );
#1357 = ORIENTED_EDGE( '', *, *, #1614, .T. );
#1358 = ORIENTED_EDGE( '', *, *, #1475, .T. );
#1359 = ORIENTED_EDGE( '', *, *, #1618, .T. );
#1360 = ORIENTED_EDGE( '', *, *, #1467, .T. );
#1361 = ORIENTED_EDGE( '', *, *, #1622, .T. );
#1362 = ORIENTED_EDGE( '', *, *, #1459, .T. );
#1363 = ORIENTED_EDGE( '', *, *, #1626, .T. );
#1364 = ORIENTED_EDGE( '', *, *, #1416, .F. );
#1365 = ORIENTED_EDGE( '', *, *, #1415, .F. );
#1366 = ORIENTED_EDGE( '', *, *, #1642, .F. );
#1367 = ORIENTED_EDGE( '', *, *, #1641, .T. );
#1368 = ORIENTED_EDGE( '', *, *, #1421, .T. );
#1369 = CARTESIAN_POINT( '', ( 12.0000000000000, 28.4083333333333, -6.95780510030081E-015 ) );
#1370 = DIRECTION( '', ( 1.00000000000000, 0.000000000000000, 0.000000000000000 ) );
#1371 = DIRECTION( '', ( -0.000000000000000, -1.00000000000000, 2.44921270764475E-016 ) );
#1372 = ORIENTED_EDGE( '', *, *, #1414, .T. );
#1373 = ORIENTED_EDGE( '', *, *, #1578, .F. );
#1374 = ORIENTED_EDGE( '', *, *, #1566, .F. );
#1375 = ORIENTED_EDGE( '', *, *, #1417, .T. );
#1376 = ORIENTED_EDGE( '', *, *, #1642, .T. );
#1377 = CARTESIAN_POINT( '', ( 11.4000000000000, 0.000000000000000, 0.000000000000000 ) );
#1378 = DIRECTION( '', ( -1.00000000000000, 0.000000000000000, 0.000000000000000 ) );
#1379 = DIRECTION( '', ( 0.000000000000000, -0.000000000000000, 1.00000000000000 ) );
#1380 = ORIENTED_EDGE( '', *, *, #1408, .T. );
#1381 = ORIENTED_EDGE( '', *, *, #1643, .F. );
#1382 = ORIENTED_EDGE( '', *, *, #1411, .T. );
#1383 = ORIENTED_EDGE( '', *, *, #1568, .T. );
#1384 = ORIENTED_EDGE( '', *, *, #1577, .T. );
#1385 = CARTESIAN_POINT( '', ( 0.600000000000002, 0.000000000000000, 0.000000000000000 ) );
#1386 = DIRECTION( '', ( -1.00000000000000, 0.000000000000000, 0.000000000000000 ) );
#1387 = DIRECTION( '', ( 0.000000000000000, -0.000000000000000, 1.00000000000000 ) );
#1388 = ORIENTED_EDGE( '', *, *, #1609, .T. );
#1389 = ORIENTED_EDGE( '', *, *, #1493, .T. );
#1390 = ORIENTED_EDGE( '', *, *, #1613, .T. );
#1391 = ORIENTED_EDGE( '', *, *, #1485, .T. );
#1392 = ORIENTED_EDGE( '', *, *, #1617, .T. );
#1393 = ORIENTED_EDGE( '', *, *, #1477, .T. );
#1394 = ORIENTED_EDGE( '', *, *, #1621, .T. );
#1395 = ORIENTED_EDGE( '', *, *, #1469, .T. );
#1396 = ORIENTED_EDGE( '', *, *, #1625, .T. );
#1397 = ORIENTED_EDGE( '', *, *, #1461, .T. );
#1398 = ORIENTED_EDGE( '', *, *, #1629, .T. );
#1399 = ORIENTED_EDGE( '', *, *, #1453, .T. );
#1400 = ORIENTED_EDGE( '', *, *, #1630, .F. );
#1401 = ORIENTED_EDGE( '', *, *, #1451, .F. );
#1402 = ORIENTED_EDGE( '', *, *, #1412, .T. );
#1403 = ORIENTED_EDGE( '', *, *, #1643, .T. );
#1404 = ORIENTED_EDGE( '', *, *, #1413, .T. );
#1405 = CARTESIAN_POINT( '', ( 0.000000000000000, 28.4083333333333, -6.95780510030081E-015 ) );
#1406 = DIRECTION( '', ( -1.00000000000000, 0.000000000000000, -0.000000000000000 ) );
#1407 = DIRECTION( '', ( 0.000000000000000, 1.00000000000000, -2.44921270764475E-016 ) );
#1408 = EDGE_CURVE( '', #1644, #1645, #1646, .T. );
#1409 = EDGE_CURVE( '', #1644, #1647, #1648, .T. );
#1410 = EDGE_CURVE( '', #1647, #1649, #1650, .T. );
#1411 = EDGE_CURVE( '', #1651, #1649, #1652, .T. );
#1412 = EDGE_CURVE( '', #1653, #1651, #1654, .T. );
#1413 = EDGE_CURVE( '', #1645, #1653, #1655, .T. );
#1414 = EDGE_CURVE( '', #1656, #1657, #1658, .T. );
#1415 = EDGE_CURVE( '', #1656, #1659, #1660, .T. );
#1416 = EDGE_CURVE( '', #1659, #1661, #1662, .T. );
#1417 = EDGE_CURVE( '', #1663, #1661, #1664, .T. );
#1418 = EDGE_CURVE( '', #1665, #1663, #1666, .T. );
#1419 = EDGE_CURVE( '', #1657, #1665, #1667, .T. );
#1420 = EDGE_CURVE( '', #1668, #1669, #1670, .T. );
#1421 = EDGE_CURVE( '', #1671, #1668, #1672, .T. );
#1422 = EDGE_CURVE( '', #1673, #1671, #1674, .T. );
#1423 = EDGE_CURVE( '', #1673, #1669, #1675, .T. );
#1424 = EDGE_CURVE( '', #1676, #1677, #1678, .T. );
#1425 = EDGE_CURVE( '', #1676, #1679, #1680, .T. );
#1426 = EDGE_CURVE( '', #1681, #1679, #1682, .T. );
#1427 = EDGE_CURVE( '', #1677, #1681, #1683, .T. );
#1428 = EDGE_CURVE( '', #1684, #1685, #1686, .T. );
#1429 = EDGE_CURVE( '', #1684, #1687, #1688, .T. );
#1430 = EDGE_CURVE( '', #1687, #1689, #1690, .T. );
#1431 = EDGE_CURVE( '', #1691, #1689, #1692, .T. );
#1432 = EDGE_CURVE( '', #1693, #1691, #1694, .T. );
#1433 = EDGE_CURVE( '', #1685, #1693, #1695, .T. );
#1434 = EDGE_CURVE( '', #1687, #1696, #1697, .T. );
#1435 = EDGE_CURVE( '', #1698, #1684, #1699, .T. );
#1436 = EDGE_CURVE( '', #1700, #1698, #1701, .T. );
#1437 = EDGE_CURVE( '', #1700, #1702, #1703, .T. );
#1438 = EDGE_CURVE( '', #1702, #1696, #1704, .T. );
#1439 = EDGE_CURVE( '', #1705, #1702, #1706, .T. );
#1440 = EDGE_CURVE( '', #1705, #1707, #1708, .T. );
#1441 = EDGE_CURVE( '', #1707, #1709, #1710, .T. );
#1442 = EDGE_CURVE( '', #1711, #1709, #1712, .T. );
#1443 = EDGE_CURVE( '', #1696, #1711, #1713, .T. );
#1444 = EDGE_CURVE( '', #1714, #1715, #1716, .T. );
#1445 = EDGE_CURVE( '', #1714, #1717, #1718, .T. );
#1446 = EDGE_CURVE( '', #1719, #1717, #1720, .T. );
#1447 = EDGE_CURVE( '', #1715, #1719, #1721, .T. );
#1448 = EDGE_CURVE( '', #1722, #1723, #1724, .T. );
#1449 = EDGE_CURVE( '', #1725, #1722, #1726, .T. );
#1450 = EDGE_CURVE( '', #1727, #1725, #1728, .T. );
#1451 = EDGE_CURVE( '', #1727, #1723, #1729, .T. );
#1452 = EDGE_CURVE( '', #1730, #1731, #1732, .T. );
#1453 = EDGE_CURVE( '', #1733, #1730, #1734, .T. );
#1454 = EDGE_CURVE( '', #1735, #1733, #1736, .T. );
#1455 = EDGE_CURVE( '', #1731, #1735, #1737, .T. );
#1456 = EDGE_CURVE( '', #1738, #1739, #1740, .T. );
#1457 = EDGE_CURVE( '', #1738, #1741, #1742, .T. );
#1458 = EDGE_CURVE( '', #1743, #1741, #1744, .T. );
#1459 = EDGE_CURVE( '', #1739, #1743, #1745, .T. );
#1460 = EDGE_CURVE( '', #1746, #1747, #1748, .T. );
#1461 = EDGE_CURVE( '', #1749, #1746, #1750, .T. );
#1462 = EDGE_CURVE( '', #1751, #1749, #1752, .T. );
#1463 = EDGE_CURVE( '', #1747, #1751, #1753, .T. );
#1464 = EDGE_CURVE( '', #1754, #1755, #1756, .T. );
#1465 = EDGE_CURVE( '', #1754, #1757, #1758, .T. );
#1466 = EDGE_CURVE( '', #1759, #1757, #1760, .T. );
#1467 = EDGE_CURVE( '', #1755, #1759, #1761, .T. );
#1468 = EDGE_CURVE( '', #1762, #1763, #1764, .T. );
#1469 = EDGE_CURVE( '', #1765, #1762, #1766, .T. );
#1470 = EDGE_CURVE( '', #1767, #1765, #1768, .T. );
#1471 = EDGE_CURVE( '', #1763, #1767, #1769, .T. );
#1472 = EDGE_CURVE( '', #1770, #1771, #1772, .T. );
#1473 = EDGE_CURVE( '', #1770, #1773, #1774, .T. );
#1474 = EDGE_CURVE( '', #1775, #1773, #1776, .T. );
#1475 = EDGE_CURVE( '', #1771, #1775, #1777, .T. );
#1476 = EDGE_CURVE( '', #1778, #1779, #1780, .T. );
#1477 = EDGE_CURVE( '', #1781, #1778, #1782, .T. );
#1478 = EDGE_CURVE( '', #1783, #1781, #1784, .T. );
#1479 = EDGE_CURVE( '', #1779, #1783, #1785, .T. );
#1480 = EDGE_CURVE( '', #1786, #1787, #1788, .T. );
#1481 = EDGE_CURVE( '', #1786, #1789, #1790, .T. );
#1482 = EDGE_CURVE( '', #1791, #1789, #1792, .T. );
#1483 = EDGE_CURVE( '', #1787, #1791, #1793, .T. );
#1484 = EDGE_CURVE( '', #1794, #1795, #1796, .T. );
#1485 = EDGE_CURVE( '', #1797, #1794, #1798, .T. );
#1486 = EDGE_CURVE( '', #1799, #1797, #1800, .T. );
#1487 = EDGE_CURVE( '', #1795, #1799, #1801, .T. );
#1488 = EDGE_CURVE( '', #1802, #1803, #1804, .T. );
#1489 = EDGE_CURVE( '', #1802, #1805, #1806, .T. );
#1490 = EDGE_CURVE( '', #1807, #1805, #1808, .T. );
#1491 = EDGE_CURVE( '', #1803, #1807, #1809, .T. );
#1492 = EDGE_CURVE( '', #1810, #1811, #1812, .T. );
#1493 = EDGE_CURVE( '', #1813, #1810, #1814, .T. );
#1494 = EDGE_CURVE( '', #1815, #1813, #1816, .T. );
#1495 = EDGE_CURVE( '', #1811, #1815, #1817, .T. );
#1496 = EDGE_CURVE( '', #1818, #1819, #1820, .T. );
#1497 = EDGE_CURVE( '', #1818, #1821, #1822, .T. );
#1498 = EDGE_CURVE( '', #1823, #1821, #1824, .T. );
#1499 = EDGE_CURVE( '', #1819, #1823, #1825, .T. );
#1500 = EDGE_CURVE( '', #1826, #1827, #1828, .T. );
#1501 = EDGE_CURVE( '', #1829, #1826, #1830, .T. );
#1502 = EDGE_CURVE( '', #1831, #1829, #1832, .T. );
#1503 = EDGE_CURVE( '', #1827, #1831, #1833, .T. );
#1504 = EDGE_CURVE( '', #1827, #1834, #1835, .T. );
#1505 = EDGE_CURVE( '', #1836, #1831, #1837, .T. );
#1506 = EDGE_CURVE( '', #1834, #1836, #1838, .T. );
#1507 = EDGE_CURVE( '', #1834, #1839, #1840, .T. );
#1508 = EDGE_CURVE( '', #1841, #1836, #1842, .T. );
#1509 = EDGE_CURVE( '', #1839, #1841, #1843, .T. );
#1510 = EDGE_CURVE( '', #1844, #1845, #1846, .T. );
#1511 = EDGE_CURVE( '', #1847, #1844, #1848, .T. );
#1512 = EDGE_CURVE( '', #1849, #1847, #1850, .T. );
#1513 = EDGE_CURVE( '', #1845, #1849, #1851, .T. );
#1514 = EDGE_CURVE( '', #1845, #1852, #1853, .T. );
#1515 = EDGE_CURVE( '', #1854, #1849, #1855, .T. );
#1516 = EDGE_CURVE( '', #1852, #1854, #1856, .T. );
#1517 = EDGE_CURVE( '', #1852, #1857, #1858, .T. );
#1518 = EDGE_CURVE( '', #1859, #1854, #1860, .T. );
#1519 = EDGE_CURVE( '', #1857, #1859, #1861, .T. );
#1520 = EDGE_CURVE( '', #1862, #1863, #1864, .T. );
#1521 = EDGE_CURVE( '', #1865, #1862, #1866, .T. );
#1522 = EDGE_CURVE( '', #1867, #1865, #1868, .T. );
#1523 = EDGE_CURVE( '', #1863, #1867, #1869, .T. );
#1524 = EDGE_CURVE( '', #1863, #1870, #1871, .T. );
#1525 = EDGE_CURVE( '', #1872, #1867, #1873, .T. );
#1526 = EDGE_CURVE( '', #1870, #1872, #1874, .T. );
#1527 = EDGE_CURVE( '', #1870, #1875, #1876, .T. );
#1528 = EDGE_CURVE( '', #1877, #1872, #1878, .T. );
#1529 = EDGE_CURVE( '', #1875, #1877, #1879, .T. );
#1530 = EDGE_CURVE( '', #1880, #1881, #1882, .T. );
#1531 = EDGE_CURVE( '', #1883, #1880, #1884, .T. );
#1532 = EDGE_CURVE( '', #1885, #1883, #1886, .T. );
#1533 = EDGE_CURVE( '', #1881, #1885, #1887, .T. );
#1534 = EDGE_CURVE( '', #1881, #1888, #1889, .T. );
#1535 = EDGE_CURVE( '', #1890, #1885, #1891, .T. );
#1536 = EDGE_CURVE( '', #1888, #1890, #1892, .T. );
#1537 = EDGE_CURVE( '', #1888, #1893, #1894, .T. );
#1538 = EDGE_CURVE( '', #1895, #1890, #1896, .T. );
#1539 = EDGE_CURVE( '', #1893, #1895, #1897, .T. );
#1540 = EDGE_CURVE( '', #1898, #1899, #1900, .T. );
#1541 = EDGE_CURVE( '', #1901, #1898, #1902, .T. );
#1542 = EDGE_CURVE( '', #1903, #1901, #1904, .T. );
#1543 = EDGE_CURVE( '', #1899, #1903, #1905, .T. );
#1544 = EDGE_CURVE( '', #1899, #1906, #1907, .T. );
#1545 = EDGE_CURVE( '', #1908, #1903, #1909, .T. );
#1546 = EDGE_CURVE( '', #1906, #1908, #1910, .T. );
#1547 = EDGE_CURVE( '', #1906, #1911, #1912, .T. );
#1548 = EDGE_CURVE( '', #1913, #1908, #1914, .T. );
#1549 = EDGE_CURVE( '', #1911, #1913, #1915, .T. );
#1550 = EDGE_CURVE( '', #1916, #1917, #1918, .T. );
#1551 = EDGE_CURVE( '', #1919, #1916, #1920, .T. );
#1552 = EDGE_CURVE( '', #1921, #1919, #1922, .T. );
#1553 = EDGE_CURVE( '', #1917, #1921, #1923, .T. );
#1554 = EDGE_CURVE( '', #1917, #1924, #1925, .T. );
#1555 = EDGE_CURVE( '', #1926, #1921, #1927, .T. );
#1556 = EDGE_CURVE( '', #1924, #1926, #1928, .T. );
#1557 = EDGE_CURVE( '', #1924, #1929, #1930, .T. );
#1558 = EDGE_CURVE( '', #1931, #1926, #1932, .T. );
#1559 = EDGE_CURVE( '', #1929, #1931, #1933, .T. );
#1560 = EDGE_CURVE( '', #1934, #1935, #1936, .T. );
#1561 = EDGE_CURVE( '', #1937, #1934, #1938, .T. );
#1562 = EDGE_CURVE( '', #1939, #1937, #1940, .T. );
#1563 = EDGE_CURVE( '', #1941, #1939, #1942, .T. );
#1564 = EDGE_CURVE( '', #1935, #1941, #1943, .T. );
#1565 = EDGE_CURVE( '', #1665, #1647, #1944, .T. );
#1566 = EDGE_CURVE( '', #1663, #1945, #1946, .T. );
#1567 = EDGE_CURVE( '', #1947, #1945, #1948, .T. );
#1568 = EDGE_CURVE( '', #1649, #1947, #1949, .T. );
#1569 = EDGE_CURVE( '', #1950, #1951, #1952, .T. );
#1570 = EDGE_CURVE( '', #1951, #1953, #1954, .T. );
#1571 = EDGE_CURVE( '', #1953, #1955, #1956, .T. );
#1572 = EDGE_CURVE( '', #1955, #1950, #1957, .T. );
#1573 = EDGE_CURVE( '', #1958, #1955, #1959, .T. );
#1574 = EDGE_CURVE( '', #1958, #1960, #1961, .T. );
#1575 = EDGE_CURVE( '', #1951, #1960, #1962, .T. );
#1576 = EDGE_CURVE( '', #1960, #1958, #1963, .T. );
#1577 = EDGE_CURVE( '', #1947, #1644, #1964, .T. );
#1578 = EDGE_CURVE( '', #1945, #1657, #1965, .T. );
#1579 = EDGE_CURVE( '', #1966, #1939, #1967, .T. );
#1580 = EDGE_CURVE( '', #1934, #1966, #1968, .T. );
#1581 = EDGE_CURVE( '', #1941, #1935, #1969, .T. );
#1582 = EDGE_CURVE( '', #1931, #1929, #1970, .T. );
#1583 = EDGE_CURVE( '', #1926, #1924, #1971, .T. );
#1584 = EDGE_CURVE( '', #1921, #1917, #1972, .T. );
#1585 = EDGE_CURVE( '', #1916, #1919, #1973, .T. );
#1586 = EDGE_CURVE( '', #1913, #1911, #1974, .T. );
#1587 = EDGE_CURVE( '', #1908, #1906, #1975, .T. );
#1588 = EDGE_CURVE( '', #1903, #1899, #1976, .T. );
#1589 = EDGE_CURVE( '', #1898, #1901, #1977, .T. );
#1590 = EDGE_CURVE( '', #1895, #1893, #1978, .T. );
#1591 = EDGE_CURVE( '', #1890, #1888, #1979, .T. );
#1592 = EDGE_CURVE( '', #1885, #1881, #1980, .T. );
#1593 = EDGE_CURVE( '', #1880, #1883, #1981, .T. );
#1594 = EDGE_CURVE( '', #1877, #1875, #1982, .T. );
#1595 = EDGE_CURVE( '', #1872, #1870, #1983, .T. );
#1596 = EDGE_CURVE( '', #1867, #1863, #1984, .T. );
#1597 = EDGE_CURVE( '', #1862, #1865, #1985, .T. );
#1598 = EDGE_CURVE( '', #1859, #1857, #1986, .T. );
#1599 = EDGE_CURVE( '', #1854, #1852, #1987, .T. );
#1600 = EDGE_CURVE( '', #1849, #1845, #1988, .T. );
#1601 = EDGE_CURVE( '', #1844, #1847, #1989, .T. );
#1602 = EDGE_CURVE( '', #1841, #1839, #1990, .T. );
#1603 = EDGE_CURVE( '', #1836, #1834, #1991, .T. );
#1604 = EDGE_CURVE( '', #1831, #1827, #1992, .T. );
#1605 = EDGE_CURVE( '', #1826, #1829, #1993, .T. );
#1606 = EDGE_CURVE( '', #1823, #1819, #1994, .T. );
#1607 = EDGE_CURVE( '', #1821, #1818, #1995, .T. );
#1608 = EDGE_CURVE( '', #1815, #1811, #1996, .T. );
#1609 = EDGE_CURVE( '', #1810, #1813, #1997, .T. );
#1610 = EDGE_CURVE( '', #1807, #1803, #1998, .T. );
#1611 = EDGE_CURVE( '', #1805, #1802, #1999, .T. );
#1612 = EDGE_CURVE( '', #1799, #1795, #2000, .T. );
#1613 = EDGE_CURVE( '', #1794, #1797, #2001, .T. );
#1614 = EDGE_CURVE( '', #1791, #1787, #2002, .T. );
#1615 = EDGE_CURVE( '', #1789, #1786, #2003, .T. );
#1616 = EDGE_CURVE( '', #1783, #1779, #2004, .T. );
#1617 = EDGE_CURVE( '', #1778, #1781, #2005, .T. );
#1618 = EDGE_CURVE( '', #1775, #1771, #2006, .T. );
#1619 = EDGE_CURVE( '', #1773, #1770, #2007, .T. );
#1620 = EDGE_CURVE( '', #1767, #1763, #2008, .T. );
#1621 = EDGE_CURVE( '', #1762, #1765, #2009, .T. );
#1622 = EDGE_CURVE( '', #1759, #1755, #2010, .T. );
#1623 = EDGE_CURVE( '', #1757, #1754, #2011, .T. );
#1624 = EDGE_CURVE( '', #1751, #1747, #2012, .T. );
#1625 = EDGE_CURVE( '', #1746, #1749, #2013, .T. );
#1626 = EDGE_CURVE( '', #1743, #1739, #2014, .T. );
#1627 = EDGE_CURVE( '', #1741, #1738, #2015, .T. );
#1628 = EDGE_CURVE( '', #1735, #1731, #2016, .T. );
#1629 = EDGE_CURVE( '', #1730, #1733, #2017, .T. );
#1630 = EDGE_CURVE( '', #1723, #1727, #2018, .T. );
#1631 = EDGE_CURVE( '', #1722, #1725, #2019, .T. );
#1632 = EDGE_CURVE( '', #1717, #1714, #2020, .T. );
#1633 = EDGE_CURVE( '', #1719, #1715, #2021, .T. );
#1634 = EDGE_CURVE( '', #1709, #1705, #2022, .T. );
#1635 = EDGE_CURVE( '', #1711, #1700, #2023, .T. );
#1636 = EDGE_CURVE( '', #1689, #1698, #2024, .T. );
#1637 = EDGE_CURVE( '', #1691, #1685, #2025, .T. );
#1638 = EDGE_CURVE( '', #1679, #1676, #2026, .T. );
#1639 = EDGE_CURVE( '', #1681, #1677, #2027, .T. );
#1640 = EDGE_CURVE( '', #1669, #1673, #2028, .T. );
#1641 = EDGE_CURVE( '', #1668, #1671, #2029, .T. );
#1642 = EDGE_CURVE( '', #1661, #1656, #2030, .T. );
#1643 = EDGE_CURVE( '', #1651, #1645, #2031, .T. );
#1644 = VERTEX_POINT( '', #2032 );
#1645 = VERTEX_POINT( '', #2033 );
#1646 = CIRCLE( '', #2034, 0.600000000000001 );
#1647 = VERTEX_POINT( '', #2035 );
#1648 = CIRCLE( '', #2036, 35.0000000000000 );
#1649 = VERTEX_POINT( '', #2037 );
#1650 = CIRCLE( '', #2038, 35.0000000000000 );
#1651 = VERTEX_POINT( '', #2039 );
#1652 = CIRCLE( '', #2040, 0.600000000000001 );
#1653 = VERTEX_POINT( '', #2041 );
#1654 = CIRCLE( '', #2042, 34.4000000000000 );
#1655 = CIRCLE( '', #2043, 34.4000000000000 );
#1656 = VERTEX_POINT( '', #2044 );
#1657 = VERTEX_POINT( '', #2045 );
#1658 = CIRCLE( '', #2046, 0.600000000000001 );
#1659 = VERTEX_POINT( '', #2047 );
#1660 = CIRCLE( '', #2048, 34.4000000000000 );
#1661 = VERTEX_POINT( '', #2049 );
#1662 = CIRCLE( '', #2050, 34.4000000000000 );
#1663 = VERTEX_POINT( '', #2051 );
#1664 = CIRCLE( '', #2052, 0.600000000000001 );
#1665 = VERTEX_POINT( '', #2053 );
#1666 = CIRCLE( '', #2054, 35.0000000000000 );
#1667 = CIRCLE( '', #2055, 35.0000000000000 );
#1668 = VERTEX_POINT( '', #2056 );
#1669 = VERTEX_POINT( '', #2057 );
#1670 = LINE( '', #2058, #2059 );
#1671 = VERTEX_POINT( '', #2060 );
#1672 = CIRCLE( '', #2061, 22.4166666666667 );
#1673 = VERTEX_POINT( '', #2062 );
#1674 = LINE( '', #2063, #2064 );
#1675 = CIRCLE( '', #2065, 22.4166666666667 );
#1676 = VERTEX_POINT( '', #2066 );
#1677 = VERTEX_POINT( '', #2067 );
#1678 = LINE( '', #2068, #2069 );
#1679 = VERTEX_POINT( '', #2070 );
#1680 = CIRCLE( '', #2071, 20.7500000000000 );
#1681 = VERTEX_POINT( '', #2072 );
#1682 = LINE( '', #2073, #2074 );
#1683 = CIRCLE( '', #2075, 20.7500000000000 );
#1684 = VERTEX_POINT( '', #2076 );
#1685 = VERTEX_POINT( '', #2077 );
#1686 = CIRCLE( '', #2078, 0.600000000000000 );
#1687 = VERTEX_POINT( '', #2079 );
#1688 = CIRCLE( '', #2080, 10.0000000000000 );
#1689 = VERTEX_POINT( '', #2081 );
#1690 = CIRCLE( '', #2082, 10.0000000000000 );
#1691 = VERTEX_POINT( '', #2083 );
#1692 = CIRCLE( '', #2084, 0.600000000000000 );
#1693 = VERTEX_POINT( '', #2085 );
#1694 = CIRCLE( '', #2086, 10.6000000000000 );
#1695 = CIRCLE( '', #2087, 10.6000000000000 );
#1696 = VERTEX_POINT( '', #2088 );
#1697 = LINE( '', #2089, #2090 );
#1698 = VERTEX_POINT( '', #2091 );
#1699 = CIRCLE( '', #2092, 10.0000000000000 );
#1700 = VERTEX_POINT( '', #2093 );
#1701 = LINE( '', #2094, #2095 );
#1702 = VERTEX_POINT( '', #2096 );
#1703 = CIRCLE( '', #2097, 10.0000000000000 );
#1704 = CIRCLE( '', #2098, 10.0000000000000 );
#1705 = VERTEX_POINT( '', #2099 );
#1706 = CIRCLE( '', #2100, 0.600000000000000 );
#1707 = VERTEX_POINT( '', #2101 );
#1708 = CIRCLE( '', #2102, 10.6000000000000 );
#1709 = VERTEX_POINT( '', #2103 );
#1710 = CIRCLE( '', #2104, 10.6000000000000 );
#1711 = VERTEX_POINT( '', #2105 );
#1712 = CIRCLE( '', #2106, 0.600000000000000 );
#1713 = CIRCLE( '', #2107, 10.0000000000000 );
#1714 = VERTEX_POINT( '', #2108 );
#1715 = VERTEX_POINT( '', #2109 );
#1716 = LINE( '', #2110, #2111 );
#1717 = VERTEX_POINT( '', #2112 );
#1718 = CIRCLE( '', #2113, 20.7500000000000 );
#1719 = VERTEX_POINT( '', #2114 );
#1720 = LINE( '', #2115, #2116 );
#1721 = CIRCLE( '', #2117, 20.7500000000000 );
#1722 = VERTEX_POINT( '', #2118 );
#1723 = VERTEX_POINT( '', #2119 );
#1724 = LINE( '', #2120, #2121 );
#1725 = VERTEX_POINT( '', #2122 );
#1726 = CIRCLE( '', #2123, 22.4166666666667 );
#1727 = VERTEX_POINT( '', #2124 );
#1728 = LINE( '', #2125, #2126 );
#1729 = CIRCLE( '', #2127, 22.4166666666667 );
#1730 = VERTEX_POINT( '', #2128 );
#1731 = VERTEX_POINT( '', #2129 );
#1732 = LINE( '', #2130, #2131 );
#1733 = VERTEX_POINT( '', #2132 );
#1734 = CIRCLE( '', #2133, 1.70000000000000 );
#1735 = VERTEX_POINT( '', #2134 );
#1736 = LINE( '', #2135, #2136 );
#1737 = CIRCLE( '', #2137, 1.70000000000000 );
#1738 = VERTEX_POINT( '', #2138 );
#1739 = VERTEX_POINT( '', #2139 );
#1740 = LINE( '', #2140, #2141 );
#1741 = VERTEX_POINT( '', #2142 );
#1742 = CIRCLE( '', #2143, 3.25000000000000 );
#1743 = VERTEX_POINT( '', #2144 );
#1744 = LINE( '', #2145, #2146 );
#1745 = CIRCLE( '', #2147, 3.25000000000000 );
#1746 = VERTEX_POINT( '', #2148 );
#1747 = VERTEX_POINT( '', #2149 );
#1748 = LINE( '', #2150, #2151 );
#1749 = VERTEX_POINT( '', #2152 );
#1750 = CIRCLE( '', #2153, 1.70000000000000 );
#1751 = VERTEX_POINT( '', #2154 );
#1752 = LINE( '', #2155, #2156 );
#1753 = CIRCLE( '', #2157, 1.70000000000000 );
#1754 = VERTEX_POINT( '', #2158 );
#1755 = VERTEX_POINT( '', #2159 );
#1756 = LINE( '', #2160, #2161 );
#1757 = VERTEX_POINT( '', #2162 );
#1758 = CIRCLE( '', #2163, 3.25000000000000 );
#1759 = VERTEX_POINT( '', #2164 );
#1760 = LINE( '', #2165, #2166 );
#1761 = CIRCLE( '', #2167, 3.25000000000000 );
#1762 = VERTEX_POINT( '', #2168 );
#1763 = VERTEX_POINT( '', #2169 );
#1764 = LINE( '', #2170, #2171 );
#1765 = VERTEX_POINT( '', #2172 );
#1766 = CIRCLE( '', #2173, 1.70000000000000 );
#1767 = VERTEX_POINT( '', #2174 );
#1768 = LINE( '', #2175, #2176 );
#1769 = CIRCLE( '', #2177, 1.70000000000000 );
#1770 = VERTEX_POINT( '', #2178 );
#1771 = VERTEX_POINT( '', #2179 );
#1772 = LINE( '', #2180, #2181 );
#1773 = VERTEX_POINT( '', #2182 );
#1774 = CIRCLE( '', #2183, 3.25000000000000 );
#1775 = VERTEX_POINT( '', #2184 );
#1776 = LINE( '', #2185, #2186 );
#1777 = CIRCLE( '', #2187, 3.25000000000000 );
#1778 = VERTEX_POINT( '', #2188 );
#1779 = VERTEX_POINT( '', #2189 );
#1780 = LINE( '', #2190, #2191 );
#1781 = VERTEX_POINT( '', #2192 );
#1782 = CIRCLE( '', #2193, 1.70000000000000 );
#1783 = VERTEX_POINT( '', #2194 );
#1784 = LINE( '', #2195, #2196 );
#1785 = CIRCLE( '', #2197, 1.70000000000000 );
#1786 = VERTEX_POINT( '', #2198 );
#1787 = VERTEX_POINT( '', #2199 );
#1788 = LINE( '', #2200, #2201 );
#1789 = VERTEX_POINT( '', #2202 );
#1790 = CIRCLE( '', #2203, 3.25000000000000 );
#1791 = VERTEX_POINT( '', #2204 );
#1792 = LINE( '', #2205, #2206 );
#1793 = CIRCLE( '', #2207, 3.25000000000000 );
#1794 = VERTEX_POINT( '', #2208 );
#1795 = VERTEX_POINT( '', #2209 );
#1796 = LINE( '', #2210, #2211 );
#1797 = VERTEX_POINT( '', #2212 );
#1798 = CIRCLE( '', #2213, 1.70000000000000 );
#1799 = VERTEX_POINT( '', #2214 );
#1800 = LINE( '', #2215, #2216 );
#1801 = CIRCLE( '', #2217, 1.70000000000000 );
#1802 = VERTEX_POINT( '', #2218 );
#1803 = VERTEX_POINT( '', #2219 );
#1804 = LINE( '', #2220, #2221 );
#1805 = VERTEX_POINT( '', #2222 );
#1806 = CIRCLE( '', #2223, 3.25000000000000 );
#1807 = VERTEX_POINT( '', #2224 );
#1808 = LINE( '', #2225, #2226 );
#1809 = CIRCLE( '', #2227, 3.25000000000000 );
#1810 = VERTEX_POINT( '', #2228 );
#1811 = VERTEX_POINT( '', #2229 );
#1812 = LINE( '', #2230, #2231 );
#1813 = VERTEX_POINT( '', #2232 );
#1814 = CIRCLE( '', #2233, 1.70000000000000 );
#1815 = VERTEX_POINT( '', #2234 );
#1816 = LINE( '', #2235, #2236 );
#1817 = CIRCLE( '', #2237, 1.70000000000000 );
#1818 = VERTEX_POINT( '', #2238 );
#1819 = VERTEX_POINT( '', #2239 );
#1820 = LINE( '', #2240, #2241 );
#1821 = VERTEX_POINT( '', #2242 );
#1822 = CIRCLE( '', #2243, 3.25000000000000 );
#1823 = VERTEX_POINT( '', #2244 );
#1824 = LINE( '', #2245, #2246 );
#1825 = CIRCLE( '', #2247, 3.25000000000000 );
#1826 = VERTEX_POINT( '', #2248 );
#1827 = VERTEX_POINT( '', #2249 );
#1828 = LINE( '', #2250, #2251 );
#1829 = VERTEX_POINT( '', #2252 );
#1830 = CIRCLE( '', #2253, 1.50000000000000 );
#1831 = VERTEX_POINT( '', #2254 );
#1832 = LINE( '', #2255, #2256 );
#1833 = CIRCLE( '', #2257, 1.22950000000000 );
#1834 = VERTEX_POINT( '', #2258 );
#1835 = LINE( '', #2259, #2260 );
#1836 = VERTEX_POINT( '', #2261 );
#1837 = LINE( '', #2262, #2263 );
#1838 = CIRCLE( '', #2264, 1.22950000000000 );
#1839 = VERTEX_POINT( '', #2265 );
#1840 = LINE( '', #2266, #2267 );
#1841 = VERTEX_POINT( '', #2268 );
#1842 = LINE( '', #2269, #2270 );
#1843 = CIRCLE( '', #2271, 1.50000000000000 );
#1844 = VERTEX_POINT( '', #2272 );
#1845 = VERTEX_POINT( '', #2273 );
#1846 = LINE( '', #2274, #2275 );
#1847 = VERTEX_POINT( '', #2276 );
#1848 = CIRCLE( '', #2277, 1.50000000000000 );
#1849 = VERTEX_POINT( '', #2278 );
#1850 = LINE( '', #2279, #2280 );
#1851 = CIRCLE( '', #2281, 1.22950000000000 );
#1852 = VERTEX_POINT( '', #2282 );
#1853 = LINE( '', #2283, #2284 );
#1854 = VERTEX_POINT( '', #2285 );
#1855 = LINE( '', #2286, #2287 );
#1856 = CIRCLE( '', #2288, 1.22950000000000 );
#1857 = VERTEX_POINT( '', #2289 );
#1858 = LINE( '', #2290, #2291 );
#1859 = VERTEX_POINT( '', #2292 );
#1860 = LINE( '', #2293, #2294 );
#1861 = CIRCLE( '', #2295, 1.50000000000000 );
#1862 = VERTEX_POINT( '', #2296 );
#1863 = VERTEX_POINT( '', #2297 );
#1864 = LINE( '', #2298, #2299 );
#1865 = VERTEX_POINT( '', #2300 );
#1866 = CIRCLE( '', #2301, 1.50000000000000 );
#1867 = VERTEX_POINT( '', #2302 );
#1868 = LINE( '', #2303, #2304 );
#1869 = CIRCLE( '', #2305, 1.22950000000000 );
#1870 = VERTEX_POINT( '', #2306 );
#1871 = LINE( '', #2307, #2308 );
#1872 = VERTEX_POINT( '', #2309 );
#1873 = LINE( '', #2310, #2311 );
#1874 = CIRCLE( '', #2312, 1.22950000000000 );
#1875 = VERTEX_POINT( '', #2313 );
#1876 = LINE( '', #2314, #2315 );
#1877 = VERTEX_POINT( '', #2316 );
#1878 = LINE( '', #2317, #2318 );
#1879 = CIRCLE( '', #2319, 1.50000000000000 );
#1880 = VERTEX_POINT( '', #2320 );
#1881 = VERTEX_POINT( '', #2321 );
#1882 = LINE( '', #2322, #2323 );
#1883 = VERTEX_POINT( '', #2324 );
#1884 = CIRCLE( '', #2325, 1.50000000000000 );
#1885 = VERTEX_POINT( '', #2326 );
#1886 = LINE( '', #2327, #2328 );
#1887 = CIRCLE( '', #2329, 1.22950000000000 );
#1888 = VERTEX_POINT( '', #2330 );
#1889 = LINE( '', #2331, #2332 );
#1890 = VERTEX_POINT( '', #2333 );
#1891 = LINE( '', #2334, #2335 );
#1892 = CIRCLE( '', #2336, 1.22950000000000 );
#1893 = VERTEX_POINT( '', #2337 );
#1894 = LINE( '', #2338, #2339 );
#1895 = VERTEX_POINT( '', #2340 );
#1896 = LINE( '', #2341, #2342 );
#1897 = CIRCLE( '', #2343, 1.50000000000000 );
#1898 = VERTEX_POINT( '', #2344 );
#1899 = VERTEX_POINT( '', #2345 );
#1900 = LINE( '', #2346, #2347 );
#1901 = VERTEX_POINT( '', #2348 );
#1902 = CIRCLE( '', #2349, 1.50000000000000 );
#1903 = VERTEX_POINT( '', #2350 );
#1904 = LINE( '', #2351, #2352 );
#1905 = CIRCLE( '', #2353, 1.22950000000000 );
#1906 = VERTEX_POINT( '', #2354 );
#1907 = LINE( '', #2355, #2356 );
#1908 = VERTEX_POINT( '', #2357 );
#1909 = LINE( '', #2358, #2359 );
#1910 = CIRCLE( '', #2360, 1.22950000000000 );
#1911 = VERTEX_POINT( '', #2361 );
#1912 = LINE( '', #2362, #2363 );
#1913 = VERTEX_POINT( '', #2364 );
#1914 = LINE( '', #2365, #2366 );
#1915 = CIRCLE( '', #2367, 1.50000000000000 );
#1916 = VERTEX_POINT( '', #2368 );
#1917 = VERTEX_POINT( '', #2369 );
#1918 = LINE( '', #2370, #2371 );
#1919 = VERTEX_POINT( '', #2372 );
#1920 = CIRCLE( '', #2373, 1.50000000000000 );
#1921 = VERTEX_POINT( '', #2374 );
#1922 = LINE( '', #2375, #2376 );
#1923 = CIRCLE( '', #2377, 1.22950000000000 );
#1924 = VERTEX_POINT( '', #2378 );
#1925 = LINE( '', #2379, #2380 );
#1926 = VERTEX_POINT( '', #2381 );
#1927 = LINE( '', #2382, #2383 );
#1928 = CIRCLE( '', #2384, 1.22950000000000 );
#1929 = VERTEX_POINT( '', #2385 );
#1930 = LINE( '', #2386, #2387 );
#1931 = VERTEX_POINT( '', #2388 );
#1932 = LINE( '', #2389, #2390 );
#1933 = CIRCLE( '', #2391, 1.50000000000000 );
#1934 = VERTEX_POINT( '', #2392 );
#1935 = VERTEX_POINT( '', #2393 );
#1936 = LINE( '', #2394, #2395 );
#1937 = VERTEX_POINT( '', #2396 );
#1938 = B_SPLINE_CURVE_WITH_KNOTS( '', 3, ( #2397, #2398, #2399, #2400, #2401, #2402, #2403, #2404, #2405, #2406, #2407, #2408, #2409, #2410, #2411, #2412, #2413, #2414, #2415, #2416, #2417, #2418, #2419, #2420, #2421, #2422, #2423, #2424, #2425, #2426, #2427, #2428, #2429, #2430, #2431 ), .UNSPECIFIED., .F., .F., ( 4, 2, 2, 2, 2, 2, 2, 2, 3, 2, 2, 2, 2, 2, 2, 2, 4 ), ( 7.00735544298604, 7.29932856747433, 7.59130169196262, 7.88327481645091, 8.17524794093919, 8.46722110336641, 8.75919426579362, 9.05116742822084, 9.34314059064805, 9.63511375307527, 9.92708691550248, 10.2190600779297, 10.5110332403569, 10.8030063648452, 11.0949794893335, 11.3869526138218, 11.6789257383101 ), .UNSPECIFIED. );
#1939 = VERTEX_POINT( '', #2432 );
#1940 = B_SPLINE_CURVE_WITH_KNOTS( '', 3, ( #2433, #2434, #2435, #2436, #2437, #2438, #2439, #2440, #2441, #2442, #2443, #2444, #2445, #2446, #2447, #2448, #2449, #2450, #2451, #2452, #2453, #2454, #2455, #2456, #2457, #2458, #2459, #2460, #2461, #2462, #2463, #2464, #2465, #2466 ), .UNSPECIFIED., .F., .F., ( 4, 2, 2, 2, 2, 2, 2, 2, 2, 2, 2, 2, 2, 2, 2, 2, 4 ), ( 2.33578514766201, 2.62775827215030, 2.91973139663859, 3.21170452112688, 3.50367764561517, 3.79565080804238, 4.08762397046960, 4.37959713289681, 4.67157029532403, 4.96354345775124, 5.25551662017846, 5.54748978260567, 5.83946294503289, 6.13143606952118, 6.42340919400946, 6.71538231849775, 7.00735544298604 ), .UNSPECIFIED. );
#1941 = VERTEX_POINT( '', #2467 );
#1942 = LINE( '', #2468, #2469 );
#1943 = CIRCLE( '', #2470, 1.55000000000000 );
#1944 = LINE( '', #2471, #2472 );
#1945 = VERTEX_POINT( '', #2473 );
#1946 = CIRCLE( '', #2474, 35.0000000000000 );
#1947 = VERTEX_POINT( '', #2475 );
#1948 = LINE( '', #2476, #2477 );
#1949 = CIRCLE( '', #2478, 35.0000000000000 );
#1950 = VERTEX_POINT( '', #2479 );
#1951 = VERTEX_POINT( '', #2480 );
#1952 = B_SPLINE_CURVE_WITH_KNOTS( '', 3, ( #2481, #2482, #2483, #2484, #2485, #2486, #2487, #2488, #2489, #2490, #2491, #2492, #2493, #2494, #2495, #2496, #2497, #2498, #2499, #2500, #2501, #2502, #2503, #2504, #2505, #2506, #2507, #2508, #2509, #2510, #2511, #2512, #2513, #2514 ), .UNSPECIFIED., .F., .F., ( 4, 2, 2, 2, 2, 2, 2, 2, 2, 2, 2, 2, 2, 2, 2, 2, 4 ), ( 2.33578514766200, 2.62775827215029, 2.91973139663858, 3.21170452112687, 3.50367764561515, 3.79565080804237, 4.08762397046958, 4.37959713289679, 4.67157029532401, 4.96354345775122, 5.25551662017843, 5.54748978260565, 5.83946294503286, 6.13143606952115, 6.42340919400944, 6.71538231849772, 7.00735544298601 ), .UNSPECIFIED. );
#1953 = VERTEX_POINT( '', #2515 );
#1954 = B_SPLINE_CURVE_WITH_KNOTS( '', 3, ( #2516, #2517, #2518, #2519, #2520, #2521, #2522, #2523, #2524, #2525, #2526, #2527, #2528, #2529, #2530, #2531, #2532, #2533, #2534, #2535, #2536, #2537, #2538, #2539, #2540, #2541, #2542, #2543, #2544, #2545, #2546, #2547, #2548, #2549 ), .UNSPECIFIED., .F., .F., ( 4, 2, 2, 2, 2, 2, 2, 2, 2, 2, 2, 2, 2, 2, 2, 2, 4 ), ( 2.33578514766200, 2.62775827215029, 2.91973139663858, 3.21170452112687, 3.50367764561515, 3.79565080804237, 4.08762397046958, 4.37959713289679, 4.67157029532401, 4.96354345775122, 5.25551662017843, 5.54748978260565, 5.83946294503286, 6.13143606952115, 6.42340919400944, 6.71538231849772, 7.00735544298601 ), .UNSPECIFIED. );
#1955 = VERTEX_POINT( '', #2550 );
#1956 = B_SPLINE_CURVE_WITH_KNOTS( '', 3, ( #2551, #2552, #2553, #2554, #2555, #2556, #2557, #2558, #2559, #2560, #2561, #2562, #2563, #2564, #2565, #2566, #2567, #2568, #2569, #2570, #2571, #2572, #2573, #2574, #2575, #2576, #2577, #2578, #2579, #2580, #2581, #2582, #2583, #2584, #2585 ), .UNSPECIFIED., .F., .F., ( 4, 2, 2, 2, 2, 2, 2, 2, 3, 2, 2, 2, 2, 2, 2, 2, 4 ), ( 7.00735544298601, 7.29932856747430, 7.59130169196258, 7.88327481645087, 8.17524794093916, 8.46722110336637, 8.75919426579359, 9.05116742822080, 9.34314059064801, 9.63511375307523, 9.92708691550244, 10.2190600779297, 10.5110332403569, 10.8030063648452, 11.0949794893334, 11.3869526138217, 11.6789257383100 ), .UNSPECIFIED. );
#1957 = B_SPLINE_CURVE_WITH_KNOTS( '', 3, ( #2586, #2587, #2588, #2589, #2590, #2591, #2592, #2593, #2594, #2595, #2596, #2597, #2598, #2599, #2600, #2601, #2602, #2603, #2604, #2605, #2606, #2607, #2608, #2609, #2610, #2611, #2612, #2613, #2614, #2615, #2616, #2617, #2618, #2619, #2620 ), .UNSPECIFIED., .F., .F., ( 4, 2, 2, 2, 2, 2, 2, 2, 3, 2, 2, 2, 2, 2, 2, 2, 4 ), ( 7.00735544298601, 7.29932856747430, 7.59130169196258, 7.88327481645087, 8.17524794093916, 8.46722110336637, 8.75919426579359, 9.05116742822080, 9.34314059064801, 9.63511375307523, 9.92708691550244, 10.2190600779297, 10.5110332403569, 10.8030063648452, 11.0949794893334, 11.3869526138217, 11.6789257383100 ), .UNSPECIFIED. );
#1958 = VERTEX_POINT( '', #2621 );
#1959 = LINE( '', #2622, #2623 );
#1960 = VERTEX_POINT( '', #2624 );
#1961 = CIRCLE( '', #2625, 1.54999999999999 );
#1962 = LINE( '', #2626, #2627 );
#1963 = CIRCLE( '', #2628, 1.54999999999999 );
#1964 = CIRCLE( '', #2629, 35.0000000000000 );
#1965 = CIRCLE( '', #2630, 35.0000000000000 );
#1966 = VERTEX_POINT( '', #2631 );
#1967 = B_SPLINE_CURVE_WITH_KNOTS( '', 3, ( #2632, #2633, #2634, #2635, #2636, #2637, #2638, #2639, #2640, #2641, #2642, #2643, #2644, #2645, #2646, #2647, #2648, #2649, #2650, #2651, #2652, #2653, #2654, #2655, #2656, #2657, #2658, #2659, #2660, #2661, #2662, #2663, #2664, #2665 ), .UNSPECIFIED., .F., .F., ( 4, 2, 2, 2, 2, 2, 2, 2, 2, 2, 2, 2, 2, 2, 2, 2, 4 ), ( 2.33578514766201, 2.62775827215030, 2.91973139663859, 3.21170452112688, 3.50367764561517, 3.79565080804238, 4.08762397046960, 4.37959713289681, 4.67157029532403, 4.96354345775124, 5.25551662017846, 5.54748978260567, 5.83946294503289, 6.13143606952118, 6.42340919400946, 6.71538231849775, 7.00735544298604 ), .UNSPECIFIED. );
#1968 = B_SPLINE_CURVE_WITH_KNOTS( '', 3, ( #2666, #2667, #2668, #2669, #2670, #2671, #2672, #2673, #2674, #2675, #2676, #2677, #2678, #2679, #2680, #2681, #2682, #2683, #2684, #2685, #2686, #2687, #2688, #2689, #2690, #2691, #2692, #2693, #2694, #2695, #2696, #2697, #2698, #2699, #2700 ), .UNSPECIFIED., .F., .F., ( 4, 2, 2, 2, 2, 2, 2, 2, 3, 2, 2, 2, 2, 2, 2, 2, 4 ), ( 7.00735544298604, 7.29932856747433, 7.59130169196262, 7.88327481645091, 8.17524794093919, 8.46722110336641, 8.75919426579362, 9.05116742822084, 9.34314059064805, 9.63511375307527, 9.92708691550248, 10.2190600779297, 10.5110332403569, 10.8030063648452, 11.0949794893335, 11.3869526138218, 11.6789257383101 ), .UNSPECIFIED. );
#1969 = CIRCLE( '', #2701, 1.55000000000000 );
#1970 = CIRCLE( '', #2702, 1.50000000000000 );
#1971 = CIRCLE( '', #2703, 1.22950000000000 );
#1972 = CIRCLE( '', #2704, 1.22950000000000 );
#1973 = CIRCLE( '', #2705, 1.50000000000000 );
#1974 = CIRCLE( '', #2706, 1.50000000000000 );
#1975 = CIRCLE( '', #2707, 1.22950000000000 );
#1976 = CIRCLE( '', #2708, 1.22950000000000 );
#1977 = CIRCLE( '', #2709, 1.50000000000000 );
#1978 = CIRCLE( '', #2710, 1.50000000000000 );
#1979 = CIRCLE( '', #2711, 1.22950000000000 );
#1980 = CIRCLE( '', #2712, 1.22950000000000 );
#1981 = CIRCLE( '', #2713, 1.50000000000000 );
#1982 = CIRCLE( '', #2714, 1.50000000000000 );
#1983 = CIRCLE( '', #2715, 1.22950000000000 );
#1984 = CIRCLE( '', #2716, 1.22950000000000 );
#1985 = CIRCLE( '', #2717, 1.50000000000000 );
#1986 = CIRCLE( '', #2718, 1.50000000000000 );
#1987 = CIRCLE( '', #2719, 1.22950000000000 );
#1988 = CIRCLE( '', #2720, 1.22950000000000 );
#1989 = CIRCLE( '', #2721, 1.50000000000000 );
#1990 = CIRCLE( '', #2722, 1.50000000000000 );
#1991 = CIRCLE( '', #2723, 1.22950000000000 );
#1992 = CIRCLE( '', #2724, 1.22950000000000 );
#1993 = CIRCLE( '', #2725, 1.50000000000000 );
#1994 = CIRCLE( '', #2726, 3.25000000000000 );
#1995 = CIRCLE( '', #2727, 3.25000000000000 );
#1996 = CIRCLE( '', #2728, 1.70000000000000 );
#1997 = CIRCLE( '', #2729, 1.70000000000000 );
#1998 = CIRCLE( '', #2730, 3.25000000000000 );
#1999 = CIRCLE( '', #2731, 3.25000000000000 );
#2000 = CIRCLE( '', #2732, 1.70000000000000 );
#2001 = CIRCLE( '', #2733, 1.70000000000000 );
#2002 = CIRCLE( '', #2734, 3.25000000000000 );
#2003 = CIRCLE( '', #2735, 3.25000000000000 );
#2004 = CIRCLE( '', #2736, 1.70000000000000 );
#2005 = CIRCLE( '', #2737, 1.70000000000000 );
#2006 = CIRCLE( '', #2738, 3.25000000000000 );
#2007 = CIRCLE( '', #2739, 3.25000000000000 );
#2008 = CIRCLE( '', #2740, 1.70000000000000 );
#2009 = CIRCLE( '', #2741, 1.70000000000000 );
#2010 = CIRCLE( '', #2742, 3.25000000000000 );
#2011 = CIRCLE( '', #2743, 3.25000000000000 );
#2012 = CIRCLE( '', #2744, 1.70000000000000 );
#2013 = CIRCLE( '', #2745, 1.70000000000000 );
#2014 = CIRCLE( '', #2746, 3.25000000000000 );
#2015 = CIRCLE( '', #2747, 3.25000000000000 );
#2016 = CIRCLE( '', #2748, 1.70000000000000 );
#2017 = CIRCLE( '', #2749, 1.70000000000000 );
#2018 = CIRCLE( '', #2750, 22.4166666666667 );
#2019 = CIRCLE( '', #2751, 22.4166666666667 );
#2020 = CIRCLE( '', #2752, 20.7500000000000 );
#2021 = CIRCLE( '', #2753, 20.7500000000000 );
#2022 = CIRCLE( '', #2754, 10.6000000000000 );
#2023 = CIRCLE( '', #2755, 10.0000000000000 );
#2024 = CIRCLE( '', #2756, 10.0000000000000 );
#2025 = CIRCLE( '', #2757, 10.6000000000000 );
#2026 = CIRCLE( '', #2758, 20.7500000000000 );
#2027 = CIRCLE( '', #2759, 20.7500000000000 );
#2028 = CIRCLE( '', #2760, 22.4166666666667 );
#2029 = CIRCLE( '', #2761, 22.4166666666667 );
#2030 = CIRCLE( '', #2762, 34.4000000000000 );
#2031 = CIRCLE( '', #2763, 34.4000000000000 );
#2032 = CARTESIAN_POINT( '', ( 0.599999999999998, -4.28612223837832E-015, 35.0000000000000 ) );
#2033 = CARTESIAN_POINT( '', ( 0.000000000000000, -4.21264585714898E-015, 34.4000000000000 ) );
#2034 = AXIS2_PLACEMENT_3D( '', #2764, #2765, #2766 );
#2035 = CARTESIAN_POINT( '', ( 0.599999999999998, 35.0000000000000, -8.57224447675664E-015 ) );
#2036 = AXIS2_PLACEMENT_3D( '', #2767, #2768, #2769 );
#2037 = CARTESIAN_POINT( '', ( 0.599999999999998, 4.28612223837832E-015, -35.0000000000000 ) );
#2038 = AXIS2_PLACEMENT_3D( '', #2770, #2771, #2772 );
#2039 = CARTESIAN_POINT( '', ( 0.000000000000000, 4.21264585714898E-015, -34.4000000000000 ) );
#2040 = AXIS2_PLACEMENT_3D( '', #2773, #2774, #2775 );
#2041 = CARTESIAN_POINT( '', ( 0.000000000000000, 34.4000000000000, -8.42529171429795E-015 ) );
#2042 = AXIS2_PLACEMENT_3D( '', #2776, #2777, #2778 );
#2043 = AXIS2_PLACEMENT_3D( '', #2779, #2780, #2781 );
#2044 = CARTESIAN_POINT( '', ( 12.0000000000000, -4.21264585714898E-015, 34.4000000000000 ) );
#2045 = CARTESIAN_POINT( '', ( 11.4000000000000, -4.28612223837832E-015, 35.0000000000000 ) );
#2046 = AXIS2_PLACEMENT_3D( '', #2782, #2783, #2784 );
#2047 = CARTESIAN_POINT( '', ( 12.0000000000000, 34.4000000000000, -8.42529171429795E-015 ) );
#2048 = AXIS2_PLACEMENT_3D( '', #2785, #2786, #2787 );
#2049 = CARTESIAN_POINT( '', ( 12.0000000000000, 4.21264585714898E-015, -34.4000000000000 ) );
#2050 = AXIS2_PLACEMENT_3D( '', #2788, #2789, #2790 );
#2051 = CARTESIAN_POINT( '', ( 11.4000000000000, 4.28612223837832E-015, -35.0000000000000 ) );
#2052 = AXIS2_PLACEMENT_3D( '', #2791, #2792, #2793 );
#2053 = CARTESIAN_POINT( '', ( 11.4000000000000, 35.0000000000000, -8.57224447675664E-015 ) );
#2054 = AXIS2_PLACEMENT_3D( '', #2794, #2795, #2796 );
#2055 = AXIS2_PLACEMENT_3D( '', #2797, #2798, #2799 );
#2056 = CARTESIAN_POINT( '', ( 12.0000000000000, 22.4166666666667, -5.49031848630366E-015 ) );
#2057 = CARTESIAN_POINT( '', ( 11.4000000000000, 22.4166666666667, -5.49031848630366E-015 ) );
#2058 = CARTESIAN_POINT( '', ( 11.7000000000000, 22.4166666666667, -2.74515924315183E-015 ) );
#2059 = VECTOR( '', #2800, 1.00000000000000 );
#2060 = CARTESIAN_POINT( '', ( 12.0000000000000, -22.4166666666667, 2.74515924315183E-015 ) );
#2061 = AXIS2_PLACEMENT_3D( '', #2801, #2802, #2803 );
#2062 = CARTESIAN_POINT( '', ( 11.4000000000000, -22.4166666666667, 2.74515924315183E-015 ) );
#2063 = CARTESIAN_POINT( '', ( 11.7000000000000, -22.4166666666667, 2.74515924315183E-015 ) );
#2064 = VECTOR( '', #2804, 1.00000000000000 );
#2065 = AXIS2_PLACEMENT_3D( '', #2805, #2806, #2807 );
#2066 = CARTESIAN_POINT( '', ( 12.0000000000000, 20.7500000000000, -5.08211636836287E-015 ) );
#2067 = CARTESIAN_POINT( '', ( 11.4000000000000, 20.7500000000000, -5.08211636836287E-015 ) );
#2068 = CARTESIAN_POINT( '', ( 11.7000000000000, 20.7500000000000, -2.54105818418143E-015 ) );
#2069 = VECTOR( '', #2808, 1.00000000000000 );
#2070 = CARTESIAN_POINT( '', ( 12.0000000000000, -20.7500000000000, 2.54105818418143E-015 ) );
#2071 = AXIS2_PLACEMENT_3D( '', #2809, #2810, #2811 );
#2072 = CARTESIAN_POINT( '', ( 11.4000000000000, -20.7500000000000, 2.54105818418143E-015 ) );
#2073 = CARTESIAN_POINT( '', ( 11.7000000000000, -20.7500000000000, 2.54105818418143E-015 ) );
#2074 = VECTOR( '', #2812, 1.00000000000000 );
#2075 = AXIS2_PLACEMENT_3D( '', #2813, #2814, #2815 );
#2076 = CARTESIAN_POINT( '', ( 11.4000000000000, -1.22460635382238E-015, 10.0000000000000 ) );
#2077 = CARTESIAN_POINT( '', ( 12.0000000000000, -1.29808273505172E-015, 10.6000000000000 ) );
#2078 = AXIS2_PLACEMENT_3D( '', #2816, #2817, #2818 );
#2079 = CARTESIAN_POINT( '', ( 11.4000000000000, 10.0000000000000, -2.44921270764475E-015 ) );
#2080 = AXIS2_PLACEMENT_3D( '', #2819, #2820, #2821 );
#2081 = CARTESIAN_POINT( '', ( 11.4000000000000, 1.22460635382238E-015, -10.0000000000000 ) );
#2082 = AXIS2_PLACEMENT_3D( '', #2822, #2823, #2824 );
#2083 = CARTESIAN_POINT( '', ( 12.0000000000000, 1.29808273505172E-015, -10.6000000000000 ) );
#2084 = AXIS2_PLACEMENT_3D( '', #2825, #2826, #2827 );
#2085 = CARTESIAN_POINT( '', ( 12.0000000000000, 10.6000000000000, -2.59616547010344E-015 ) );
#2086 = AXIS2_PLACEMENT_3D( '', #2828, #2829, #2830 );
#2087 = AXIS2_PLACEMENT_3D( '', #2831, #2832, #2833 );
#2088 = CARTESIAN_POINT( '', ( 0.600000000000000, 10.0000000000000, -2.44921270764475E-015 ) );
#2089 = CARTESIAN_POINT( '', ( 6.00000000000000, 10.0000000000000, -1.22460635382238E-015 ) );
#2090 = VECTOR( '', #2834, 1.00000000000000 );
#2091 = CARTESIAN_POINT( '', ( 11.4000000000000, -10.0000000000000, 1.22460635382238E-015 ) );
#2092 = AXIS2_PLACEMENT_3D( '', #2835, #2836, #2837 );
#2093 = CARTESIAN_POINT( '', ( 0.600000000000000, -10.0000000000000, 1.22460635382238E-015 ) );
#2094 = CARTESIAN_POINT( '', ( 6.00000000000000, -10.0000000000000, 1.22460635382238E-015 ) );
#2095 = VECTOR( '', #2838, 1.00000000000000 );
#2096 = CARTESIAN_POINT( '', ( 0.600000000000000, -1.22460635382238E-015, 10.0000000000000 ) );
#2097 = AXIS2_PLACEMENT_3D( '', #2839, #2840, #2841 );
#2098 = AXIS2_PLACEMENT_3D( '', #2842, #2843, #2844 );
#2099 = CARTESIAN_POINT( '', ( 0.000000000000000, -1.29808273505172E-015, 10.6000000000000 ) );
#2100 = AXIS2_PLACEMENT_3D( '', #2845, #2846, #2847 );
#2101 = CARTESIAN_POINT( '', ( 0.000000000000000, 10.6000000000000, -2.59616547010344E-015 ) );
#2102 = AXIS2_PLACEMENT_3D( '', #2848, #2849, #2850 );
#2103 = CARTESIAN_POINT( '', ( 0.000000000000000, 1.29808273505172E-015, -10.6000000000000 ) );
#2104 = AXIS2_PLACEMENT_3D( '', #2851, #2852, #2853 );
#2105 = CARTESIAN_POINT( '', ( 0.600000000000000, 1.22460635382238E-015, -10.0000000000000 ) );
#2106 = AXIS2_PLACEMENT_3D( '', #2854, #2855, #2856 );
#2107 = AXIS2_PLACEMENT_3D( '', #2857, #2858, #2859 );
#2108 = CARTESIAN_POINT( '', ( 0.600000000000000, 20.7500000000000, -5.08211636836287E-015 ) );
#2109 = CARTESIAN_POINT( '', ( 0.000000000000000, 20.7500000000000, -5.08211636836287E-015 ) );
#2110 = CARTESIAN_POINT( '', ( 0.300000000000000, 20.7500000000000, -2.54105818418143E-015 ) );
#2111 = VECTOR( '', #2860, 1.00000000000000 );
#2112 = CARTESIAN_POINT( '', ( 0.600000000000000, -20.7500000000000, 2.54105818418143E-015 ) );
#2113 = AXIS2_PLACEMENT_3D( '', #2861, #2862, #2863 );
#2114 = CARTESIAN_POINT( '', ( 0.000000000000000, -20.7500000000000, 2.54105818418143E-015 ) );
#2115 = CARTESIAN_POINT( '', ( 0.300000000000000, -20.7500000000000, 2.54105818418143E-015 ) );
#2116 = VECTOR( '', #2864, 1.00000000000000 );
#2117 = AXIS2_PLACEMENT_3D( '', #2865, #2866, #2867 );
#2118 = CARTESIAN_POINT( '', ( 0.600000000000000, 22.4166666666667, -5.49031848630366E-015 ) );
#2119 = CARTESIAN_POINT( '', ( 0.000000000000000, 22.4166666666667, -5.49031848630366E-015 ) );
#2120 = CARTESIAN_POINT( '', ( 0.300000000000000, 22.4166666666667, -2.74515924315183E-015 ) );
#2121 = VECTOR( '', #2868, 1.00000000000000 );
#2122 = CARTESIAN_POINT( '', ( 0.600000000000000, -22.4166666666667, 2.74515924315183E-015 ) );
#2123 = AXIS2_PLACEMENT_3D( '', #2869, #2870, #2871 );
#2124 = CARTESIAN_POINT( '', ( 0.000000000000000, -22.4166666666667, 2.74515924315183E-015 ) );
#2125 = CARTESIAN_POINT( '', ( 0.300000000000000, -22.4166666666667, 2.74515924315183E-015 ) );
#2126 = VECTOR( '', #2872, 1.00000000000000 );
#2127 = AXIS2_PLACEMENT_3D( '', #2873, #2874, #2875 );
#2128 = CARTESIAN_POINT( '', ( 0.000000000000000, 30.2000000000000, -4.16366160299609E-016 ) );
#2129 = CARTESIAN_POINT( '', ( 8.70000000000000, 30.2000000000000, -4.16366160299609E-016 ) );
#2130 = CARTESIAN_POINT( '', ( 4.35000000000000, 30.2000000000000, -2.08183080149791E-016 ) );
#2131 = VECTOR( '', #2876, 1.00000000000000 );
#2132 = CARTESIAN_POINT( '', ( 0.000000000000000, 26.8000000000000, 2.08183080149791E-016 ) );
#2133 = AXIS2_PLACEMENT_3D( '', #2877, #2878, #2879 );
#2134 = CARTESIAN_POINT( '', ( 8.70000000000000, 26.8000000000000, 2.08183080149791E-016 ) );
#2135 = CARTESIAN_POINT( '', ( 4.35000000000000, 26.8000000000000, 2.08183080149791E-016 ) );
#2136 = VECTOR( '', #2880, 1.00000000000000 );
#2137 = AXIS2_PLACEMENT_3D( '', #2881, #2882, #2883 );
#2138 = CARTESIAN_POINT( '', ( 8.70000000000000, 31.7500000000000, -7.95994129984545E-016 ) );
#2139 = CARTESIAN_POINT( '', ( 12.0000000000000, 31.7500000000000, -7.95994129984545E-016 ) );
#2140 = CARTESIAN_POINT( '', ( 10.3500000000000, 31.7500000000000, -3.97997064992247E-016 ) );
#2141 = VECTOR( '', #2884, 1.00000000000000 );
#2142 = CARTESIAN_POINT( '', ( 8.70000000000000, 25.2500000000000, 3.97997064992247E-016 ) );
#2143 = AXIS2_PLACEMENT_3D( '', #2885, #2886, #2887 );
#2144 = CARTESIAN_POINT( '', ( 12.0000000000000, 25.2500000000000, 3.97997064992247E-016 ) );
#2145 = CARTESIAN_POINT( '', ( 10.3500000000000, 25.2500000000000, 3.97997064992247E-016 ) );
#2146 = VECTOR( '', #2888, 1.00000000000000 );
#2147 = AXIS2_PLACEMENT_3D( '', #2889, #2890, #2891 );
#2148 = CARTESIAN_POINT( '', ( 0.000000000000000, 15.9500000000000, -24.6817240078565 ) );
#2149 = CARTESIAN_POINT( '', ( 8.70000000000000, 15.9500000000000, -24.6817240078565 ) );
#2150 = CARTESIAN_POINT( '', ( 4.35000000000000, 15.9500000000000, -24.6817240078565 ) );
#2151 = VECTOR( '', #2892, 1.00000000000000 );
#2152 = CARTESIAN_POINT( '', ( 0.000000000000000, 12.5500000000000, -24.6817240078565 ) );
#2153 = AXIS2_PLACEMENT_3D( '', #2893, #2894, #2895 );
#2154 = CARTESIAN_POINT( '', ( 8.70000000000000, 12.5500000000000, -24.6817240078565 ) );
#2155 = CARTESIAN_POINT( '', ( 4.35000000000000, 12.5500000000000, -24.6817240078565 ) );
#2156 = VECTOR( '', #2896, 1.00000000000000 );
#2157 = AXIS2_PLACEMENT_3D( '', #2897, #2898, #2899 );
#2158 = CARTESIAN_POINT( '', ( 8.70000000000000, 17.5000000000000, -24.6817240078565 ) );
#2159 = CARTESIAN_POINT( '', ( 12.0000000000000, 17.5000000000000, -24.6817240078565 ) );
#2160 = CARTESIAN_POINT( '', ( 10.3500000000000, 17.5000000000000, -24.6817240078565 ) );
#2161 = VECTOR( '', #2900, 1.00000000000000 );
#2162 = CARTESIAN_POINT( '', ( 8.70000000000000, 11.0000000000000, -24.6817240078565 ) );
#2163 = AXIS2_PLACEMENT_3D( '', #2901, #2902, #2903 );
#2164 = CARTESIAN_POINT( '', ( 12.0000000000000, 11.0000000000000, -24.6817240078565 ) );
#2165 = CARTESIAN_POINT( '', ( 10.3500000000000, 11.0000000000000, -24.6817240078565 ) );
#2166 = VECTOR( '', #2904, 1.00000000000000 );
#2167 = AXIS2_PLACEMENT_3D( '', #2905, #2906, #2907 );
#2168 = CARTESIAN_POINT( '', ( 0.000000000000000, -12.5500000000000, -24.6817240078565 ) );
#2169 = CARTESIAN_POINT( '', ( 8.70000000000000, -12.5500000000000, -24.6817240078565 ) );
#2170 = CARTESIAN_POINT( '', ( 4.35000000000000, -12.5500000000000, -24.6817240078565 ) );
#2171 = VECTOR( '', #2908, 1.00000000000000 );
#2172 = CARTESIAN_POINT( '', ( 0.000000000000000, -15.9500000000000, -24.6817240078565 ) );
#2173 = AXIS2_PLACEMENT_3D( '', #2909, #2910, #2911 );
#2174 = CARTESIAN_POINT( '', ( 8.70000000000000, -15.9500000000000, -24.6817240078565 ) );
#2175 = CARTESIAN_POINT( '', ( 4.35000000000000, -15.9500000000000, -24.6817240078565 ) );
#2176 = VECTOR( '', #2912, 1.00000000000000 );
#2177 = AXIS2_PLACEMENT_3D( '', #2913, #2914, #2915 );
#2178 = CARTESIAN_POINT( '', ( 8.70000000000000, -11.0000000000000, -24.6817240078565 ) );
#2179 = CARTESIAN_POINT( '', ( 12.0000000000000, -11.0000000000000, -24.6817240078565 ) );
#2180 = CARTESIAN_POINT( '', ( 10.3500000000000, -11.0000000000000, -24.6817240078565 ) );
#2181 = VECTOR( '', #2916, 1.00000000000000 );
#2182 = CARTESIAN_POINT( '', ( 8.70000000000000, -17.5000000000000, -24.6817240078565 ) );
#2183 = AXIS2_PLACEMENT_3D( '', #2917, #2918, #2919 );
#2184 = CARTESIAN_POINT( '', ( 12.0000000000000, -17.5000000000000, -24.6817240078565 ) );
#2185 = CARTESIAN_POINT( '', ( 10.3500000000000, -17.5000000000000, -24.6817240078565 ) );
#2186 = VECTOR( '', #2920, 1.00000000000000 );
#2187 = AXIS2_PLACEMENT_3D( '', #2921, #2922, #2923 );
#2188 = CARTESIAN_POINT( '', ( 0.000000000000000, -26.8000000000000, 1.20181317155021E-014 ) );
#2189 = CARTESIAN_POINT( '', ( 8.70000000000000, -26.8000000000000, 1.20181317155021E-014 ) );
#2190 = CARTESIAN_POINT( '', ( 4.35000000000000, -26.8000000000000, 1.22263147956525E-014 ) );
#2191 = VECTOR( '', #2924, 1.00000000000000 );
#2192 = CARTESIAN_POINT( '', ( 0.000000000000000, -30.2000000000000, 1.26426809559510E-014 ) );
#2193 = AXIS2_PLACEMENT_3D( '', #2925, #2926, #2927 );
#2194 = CARTESIAN_POINT( '', ( 8.70000000000000, -30.2000000000000, 1.26426809559510E-014 ) );
#2195 = CARTESIAN_POINT( '', ( 4.35000000000000, -30.2000000000000, 1.26426809559510E-014 ) );
#2196 = VECTOR( '', #2928, 1.00000000000000 );
#2197 = AXIS2_PLACEMENT_3D( '', #2929, #2930, #2931 );
#2198 = CARTESIAN_POINT( '', ( 8.70000000000000, -25.2500000000000, 1.16385037458172E-014 ) );
#2199 = CARTESIAN_POINT( '', ( 12.0000000000000, -25.2500000000000, 1.16385037458172E-014 ) );
#2200 = CARTESIAN_POINT( '', ( 10.3500000000000, -25.2500000000000, 1.20365008108105E-014 ) );
#2201 = VECTOR( '', #2932, 1.00000000000000 );
#2202 = CARTESIAN_POINT( '', ( 8.70000000000000, -31.7500000000000, 1.28324949407930E-014 ) );
#2203 = AXIS2_PLACEMENT_3D( '', #2933, #2934, #2935 );
#2204 = CARTESIAN_POINT( '', ( 12.0000000000000, -31.7500000000000, 1.28324949407930E-014 ) );
#2205 = CARTESIAN_POINT( '', ( 10.3500000000000, -31.7500000000000, 1.28324949407930E-014 ) );
#2206 = VECTOR( '', #2936, 1.00000000000000 );
#2207 = AXIS2_PLACEMENT_3D( '', #2937, #2938, #2939 );
#2208 = CARTESIAN_POINT( '', ( 0.000000000000000, -12.5500000000000, 24.6817240078565 ) );
#2209 = CARTESIAN_POINT( '', ( 8.70000000000000, -12.5500000000000, 24.6817240078565 ) );
#2210 = CARTESIAN_POINT( '', ( 4.35000000000000, -12.5500000000000, 24.6817240078565 ) );
#2211 = VECTOR( '', #2940, 1.00000000000000 );
#2212 = CARTESIAN_POINT( '', ( 0.000000000000000, -15.9500000000000, 24.6817240078565 ) );
#2213 = AXIS2_PLACEMENT_3D( '', #2941, #2942, #2943 );
#2214 = CARTESIAN_POINT( '', ( 8.70000000000000, -15.9500000000000, 24.6817240078565 ) );
#2215 = CARTESIAN_POINT( '', ( 4.35000000000000, -15.9500000000000, 24.6817240078565 ) );
#2216 = VECTOR( '', #2944, 1.00000000000000 );
#2217 = AXIS2_PLACEMENT_3D( '', #2945, #2946, #2947 );
#2218 = CARTESIAN_POINT( '', ( 8.70000000000000, -11.0000000000000, 24.6817240078565 ) );
#2219 = CARTESIAN_POINT( '', ( 12.0000000000000, -11.0000000000000, 24.6817240078565 ) );
#2220 = CARTESIAN_POINT( '', ( 10.3500000000000, -11.0000000000000, 24.6817240078565 ) );
#2221 = VECTOR( '', #2948, 1.00000000000000 );
#2222 = CARTESIAN_POINT( '', ( 8.70000000000000, -17.5000000000000, 24.6817240078565 ) );
#2223 = AXIS2_PLACEMENT_3D( '', #2949, #2950, #2951 );
#2224 = CARTESIAN_POINT( '', ( 12.0000000000000, -17.5000000000000, 24.6817240078565 ) );
#2225 = CARTESIAN_POINT( '', ( 10.3500000000000, -17.5000000000000, 24.6817240078565 ) );
#2226 = VECTOR( '', #2952, 1.00000000000000 );
#2227 = AXIS2_PLACEMENT_3D( '', #2953, #2954, #2955 );
#2228 = CARTESIAN_POINT( '', ( 0.000000000000000, 15.9500000000000, 24.6817240078565 ) );
#2229 = CARTESIAN_POINT( '', ( 8.70000000000000, 15.9500000000000, 24.6817240078565 ) );
#2230 = CARTESIAN_POINT( '', ( 4.35000000000000, 15.9500000000000, 24.6817240078565 ) );
#2231 = VECTOR( '', #2956, 1.00000000000000 );
#2232 = CARTESIAN_POINT( '', ( 0.000000000000000, 12.5500000000000, 24.6817240078565 ) );
#2233 = AXIS2_PLACEMENT_3D( '', #2957, #2958, #2959 );
#2234 = CARTESIAN_POINT( '', ( 8.70000000000000, 12.5500000000000, 24.6817240078565 ) );
#2235 = CARTESIAN_POINT( '', ( 4.35000000000000, 12.5500000000000, 24.6817240078565 ) );
#2236 = VECTOR( '', #2960, 1.00000000000000 );
#2237 = AXIS2_PLACEMENT_3D( '', #2961, #2962, #2963 );
#2238 = CARTESIAN_POINT( '', ( 8.70000000000000, 17.5000000000000, 24.6817240078565 ) );
#2239 = CARTESIAN_POINT( '', ( 12.0000000000000, 17.5000000000000, 24.6817240078565 ) );
#2240 = CARTESIAN_POINT( '', ( 10.3500000000000, 17.5000000000000, 24.6817240078565 ) );
#2241 = VECTOR( '', #2964, 1.00000000000000 );
#2242 = CARTESIAN_POINT( '', ( 8.70000000000000, 11.0000000000000, 24.6817240078565 ) );
#2243 = AXIS2_PLACEMENT_3D( '', #2965, #2966, #2967 );
#2244 = CARTESIAN_POINT( '', ( 12.0000000000000, 11.0000000000000, 24.6817240078565 ) );
#2245 = CARTESIAN_POINT( '', ( 10.3500000000000, 11.0000000000000, 24.6817240078565 ) );
#2246 = VECTOR( '', #2968, 1.00000000000000 );
#2247 = AXIS2_PLACEMENT_3D( '', #2969, #2970, #2971 );
#2248 = CARTESIAN_POINT( '', ( 0.000000000000000, 15.5000000000000, -3.67381906146713E-016 ) );
#2249 = CARTESIAN_POINT( '', ( 0.270500000000000, 15.2295000000000, -3.01130702404922E-016 ) );
#2250 = CARTESIAN_POINT( '', ( 0.135250000000000, 15.3647500000000, -1.67128152138012E-016 ) );
#2251 = VECTOR( '', #2972, 1.00000000000000 );
#2252 = CARTESIAN_POINT( '', ( 0.000000000000000, 12.5000000000000, 1.83690953073470E-016 ) );
#2253 = AXIS2_PLACEMENT_3D( '', #2973, #2974, #2975 );
#2254 = CARTESIAN_POINT( '', ( 0.270500000000000, 12.7705000000000, 1.50565351202554E-016 ) );
#2255 = CARTESIAN_POINT( '', ( 0.135250000000000, 12.6352500000000, 1.67128152138012E-016 ) );
#2256 = VECTOR( '', #2976, 1.00000000000000 );
#2257 = AXIS2_PLACEMENT_3D( '', #2977, #2978, #2979 );
#2258 = CARTESIAN_POINT( '', ( 11.7295000000000, 15.2295000000000, -3.01130702404922E-016 ) );
#2259 = CARTESIAN_POINT( '', ( 6.00000000000000, 15.2295000000000, -1.50565351202554E-016 ) );
#2260 = VECTOR( '', #2980, 1.00000000000000 );
#2261 = CARTESIAN_POINT( '', ( 11.7295000000000, 12.7705000000000, 1.50565351202554E-016 ) );
#2262 = CARTESIAN_POINT( '', ( 6.00000000000000, 12.7705000000000, 1.50565351202554E-016 ) );
#2263 = VECTOR( '', #2981, 1.00000000000000 );
#2264 = AXIS2_PLACEMENT_3D( '', #2982, #2983, #2984 );
#2265 = CARTESIAN_POINT( '', ( 12.0000000000000, 15.5000000000000, -3.67381906146713E-016 ) );
#2266 = CARTESIAN_POINT( '', ( 11.8647500000000, 15.3647500000000, -1.67128152138012E-016 ) );
#2267 = VECTOR( '', #2985, 1.00000000000000 );
#2268 = CARTESIAN_POINT( '', ( 12.0000000000000, 12.5000000000000, 1.83690953073470E-016 ) );
#2269 = CARTESIAN_POINT( '', ( 11.8647500000000, 12.6352500000000, 1.67128152138012E-016 ) );
#2270 = VECTOR( '', #2986, 1.00000000000000 );
#2271 = AXIS2_PLACEMENT_3D( '', #2987, #2988, #2989 );
#2272 = CARTESIAN_POINT( '', ( 0.000000000000000, 8.49999999999999, -12.1243556529821 ) );
#2273 = CARTESIAN_POINT( '', ( 0.270500000000000, 8.22949999999999, -12.1243556529821 ) );
#2274 = CARTESIAN_POINT( '', ( 0.135250000000000, 8.36474999999999, -12.1243556529821 ) );
#2275 = VECTOR( '', #2990, 1.00000000000000 );
#2276 = CARTESIAN_POINT( '', ( 0.000000000000000, 5.50000000000000, -12.1243556529821 ) );
#2277 = AXIS2_PLACEMENT_3D( '', #2991, #2992, #2993 );
#2278 = CARTESIAN_POINT( '', ( 0.270500000000000, 5.77049999999999, -12.1243556529821 ) );
#2279 = CARTESIAN_POINT( '', ( 0.135250000000000, 5.63525000000000, -12.1243556529821 ) );
#2280 = VECTOR( '', #2994, 1.00000000000000 );
#2281 = AXIS2_PLACEMENT_3D( '', #2995, #2996, #2997 );
#2282 = CARTESIAN_POINT( '', ( 11.7295000000000, 8.22949999999999, -12.1243556529821 ) );
#2283 = CARTESIAN_POINT( '', ( 6.00000000000000, 8.22949999999999, -12.1243556529821 ) );
#2284 = VECTOR( '', #2998, 1.00000000000000 );
#2285 = CARTESIAN_POINT( '', ( 11.7295000000000, 5.77049999999999, -12.1243556529821 ) );
#2286 = CARTESIAN_POINT( '', ( 6.00000000000000, 5.77049999999999, -12.1243556529821 ) );
#2287 = VECTOR( '', #2999, 1.00000000000000 );
#2288 = AXIS2_PLACEMENT_3D( '', #3000, #3001, #3002 );
#2289 = CARTESIAN_POINT( '', ( 12.0000000000000, 8.49999999999999, -12.1243556529821 ) );
#2290 = CARTESIAN_POINT( '', ( 11.8647500000000, 8.36474999999999, -12.1243556529821 ) );
#2291 = VECTOR( '', #3003, 1.00000000000000 );
#2292 = CARTESIAN_POINT( '', ( 12.0000000000000, 5.50000000000000, -12.1243556529821 ) );
#2293 = CARTESIAN_POINT( '', ( 11.8647500000000, 5.63525000000000, -12.1243556529821 ) );
#2294 = VECTOR( '', #3004, 1.00000000000000 );
#2295 = AXIS2_PLACEMENT_3D( '', #3005, #3006, #3007 );
#2296 = CARTESIAN_POINT( '', ( 0.000000000000000, -5.50000000000001, -12.1243556529821 ) );
#2297 = CARTESIAN_POINT( '', ( 0.270500000000000, -5.77050000000001, -12.1243556529821 ) );
#2298 = CARTESIAN_POINT( '', ( 0.135250000000000, -5.63525000000001, -12.1243556529821 ) );
#2299 = VECTOR( '', #3008, 1.00000000000000 );
#2300 = CARTESIAN_POINT( '', ( 0.000000000000000, -8.50000000000001, -12.1243556529821 ) );
#2301 = AXIS2_PLACEMENT_3D( '', #3009, #3010, #3011 );
#2302 = CARTESIAN_POINT( '', ( 0.270500000000000, -8.22950000000001, -12.1243556529821 ) );
#2303 = CARTESIAN_POINT( '', ( 0.135250000000000, -8.36475000000001, -12.1243556529821 ) );
#2304 = VECTOR( '', #3012, 1.00000000000000 );
#2305 = AXIS2_PLACEMENT_3D( '', #3013, #3014, #3015 );
#2306 = CARTESIAN_POINT( '', ( 11.7295000000000, -5.77050000000001, -12.1243556529821 ) );
#2307 = CARTESIAN_POINT( '', ( 6.00000000000000, -5.77050000000001, -12.1243556529821 ) );
#2308 = VECTOR( '', #3016, 1.00000000000000 );
#2309 = CARTESIAN_POINT( '', ( 11.7295000000000, -8.22950000000001, -12.1243556529821 ) );
#2310 = CARTESIAN_POINT( '', ( 6.00000000000000, -8.22950000000001, -12.1243556529821 ) );
#2311 = VECTOR( '', #3017, 1.00000000000000 );
#2312 = AXIS2_PLACEMENT_3D( '', #3018, #3019, #3020 );
#2313 = CARTESIAN_POINT( '', ( 12.0000000000000, -5.50000000000001, -12.1243556529821 ) );
#2314 = CARTESIAN_POINT( '', ( 11.8647500000000, -5.63525000000001, -12.1243556529821 ) );
#2315 = VECTOR( '', #3021, 1.00000000000000 );
#2316 = CARTESIAN_POINT( '', ( 12.0000000000000, -8.50000000000001, -12.1243556529821 ) );
#2317 = CARTESIAN_POINT( '', ( 11.8647500000000, -8.36475000000001, -12.1243556529821 ) );
#2318 = VECTOR( '', #3022, 1.00000000000000 );
#2319 = AXIS2_PLACEMENT_3D( '', #3023, #3024, #3025 );
#2320 = CARTESIAN_POINT( '', ( 0.000000000000000, -12.5000000000000, 4.07351019235391E-015 ) );
#2321 = CARTESIAN_POINT( '', ( 0.270500000000000, -12.7705000000000, 4.13976139609570E-015 ) );
#2322 = CARTESIAN_POINT( '', ( 0.135250000000000, -12.6352500000000, 4.27376394636264E-015 ) );
#2323 = VECTOR( '', #3026, 1.00000000000000 );
#2324 = CARTESIAN_POINT( '', ( 0.000000000000000, -15.5000000000000, 4.62458305157407E-015 ) );
#2325 = AXIS2_PLACEMENT_3D( '', #3027, #3028, #3029 );
#2326 = CARTESIAN_POINT( '', ( 0.270500000000000, -15.2295000000000, 4.59145744970316E-015 ) );
#2327 = CARTESIAN_POINT( '', ( 0.135250000000000, -15.3647500000000, 4.60802025063861E-015 ) );
#2328 = VECTOR( '', #3030, 1.00000000000000 );
#2329 = AXIS2_PLACEMENT_3D( '', #3031, #3032, #3033 );
#2330 = CARTESIAN_POINT( '', ( 11.7295000000000, -12.7705000000000, 4.13976139609570E-015 ) );
#2331 = CARTESIAN_POINT( '', ( 6.00000000000000, -12.7705000000000, 4.29032674729809E-015 ) );
#2332 = VECTOR( '', #3034, 1.00000000000000 );
#2333 = CARTESIAN_POINT( '', ( 11.7295000000000, -15.2295000000000, 4.59145744970316E-015 ) );
#2334 = CARTESIAN_POINT( '', ( 6.00000000000000, -15.2295000000000, 4.59145744970316E-015 ) );
#2335 = VECTOR( '', #3035, 1.00000000000000 );
#2336 = AXIS2_PLACEMENT_3D( '', #3036, #3037, #3038 );
#2337 = CARTESIAN_POINT( '', ( 12.0000000000000, -12.5000000000000, 4.07351019235391E-015 ) );
#2338 = CARTESIAN_POINT( '', ( 11.8647500000000, -12.6352500000000, 4.27376394636264E-015 ) );
#2339 = VECTOR( '', #3039, 1.00000000000000 );
#2340 = CARTESIAN_POINT( '', ( 12.0000000000000, -15.5000000000000, 4.62458305157407E-015 ) );
#2341 = CARTESIAN_POINT( '', ( 11.8647500000000, -15.3647500000000, 4.60802025063861E-015 ) );
#2342 = VECTOR( '', #3040, 1.00000000000000 );
#2343 = AXIS2_PLACEMENT_3D( '', #3041, #3042, #3043 );
#2344 = CARTESIAN_POINT( '', ( 0.000000000000000, -5.50000000000000, 12.1243556529821 ) );
#2345 = CARTESIAN_POINT( '', ( 0.270500000000000, -5.77050000000000, 12.1243556529821 ) );
#2346 = CARTESIAN_POINT( '', ( 0.135250000000000, -5.63525000000000, 12.1243556529821 ) );
#2347 = VECTOR( '', #3044, 1.00000000000000 );
#2348 = CARTESIAN_POINT( '', ( 0.000000000000000, -8.50000000000000, 12.1243556529821 ) );
#2349 = AXIS2_PLACEMENT_3D( '', #3045, #3046, #3047 );
#2350 = CARTESIAN_POINT( '', ( 0.270500000000000, -8.22950000000000, 12.1243556529821 ) );
#2351 = CARTESIAN_POINT( '', ( 0.135250000000000, -8.36475000000000, 12.1243556529821 ) );
#2352 = VECTOR( '', #3048, 1.00000000000000 );
#2353 = AXIS2_PLACEMENT_3D( '', #3049, #3050, #3051 );
#2354 = CARTESIAN_POINT( '', ( 11.7295000000000, -5.77050000000000, 12.1243556529821 ) );
#2355 = CARTESIAN_POINT( '', ( 6.00000000000000, -5.77050000000000, 12.1243556529821 ) );
#2356 = VECTOR( '', #3052, 1.00000000000000 );
#2357 = CARTESIAN_POINT( '', ( 11.7295000000000, -8.22950000000000, 12.1243556529821 ) );
#2358 = CARTESIAN_POINT( '', ( 6.00000000000000, -8.22950000000000, 12.1243556529821 ) );
#2359 = VECTOR( '', #3053, 1.00000000000000 );
#2360 = AXIS2_PLACEMENT_3D( '', #3054, #3055, #3056 );
#2361 = CARTESIAN_POINT( '', ( 12.0000000000000, -5.50000000000000, 12.1243556529821 ) );
#2362 = CARTESIAN_POINT( '', ( 11.8647500000000, -5.63525000000000, 12.1243556529821 ) );
#2363 = VECTOR( '', #3057, 1.00000000000000 );
#2364 = CARTESIAN_POINT( '', ( 12.0000000000000, -8.50000000000000, 12.1243556529821 ) );
#2365 = CARTESIAN_POINT( '', ( 11.8647500000000, -8.36475000000000, 12.1243556529821 ) );
#2366 = VECTOR( '', #3058, 1.00000000000000 );
#2367 = AXIS2_PLACEMENT_3D( '', #3059, #3060, #3061 );
#2368 = CARTESIAN_POINT( '', ( 0.000000000000000, 8.50000000000000, 12.1243556529821 ) );
#2369 = CARTESIAN_POINT( '', ( 0.270500000000000, 8.22950000000000, 12.1243556529821 ) );
#2370 = CARTESIAN_POINT( '', ( 0.135250000000000, 8.36475000000000, 12.1243556529821 ) );
#2371 = VECTOR( '', #3062, 1.00000000000000 );
#2372 = CARTESIAN_POINT( '', ( 0.000000000000000, 5.50000000000000, 12.1243556529821 ) );
#2373 = AXIS2_PLACEMENT_3D( '', #3063, #3064, #3065 );
#2374 = CARTESIAN_POINT( '', ( 0.270500000000000, 5.77050000000000, 12.1243556529821 ) );
#2375 = CARTESIAN_POINT( '', ( 0.135250000000000, 5.63525000000000, 12.1243556529821 ) );
#2376 = VECTOR( '', #3066, 1.00000000000000 );
#2377 = AXIS2_PLACEMENT_3D( '', #3067, #3068, #3069 );
#2378 = CARTESIAN_POINT( '', ( 11.7295000000000, 8.22950000000000, 12.1243556529821 ) );
#2379 = CARTESIAN_POINT( '', ( 6.00000000000000, 8.22950000000000, 12.1243556529821 ) );
#2380 = VECTOR( '', #3070, 1.00000000000000 );
#2381 = CARTESIAN_POINT( '', ( 11.7295000000000, 5.77050000000000, 12.1243556529821 ) );
#2382 = CARTESIAN_POINT( '', ( 6.00000000000000, 5.77050000000000, 12.1243556529821 ) );
#2383 = VECTOR( '', #3071, 1.00000000000000 );
#2384 = AXIS2_PLACEMENT_3D( '', #3072, #3073, #3074 );
#2385 = CARTESIAN_POINT( '', ( 12.0000000000000, 8.50000000000000, 12.1243556529821 ) );
#2386 = CARTESIAN_POINT( '', ( 11.8647500000000, 8.36475000000000, 12.1243556529821 ) );
#2387 = VECTOR( '', #3075, 1.00000000000000 );
#2388 = CARTESIAN_POINT( '', ( 12.0000000000000, 5.50000000000000, 12.1243556529821 ) );
#2389 = CARTESIAN_POINT( '', ( 11.8647500000000, 5.63525000000000, 12.1243556529821 ) );
#2390 = VECTOR( '', #3076, 1.00000000000000 );
#2391 = AXIS2_PLACEMENT_3D( '', #3077, #3078, #3079 );
#2392 = CARTESIAN_POINT( '', ( 6.00000000000000, 1.55000000000000, 34.9656617269000 ) );
#2393 = CARTESIAN_POINT( '', ( 6.00000000000000, 1.55000000000000, 25.7000000000000 ) );
#2394 = CARTESIAN_POINT( '', ( 6.00000000000000, 1.55000000000000, 30.3500000000000 ) );
#2395 = VECTOR( '', #3080, 1.00000000000000 );
#2396 = CARTESIAN_POINT( '', ( 4.45000000000000, 2.23796811161039E-015, 35.0000000000000 ) );
#2397 = CARTESIAN_POINT( '', ( 4.45000000000000, 2.23796811161039E-015, 35.0000000000000 ) );
#2398 = CARTESIAN_POINT( '', ( 4.45000000000000, 0.0973243748294315, 35.0000000000000 ) );
#2399 = CARTESIAN_POINT( '', ( 4.45931412633392, 0.197969041629395, 34.9995832678061 ) );
#2400 = CARTESIAN_POINT( '', ( 4.49854513370850, 0.398168290107496, 34.9978782596072 ) );
#2401 = CARTESIAN_POINT( '', ( 4.52845358255848, 0.497724533427907, 34.9965910832850 ) );
#2402 = CARTESIAN_POINT( '', ( 4.60754913512458, 0.688664764771138, 34.9933544834399 ) );
#2403 = CARTESIAN_POINT( '', ( 4.65679922100446, 0.780201054996417, 34.9914054354568 ) );
#2404 = CARTESIAN_POINT( '', ( 4.77061241454144, 0.949477847885684, 34.9872213793995 ) );
#2405 = CARTESIAN_POINT( '', ( 4.83518264521204, 1.02721366689034, 34.9849906448860 ) );
#2406 = CARTESIAN_POINT( '', ( 4.97278634204976, 1.16481736372806, 34.9806795081313 ) );
#2407 = CARTESIAN_POINT( '', ( 5.05052216519624, 1.22938759537904, 34.9784483486714 ) );
#2408 = CARTESIAN_POINT( '', ( 5.21979895538270, 1.34320078484908, 34.9742627426503 ) );
#2409 = CARTESIAN_POINT( '', ( 5.31133523845408, 1.39245086660059, 34.9723125805497 ) );
#2410 = CARTESIAN_POINT( '', ( 5.50227545702915, 1.47154641309927, 34.9690737338627 ) );
#2411 = CARTESIAN_POINT( '', ( 5.60183169409816, 1.50145486206521, 34.9677854430801 ) );
#2412 = CARTESIAN_POINT( '', ( 5.80203094101564, 1.54068587139644, 34.9660788842814 ) );
#2413 = CARTESIAN_POINT( '', ( 5.90267561252426, 1.55000000000000, 34.9656617269000 ) );
#2414 = CARTESIAN_POINT( '', ( 6.00000000000000, 1.55000000000000, 34.9656617269000 ) );
#2415 = CARTESIAN_POINT( '', ( 6.09732438747574, 1.55000000000000, 34.9656617269000 ) );
#2416 = CARTESIAN_POINT( '', ( 6.19796905898436, 1.54068587139644, 34.9660788842814 ) );
#2417 = CARTESIAN_POINT( '', ( 6.39816830590184, 1.50145486206521, 34.9677854430801 ) );
#2418 = CARTESIAN_POINT( '', ( 6.49772454297085, 1.47154641309927, 34.9690737338627 ) );
#2419 = CARTESIAN_POINT( '', ( 6.68866476154592, 1.39245086660059, 34.9723125805497 ) );
#2420 = CARTESIAN_POINT( '', ( 6.78020104461730, 1.34320078484908, 34.9742627426503 ) );
#2421 = CARTESIAN_POINT( '', ( 6.94947783480376, 1.22938759537904, 34.9784483486714 ) );
#2422 = CARTESIAN_POINT( '', ( 7.02721365795024, 1.16481736372806, 34.9806795081313 ) );
#2423 = CARTESIAN_POINT( '', ( 7.16481735478796, 1.02721366689034, 34.9849906448860 ) );
#2424 = CARTESIAN_POINT( '', ( 7.22938758545856, 0.949477847885684, 34.9872213793995 ) );
#2425 = CARTESIAN_POINT( '', ( 7.34320077899554, 0.780201054996418, 34.9914054354568 ) );
#2426 = CARTESIAN_POINT( '', ( 7.39245086487542, 0.688664764771138, 34.9933544834399 ) );
#2427 = CARTESIAN_POINT( '', ( 7.47154641744152, 0.497724533427908, 34.9965910832850 ) );
#2428 = CARTESIAN_POINT( '', ( 7.50145486629150, 0.398168290107497, 34.9978782596072 ) );
#2429 = CARTESIAN_POINT( '', ( 7.54068587366608, 0.197969041629396, 34.9995832678061 ) );
#2430 = CARTESIAN_POINT( '', ( 7.55000000000000, 0.0973243748294314, 35.0000000000000 ) );
#2431 = CARTESIAN_POINT( '', ( 7.55000000000000, 1.85834014192546E-015, 35.0000000000000 ) );
#2432 = CARTESIAN_POINT( '', ( 6.00000000000000, -1.55000000000000, 34.9656617269000 ) );
#2433 = CARTESIAN_POINT( '', ( 7.55000000000000, 1.85834014192546E-015, 35.0000000000000 ) );
#2434 = CARTESIAN_POINT( '', ( 7.55000000000000, -0.0973243748294277, 35.0000000000000 ) );
#2435 = CARTESIAN_POINT( '', ( 7.54068587366608, -0.197969041629391, 34.9995832678061 ) );
#2436 = CARTESIAN_POINT( '', ( 7.50145486629150, -0.398168290107492, 34.9978782596072 ) );
#2437 = CARTESIAN_POINT( '', ( 7.47154641744152, -0.497724533427903, 34.9965910832850 ) );
#2438 = CARTESIAN_POINT( '', ( 7.39245086487542, -0.688664764771133, 34.9933544834399 ) );
#2439 = CARTESIAN_POINT( '', ( 7.34320077899554, -0.780201054996413, 34.9914054354568 ) );
#2440 = CARTESIAN_POINT( '', ( 7.22938758545856, -0.949477847885679, 34.9872213793995 ) );
#2441 = CARTESIAN_POINT( '', ( 7.16481735478796, -1.02721366689033, 34.9849906448860 ) );
#2442 = CARTESIAN_POINT( '', ( 7.02721365795024, -1.16481736372806, 34.9806795081313 ) );
#2443 = CARTESIAN_POINT( '', ( 6.94947783480376, -1.22938759537903, 34.9784483486714 ) );
#2444 = CARTESIAN_POINT( '', ( 6.78020104461730, -1.34320078484908, 34.9742627426503 ) );
#2445 = CARTESIAN_POINT( '', ( 6.68866476154592, -1.39245086660059, 34.9723125805497 ) );
#2446 = CARTESIAN_POINT( '', ( 6.49772454297085, -1.47154641309927, 34.9690737338627 ) );
#2447 = CARTESIAN_POINT( '', ( 6.39816830590184, -1.50145486206521, 34.9677854430801 ) );
#2448 = CARTESIAN_POINT( '', ( 6.19796905898436, -1.54068587139643, 34.9660788842814 ) );
#2449 = CARTESIAN_POINT( '', ( 6.09732438747574, -1.55000000000000, 34.9656617269000 ) );
#2450 = CARTESIAN_POINT( '', ( 5.90267561252426, -1.55000000000000, 34.9656617269000 ) );
#2451 = CARTESIAN_POINT( '', ( 5.80203094101564, -1.54068587139643, 34.9660788842814 ) );
#2452 = CARTESIAN_POINT( '', ( 5.60183169409816, -1.50145486206521, 34.9677854430801 ) );
#2453 = CARTESIAN_POINT( '', ( 5.50227545702915, -1.47154641309927, 34.9690737338627 ) );
#2454 = CARTESIAN_POINT( '', ( 5.31133523845408, -1.39245086660059, 34.9723125805497 ) );
#2455 = CARTESIAN_POINT( '', ( 5.21979895538270, -1.34320078484908, 34.9742627426503 ) );
#2456 = CARTESIAN_POINT( '', ( 5.05052216519624, -1.22938759537903, 34.9784483486714 ) );
#2457 = CARTESIAN_POINT( '', ( 4.97278634204976, -1.16481736372806, 34.9806795081313 ) );
#2458 = CARTESIAN_POINT( '', ( 4.83518264521204, -1.02721366689033, 34.9849906448860 ) );
#2459 = CARTESIAN_POINT( '', ( 4.77061241454144, -0.949477847885680, 34.9872213793995 ) );
#2460 = CARTESIAN_POINT( '', ( 4.65679922100446, -0.780201054996414, 34.9914054354568 ) );
#2461 = CARTESIAN_POINT( '', ( 4.60754913512458, -0.688664764771134, 34.9933544834399 ) );
#2462 = CARTESIAN_POINT( '', ( 4.52845358255848, -0.497724533427903, 34.9965910832850 ) );
#2463 = CARTESIAN_POINT( '', ( 4.49854513370850, -0.398168290107492, 34.9978782596072 ) );
#2464 = CARTESIAN_POINT( '', ( 4.45931412633392, -0.197969041629391, 34.9995832678061 ) );
#2465 = CARTESIAN_POINT( '', ( 4.45000000000000, -0.0973243748294270, 35.0000000000000 ) );
#2466 = CARTESIAN_POINT( '', ( 4.45000000000000, 2.23796811161039E-015, 35.0000000000000 ) );
#2467 = CARTESIAN_POINT( '', ( 6.00000000000000, -1.55000000000000, 25.7000000000000 ) );
#2468 = CARTESIAN_POINT( '', ( 6.00000000000000, -1.55000000000000, 30.3500000000000 ) );
#2469 = VECTOR( '', #3081, 1.00000000000000 );
#2470 = AXIS2_PLACEMENT_3D( '', #3082, #3083, #3084 );
#2471 = CARTESIAN_POINT( '', ( 6.00000000000000, 35.0000000000000, -4.28612223837832E-015 ) );
#2472 = VECTOR( '', #3085, 1.00000000000000 );
#2473 = CARTESIAN_POINT( '', ( 11.4000000000000, -35.0000000000000, 4.28612223837832E-015 ) );
#2474 = AXIS2_PLACEMENT_3D( '', #3086, #3087, #3088 );
#2475 = CARTESIAN_POINT( '', ( 0.599999999999998, -35.0000000000000, 4.28612223837832E-015 ) );
#2476 = CARTESIAN_POINT( '', ( 6.00000000000000, -35.0000000000000, 4.28612223837832E-015 ) );
#2477 = VECTOR( '', #3089, 1.00000000000000 );
#2478 = AXIS2_PLACEMENT_3D( '', #3090, #3091, #3092 );
#2479 = CARTESIAN_POINT( '', ( 4.45000000000001, -2.04815412676793E-015, -35.0000000000000 ) );
#2480 = CARTESIAN_POINT( '', ( 6.00000000000000, -1.55000000000000, -34.9656617269000 ) );
#2481 = CARTESIAN_POINT( '', ( 4.45000000000001, -2.04815412676793E-015, -35.0000000000000 ) );
#2482 = CARTESIAN_POINT( '', ( 4.45000000000001, -0.0973243748294311, -35.0000000000000 ) );
#2483 = CARTESIAN_POINT( '', ( 4.45931412633393, -0.197969041629395, -34.9995832678061 ) );
#2484 = CARTESIAN_POINT( '', ( 4.49854513370851, -0.398168290107495, -34.9978782596072 ) );
#2485 = CARTESIAN_POINT( '', ( 4.52845358255849, -0.497724533427906, -34.9965910832850 ) );
#2486 = CARTESIAN_POINT( '', ( 4.60754913512459, -0.688664764771135, -34.9933544834399 ) );
#2487 = CARTESIAN_POINT( '', ( 4.65679922100447, -0.780201054996415, -34.9914054354568 ) );
#2488 = CARTESIAN_POINT( '', ( 4.77061241454145, -0.949477847885680, -34.9872213793995 ) );
#2489 = CARTESIAN_POINT( '', ( 4.83518264521204, -1.02721366689033, -34.9849906448860 ) );
#2490 = CARTESIAN_POINT( '', ( 4.97278634204977, -1.16481736372806, -34.9806795081313 ) );
#2491 = CARTESIAN_POINT( '', ( 5.05052216519625, -1.22938759537903, -34.9784483486714 ) );
#2492 = CARTESIAN_POINT( '', ( 5.21979895538270, -1.34320078484908, -34.9742627426503 ) );
#2493 = CARTESIAN_POINT( '', ( 5.31133523845408, -1.39245086660059, -34.9723125805497 ) );
#2494 = CARTESIAN_POINT( '', ( 5.50227545702915, -1.47154641309927, -34.9690737338627 ) );
#2495 = CARTESIAN_POINT( '', ( 5.60183169409816, -1.50145486206520, -34.9677854430801 ) );
#2496 = CARTESIAN_POINT( '', ( 5.80203094101564, -1.54068587139643, -34.9660788842814 ) );
#2497 = CARTESIAN_POINT( '', ( 5.90267561252426, -1.55000000000000, -34.9656617269000 ) );
#2498 = CARTESIAN_POINT( '', ( 6.09732438747574, -1.55000000000000, -34.9656617269000 ) );
#2499 = CARTESIAN_POINT( '', ( 6.19796905898436, -1.54068587139643, -34.9660788842814 ) );
#2500 = CARTESIAN_POINT( '', ( 6.39816830590184, -1.50145486206520, -34.9677854430801 ) );
#2501 = CARTESIAN_POINT( '', ( 6.49772454297085, -1.47154641309927, -34.9690737338627 ) );
#2502 = CARTESIAN_POINT( '', ( 6.68866476154592, -1.39245086660059, -34.9723125805497 ) );
#2503 = CARTESIAN_POINT( '', ( 6.78020104461730, -1.34320078484908, -34.9742627426503 ) );
#2504 = CARTESIAN_POINT( '', ( 6.94947783480375, -1.22938759537903, -34.9784483486714 ) );
#2505 = CARTESIAN_POINT( '', ( 7.02721365795024, -1.16481736372806, -34.9806795081313 ) );
#2506 = CARTESIAN_POINT( '', ( 7.16481735478796, -1.02721366689033, -34.9849906448860 ) );
#2507 = CARTESIAN_POINT( '', ( 7.22938758545855, -0.949477847885680, -34.9872213793995 ) );
#2508 = CARTESIAN_POINT( '', ( 7.34320077899553, -0.780201054996414, -34.9914054354568 ) );
#2509 = CARTESIAN_POINT( '', ( 7.39245086487541, -0.688664764771135, -34.9933544834399 ) );
#2510 = CARTESIAN_POINT( '', ( 7.47154641744151, -0.497724533427906, -34.9965910832850 ) );
#2511 = CARTESIAN_POINT( '', ( 7.50145486629149, -0.398168290107495, -34.9978782596072 ) );
#2512 = CARTESIAN_POINT( '', ( 7.54068587366607, -0.197969041629395, -34.9995832678061 ) );
#2513 = CARTESIAN_POINT( '', ( 7.54999999999999, -0.0973243748294314, -35.0000000000000 ) );
#2514 = CARTESIAN_POINT( '', ( 7.54999999999999, -2.42778209645286E-015, -35.0000000000000 ) );
#2515 = CARTESIAN_POINT( '', ( 7.54999999999999, -2.42778209645286E-015, -35.0000000000000 ) );
#2516 = CARTESIAN_POINT( '', ( 4.45000000000001, -2.04815412676793E-015, -35.0000000000000 ) );
#2517 = CARTESIAN_POINT( '', ( 4.45000000000001, -0.0973243748294311, -35.0000000000000 ) );
#2518 = CARTESIAN_POINT( '', ( 4.45931412633393, -0.197969041629395, -34.9995832678061 ) );
#2519 = CARTESIAN_POINT( '', ( 4.49854513370851, -0.398168290107495, -34.9978782596072 ) );
#2520 = CARTESIAN_POINT( '', ( 4.52845358255849, -0.497724533427906, -34.9965910832850 ) );
#2521 = CARTESIAN_POINT( '', ( 4.60754913512459, -0.688664764771135, -34.9933544834399 ) );
#2522 = CARTESIAN_POINT( '', ( 4.65679922100447, -0.780201054996415, -34.9914054354568 ) );
#2523 = CARTESIAN_POINT( '', ( 4.77061241454145, -0.949477847885680, -34.9872213793995 ) );
#2524 = CARTESIAN_POINT( '', ( 4.83518264521204, -1.02721366689033, -34.9849906448860 ) );
#2525 = CARTESIAN_POINT( '', ( 4.97278634204977, -1.16481736372806, -34.9806795081313 ) );
#2526 = CARTESIAN_POINT( '', ( 5.05052216519625, -1.22938759537903, -34.9784483486714 ) );
#2527 = CARTESIAN_POINT( '', ( 5.21979895538270, -1.34320078484908, -34.9742627426503 ) );
#2528 = CARTESIAN_POINT( '', ( 5.31133523845408, -1.39245086660059, -34.9723125805497 ) );
#2529 = CARTESIAN_POINT( '', ( 5.50227545702915, -1.47154641309927, -34.9690737338627 ) );
#2530 = CARTESIAN_POINT( '', ( 5.60183169409816, -1.50145486206520, -34.9677854430801 ) );
#2531 = CARTESIAN_POINT( '', ( 5.80203094101564, -1.54068587139643, -34.9660788842814 ) );
#2532 = CARTESIAN_POINT( '', ( 5.90267561252426, -1.55000000000000, -34.9656617269000 ) );
#2533 = CARTESIAN_POINT( '', ( 6.09732438747574, -1.55000000000000, -34.9656617269000 ) );
#2534 = CARTESIAN_POINT( '', ( 6.19796905898436, -1.54068587139643, -34.9660788842814 ) );
#2535 = CARTESIAN_POINT( '', ( 6.39816830590184, -1.50145486206520, -34.9677854430801 ) );
#2536 = CARTESIAN_POINT( '', ( 6.49772454297085, -1.47154641309927, -34.9690737338627 ) );
#2537 = CARTESIAN_POINT( '', ( 6.68866476154592, -1.39245086660059, -34.9723125805497 ) );
#2538 = CARTESIAN_POINT( '', ( 6.78020104461730, -1.34320078484908, -34.9742627426503 ) );
#2539 = CARTESIAN_POINT( '', ( 6.94947783480375, -1.22938759537903, -34.9784483486714 ) );
#2540 = CARTESIAN_POINT( '', ( 7.02721365795024, -1.16481736372806, -34.9806795081313 ) );
#2541 = CARTESIAN_POINT( '', ( 7.16481735478796, -1.02721366689033, -34.9849906448860 ) );
#2542 = CARTESIAN_POINT( '', ( 7.22938758545855, -0.949477847885680, -34.9872213793995 ) );
#2543 = CARTESIAN_POINT( '', ( 7.34320077899553, -0.780201054996414, -34.9914054354568 ) );
#2544 = CARTESIAN_POINT( '', ( 7.39245086487541, -0.688664764771135, -34.9933544834399 ) );
#2545 = CARTESIAN_POINT( '', ( 7.47154641744151, -0.497724533427906, -34.9965910832850 ) );
#2546 = CARTESIAN_POINT( '', ( 7.50145486629149, -0.398168290107495, -34.9978782596072 ) );
#2547 = CARTESIAN_POINT( '', ( 7.54068587366607, -0.197969041629395, -34.9995832678061 ) );
#2548 = CARTESIAN_POINT( '', ( 7.54999999999999, -0.0973243748294314, -35.0000000000000 ) );
#2549 = CARTESIAN_POINT( '', ( 7.54999999999999, -2.42778209645286E-015, -35.0000000000000 ) );
#2550 = CARTESIAN_POINT( '', ( 6.00000000000000, 1.54999999999999, -34.9656617269000 ) );
#2551 = CARTESIAN_POINT( '', ( 7.54999999999999, -2.42778209645286E-015, -35.0000000000000 ) );
#2552 = CARTESIAN_POINT( '', ( 7.54999999999999, 0.0973243748294266, -35.0000000000000 ) );
#2553 = CARTESIAN_POINT( '', ( 7.54068587366607, 0.197969041629390, -34.9995832678061 ) );
#2554 = CARTESIAN_POINT( '', ( 7.50145486629149, 0.398168290107491, -34.9978782596072 ) );
#2555 = CARTESIAN_POINT( '', ( 7.47154641744151, 0.497724533427901, -34.9965910832850 ) );
#2556 = CARTESIAN_POINT( '', ( 7.39245086487541, 0.688664764771131, -34.9933544834399 ) );
#2557 = CARTESIAN_POINT( '', ( 7.34320077899553, 0.780201054996411, -34.9914054354568 ) );
#2558 = CARTESIAN_POINT( '', ( 7.22938758545855, 0.949477847885676, -34.9872213793995 ) );
#2559 = CARTESIAN_POINT( '', ( 7.16481735478796, 1.02721366689033, -34.9849906448860 ) );
#2560 = CARTESIAN_POINT( '', ( 7.02721365795023, 1.16481736372805, -34.9806795081313 ) );
#2561 = CARTESIAN_POINT( '', ( 6.94947783480376, 1.22938759537903, -34.9784483486714 ) );
#2562 = CARTESIAN_POINT( '', ( 6.78020104461730, 1.34320078484907, -34.9742627426503 ) );
#2563 = CARTESIAN_POINT( '', ( 6.68866476154592, 1.39245086660058, -34.9723125805497 ) );
#2564 = CARTESIAN_POINT( '', ( 6.49772454297085, 1.47154641309926, -34.9690737338627 ) );
#2565 = CARTESIAN_POINT( '', ( 6.39816830590184, 1.50145486206520, -34.9677854430801 ) );
#2566 = CARTESIAN_POINT( '', ( 6.19796905898436, 1.54068587139643, -34.9660788842814 ) );
#2567 = CARTESIAN_POINT( '', ( 6.09732438747574, 1.54999999999999, -34.9656617269000 ) );
#2568 = CARTESIAN_POINT( '', ( 6.00000000000000, 1.54999999999999, -34.9656617269000 ) );
#2569 = CARTESIAN_POINT( '', ( 5.90267561252426, 1.54999999999999, -34.9656617269000 ) );
#2570 = CARTESIAN_POINT( '', ( 5.80203094101564, 1.54068587139643, -34.9660788842814 ) );
#2571 = CARTESIAN_POINT( '', ( 5.60183169409816, 1.50145486206520, -34.9677854430801 ) );
#2572 = CARTESIAN_POINT( '', ( 5.50227545702915, 1.47154641309926, -34.9690737338627 ) );
#2573 = CARTESIAN_POINT( '', ( 5.31133523845408, 1.39245086660058, -34.9723125805497 ) );
#2574 = CARTESIAN_POINT( '', ( 5.21979895538270, 1.34320078484907, -34.9742627426503 ) );
#2575 = CARTESIAN_POINT( '', ( 5.05052216519625, 1.22938759537903, -34.9784483486714 ) );
#2576 = CARTESIAN_POINT( '', ( 4.97278634204977, 1.16481736372805, -34.9806795081313 ) );
#2577 = CARTESIAN_POINT( '', ( 4.83518264521204, 1.02721366689033, -34.9849906448860 ) );
#2578 = CARTESIAN_POINT( '', ( 4.77061241454145, 0.949477847885676, -34.9872213793995 ) );
#2579 = CARTESIAN_POINT( '', ( 4.65679922100447, 0.780201054996411, -34.9914054354568 ) );
#2580 = CARTESIAN_POINT( '', ( 4.60754913512459, 0.688664764771131, -34.9933544834399 ) );
#2581 = CARTESIAN_POINT( '', ( 4.52845358255849, 0.497724533427901, -34.9965910832850 ) );
#2582 = CARTESIAN_POINT( '', ( 4.49854513370851, 0.398168290107491, -34.9978782596072 ) );
#2583 = CARTESIAN_POINT( '', ( 4.45931412633393, 0.197969041629391, -34.9995832678061 ) );
#2584 = CARTESIAN_POINT( '', ( 4.45000000000001, 0.0973243748294270, -35.0000000000000 ) );
#2585 = CARTESIAN_POINT( '', ( 4.45000000000001, -2.04815412676793E-015, -35.0000000000000 ) );
#2586 = CARTESIAN_POINT( '', ( 7.54999999999999, -2.42778209645286E-015, -35.0000000000000 ) );
#2587 = CARTESIAN_POINT( '', ( 7.54999999999999, 0.0973243748294266, -35.0000000000000 ) );
#2588 = CARTESIAN_POINT( '', ( 7.54068587366607, 0.197969041629390, -34.9995832678061 ) );
#2589 = CARTESIAN_POINT( '', ( 7.50145486629149, 0.398168290107491, -34.9978782596072 ) );
#2590 = CARTESIAN_POINT( '', ( 7.47154641744151, 0.497724533427901, -34.9965910832850 ) );
#2591 = CARTESIAN_POINT( '', ( 7.39245086487541, 0.688664764771131, -34.9933544834399 ) );
#2592 = CARTESIAN_POINT( '', ( 7.34320077899553, 0.780201054996411, -34.9914054354568 ) );
#2593 = CARTESIAN_POINT( '', ( 7.22938758545855, 0.949477847885676, -34.9872213793995 ) );
#2594 = CARTESIAN_POINT( '', ( 7.16481735478796, 1.02721366689033, -34.9849906448860 ) );
#2595 = CARTESIAN_POINT( '', ( 7.02721365795023, 1.16481736372805, -34.9806795081313 ) );
#2596 = CARTESIAN_POINT( '', ( 6.94947783480376, 1.22938759537903, -34.9784483486714 ) );
#2597 = CARTESIAN_POINT( '', ( 6.78020104461730, 1.34320078484907, -34.9742627426503 ) );
#2598 = CARTESIAN_POINT( '', ( 6.68866476154592, 1.39245086660058, -34.9723125805497 ) );
#2599 = CARTESIAN_POINT( '', ( 6.49772454297085, 1.47154641309926, -34.9690737338627 ) );
#2600 = CARTESIAN_POINT( '', ( 6.39816830590184, 1.50145486206520, -34.9677854430801 ) );
#2601 = CARTESIAN_POINT( '', ( 6.19796905898436, 1.54068587139643, -34.9660788842814 ) );
#2602 = CARTESIAN_POINT( '', ( 6.09732438747574, 1.54999999999999, -34.9656617269000 ) );
#2603 = CARTESIAN_POINT( '', ( 6.00000000000000, 1.54999999999999, -34.9656617269000 ) );
#2604 = CARTESIAN_POINT( '', ( 5.90267561252426, 1.54999999999999, -34.9656617269000 ) );
#2605 = CARTESIAN_POINT( '', ( 5.80203094101564, 1.54068587139643, -34.9660788842814 ) );
#2606 = CARTESIAN_POINT( '', ( 5.60183169409816, 1.50145486206520, -34.9677854430801 ) );
#2607 = CARTESIAN_POINT( '', ( 5.50227545702915, 1.47154641309926, -34.9690737338627 ) );
#2608 = CARTESIAN_POINT( '', ( 5.31133523845408, 1.39245086660058, -34.9723125805497 ) );
#2609 = CARTESIAN_POINT( '', ( 5.21979895538270, 1.34320078484907, -34.9742627426503 ) );
#2610 = CARTESIAN_POINT( '', ( 5.05052216519625, 1.22938759537903, -34.9784483486714 ) );
#2611 = CARTESIAN_POINT( '', ( 4.97278634204977, 1.16481736372805, -34.9806795081313 ) );
#2612 = CARTESIAN_POINT( '', ( 4.83518264521204, 1.02721366689033, -34.9849906448860 ) );
#2613 = CARTESIAN_POINT( '', ( 4.77061241454145, 0.949477847885676, -34.9872213793995 ) );
#2614 = CARTESIAN_POINT( '', ( 4.65679922100447, 0.780201054996411, -34.9914054354568 ) );
#2615 = CARTESIAN_POINT( '', ( 4.60754913512459, 0.688664764771131, -34.9933544834399 ) );
#2616 = CARTESIAN_POINT( '', ( 4.52845358255849, 0.497724533427901, -34.9965910832850 ) );
#2617 = CARTESIAN_POINT( '', ( 4.49854513370851, 0.398168290107491, -34.9978782596072 ) );
#2618 = CARTESIAN_POINT( '', ( 4.45931412633393, 0.197969041629391, -34.9995832678061 ) );
#2619 = CARTESIAN_POINT( '', ( 4.45000000000001, 0.0973243748294270, -35.0000000000000 ) );
#2620 = CARTESIAN_POINT( '', ( 4.45000000000001, -2.04815412676793E-015, -35.0000000000000 ) );
#2621 = CARTESIAN_POINT( '', ( 6.00000000000000, 1.54999999999999, -25.7000000000000 ) );
#2622 = CARTESIAN_POINT( '', ( 6.00000000000000, 1.54999999999999, -30.3500000000000 ) );
#2623 = VECTOR( '', #3093, 1.00000000000000 );
#2624 = CARTESIAN_POINT( '', ( 6.00000000000000, -1.55000000000000, -25.7000000000000 ) );
#2625 = AXIS2_PLACEMENT_3D( '', #3094, #3095, #3096 );
#2626 = CARTESIAN_POINT( '', ( 6.00000000000000, -1.55000000000000, -30.3500000000000 ) );
#2627 = VECTOR( '', #3097, 1.00000000000000 );
#2628 = AXIS2_PLACEMENT_3D( '', #3098, #3099, #3100 );
#2629 = AXIS2_PLACEMENT_3D( '', #3101, #3102, #3103 );
#2630 = AXIS2_PLACEMENT_3D( '', #3104, #3105, #3106 );
#2631 = CARTESIAN_POINT( '', ( 7.55000000000000, 1.85834014192546E-015, 35.0000000000000 ) );
#2632 = CARTESIAN_POINT( '', ( 7.55000000000000, 1.85834014192546E-015, 35.0000000000000 ) );
#2633 = CARTESIAN_POINT( '', ( 7.55000000000000, -0.0973243748294277, 35.0000000000000 ) );
#2634 = CARTESIAN_POINT( '', ( 7.54068587366608, -0.197969041629391, 34.9995832678061 ) );
#2635 = CARTESIAN_POINT( '', ( 7.50145486629150, -0.398168290107492, 34.9978782596072 ) );
#2636 = CARTESIAN_POINT( '', ( 7.47154641744152, -0.497724533427903, 34.9965910832850 ) );
#2637 = CARTESIAN_POINT( '', ( 7.39245086487542, -0.688664764771133, 34.9933544834399 ) );
#2638 = CARTESIAN_POINT( '', ( 7.34320077899554, -0.780201054996413, 34.9914054354568 ) );
#2639 = CARTESIAN_POINT( '', ( 7.22938758545856, -0.949477847885679, 34.9872213793995 ) );
#2640 = CARTESIAN_POINT( '', ( 7.16481735478796, -1.02721366689033, 34.9849906448860 ) );
#2641 = CARTESIAN_POINT( '', ( 7.02721365795024, -1.16481736372806, 34.9806795081313 ) );
#2642 = CARTESIAN_POINT( '', ( 6.94947783480376, -1.22938759537903, 34.9784483486714 ) );
#2643 = CARTESIAN_POINT( '', ( 6.78020104461730, -1.34320078484908, 34.9742627426503 ) );
#2644 = CARTESIAN_POINT( '', ( 6.68866476154592, -1.39245086660059, 34.9723125805497 ) );
#2645 = CARTESIAN_POINT( '', ( 6.49772454297085, -1.47154641309927, 34.9690737338627 ) );
#2646 = CARTESIAN_POINT( '', ( 6.39816830590184, -1.50145486206521, 34.9677854430801 ) );
#2647 = CARTESIAN_POINT( '', ( 6.19796905898436, -1.54068587139643, 34.9660788842814 ) );
#2648 = CARTESIAN_POINT( '', ( 6.09732438747574, -1.55000000000000, 34.9656617269000 ) );
#2649 = CARTESIAN_POINT( '', ( 5.90267561252426, -1.55000000000000, 34.9656617269000 ) );
#2650 = CARTESIAN_POINT( '', ( 5.80203094101564, -1.54068587139643, 34.9660788842814 ) );
#2651 = CARTESIAN_POINT( '', ( 5.60183169409816, -1.50145486206521, 34.9677854430801 ) );
#2652 = CARTESIAN_POINT( '', ( 5.50227545702915, -1.47154641309927, 34.9690737338627 ) );
#2653 = CARTESIAN_POINT( '', ( 5.31133523845408, -1.39245086660059, 34.9723125805497 ) );
#2654 = CARTESIAN_POINT( '', ( 5.21979895538270, -1.34320078484908, 34.9742627426503 ) );
#2655 = CARTESIAN_POINT( '', ( 5.05052216519624, -1.22938759537903, 34.9784483486714 ) );
#2656 = CARTESIAN_POINT( '', ( 4.97278634204976, -1.16481736372806, 34.9806795081313 ) );
#2657 = CARTESIAN_POINT( '', ( 4.83518264521204, -1.02721366689033, 34.9849906448860 ) );
#2658 = CARTESIAN_POINT( '', ( 4.77061241454144, -0.949477847885680, 34.9872213793995 ) );
#2659 = CARTESIAN_POINT( '', ( 4.65679922100446, -0.780201054996414, 34.9914054354568 ) );
#2660 = CARTESIAN_POINT( '', ( 4.60754913512458, -0.688664764771134, 34.9933544834399 ) );
#2661 = CARTESIAN_POINT( '', ( 4.52845358255848, -0.497724533427903, 34.9965910832850 ) );
#2662 = CARTESIAN_POINT( '', ( 4.49854513370850, -0.398168290107492, 34.9978782596072 ) );
#2663 = CARTESIAN_POINT( '', ( 4.45931412633392, -0.197969041629391, 34.9995832678061 ) );
#2664 = CARTESIAN_POINT( '', ( 4.45000000000000, -0.0973243748294270, 35.0000000000000 ) );
#2665 = CARTESIAN_POINT( '', ( 4.45000000000000, 2.23796811161039E-015, 35.0000000000000 ) );
#2666 = CARTESIAN_POINT( '', ( 4.45000000000000, 2.23796811161039E-015, 35.0000000000000 ) );
#2667 = CARTESIAN_POINT( '', ( 4.45000000000000, 0.0973243748294315, 35.0000000000000 ) );
#2668 = CARTESIAN_POINT( '', ( 4.45931412633392, 0.197969041629395, 34.9995832678061 ) );
#2669 = CARTESIAN_POINT( '', ( 4.49854513370850, 0.398168290107496, 34.9978782596072 ) );
#2670 = CARTESIAN_POINT( '', ( 4.52845358255848, 0.497724533427907, 34.9965910832850 ) );
#2671 = CARTESIAN_POINT( '', ( 4.60754913512458, 0.688664764771138, 34.9933544834399 ) );
#2672 = CARTESIAN_POINT( '', ( 4.65679922100446, 0.780201054996417, 34.9914054354568 ) );
#2673 = CARTESIAN_POINT( '', ( 4.77061241454144, 0.949477847885684, 34.9872213793995 ) );
#2674 = CARTESIAN_POINT( '', ( 4.83518264521204, 1.02721366689034, 34.9849906448860 ) );
#2675 = CARTESIAN_POINT( '', ( 4.97278634204976, 1.16481736372806, 34.9806795081313 ) );
#2676 = CARTESIAN_POINT( '', ( 5.05052216519624, 1.22938759537904, 34.9784483486714 ) );
#2677 = CARTESIAN_POINT( '', ( 5.21979895538270, 1.34320078484908, 34.9742627426503 ) );
#2678 = CARTESIAN_POINT( '', ( 5.31133523845408, 1.39245086660059, 34.9723125805497 ) );
#2679 = CARTESIAN_POINT( '', ( 5.50227545702915, 1.47154641309927, 34.9690737338627 ) );
#2680 = CARTESIAN_POINT( '', ( 5.60183169409816, 1.50145486206521, 34.9677854430801 ) );
#2681 = CARTESIAN_POINT( '', ( 5.80203094101564, 1.54068587139644, 34.9660788842814 ) );
#2682 = CARTESIAN_POINT( '', ( 5.90267561252426, 1.55000000000000, 34.9656617269000 ) );
#2683 = CARTESIAN_POINT( '', ( 6.00000000000000, 1.55000000000000, 34.9656617269000 ) );
#2684 = CARTESIAN_POINT( '', ( 6.09732438747574, 1.55000000000000, 34.9656617269000 ) );
#2685 = CARTESIAN_POINT( '', ( 6.19796905898436, 1.54068587139644, 34.9660788842814 ) );
#2686 = CARTESIAN_POINT( '', ( 6.39816830590184, 1.50145486206521, 34.9677854430801 ) );
#2687 = CARTESIAN_POINT( '', ( 6.49772454297085, 1.47154641309927, 34.9690737338627 ) );
#2688 = CARTESIAN_POINT( '', ( 6.68866476154592, 1.39245086660059, 34.9723125805497 ) );
#2689 = CARTESIAN_POINT( '', ( 6.78020104461730, 1.34320078484908, 34.9742627426503 ) );
#2690 = CARTESIAN_POINT( '', ( 6.94947783480376, 1.22938759537904, 34.9784483486714 ) );
#2691 = CARTESIAN_POINT( '', ( 7.02721365795024, 1.16481736372806, 34.9806795081313 ) );
#2692 = CARTESIAN_POINT( '', ( 7.16481735478796, 1.02721366689034, 34.9849906448860 ) );
#2693 = CARTESIAN_POINT( '', ( 7.22938758545856, 0.949477847885684, 34.9872213793995 ) );
#2694 = CARTESIAN_POINT( '', ( 7.34320077899554, 0.780201054996418, 34.9914054354568 ) );
#2695 = CARTESIAN_POINT( '', ( 7.39245086487542, 0.688664764771138, 34.9933544834399 ) );
#2696 = CARTESIAN_POINT( '', ( 7.47154641744152, 0.497724533427908, 34.9965910832850 ) );
#2697 = CARTESIAN_POINT( '', ( 7.50145486629150, 0.398168290107497, 34.9978782596072 ) );
#2698 = CARTESIAN_POINT( '', ( 7.54068587366608, 0.197969041629396, 34.9995832678061 ) );
#2699 = CARTESIAN_POINT( '', ( 7.55000000000000, 0.0973243748294314, 35.0000000000000 ) );
#2700 = CARTESIAN_POINT( '', ( 7.55000000000000, 1.85834014192546E-015, 35.0000000000000 ) );
#2701 = AXIS2_PLACEMENT_3D( '', #3107, #3108, #3109 );
#2702 = AXIS2_PLACEMENT_3D( '', #3110, #3111, #3112 );
#2703 = AXIS2_PLACEMENT_3D( '', #3113, #3114, #3115 );
#2704 = AXIS2_PLACEMENT_3D( '', #3116, #3117, #3118 );
#2705 = AXIS2_PLACEMENT_3D( '', #3119, #3120, #3121 );
#2706 = AXIS2_PLACEMENT_3D( '', #3122, #3123, #3124 );
#2707 = AXIS2_PLACEMENT_3D( '', #3125, #3126, #3127 );
#2708 = AXIS2_PLACEMENT_3D( '', #3128, #3129, #3130 );
#2709 = AXIS2_PLACEMENT_3D( '', #3131, #3132, #3133 );
#2710 = AXIS2_PLACEMENT_3D( '', #3134, #3135, #3136 );
#2711 = AXIS2_PLACEMENT_3D( '', #3137, #3138, #3139 );
#2712 = AXIS2_PLACEMENT_3D( '', #3140, #3141, #3142 );
#2713 = AXIS2_PLACEMENT_3D( '', #3143, #3144, #3145 );
#2714 = AXIS2_PLACEMENT_3D( '', #3146, #3147, #3148 );
#2715 = AXIS2_PLACEMENT_3D( '', #3149, #3150, #3151 );
#2716 = AXIS2_PLACEMENT_3D( '', #3152, #3153, #3154 );
#2717 = AXIS2_PLACEMENT_3D( '', #3155, #3156, #3157 );
#2718 = AXIS2_PLACEMENT_3D( '', #3158, #3159, #3160 );
#2719 = AXIS2_PLACEMENT_3D( '', #3161, #3162, #3163 );
#2720 = AXIS2_PLACEMENT_3D( '', #3164, #3165, #3166 );
#2721 = AXIS2_PLACEMENT_3D( '', #3167, #3168, #3169 );
#2722 = AXIS2_PLACEMENT_3D( '', #3170, #3171, #3172 );
#2723 = AXIS2_PLACEMENT_3D( '', #3173, #3174, #3175 );
#2724 = AXIS2_PLACEMENT_3D( '', #3176, #3177, #3178 );
#2725 = AXIS2_PLACEMENT_3D( '', #3179, #3180, #3181 );
#2726 = AXIS2_PLACEMENT_3D( '', #3182, #3183, #3184 );
#2727 = AXIS2_PLACEMENT_3D( '', #3185, #3186, #3187 );
#2728 = AXIS2_PLACEMENT_3D( '', #3188, #3189, #3190 );
#2729 = AXIS2_PLACEMENT_3D( '', #3191, #3192, #3193 );
#2730 = AXIS2_PLACEMENT_3D( '', #3194, #3195, #3196 );
#2731 = AXIS2_PLACEMENT_3D( '', #3197, #3198, #3199 );
#2732 = AXIS2_PLACEMENT_3D( '', #3200, #3201, #3202 );
#2733 = AXIS2_PLACEMENT_3D( '', #3203, #3204, #3205 );
#2734 = AXIS2_PLACEMENT_3D( '', #3206, #3207, #3208 );
#2735 = AXIS2_PLACEMENT_3D( '', #3209, #3210, #3211 );
#2736 = AXIS2_PLACEMENT_3D( '', #3212, #3213, #3214 );
#2737 = AXIS2_PLACEMENT_3D( '', #3215, #3216, #3217 );
#2738 = AXIS2_PLACEMENT_3D( '', #3218, #3219, #3220 );
#2739 = AXIS2_PLACEMENT_3D( '', #3221, #3222, #3223 );
#2740 = AXIS2_PLACEMENT_3D( '', #3224, #3225, #3226 );
#2741 = AXIS2_PLACEMENT_3D( '', #3227, #3228, #3229 );
#2742 = AXIS2_PLACEMENT_3D( '', #3230, #3231, #3232 );
#2743 = AXIS2_PLACEMENT_3D( '', #3233, #3234, #3235 );
#2744 = AXIS2_PLACEMENT_3D( '', #3236, #3237, #3238 );
#2745 = AXIS2_PLACEMENT_3D( '', #3239, #3240, #3241 );
#2746 = AXIS2_PLACEMENT_3D( '', #3242, #3243, #3244 );
#2747 = AXIS2_PLACEMENT_3D( '', #3245, #3246, #3247 );
#2748 = AXIS2_PLACEMENT_3D( '', #3248, #3249, #3250 );
#2749 = AXIS2_PLACEMENT_3D( '', #3251, #3252, #3253 );
#2750 = AXIS2_PLACEMENT_3D( '', #3254, #3255, #3256 );
#2751 = AXIS2_PLACEMENT_3D( '', #3257, #3258, #3259 );
#2752 = AXIS2_PLACEMENT_3D( '', #3260, #3261, #3262 );
#2753 = AXIS2_PLACEMENT_3D( '', #3263, #3264, #3265 );
#2754 = AXIS2_PLACEMENT_3D( '', #3266, #3267, #3268 );
#2755 = AXIS2_PLACEMENT_3D( '', #3269, #3270, #3271 );
#2756 = AXIS2_PLACEMENT_3D( '', #3272, #3273, #3274 );
#2757 = AXIS2_PLACEMENT_3D( '', #3275, #3276, #3277 );
#2758 = AXIS2_PLACEMENT_3D( '', #3278, #3279, #3280 );
#2759 = AXIS2_PLACEMENT_3D( '', #3281, #3282, #3283 );
#2760 = AXIS2_PLACEMENT_3D( '', #3284, #3285, #3286 );
#2761 = AXIS2_PLACEMENT_3D( '', #3287, #3288, #3289 );
#2762 = AXIS2_PLACEMENT_3D( '', #3290, #3291, #3292 );
#2763 = AXIS2_PLACEMENT_3D( '', #3293, #3294, #3295 );
#2764 = CARTESIAN_POINT( '', ( 0.600000000000002, -4.21264585714898E-015, 34.4000000000000 ) );
#2765 = DIRECTION( '', ( -0.000000000000000, -1.00000000000000, -1.22460635382238E-016 ) );
#2766 = DIRECTION( '', ( 0.000000000000000, -1.22460635382238E-016, 1.00000000000000 ) );
#2767 = CARTESIAN_POINT( '', ( 0.599999999999998, 0.000000000000000, 0.000000000000000 ) );
#2768 = DIRECTION( '', ( -1.00000000000000, 0.000000000000000, 0.000000000000000 ) );
#2769 = DIRECTION( '', ( 0.000000000000000, 1.00000000000000, -2.44921270764475E-016 ) );
#2770 = CARTESIAN_POINT( '', ( 0.599999999999998, 0.000000000000000, 0.000000000000000 ) );
#2771 = DIRECTION( '', ( -1.00000000000000, 0.000000000000000, 0.000000000000000 ) );
#2772 = DIRECTION( '', ( 0.000000000000000, 1.00000000000000, -2.44921270764475E-016 ) );
#2773 = CARTESIAN_POINT( '', ( 0.600000000000002, 4.21264585714898E-015, -34.4000000000000 ) );
#2774 = DIRECTION( '', ( 0.000000000000000, -1.00000000000000, -1.22460635382238E-016 ) );
#2775 = DIRECTION( '', ( 0.000000000000000, 1.22460635382238E-016, -1.00000000000000 ) );
#2776 = CARTESIAN_POINT( '', ( 0.000000000000000, 0.000000000000000, 0.000000000000000 ) );
#2777 = DIRECTION( '', ( -1.00000000000000, 0.000000000000000, 0.000000000000000 ) );
#2778 = DIRECTION( '', ( 0.000000000000000, 1.00000000000000, -2.44921270764475E-016 ) );
#2779 = CARTESIAN_POINT( '', ( 0.000000000000000, 0.000000000000000, 0.000000000000000 ) );
#2780 = DIRECTION( '', ( -1.00000000000000, 0.000000000000000, 0.000000000000000 ) );
#2781 = DIRECTION( '', ( 0.000000000000000, 1.00000000000000, -2.44921270764475E-016 ) );
#2782 = CARTESIAN_POINT( '', ( 11.4000000000000, -4.21264585714898E-015, 34.4000000000000 ) );
#2783 = DIRECTION( '', ( -0.000000000000000, -1.00000000000000, -1.22460635382238E-016 ) );
#2784 = DIRECTION( '', ( 0.000000000000000, -1.22460635382238E-016, 1.00000000000000 ) );
#2785 = CARTESIAN_POINT( '', ( 12.0000000000000, 0.000000000000000, 0.000000000000000 ) );
#2786 = DIRECTION( '', ( -1.00000000000000, 0.000000000000000, 0.000000000000000 ) );
#2787 = DIRECTION( '', ( 0.000000000000000, 1.00000000000000, -2.44921270764475E-016 ) );
#2788 = CARTESIAN_POINT( '', ( 12.0000000000000, 0.000000000000000, 0.000000000000000 ) );
#2789 = DIRECTION( '', ( -1.00000000000000, 0.000000000000000, 0.000000000000000 ) );
#2790 = DIRECTION( '', ( 0.000000000000000, 1.00000000000000, -2.44921270764475E-016 ) );
#2791 = CARTESIAN_POINT( '', ( 11.4000000000000, 4.21264585714898E-015, -34.4000000000000 ) );
#2792 = DIRECTION( '', ( 0.000000000000000, -1.00000000000000, -1.22460635382238E-016 ) );
#2793 = DIRECTION( '', ( 0.000000000000000, 1.22460635382238E-016, -1.00000000000000 ) );
#2794 = CARTESIAN_POINT( '', ( 11.4000000000000, 0.000000000000000, 0.000000000000000 ) );
#2795 = DIRECTION( '', ( -1.00000000000000, 0.000000000000000, 0.000000000000000 ) );
#2796 = DIRECTION( '', ( 0.000000000000000, 1.00000000000000, -2.44921270764475E-016 ) );
#2797 = CARTESIAN_POINT( '', ( 11.4000000000000, 0.000000000000000, 0.000000000000000 ) );
#2798 = DIRECTION( '', ( -1.00000000000000, 0.000000000000000, 0.000000000000000 ) );
#2799 = DIRECTION( '', ( 0.000000000000000, 1.00000000000000, -2.44921270764475E-016 ) );
#2800 = DIRECTION( '', ( -1.00000000000000, -0.000000000000000, 0.000000000000000 ) );
#2801 = CARTESIAN_POINT( '', ( 12.0000000000000, 0.000000000000000, 0.000000000000000 ) );
#2802 = DIRECTION( '', ( -1.00000000000000, 0.000000000000000, 0.000000000000000 ) );
#2803 = DIRECTION( '', ( 0.000000000000000, 1.00000000000000, -2.44921270764475E-016 ) );
#2804 = DIRECTION( '', ( 1.00000000000000, -0.000000000000000, 0.000000000000000 ) );
#2805 = CARTESIAN_POINT( '', ( 11.4000000000000, 0.000000000000000, 0.000000000000000 ) );
#2806 = DIRECTION( '', ( -1.00000000000000, 0.000000000000000, 0.000000000000000 ) );
#2807 = DIRECTION( '', ( 0.000000000000000, 1.00000000000000, -2.44921270764475E-016 ) );
#2808 = DIRECTION( '', ( -1.00000000000000, 0.000000000000000, 0.000000000000000 ) );
#2809 = CARTESIAN_POINT( '', ( 12.0000000000000, 0.000000000000000, 0.000000000000000 ) );
#2810 = DIRECTION( '', ( -1.00000000000000, 0.000000000000000, 0.000000000000000 ) );
#2811 = DIRECTION( '', ( 0.000000000000000, 1.00000000000000, -2.44921270764475E-016 ) );
#2812 = DIRECTION( '', ( 1.00000000000000, -0.000000000000000, -0.000000000000000 ) );
#2813 = CARTESIAN_POINT( '', ( 11.4000000000000, 0.000000000000000, 0.000000000000000 ) );
#2814 = DIRECTION( '', ( -1.00000000000000, 0.000000000000000, 0.000000000000000 ) );
#2815 = DIRECTION( '', ( 0.000000000000000, 1.00000000000000, -2.44921270764475E-016 ) );
#2816 = CARTESIAN_POINT( '', ( 11.4000000000000, -1.29808273505172E-015, 10.6000000000000 ) );
#2817 = DIRECTION( '', ( -0.000000000000000, -1.00000000000000, -1.22460635382238E-016 ) );
#2818 = DIRECTION( '', ( 0.000000000000000, -1.22460635382238E-016, 1.00000000000000 ) );
#2819 = CARTESIAN_POINT( '', ( 11.4000000000000, 0.000000000000000, 0.000000000000000 ) );
#2820 = DIRECTION( '', ( -1.00000000000000, 0.000000000000000, 0.000000000000000 ) );
#2821 = DIRECTION( '', ( 0.000000000000000, 1.00000000000000, -2.44921270764475E-016 ) );
#2822 = CARTESIAN_POINT( '', ( 11.4000000000000, 0.000000000000000, 0.000000000000000 ) );
#2823 = DIRECTION( '', ( -1.00000000000000, 0.000000000000000, 0.000000000000000 ) );
#2824 = DIRECTION( '', ( 0.000000000000000, 1.00000000000000, -2.44921270764475E-016 ) );
#2825 = CARTESIAN_POINT( '', ( 11.4000000000000, 1.29808273505172E-015, -10.6000000000000 ) );
#2826 = DIRECTION( '', ( 0.000000000000000, -1.00000000000000, -1.22460635382238E-016 ) );
#2827 = DIRECTION( '', ( 0.000000000000000, 1.22460635382238E-016, -1.00000000000000 ) );
#2828 = CARTESIAN_POINT( '', ( 12.0000000000000, 0.000000000000000, 0.000000000000000 ) );
#2829 = DIRECTION( '', ( -1.00000000000000, 0.000000000000000, 0.000000000000000 ) );
#2830 = DIRECTION( '', ( 0.000000000000000, 1.00000000000000, -2.44921270764475E-016 ) );
#2831 = CARTESIAN_POINT( '', ( 12.0000000000000, 0.000000000000000, 0.000000000000000 ) );
#2832 = DIRECTION( '', ( -1.00000000000000, 0.000000000000000, 0.000000000000000 ) );
#2833 = DIRECTION( '', ( 0.000000000000000, 1.00000000000000, -2.44921270764475E-016 ) );
#2834 = DIRECTION( '', ( -1.00000000000000, -0.000000000000000, 0.000000000000000 ) );
#2835 = CARTESIAN_POINT( '', ( 11.4000000000000, 0.000000000000000, 0.000000000000000 ) );
#2836 = DIRECTION( '', ( -1.00000000000000, 0.000000000000000, 0.000000000000000 ) );
#2837 = DIRECTION( '', ( 0.000000000000000, 1.00000000000000, -2.44921270764475E-016 ) );
#2838 = DIRECTION( '', ( 1.00000000000000, -0.000000000000000, 0.000000000000000 ) );
#2839 = CARTESIAN_POINT( '', ( 0.600000000000000, 0.000000000000000, 0.000000000000000 ) );
#2840 = DIRECTION( '', ( -1.00000000000000, 0.000000000000000, 0.000000000000000 ) );
#2841 = DIRECTION( '', ( 0.000000000000000, 1.00000000000000, -2.44921270764475E-016 ) );
#2842 = CARTESIAN_POINT( '', ( 0.600000000000000, 0.000000000000000, 0.000000000000000 ) );
#2843 = DIRECTION( '', ( -1.00000000000000, 0.000000000000000, 0.000000000000000 ) );
#2844 = DIRECTION( '', ( 0.000000000000000, 1.00000000000000, -2.44921270764475E-016 ) );
#2845 = CARTESIAN_POINT( '', ( 0.600000000000000, -1.29808273505172E-015, 10.6000000000000 ) );
#2846 = DIRECTION( '', ( -0.000000000000000, -1.00000000000000, -1.22460635382238E-016 ) );
#2847 = DIRECTION( '', ( 0.000000000000000, -1.22460635382238E-016, 1.00000000000000 ) );
#2848 = CARTESIAN_POINT( '', ( 0.000000000000000, 0.000000000000000, 0.000000000000000 ) );
#2849 = DIRECTION( '', ( -1.00000000000000, 0.000000000000000, 0.000000000000000 ) );
#2850 = DIRECTION( '', ( 0.000000000000000, 1.00000000000000, -2.44921270764475E-016 ) );
#2851 = CARTESIAN_POINT( '', ( 0.000000000000000, 0.000000000000000, 0.000000000000000 ) );
#2852 = DIRECTION( '', ( -1.00000000000000, 0.000000000000000, 0.000000000000000 ) );
#2853 = DIRECTION( '', ( 0.000000000000000, 1.00000000000000, -2.44921270764475E-016 ) );
#2854 = CARTESIAN_POINT( '', ( 0.600000000000000, 1.29808273505172E-015, -10.6000000000000 ) );
#2855 = DIRECTION( '', ( 0.000000000000000, -1.00000000000000, -1.22460635382238E-016 ) );
#2856 = DIRECTION( '', ( 0.000000000000000, 1.22460635382238E-016, -1.00000000000000 ) );
#2857 = CARTESIAN_POINT( '', ( 0.600000000000000, 0.000000000000000, 0.000000000000000 ) );
#2858 = DIRECTION( '', ( -1.00000000000000, 0.000000000000000, 0.000000000000000 ) );
#2859 = DIRECTION( '', ( 0.000000000000000, 1.00000000000000, -2.44921270764475E-016 ) );
#2860 = DIRECTION( '', ( -1.00000000000000, 0.000000000000000, 0.000000000000000 ) );
#2861 = CARTESIAN_POINT( '', ( 0.600000000000000, 0.000000000000000, 0.000000000000000 ) );
#2862 = DIRECTION( '', ( -1.00000000000000, 0.000000000000000, 0.000000000000000 ) );
#2863 = DIRECTION( '', ( 0.000000000000000, 1.00000000000000, -2.44921270764475E-016 ) );
#2864 = DIRECTION( '', ( 1.00000000000000, -0.000000000000000, -0.000000000000000 ) );
#2865 = CARTESIAN_POINT( '', ( 0.000000000000000, 0.000000000000000, 0.000000000000000 ) );
#2866 = DIRECTION( '', ( -1.00000000000000, 0.000000000000000, 0.000000000000000 ) );
#2867 = DIRECTION( '', ( 0.000000000000000, 1.00000000000000, -2.44921270764475E-016 ) );
#2868 = DIRECTION( '', ( -1.00000000000000, -0.000000000000000, 0.000000000000000 ) );
#2869 = CARTESIAN_POINT( '', ( 0.600000000000000, 0.000000000000000, 0.000000000000000 ) );
#2870 = DIRECTION( '', ( -1.00000000000000, 0.000000000000000, 0.000000000000000 ) );
#2871 = DIRECTION( '', ( 0.000000000000000, 1.00000000000000, -2.44921270764475E-016 ) );
#2872 = DIRECTION( '', ( 1.00000000000000, -0.000000000000000, 0.000000000000000 ) );
#2873 = CARTESIAN_POINT( '', ( 0.000000000000000, 0.000000000000000, 0.000000000000000 ) );
#2874 = DIRECTION( '', ( -1.00000000000000, 0.000000000000000, 0.000000000000000 ) );
#2875 = DIRECTION( '', ( 0.000000000000000, 1.00000000000000, -2.44921270764475E-016 ) );
#2876 = DIRECTION( '', ( 1.00000000000000, -0.000000000000000, 0.000000000000000 ) );
#2877 = CARTESIAN_POINT( '', ( 0.000000000000000, 28.5000000000000, 0.000000000000000 ) );
#2878 = DIRECTION( '', ( 1.00000000000000, -0.000000000000000, 0.000000000000000 ) );
#2879 = DIRECTION( '', ( 0.000000000000000, 1.00000000000000, -2.44921270764468E-016 ) );
#2880 = DIRECTION( '', ( -1.00000000000000, -0.000000000000000, 0.000000000000000 ) );
#2881 = CARTESIAN_POINT( '', ( 8.70000000000000, 28.5000000000000, 0.000000000000000 ) );
#2882 = DIRECTION( '', ( -1.00000000000000, 0.000000000000000, 0.000000000000000 ) );
#2883 = DIRECTION( '', ( 0.000000000000000, 1.00000000000000, -2.44921270764468E-016 ) );
#2884 = DIRECTION( '', ( 1.00000000000000, -0.000000000000000, 0.000000000000000 ) );
#2885 = CARTESIAN_POINT( '', ( 8.70000000000000, 28.5000000000000, 0.000000000000000 ) );
#2886 = DIRECTION( '', ( -1.00000000000000, 0.000000000000000, 0.000000000000000 ) );
#2887 = DIRECTION( '', ( 0.000000000000000, 1.00000000000000, -2.44921270764468E-016 ) );
#2888 = DIRECTION( '', ( -1.00000000000000, -0.000000000000000, 0.000000000000000 ) );
#2889 = CARTESIAN_POINT( '', ( 12.0000000000000, 28.5000000000000, 0.000000000000000 ) );
#2890 = DIRECTION( '', ( -1.00000000000000, 0.000000000000000, -0.000000000000000 ) );
#2891 = DIRECTION( '', ( 0.000000000000000, 1.00000000000000, -2.44921270764468E-016 ) );
#2892 = DIRECTION( '', ( 1.00000000000000, -0.000000000000000, -0.000000000000000 ) );
#2893 = CARTESIAN_POINT( '', ( 0.000000000000000, 14.2500000000000, -24.6817240078565 ) );
#2894 = DIRECTION( '', ( 1.00000000000000, -0.000000000000000, 0.000000000000000 ) );
#2895 = DIRECTION( '', ( 0.000000000000000, 1.00000000000000, 0.000000000000000 ) );
#2896 = DIRECTION( '', ( -1.00000000000000, -0.000000000000000, 0.000000000000000 ) );
#2897 = CARTESIAN_POINT( '', ( 8.70000000000000, 14.2500000000000, -24.6817240078565 ) );
#2898 = DIRECTION( '', ( -1.00000000000000, 0.000000000000000, 0.000000000000000 ) );
#2899 = DIRECTION( '', ( 0.000000000000000, 1.00000000000000, 0.000000000000000 ) );
#2900 = DIRECTION( '', ( 1.00000000000000, -0.000000000000000, -0.000000000000000 ) );
#2901 = CARTESIAN_POINT( '', ( 8.70000000000000, 14.2500000000000, -24.6817240078565 ) );
#2902 = DIRECTION( '', ( -1.00000000000000, 0.000000000000000, 0.000000000000000 ) );
#2903 = DIRECTION( '', ( 0.000000000000000, 1.00000000000000, 0.000000000000000 ) );
#2904 = DIRECTION( '', ( -1.00000000000000, -0.000000000000000, 0.000000000000000 ) );
#2905 = CARTESIAN_POINT( '', ( 12.0000000000000, 14.2500000000000, -24.6817240078565 ) );
#2906 = DIRECTION( '', ( -1.00000000000000, 0.000000000000000, 0.000000000000000 ) );
#2907 = DIRECTION( '', ( 0.000000000000000, 1.00000000000000, 0.000000000000000 ) );
#2908 = DIRECTION( '', ( 1.00000000000000, -0.000000000000000, -0.000000000000000 ) );
#2909 = CARTESIAN_POINT( '', ( 0.000000000000000, -14.2500000000000, -24.6817240078565 ) );
#2910 = DIRECTION( '', ( 1.00000000000000, -0.000000000000000, 0.000000000000000 ) );
#2911 = DIRECTION( '', ( 0.000000000000000, 1.00000000000000, 0.000000000000000 ) );
#2912 = DIRECTION( '', ( -1.00000000000000, -0.000000000000000, 0.000000000000000 ) );
#2913 = CARTESIAN_POINT( '', ( 8.70000000000000, -14.2500000000000, -24.6817240078565 ) );
#2914 = DIRECTION( '', ( -1.00000000000000, 0.000000000000000, 0.000000000000000 ) );
#2915 = DIRECTION( '', ( 0.000000000000000, 1.00000000000000, 0.000000000000000 ) );
#2916 = DIRECTION( '', ( 1.00000000000000, -0.000000000000000, -0.000000000000000 ) );
#2917 = CARTESIAN_POINT( '', ( 8.70000000000000, -14.2500000000000, -24.6817240078565 ) );
#2918 = DIRECTION( '', ( -1.00000000000000, 0.000000000000000, 0.000000000000000 ) );
#2919 = DIRECTION( '', ( 0.000000000000000, 1.00000000000000, 0.000000000000000 ) );
#2920 = DIRECTION( '', ( -1.00000000000000, -0.000000000000000, 0.000000000000000 ) );
#2921 = CARTESIAN_POINT( '', ( 12.0000000000000, -14.2500000000000, -24.6817240078565 ) );
#2922 = DIRECTION( '', ( -1.00000000000000, 0.000000000000000, 0.000000000000000 ) );
#2923 = DIRECTION( '', ( 0.000000000000000, 1.00000000000000, 0.000000000000000 ) );
#2924 = DIRECTION( '', ( 1.00000000000000, -0.000000000000000, 0.000000000000000 ) );
#2925 = CARTESIAN_POINT( '', ( 0.000000000000000, -28.5000000000000, 1.24344978758018E-014 ) );
#2926 = DIRECTION( '', ( 1.00000000000000, -0.000000000000000, 0.000000000000000 ) );
#2927 = DIRECTION( '', ( 0.000000000000000, 1.00000000000000, -2.44921270764173E-016 ) );
#2928 = DIRECTION( '', ( -1.00000000000000, -0.000000000000000, 0.000000000000000 ) );
#2929 = CARTESIAN_POINT( '', ( 8.70000000000000, -28.5000000000000, 1.24344978758018E-014 ) );
#2930 = DIRECTION( '', ( -1.00000000000000, 0.000000000000000, 0.000000000000000 ) );
#2931 = DIRECTION( '', ( 0.000000000000000, 1.00000000000000, -2.44921270764173E-016 ) );
#2932 = DIRECTION( '', ( 1.00000000000000, -0.000000000000000, 0.000000000000000 ) );
#2933 = CARTESIAN_POINT( '', ( 8.70000000000000, -28.5000000000000, 1.24344978758018E-014 ) );
#2934 = DIRECTION( '', ( -1.00000000000000, 0.000000000000000, 0.000000000000000 ) );
#2935 = DIRECTION( '', ( 0.000000000000000, 1.00000000000000, -2.44921270764173E-016 ) );
#2936 = DIRECTION( '', ( -1.00000000000000, -0.000000000000000, 0.000000000000000 ) );
#2937 = CARTESIAN_POINT( '', ( 12.0000000000000, -28.5000000000000, 1.24344978758018E-014 ) );
#2938 = DIRECTION( '', ( -1.00000000000000, 0.000000000000000, -0.000000000000000 ) );
#2939 = DIRECTION( '', ( 0.000000000000000, 1.00000000000000, -2.44921270764173E-016 ) );
#2940 = DIRECTION( '', ( 1.00000000000000, -0.000000000000000, -0.000000000000000 ) );
#2941 = CARTESIAN_POINT( '', ( 0.000000000000000, -14.2500000000000, 24.6817240078565 ) );
#2942 = DIRECTION( '', ( 1.00000000000000, -0.000000000000000, 0.000000000000000 ) );
#2943 = DIRECTION( '', ( 0.000000000000000, 1.00000000000000, 0.000000000000000 ) );
#2944 = DIRECTION( '', ( -1.00000000000000, -0.000000000000000, 0.000000000000000 ) );
#2945 = CARTESIAN_POINT( '', ( 8.70000000000000, -14.2500000000000, 24.6817240078565 ) );
#2946 = DIRECTION( '', ( -1.00000000000000, 0.000000000000000, 0.000000000000000 ) );
#2947 = DIRECTION( '', ( 0.000000000000000, 1.00000000000000, 0.000000000000000 ) );
#2948 = DIRECTION( '', ( 1.00000000000000, -0.000000000000000, -0.000000000000000 ) );
#2949 = CARTESIAN_POINT( '', ( 8.70000000000000, -14.2500000000000, 24.6817240078565 ) );
#2950 = DIRECTION( '', ( -1.00000000000000, 0.000000000000000, 0.000000000000000 ) );
#2951 = DIRECTION( '', ( 0.000000000000000, 1.00000000000000, 0.000000000000000 ) );
#2952 = DIRECTION( '', ( -1.00000000000000, -0.000000000000000, 0.000000000000000 ) );
#2953 = CARTESIAN_POINT( '', ( 12.0000000000000, -14.2500000000000, 24.6817240078565 ) );
#2954 = DIRECTION( '', ( -1.00000000000000, 0.000000000000000, 0.000000000000000 ) );
#2955 = DIRECTION( '', ( 0.000000000000000, 1.00000000000000, 0.000000000000000 ) );
#2956 = DIRECTION( '', ( 1.00000000000000, -0.000000000000000, -0.000000000000000 ) );
#2957 = CARTESIAN_POINT( '', ( 0.000000000000000, 14.2500000000000, 24.6817240078565 ) );
#2958 = DIRECTION( '', ( 1.00000000000000, -0.000000000000000, 0.000000000000000 ) );
#2959 = DIRECTION( '', ( 0.000000000000000, 1.00000000000000, 0.000000000000000 ) );
#2960 = DIRECTION( '', ( -1.00000000000000, -0.000000000000000, 0.000000000000000 ) );
#2961 = CARTESIAN_POINT( '', ( 8.70000000000000, 14.2500000000000, 24.6817240078565 ) );
#2962 = DIRECTION( '', ( -1.00000000000000, 0.000000000000000, 0.000000000000000 ) );
#2963 = DIRECTION( '', ( 0.000000000000000, 1.00000000000000, 0.000000000000000 ) );
#2964 = DIRECTION( '', ( 1.00000000000000, -0.000000000000000, -0.000000000000000 ) );
#2965 = CARTESIAN_POINT( '', ( 8.70000000000000, 14.2500000000000, 24.6817240078565 ) );
#2966 = DIRECTION( '', ( -1.00000000000000, 0.000000000000000, 0.000000000000000 ) );
#2967 = DIRECTION( '', ( 0.000000000000000, 1.00000000000000, 0.000000000000000 ) );
#2968 = DIRECTION( '', ( -1.00000000000000, -0.000000000000000, 0.000000000000000 ) );
#2969 = CARTESIAN_POINT( '', ( 12.0000000000000, 14.2500000000000, 24.6817240078565 ) );
#2970 = DIRECTION( '', ( -1.00000000000000, 0.000000000000000, 0.000000000000000 ) );
#2971 = DIRECTION( '', ( 0.000000000000000, 1.00000000000000, 0.000000000000000 ) );
#2972 = DIRECTION( '', ( 0.707106781186548, -0.707106781186548, 8.65927457072470E-017 ) );
#2973 = CARTESIAN_POINT( '', ( 0.000000000000000, 14.0000000000000, 0.000000000000000 ) );
#2974 = DIRECTION( '', ( 1.00000000000000, -0.000000000000000, 0.000000000000000 ) );
#2975 = DIRECTION( '', ( 0.000000000000000, 1.00000000000000, -2.44921270764551E-016 ) );
#2976 = DIRECTION( '', ( -0.707106781186548, -0.707106781186548, 8.65927457072470E-017 ) );
#2977 = CARTESIAN_POINT( '', ( 0.270500000000000, 14.0000000000000, 0.000000000000000 ) );
#2978 = DIRECTION( '', ( -1.00000000000000, 0.000000000000000, 0.000000000000000 ) );
#2979 = DIRECTION( '', ( 0.000000000000000, 1.00000000000000, -2.44921270764551E-016 ) );
#2980 = DIRECTION( '', ( 1.00000000000000, -0.000000000000000, 0.000000000000000 ) );
#2981 = DIRECTION( '', ( -1.00000000000000, -0.000000000000000, 0.000000000000000 ) );
#2982 = CARTESIAN_POINT( '', ( 11.7295000000000, 14.0000000000000, 0.000000000000000 ) );
#2983 = DIRECTION( '', ( -1.00000000000000, 0.000000000000000, 0.000000000000000 ) );
#2984 = DIRECTION( '', ( 0.000000000000000, 1.00000000000000, -2.44921270764551E-016 ) );
#2985 = DIRECTION( '', ( 0.707106781186548, 0.707106781186548, -8.65927457072470E-017 ) );
#2986 = DIRECTION( '', ( -0.707106781186548, 0.707106781186548, -8.65927457072470E-017 ) );
#2987 = CARTESIAN_POINT( '', ( 12.0000000000000, 14.0000000000000, 0.000000000000000 ) );
#2988 = DIRECTION( '', ( -1.00000000000000, -1.75010526049286E-016, 4.28638004371504E-032 ) );
#2989 = DIRECTION( '', ( -1.75010526049286E-016, 1.00000000000000, -2.44921270764551E-016 ) );
#2990 = DIRECTION( '', ( 0.707106781186548, -0.707106781186548, -0.000000000000000 ) );
#2991 = CARTESIAN_POINT( '', ( 0.000000000000000, 6.99999999999999, -12.1243556529821 ) );
#2992 = DIRECTION( '', ( 1.00000000000000, -0.000000000000000, 0.000000000000000 ) );
#2993 = DIRECTION( '', ( 0.000000000000000, 1.00000000000000, 0.000000000000000 ) );
#2994 = DIRECTION( '', ( -0.707106781186548, -0.707106781186548, 0.000000000000000 ) );
#2995 = CARTESIAN_POINT( '', ( 0.270500000000000, 6.99999999999999, -12.1243556529821 ) );
#2996 = DIRECTION( '', ( -1.00000000000000, 0.000000000000000, 0.000000000000000 ) );
#2997 = DIRECTION( '', ( 0.000000000000000, 1.00000000000000, 0.000000000000000 ) );
#2998 = DIRECTION( '', ( 1.00000000000000, -0.000000000000000, -0.000000000000000 ) );
#2999 = DIRECTION( '', ( -1.00000000000000, -0.000000000000000, 0.000000000000000 ) );
#3000 = CARTESIAN_POINT( '', ( 11.7295000000000, 6.99999999999999, -12.1243556529821 ) );
#3001 = DIRECTION( '', ( -1.00000000000000, 0.000000000000000, 0.000000000000000 ) );
#3002 = DIRECTION( '', ( 0.000000000000000, 1.00000000000000, 0.000000000000000 ) );
#3003 = DIRECTION( '', ( 0.707106781186548, 0.707106781186548, 0.000000000000000 ) );
#3004 = DIRECTION( '', ( -0.707106781186548, 0.707106781186548, -0.000000000000000 ) );
#3005 = CARTESIAN_POINT( '', ( 12.0000000000000, 6.99999999999999, -12.1243556529821 ) );
#3006 = DIRECTION( '', ( -1.00000000000000, -1.75010526049286E-016, 4.28638004371504E-032 ) );
#3007 = DIRECTION( '', ( -1.75010526049286E-016, 1.00000000000000, 7.50161626297730E-048 ) );
#3008 = DIRECTION( '', ( 0.707106781186548, -0.707106781186548, -0.000000000000000 ) );
#3009 = CARTESIAN_POINT( '', ( 0.000000000000000, -7.00000000000001, -12.1243556529821 ) );
#3010 = DIRECTION( '', ( 1.00000000000000, -0.000000000000000, 0.000000000000000 ) );
#3011 = DIRECTION( '', ( 0.000000000000000, 1.00000000000000, 0.000000000000000 ) );
#3012 = DIRECTION( '', ( -0.707106781186548, -0.707106781186547, 0.000000000000000 ) );
#3013 = CARTESIAN_POINT( '', ( 0.270500000000000, -7.00000000000001, -12.1243556529821 ) );
#3014 = DIRECTION( '', ( -1.00000000000000, 0.000000000000000, 0.000000000000000 ) );
#3015 = DIRECTION( '', ( 0.000000000000000, 1.00000000000000, 0.000000000000000 ) );
#3016 = DIRECTION( '', ( 1.00000000000000, -0.000000000000000, -0.000000000000000 ) );
#3017 = DIRECTION( '', ( -1.00000000000000, -0.000000000000000, 0.000000000000000 ) );
#3018 = CARTESIAN_POINT( '', ( 11.7295000000000, -7.00000000000001, -12.1243556529821 ) );
#3019 = DIRECTION( '', ( -1.00000000000000, 0.000000000000000, 0.000000000000000 ) );
#3020 = DIRECTION( '', ( 0.000000000000000, 1.00000000000000, 0.000000000000000 ) );
#3021 = DIRECTION( '', ( 0.707106781186548, 0.707106781186548, 0.000000000000000 ) );
#3022 = DIRECTION( '', ( -0.707106781186548, 0.707106781186547, -0.000000000000000 ) );
#3023 = CARTESIAN_POINT( '', ( 12.0000000000000, -7.00000000000001, -12.1243556529821 ) );
#3024 = DIRECTION( '', ( -1.00000000000000, -1.75010526049286E-016, 4.28638004371504E-032 ) );
#3025 = DIRECTION( '', ( -1.75010526049286E-016, 1.00000000000000, 7.50161626297730E-048 ) );
#3026 = DIRECTION( '', ( 0.707106781186548, -0.707106781186548, 8.65927457072343E-017 ) );
#3027 = CARTESIAN_POINT( '', ( 0.000000000000000, -14.0000000000000, 4.44089209850063E-015 ) );
#3028 = DIRECTION( '', ( 1.00000000000000, -0.000000000000000, 0.000000000000000 ) );
#3029 = DIRECTION( '', ( 0.000000000000000, 1.00000000000000, -2.44921270764533E-016 ) );
#3030 = DIRECTION( '', ( -0.707106781186548, -0.707106781186548, 8.65927457072343E-017 ) );
#3031 = CARTESIAN_POINT( '', ( 0.270500000000000, -14.0000000000000, 4.44089209850063E-015 ) );
#3032 = DIRECTION( '', ( -1.00000000000000, 0.000000000000000, 0.000000000000000 ) );
#3033 = DIRECTION( '', ( 0.000000000000000, 1.00000000000000, -2.44921270764533E-016 ) );
#3034 = DIRECTION( '', ( 1.00000000000000, -0.000000000000000, 0.000000000000000 ) );
#3035 = DIRECTION( '', ( -1.00000000000000, -0.000000000000000, 0.000000000000000 ) );
#3036 = CARTESIAN_POINT( '', ( 11.7295000000000, -14.0000000000000, 4.44089209850063E-015 ) );
#3037 = DIRECTION( '', ( -1.00000000000000, 0.000000000000000, 0.000000000000000 ) );
#3038 = DIRECTION( '', ( 0.000000000000000, 1.00000000000000, -2.44921270764533E-016 ) );
#3039 = DIRECTION( '', ( 0.707106781186548, 0.707106781186548, -8.65927457072343E-017 ) );
#3040 = DIRECTION( '', ( -0.707106781186548, 0.707106781186548, -8.65927457072343E-017 ) );
#3041 = CARTESIAN_POINT( '', ( 12.0000000000000, -14.0000000000000, 4.44089209850063E-015 ) );
#3042 = DIRECTION( '', ( -1.00000000000000, -1.75010526049286E-016, 4.28638004371504E-032 ) );
#3043 = DIRECTION( '', ( -1.75010526049286E-016, 1.00000000000000, -2.44921270764533E-016 ) );
#3044 = DIRECTION( '', ( 0.707106781186548, -0.707106781186548, -0.000000000000000 ) );
#3045 = CARTESIAN_POINT( '', ( 0.000000000000000, -7.00000000000000, 12.1243556529821 ) );
#3046 = DIRECTION( '', ( 1.00000000000000, -0.000000000000000, 0.000000000000000 ) );
#3047 = DIRECTION( '', ( 0.000000000000000, 1.00000000000000, 0.000000000000000 ) );
#3048 = DIRECTION( '', ( -0.707106781186548, -0.707106781186547, 0.000000000000000 ) );
#3049 = CARTESIAN_POINT( '', ( 0.270500000000000, -7.00000000000000, 12.1243556529821 ) );
#3050 = DIRECTION( '', ( -1.00000000000000, 0.000000000000000, 0.000000000000000 ) );
#3051 = DIRECTION( '', ( 0.000000000000000, 1.00000000000000, 0.000000000000000 ) );
#3052 = DIRECTION( '', ( 1.00000000000000, -0.000000000000000, -0.000000000000000 ) );
#3053 = DIRECTION( '', ( -1.00000000000000, -0.000000000000000, 0.000000000000000 ) );
#3054 = CARTESIAN_POINT( '', ( 11.7295000000000, -7.00000000000000, 12.1243556529821 ) );
#3055 = DIRECTION( '', ( -1.00000000000000, 0.000000000000000, 0.000000000000000 ) );
#3056 = DIRECTION( '', ( 0.000000000000000, 1.00000000000000, 0.000000000000000 ) );
#3057 = DIRECTION( '', ( 0.707106781186548, 0.707106781186548, 0.000000000000000 ) );
#3058 = DIRECTION( '', ( -0.707106781186548, 0.707106781186547, -0.000000000000000 ) );
#3059 = CARTESIAN_POINT( '', ( 12.0000000000000, -7.00000000000000, 12.1243556529821 ) );
#3060 = DIRECTION( '', ( -1.00000000000000, -1.75010526049286E-016, 4.28638004371504E-032 ) );
#3061 = DIRECTION( '', ( -1.75010526049286E-016, 1.00000000000000, 7.50161626297730E-048 ) );
#3062 = DIRECTION( '', ( 0.707106781186548, -0.707106781186548, -0.000000000000000 ) );
#3063 = CARTESIAN_POINT( '', ( 0.000000000000000, 7.00000000000000, 12.1243556529821 ) );
#3064 = DIRECTION( '', ( 1.00000000000000, -0.000000000000000, 0.000000000000000 ) );
#3065 = DIRECTION( '', ( 0.000000000000000, 1.00000000000000, 0.000000000000000 ) );
#3066 = DIRECTION( '', ( -0.707106781186548, -0.707106781186548, 0.000000000000000 ) );
#3067 = CARTESIAN_POINT( '', ( 0.270500000000000, 7.00000000000000, 12.1243556529821 ) );
#3068 = DIRECTION( '', ( -1.00000000000000, 0.000000000000000, 0.000000000000000 ) );
#3069 = DIRECTION( '', ( 0.000000000000000, 1.00000000000000, 0.000000000000000 ) );
#3070 = DIRECTION( '', ( 1.00000000000000, -0.000000000000000, -0.000000000000000 ) );
#3071 = DIRECTION( '', ( -1.00000000000000, -0.000000000000000, 0.000000000000000 ) );
#3072 = CARTESIAN_POINT( '', ( 11.7295000000000, 7.00000000000000, 12.1243556529821 ) );
#3073 = DIRECTION( '', ( -1.00000000000000, 0.000000000000000, 0.000000000000000 ) );
#3074 = DIRECTION( '', ( 0.000000000000000, 1.00000000000000, 0.000000000000000 ) );
#3075 = DIRECTION( '', ( 0.707106781186548, 0.707106781186548, 0.000000000000000 ) );
#3076 = DIRECTION( '', ( -0.707106781186548, 0.707106781186548, -0.000000000000000 ) );
#3077 = CARTESIAN_POINT( '', ( 12.0000000000000, 7.00000000000000, 12.1243556529821 ) );
#3078 = DIRECTION( '', ( -1.00000000000000, -1.75010526049286E-016, 4.28638004371504E-032 ) );
#3079 = DIRECTION( '', ( -1.75010526049286E-016, 1.00000000000000, 7.50161626297730E-048 ) );
#3080 = DIRECTION( '', ( -0.000000000000000, -6.12303176911189E-017, -1.00000000000000 ) );
#3081 = DIRECTION( '', ( 0.000000000000000, 6.12303176911189E-017, 1.00000000000000 ) );
#3082 = CARTESIAN_POINT( '', ( 6.00000000000000, 1.57361916466175E-015, 25.7000000000000 ) );
#3083 = DIRECTION( '', ( 0.000000000000000, 6.12303176911189E-017, 1.00000000000000 ) );
#3084 = DIRECTION( '', ( 0.000000000000000, 1.00000000000000, -6.12303176911189E-017 ) );
#3085 = DIRECTION( '', ( -1.00000000000000, 0.000000000000000, 0.000000000000000 ) );
#3086 = CARTESIAN_POINT( '', ( 11.4000000000000, 0.000000000000000, 0.000000000000000 ) );
#3087 = DIRECTION( '', ( -1.00000000000000, 0.000000000000000, 0.000000000000000 ) );
#3088 = DIRECTION( '', ( 0.000000000000000, 1.00000000000000, -2.44921270764475E-016 ) );
#3089 = DIRECTION( '', ( 1.00000000000000, -0.000000000000000, -0.000000000000000 ) );
#3090 = CARTESIAN_POINT( '', ( 0.599999999999998, 0.000000000000000, 0.000000000000000 ) );
#3091 = DIRECTION( '', ( -1.00000000000000, 0.000000000000000, 0.000000000000000 ) );
#3092 = DIRECTION( '', ( 0.000000000000000, 1.00000000000000, -2.44921270764475E-016 ) );
#3093 = DIRECTION( '', ( -0.000000000000000, -6.12303176911189E-017, -1.00000000000000 ) );
#3094 = CARTESIAN_POINT( '', ( 6.00000000000000, -1.57361916466175E-015, -25.7000000000000 ) );
#3095 = DIRECTION( '', ( 0.000000000000000, 6.12303176911189E-017, 1.00000000000000 ) );
#3096 = DIRECTION( '', ( 0.000000000000000, 1.00000000000000, -6.12303176911189E-017 ) );
#3097 = DIRECTION( '', ( 0.000000000000000, 6.12303176911189E-017, 1.00000000000000 ) );
#3098 = CARTESIAN_POINT( '', ( 6.00000000000000, -1.57361916466175E-015, -25.7000000000000 ) );
#3099 = DIRECTION( '', ( 0.000000000000000, 6.12303176911189E-017, 1.00000000000000 ) );
#3100 = DIRECTION( '', ( 0.000000000000000, 1.00000000000000, -6.12303176911189E-017 ) );
#3101 = CARTESIAN_POINT( '', ( 0.599999999999998, 0.000000000000000, 0.000000000000000 ) );
#3102 = DIRECTION( '', ( -1.00000000000000, 0.000000000000000, 0.000000000000000 ) );
#3103 = DIRECTION( '', ( 0.000000000000000, 1.00000000000000, -2.44921270764475E-016 ) );
#3104 = CARTESIAN_POINT( '', ( 11.4000000000000, 0.000000000000000, 0.000000000000000 ) );
#3105 = DIRECTION( '', ( -1.00000000000000, 0.000000000000000, 0.000000000000000 ) );
#3106 = DIRECTION( '', ( 0.000000000000000, 1.00000000000000, -2.44921270764475E-016 ) );
#3107 = CARTESIAN_POINT( '', ( 6.00000000000000, 1.57361916466175E-015, 25.7000000000000 ) );
#3108 = DIRECTION( '', ( 0.000000000000000, 6.12303176911189E-017, 1.00000000000000 ) );
#3109 = DIRECTION( '', ( 0.000000000000000, 1.00000000000000, -6.12303176911189E-017 ) );
#3110 = CARTESIAN_POINT( '', ( 12.0000000000000, 7.00000000000000, 12.1243556529821 ) );
#3111 = DIRECTION( '', ( -1.00000000000000, -1.75010526049286E-016, 4.28638004371504E-032 ) );
#3112 = DIRECTION( '', ( -1.75010526049286E-016, 1.00000000000000, 7.50161626297730E-048 ) );
#3113 = CARTESIAN_POINT( '', ( 11.7295000000000, 7.00000000000000, 12.1243556529821 ) );
#3114 = DIRECTION( '', ( -1.00000000000000, 0.000000000000000, 0.000000000000000 ) );
#3115 = DIRECTION( '', ( 0.000000000000000, 1.00000000000000, 0.000000000000000 ) );
#3116 = CARTESIAN_POINT( '', ( 0.270500000000000, 7.00000000000000, 12.1243556529821 ) );
#3117 = DIRECTION( '', ( -1.00000000000000, 0.000000000000000, 0.000000000000000 ) );
#3118 = DIRECTION( '', ( 0.000000000000000, 1.00000000000000, 0.000000000000000 ) );
#3119 = CARTESIAN_POINT( '', ( 0.000000000000000, 7.00000000000000, 12.1243556529821 ) );
#3120 = DIRECTION( '', ( 1.00000000000000, -0.000000000000000, 0.000000000000000 ) );
#3121 = DIRECTION( '', ( 0.000000000000000, 1.00000000000000, 0.000000000000000 ) );
#3122 = CARTESIAN_POINT( '', ( 12.0000000000000, -7.00000000000000, 12.1243556529821 ) );
#3123 = DIRECTION( '', ( -1.00000000000000, -1.75010526049286E-016, 4.28638004371504E-032 ) );
#3124 = DIRECTION( '', ( -1.75010526049286E-016, 1.00000000000000, 7.50161626297730E-048 ) );
#3125 = CARTESIAN_POINT( '', ( 11.7295000000000, -7.00000000000000, 12.1243556529821 ) );
#3126 = DIRECTION( '', ( -1.00000000000000, 0.000000000000000, 0.000000000000000 ) );
#3127 = DIRECTION( '', ( 0.000000000000000, 1.00000000000000, 0.000000000000000 ) );
#3128 = CARTESIAN_POINT( '', ( 0.270500000000000, -7.00000000000000, 12.1243556529821 ) );
#3129 = DIRECTION( '', ( -1.00000000000000, 0.000000000000000, 0.000000000000000 ) );
#3130 = DIRECTION( '', ( 0.000000000000000, 1.00000000000000, 0.000000000000000 ) );
#3131 = CARTESIAN_POINT( '', ( 0.000000000000000, -7.00000000000000, 12.1243556529821 ) );
#3132 = DIRECTION( '', ( 1.00000000000000, -0.000000000000000, 0.000000000000000 ) );
#3133 = DIRECTION( '', ( 0.000000000000000, 1.00000000000000, 0.000000000000000 ) );
#3134 = CARTESIAN_POINT( '', ( 12.0000000000000, -14.0000000000000, 4.44089209850063E-015 ) );
#3135 = DIRECTION( '', ( -1.00000000000000, -1.75010526049286E-016, 4.28638004371504E-032 ) );
#3136 = DIRECTION( '', ( -1.75010526049286E-016, 1.00000000000000, -2.44921270764533E-016 ) );
#3137 = CARTESIAN_POINT( '', ( 11.7295000000000, -14.0000000000000, 4.44089209850063E-015 ) );
#3138 = DIRECTION( '', ( -1.00000000000000, 0.000000000000000, 0.000000000000000 ) );
#3139 = DIRECTION( '', ( 0.000000000000000, 1.00000000000000, -2.44921270764533E-016 ) );
#3140 = CARTESIAN_POINT( '', ( 0.270500000000000, -14.0000000000000, 4.44089209850063E-015 ) );
#3141 = DIRECTION( '', ( -1.00000000000000, 0.000000000000000, 0.000000000000000 ) );
#3142 = DIRECTION( '', ( 0.000000000000000, 1.00000000000000, -2.44921270764533E-016 ) );
#3143 = CARTESIAN_POINT( '', ( 0.000000000000000, -14.0000000000000, 4.44089209850063E-015 ) );
#3144 = DIRECTION( '', ( 1.00000000000000, -0.000000000000000, 0.000000000000000 ) );
#3145 = DIRECTION( '', ( 0.000000000000000, 1.00000000000000, -2.44921270764533E-016 ) );
#3146 = CARTESIAN_POINT( '', ( 12.0000000000000, -7.00000000000001, -12.1243556529821 ) );
#3147 = DIRECTION( '', ( -1.00000000000000, -1.75010526049286E-016, 4.28638004371504E-032 ) );
#3148 = DIRECTION( '', ( -1.75010526049286E-016, 1.00000000000000, 7.50161626297730E-048 ) );
#3149 = CARTESIAN_POINT( '', ( 11.7295000000000, -7.00000000000001, -12.1243556529821 ) );
#3150 = DIRECTION( '', ( -1.00000000000000, 0.000000000000000, 0.000000000000000 ) );
#3151 = DIRECTION( '', ( 0.000000000000000, 1.00000000000000, 0.000000000000000 ) );
#3152 = CARTESIAN_POINT( '', ( 0.270500000000000, -7.00000000000001, -12.1243556529821 ) );
#3153 = DIRECTION( '', ( -1.00000000000000, 0.000000000000000, 0.000000000000000 ) );
#3154 = DIRECTION( '', ( 0.000000000000000, 1.00000000000000, 0.000000000000000 ) );
#3155 = CARTESIAN_POINT( '', ( 0.000000000000000, -7.00000000000001, -12.1243556529821 ) );
#3156 = DIRECTION( '', ( 1.00000000000000, -0.000000000000000, 0.000000000000000 ) );
#3157 = DIRECTION( '', ( 0.000000000000000, 1.00000000000000, 0.000000000000000 ) );
#3158 = CARTESIAN_POINT( '', ( 12.0000000000000, 6.99999999999999, -12.1243556529821 ) );
#3159 = DIRECTION( '', ( -1.00000000000000, -1.75010526049286E-016, 4.28638004371504E-032 ) );
#3160 = DIRECTION( '', ( -1.75010526049286E-016, 1.00000000000000, 7.50161626297730E-048 ) );
#3161 = CARTESIAN_POINT( '', ( 11.7295000000000, 6.99999999999999, -12.1243556529821 ) );
#3162 = DIRECTION( '', ( -1.00000000000000, 0.000000000000000, 0.000000000000000 ) );
#3163 = DIRECTION( '', ( 0.000000000000000, 1.00000000000000, 0.000000000000000 ) );
#3164 = CARTESIAN_POINT( '', ( 0.270500000000000, 6.99999999999999, -12.1243556529821 ) );
#3165 = DIRECTION( '', ( -1.00000000000000, 0.000000000000000, 0.000000000000000 ) );
#3166 = DIRECTION( '', ( 0.000000000000000, 1.00000000000000, 0.000000000000000 ) );
#3167 = CARTESIAN_POINT( '', ( 0.000000000000000, 6.99999999999999, -12.1243556529821 ) );
#3168 = DIRECTION( '', ( 1.00000000000000, -0.000000000000000, 0.000000000000000 ) );
#3169 = DIRECTION( '', ( 0.000000000000000, 1.00000000000000, 0.000000000000000 ) );
#3170 = CARTESIAN_POINT( '', ( 12.0000000000000, 14.0000000000000, 0.000000000000000 ) );
#3171 = DIRECTION( '', ( -1.00000000000000, -1.75010526049286E-016, 4.28638004371504E-032 ) );
#3172 = DIRECTION( '', ( -1.75010526049286E-016, 1.00000000000000, -2.44921270764551E-016 ) );
#3173 = CARTESIAN_POINT( '', ( 11.7295000000000, 14.0000000000000, 0.000000000000000 ) );
#3174 = DIRECTION( '', ( -1.00000000000000, 0.000000000000000, 0.000000000000000 ) );
#3175 = DIRECTION( '', ( 0.000000000000000, 1.00000000000000, -2.44921270764551E-016 ) );
#3176 = CARTESIAN_POINT( '', ( 0.270500000000000, 14.0000000000000, 0.000000000000000 ) );
#3177 = DIRECTION( '', ( -1.00000000000000, 0.000000000000000, 0.000000000000000 ) );
#3178 = DIRECTION( '', ( 0.000000000000000, 1.00000000000000, -2.44921270764551E-016 ) );
#3179 = CARTESIAN_POINT( '', ( 0.000000000000000, 14.0000000000000, 0.000000000000000 ) );
#3180 = DIRECTION( '', ( 1.00000000000000, -0.000000000000000, 0.000000000000000 ) );
#3181 = DIRECTION( '', ( 0.000000000000000, 1.00000000000000, -2.44921270764551E-016 ) );
#3182 = CARTESIAN_POINT( '', ( 12.0000000000000, 14.2500000000000, 24.6817240078565 ) );
#3183 = DIRECTION( '', ( -1.00000000000000, 0.000000000000000, 0.000000000000000 ) );
#3184 = DIRECTION( '', ( 0.000000000000000, 1.00000000000000, 0.000000000000000 ) );
#3185 = CARTESIAN_POINT( '', ( 8.70000000000000, 14.2500000000000, 24.6817240078565 ) );
#3186 = DIRECTION( '', ( -1.00000000000000, 0.000000000000000, 0.000000000000000 ) );
#3187 = DIRECTION( '', ( 0.000000000000000, 1.00000000000000, 0.000000000000000 ) );
#3188 = CARTESIAN_POINT( '', ( 8.70000000000000, 14.2500000000000, 24.6817240078565 ) );
#3189 = DIRECTION( '', ( -1.00000000000000, 0.000000000000000, 0.000000000000000 ) );
#3190 = DIRECTION( '', ( 0.000000000000000, 1.00000000000000, 0.000000000000000 ) );
#3191 = CARTESIAN_POINT( '', ( 0.000000000000000, 14.2500000000000, 24.6817240078565 ) );
#3192 = DIRECTION( '', ( 1.00000000000000, -0.000000000000000, 0.000000000000000 ) );
#3193 = DIRECTION( '', ( 0.000000000000000, 1.00000000000000, 0.000000000000000 ) );
#3194 = CARTESIAN_POINT( '', ( 12.0000000000000, -14.2500000000000, 24.6817240078565 ) );
#3195 = DIRECTION( '', ( -1.00000000000000, 0.000000000000000, 0.000000000000000 ) );
#3196 = DIRECTION( '', ( 0.000000000000000, 1.00000000000000, 0.000000000000000 ) );
#3197 = CARTESIAN_POINT( '', ( 8.70000000000000, -14.2500000000000, 24.6817240078565 ) );
#3198 = DIRECTION( '', ( -1.00000000000000, 0.000000000000000, 0.000000000000000 ) );
#3199 = DIRECTION( '', ( 0.000000000000000, 1.00000000000000, 0.000000000000000 ) );
#3200 = CARTESIAN_POINT( '', ( 8.70000000000000, -14.2500000000000, 24.6817240078565 ) );
#3201 = DIRECTION( '', ( -1.00000000000000, 0.000000000000000, 0.000000000000000 ) );
#3202 = DIRECTION( '', ( 0.000000000000000, 1.00000000000000, 0.000000000000000 ) );
#3203 = CARTESIAN_POINT( '', ( 0.000000000000000, -14.2500000000000, 24.6817240078565 ) );
#3204 = DIRECTION( '', ( 1.00000000000000, -0.000000000000000, 0.000000000000000 ) );
#3205 = DIRECTION( '', ( 0.000000000000000, 1.00000000000000, 0.000000000000000 ) );
#3206 = CARTESIAN_POINT( '', ( 12.0000000000000, -28.5000000000000, 1.24344978758018E-014 ) );
#3207 = DIRECTION( '', ( -1.00000000000000, 0.000000000000000, -0.000000000000000 ) );
#3208 = DIRECTION( '', ( 0.000000000000000, 1.00000000000000, -2.44921270764173E-016 ) );
#3209 = CARTESIAN_POINT( '', ( 8.70000000000000, -28.5000000000000, 1.24344978758018E-014 ) );
#3210 = DIRECTION( '', ( -1.00000000000000, 0.000000000000000, 0.000000000000000 ) );
#3211 = DIRECTION( '', ( 0.000000000000000, 1.00000000000000, -2.44921270764173E-016 ) );
#3212 = CARTESIAN_POINT( '', ( 8.70000000000000, -28.5000000000000, 1.24344978758018E-014 ) );
#3213 = DIRECTION( '', ( -1.00000000000000, 0.000000000000000, 0.000000000000000 ) );
#3214 = DIRECTION( '', ( 0.000000000000000, 1.00000000000000, -2.44921270764173E-016 ) );
#3215 = CARTESIAN_POINT( '', ( 0.000000000000000, -28.5000000000000, 1.24344978758018E-014 ) );
#3216 = DIRECTION( '', ( 1.00000000000000, -0.000000000000000, 0.000000000000000 ) );
#3217 = DIRECTION( '', ( 0.000000000000000, 1.00000000000000, -2.44921270764173E-016 ) );
#3218 = CARTESIAN_POINT( '', ( 12.0000000000000, -14.2500000000000, -24.6817240078565 ) );
#3219 = DIRECTION( '', ( -1.00000000000000, 0.000000000000000, 0.000000000000000 ) );
#3220 = DIRECTION( '', ( 0.000000000000000, 1.00000000000000, 0.000000000000000 ) );
#3221 = CARTESIAN_POINT( '', ( 8.70000000000000, -14.2500000000000, -24.6817240078565 ) );
#3222 = DIRECTION( '', ( -1.00000000000000, 0.000000000000000, 0.000000000000000 ) );
#3223 = DIRECTION( '', ( 0.000000000000000, 1.00000000000000, 0.000000000000000 ) );
#3224 = CARTESIAN_POINT( '', ( 8.70000000000000, -14.2500000000000, -24.6817240078565 ) );
#3225 = DIRECTION( '', ( -1.00000000000000, 0.000000000000000, 0.000000000000000 ) );
#3226 = DIRECTION( '', ( 0.000000000000000, 1.00000000000000, 0.000000000000000 ) );
#3227 = CARTESIAN_POINT( '', ( 0.000000000000000, -14.2500000000000, -24.6817240078565 ) );
#3228 = DIRECTION( '', ( 1.00000000000000, -0.000000000000000, 0.000000000000000 ) );
#3229 = DIRECTION( '', ( 0.000000000000000, 1.00000000000000, 0.000000000000000 ) );
#3230 = CARTESIAN_POINT( '', ( 12.0000000000000, 14.2500000000000, -24.6817240078565 ) );
#3231 = DIRECTION( '', ( -1.00000000000000, 0.000000000000000, 0.000000000000000 ) );
#3232 = DIRECTION( '', ( 0.000000000000000, 1.00000000000000, 0.000000000000000 ) );
#3233 = CARTESIAN_POINT( '', ( 8.70000000000000, 14.2500000000000, -24.6817240078565 ) );
#3234 = DIRECTION( '', ( -1.00000000000000, 0.000000000000000, 0.000000000000000 ) );
#3235 = DIRECTION( '', ( 0.000000000000000, 1.00000000000000, 0.000000000000000 ) );
#3236 = CARTESIAN_POINT( '', ( 8.70000000000000, 14.2500000000000, -24.6817240078565 ) );
#3237 = DIRECTION( '', ( -1.00000000000000, 0.000000000000000, 0.000000000000000 ) );
#3238 = DIRECTION( '', ( 0.000000000000000, 1.00000000000000, 0.000000000000000 ) );
#3239 = CARTESIAN_POINT( '', ( 0.000000000000000, 14.2500000000000, -24.6817240078565 ) );
#3240 = DIRECTION( '', ( 1.00000000000000, -0.000000000000000, 0.000000000000000 ) );
#3241 = DIRECTION( '', ( 0.000000000000000, 1.00000000000000, 0.000000000000000 ) );
#3242 = CARTESIAN_POINT( '', ( 12.0000000000000, 28.5000000000000, 0.000000000000000 ) );
#3243 = DIRECTION( '', ( -1.00000000000000, 0.000000000000000, -0.000000000000000 ) );
#3244 = DIRECTION( '', ( 0.000000000000000, 1.00000000000000, -2.44921270764468E-016 ) );
#3245 = CARTESIAN_POINT( '', ( 8.70000000000000, 28.5000000000000, 0.000000000000000 ) );
#3246 = DIRECTION( '', ( -1.00000000000000, 0.000000000000000, 0.000000000000000 ) );
#3247 = DIRECTION( '', ( 0.000000000000000, 1.00000000000000, -2.44921270764468E-016 ) );
#3248 = CARTESIAN_POINT( '', ( 8.70000000000000, 28.5000000000000, 0.000000000000000 ) );
#3249 = DIRECTION( '', ( -1.00000000000000, 0.000000000000000, 0.000000000000000 ) );
#3250 = DIRECTION( '', ( 0.000000000000000, 1.00000000000000, -2.44921270764468E-016 ) );
#3251 = CARTESIAN_POINT( '', ( 0.000000000000000, 28.5000000000000, 0.000000000000000 ) );
#3252 = DIRECTION( '', ( 1.00000000000000, -0.000000000000000, 0.000000000000000 ) );
#3253 = DIRECTION( '', ( 0.000000000000000, 1.00000000000000, -2.44921270764468E-016 ) );
#3254 = CARTESIAN_POINT( '', ( 0.000000000000000, 0.000000000000000, 0.000000000000000 ) );
#3255 = DIRECTION( '', ( -1.00000000000000, 0.000000000000000, 0.000000000000000 ) );
#3256 = DIRECTION( '', ( 0.000000000000000, 1.00000000000000, -2.44921270764475E-016 ) );
#3257 = CARTESIAN_POINT( '', ( 0.600000000000000, 0.000000000000000, 0.000000000000000 ) );
#3258 = DIRECTION( '', ( -1.00000000000000, 0.000000000000000, 0.000000000000000 ) );
#3259 = DIRECTION( '', ( 0.000000000000000, 1.00000000000000, -2.44921270764475E-016 ) );
#3260 = CARTESIAN_POINT( '', ( 0.600000000000000, 0.000000000000000, 0.000000000000000 ) );
#3261 = DIRECTION( '', ( -1.00000000000000, 0.000000000000000, 0.000000000000000 ) );
#3262 = DIRECTION( '', ( 0.000000000000000, 1.00000000000000, -2.44921270764475E-016 ) );
#3263 = CARTESIAN_POINT( '', ( 0.000000000000000, 0.000000000000000, 0.000000000000000 ) );
#3264 = DIRECTION( '', ( -1.00000000000000, 0.000000000000000, 0.000000000000000 ) );
#3265 = DIRECTION( '', ( 0.000000000000000, 1.00000000000000, -2.44921270764475E-016 ) );
#3266 = CARTESIAN_POINT( '', ( 0.000000000000000, 0.000000000000000, 0.000000000000000 ) );
#3267 = DIRECTION( '', ( -1.00000000000000, 0.000000000000000, 0.000000000000000 ) );
#3268 = DIRECTION( '', ( 0.000000000000000, 1.00000000000000, -2.44921270764475E-016 ) );
#3269 = CARTESIAN_POINT( '', ( 0.600000000000000, 0.000000000000000, 0.000000000000000 ) );
#3270 = DIRECTION( '', ( -1.00000000000000, 0.000000000000000, 0.000000000000000 ) );
#3271 = DIRECTION( '', ( 0.000000000000000, 1.00000000000000, -2.44921270764475E-016 ) );
#3272 = CARTESIAN_POINT( '', ( 11.4000000000000, 0.000000000000000, 0.000000000000000 ) );
#3273 = DIRECTION( '', ( -1.00000000000000, 0.000000000000000, 0.000000000000000 ) );
#3274 = DIRECTION( '', ( 0.000000000000000, 1.00000000000000, -2.44921270764475E-016 ) );
#3275 = CARTESIAN_POINT( '', ( 12.0000000000000, 0.000000000000000, 0.000000000000000 ) );
#3276 = DIRECTION( '', ( -1.00000000000000, 0.000000000000000, 0.000000000000000 ) );
#3277 = DIRECTION( '', ( 0.000000000000000, 1.00000000000000, -2.44921270764475E-016 ) );
#3278 = CARTESIAN_POINT( '', ( 12.0000000000000, 0.000000000000000, 0.000000000000000 ) );
#3279 = DIRECTION( '', ( -1.00000000000000, 0.000000000000000, 0.000000000000000 ) );
#3280 = DIRECTION( '', ( 0.000000000000000, 1.00000000000000, -2.44921270764475E-016 ) );
#3281 = CARTESIAN_POINT( '', ( 11.4000000000000, 0.000000000000000, 0.000000000000000 ) );
#3282 = DIRECTION( '', ( -1.00000000000000, 0.000000000000000, 0.000000000000000 ) );
#3283 = DIRECTION( '', ( 0.000000000000000, 1.00000000000000, -2.44921270764475E-016 ) );
#3284 = CARTESIAN_POINT( '', ( 11.4000000000000, 0.000000000000000, 0.000000000000000 ) );
#3285 = DIRECTION( '', ( -1.00000000000000, 0.000000000000000, 0.000000000000000 ) );
#3286 = DIRECTION( '', ( 0.000000000000000, 1.00000000000000, -2.44921270764475E-016 ) );
#3287 = CARTESIAN_POINT( '', ( 12.0000000000000, 0.000000000000000, 0.000000000000000 ) );
#3288 = DIRECTION( '', ( -1.00000000000000, 0.000000000000000, 0.000000000000000 ) );
#3289 = DIRECTION( '', ( 0.000000000000000, 1.00000000000000, -2.44921270764475E-016 ) );
#3290 = CARTESIAN_POINT( '', ( 12.0000000000000, 0.000000000000000, 0.000000000000000 ) );
#3291 = DIRECTION( '', ( -1.00000000000000, 0.000000000000000, 0.000000000000000 ) );
#3292 = DIRECTION( '', ( 0.000000000000000, 1.00000000000000, -2.44921270764475E-016 ) );
#3293 = CARTESIAN_POINT( '', ( 0.000000000000000, 0.000000000000000, 0.000000000000000 ) );
#3294 = DIRECTION( '', ( -1.00000000000000, 0.000000000000000, 0.000000000000000 ) );
#3295 = DIRECTION( '', ( 0.000000000000000, 1.00000000000000, -2.44921270764475E-016 ) );
ENDSEC;
END-ISO-10303-21;
