ISO-10303-21;
HEADER;
FILE_DESCRIPTION( ( '' ), '1' );
FILE_NAME( 'C:/Users/Administrator/Desktop/step/RU85.stp', '2018-07-04T06:15:27', ( '' ), ( '' ), ' ', ' ', ' ' );
FILE_SCHEMA( ( 'CONFIG_CONTROL_DESIGN' ) );
ENDSEC;
DATA;
#1 = DESIGN_CONTEXT( '', #27, 'design' );
#2 = APPLICATION_PROTOCOL_DEFINITION( 'INTERNATIONAL STANDARD', 'config_control_design', 1994, #27 );
#3 = PRODUCT_CATEGORY_RELATIONSHIP( 'NONE', 'NONE', #28, #29 );
#4 = DATE_AND_TIME( #30, #31 );
#5 = DATE_TIME_ROLE( 'creation_date' );
#6 = DATE_TIME_ROLE( 'classification_date' );
#7 = PERSON_AND_ORGANIZATION_ROLE( 'creator' );
#8 = PERSON_AND_ORGANIZATION_ROLE( 'design_supplier' );
#9 = PERSON_AND_ORGANIZATION_ROLE( 'classification_officer' );
#10 = PERSON_AND_ORGANIZATION_ROLE( 'design_owner' );
#11 = APPROVAL_PERSON_ORGANIZATION( #32, #33, #34 );
#12 = APPROVAL_DATE_TIME( #4, #33 );
#13 = CC_DESIGN_APPROVAL( #33, ( #35, #36, #37 ) );
#14 = CC_DESIGN_DATE_AND_TIME_ASSIGNMENT( #4, #5, ( #37 ) );
#15 = CC_DESIGN_DATE_AND_TIME_ASSIGNMENT( #4, #6, ( #35 ) );
#16 = CC_DESIGN_PERSON_AND_ORGANIZATION_ASSIGNMENT( #32, #10, ( #38 ) );
#17 = CC_DESIGN_PERSON_AND_ORGANIZATION_ASSIGNMENT( #32, #7, ( #37 ) );
#18 = CC_DESIGN_PERSON_AND_ORGANIZATION_ASSIGNMENT( #32, #7, ( #36 ) );
#19 = CC_DESIGN_PERSON_AND_ORGANIZATION_ASSIGNMENT( #32, #8, ( #36 ) );
#20 = CC_DESIGN_SECURITY_CLASSIFICATION( #35, ( #36 ) );
#21 = CC_DESIGN_PERSON_AND_ORGANIZATION_ASSIGNMENT( #32, #9, ( #35 ) );
#22 = SHAPE_DEFINITION_REPRESENTATION( #39, #40 );
#23 =  ( GEOMETRIC_REPRESENTATION_CONTEXT( 3 )GLOBAL_UNCERTAINTY_ASSIGNED_CONTEXT( ( #43 ) )GLOBAL_UNIT_ASSIGNED_CONTEXT( ( #45, #46, #47 ) )REPRESENTATION_CONTEXT( 'NONE', 'WORKSPACE' ) );
#27 = APPLICATION_CONTEXT( 'CONFIGURATION CONTROLLED 3D DESIGNS OF MECHANICAL PARTS AND ASSEMBLIES' );
#28 = PRODUCT_CATEGORY( 'part', 'NONE' );
#29 = PRODUCT_RELATED_PRODUCT_CATEGORY( 'detail', ' ', ( #38 ) );
#30 = CALENDAR_DATE( 2018, 4, 6 );
#31 = LOCAL_TIME( 14, 15, 27.0000000000000, #49 );
#32 = PERSON_AND_ORGANIZATION( #50, #51 );
#33 = APPROVAL( #52, 'SOLID MODEL' );
#34 = APPROVAL_ROLE( 'APPROVED' );
#35 = SECURITY_CLASSIFICATION( '', '', #53 );
#36 = PRODUCT_DEFINITION_FORMATION_WITH_SPECIFIED_SOURCE( ' ', 'NONE', #38, .NOT_KNOWN. );
#37 = PRODUCT_DEFINITION( 'NONE', 'NONE', #36, #1 );
#38 = PRODUCT( '1', '1', 'PART-1-DESC', ( #54 ) );
#39 = PRODUCT_DEFINITION_SHAPE( 'NONE', 'NONE', #37 );
#40 = ADVANCED_BREP_SHAPE_REPRESENTATION( '1', ( #55, #56 ), #23 );
#43 = UNCERTAINTY_MEASURE_WITH_UNIT( LENGTH_MEASURE( 1.00000000000000E-006 ), #45, '', '' );
#45 =  ( CONVERSION_BASED_UNIT( 'MILLIMETRE', #59 )LENGTH_UNIT(  )NAMED_UNIT( #62 ) );
#46 =  ( NAMED_UNIT( #64 )PLANE_ANGLE_UNIT(  )SI_UNIT( $, .RADIAN. ) );
#47 =  ( NAMED_UNIT( #64 )SOLID_ANGLE_UNIT(  )SI_UNIT( $, .STERADIAN. ) );
#49 = COORDINATED_UNIVERSAL_TIME_OFFSET( 8, 0, .AHEAD. );
#50 = PERSON( '', 'UNSPECIFIED', $, $, $, $ );
#51 = ORGANIZATION( 'UNSPECIFIED', 'UNSPECIFIED', 'UNSPECIFIED' );
#52 = APPROVAL_STATUS( 'approved' );
#53 = SECURITY_CLASSIFICATION_LEVEL( 'unclassified' );
#54 = MECHANICAL_CONTEXT( '', #27, 'mechanical' );
#55 = MANIFOLD_SOLID_BREP( '1', #70 );
#56 = AXIS2_PLACEMENT_3D( '', #71, #72, #73 );
#59 = LENGTH_MEASURE_WITH_UNIT( LENGTH_MEASURE( 1.00000000000000 ), #74 );
#62 = DIMENSIONAL_EXPONENTS( 1.00000000000000, 0.000000000000000, 0.000000000000000, 0.000000000000000, 0.000000000000000, 0.000000000000000, 0.000000000000000 );
#64 = DIMENSIONAL_EXPONENTS( 0.000000000000000, 0.000000000000000, 0.000000000000000, 0.000000000000000, 0.000000000000000, 0.000000000000000, 0.000000000000000 );
#70 = CLOSED_SHELL( '', ( #75, #76, #77, #78, #79, #80, #81, #82, #83, #84, #85, #86, #87, #88, #89, #90, #91, #92, #93, #94, #95, #96, #97, #98, #99, #100, #101, #102, #103, #104, #105, #106, #107, #108, #109, #110, #111, #112, #113, #114, #115, #116, #117, #118, #119, #120, #121, #122, #123, #124, #125, #126, #127, #128, #129, #130, #131, #132, #133, #134, #135, #136, #137, #138, #139, #140, #141, #142, #143, #144, #145, #146, #147, #148, #149, #150, #151, #152, #153, #154, #155, #156, #157, #158, #159, #160, #161, #162, #163, #164, #165, #166, #167, #168, #169, #170, #171, #172, #173, #174, #175, #176, #177, #178, #179, #180, #181, #182, #183, #184, #185, #186, #187, #188, #189, #190, #191, #192, #193, #194 ) );
#71 = CARTESIAN_POINT( '', ( 0.000000000000000, 0.000000000000000, 0.000000000000000 ) );
#72 = DIRECTION( '', ( 0.000000000000000, 0.000000000000000, 1.00000000000000 ) );
#73 = DIRECTION( '', ( 1.00000000000000, 0.000000000000000, 0.000000000000000 ) );
#74 =  ( NAMED_UNIT( #62 )LENGTH_UNIT(  )SI_UNIT( .MILLI., .METRE. ) );
#75 = ADVANCED_FACE( '', ( #196 ), #197, .T. );
#76 = ADVANCED_FACE( '', ( #198 ), #199, .T. );
#77 = ADVANCED_FACE( '', ( #200 ), #201, .F. );
#78 = ADVANCED_FACE( '', ( #202 ), #203, .T. );
#79 = ADVANCED_FACE( '', ( #204 ), #205, .T. );
#80 = ADVANCED_FACE( '', ( #206 ), #207, .F. );
#81 = ADVANCED_FACE( '', ( #208 ), #209, .T. );
#82 = ADVANCED_FACE( '', ( #210 ), #211, .T. );
#83 = ADVANCED_FACE( '', ( #212 ), #213, .F. );
#84 = ADVANCED_FACE( '', ( #214 ), #215, .F. );
#85 = ADVANCED_FACE( '', ( #216 ), #217, .F. );
#86 = ADVANCED_FACE( '', ( #218 ), #219, .F. );
#87 = ADVANCED_FACE( '', ( #220 ), #221, .F. );
#88 = ADVANCED_FACE( '', ( #222 ), #223, .F. );
#89 = ADVANCED_FACE( '', ( #224 ), #225, .F. );
#90 = ADVANCED_FACE( '', ( #226 ), #227, .F. );
#91 = ADVANCED_FACE( '', ( #228 ), #229, .F. );
#92 = ADVANCED_FACE( '', ( #230 ), #231, .F. );
#93 = ADVANCED_FACE( '', ( #232 ), #233, .F. );
#94 = ADVANCED_FACE( '', ( #234 ), #235, .F. );
#95 = ADVANCED_FACE( '', ( #236 ), #237, .F. );
#96 = ADVANCED_FACE( '', ( #238 ), #239, .F. );
#97 = ADVANCED_FACE( '', ( #240 ), #241, .F. );
#98 = ADVANCED_FACE( '', ( #242 ), #243, .F. );
#99 = ADVANCED_FACE( '', ( #244 ), #245, .F. );
#100 = ADVANCED_FACE( '', ( #246 ), #247, .F. );
#101 = ADVANCED_FACE( '', ( #248 ), #249, .F. );
#102 = ADVANCED_FACE( '', ( #250 ), #251, .F. );
#103 = ADVANCED_FACE( '', ( #252 ), #253, .F. );
#104 = ADVANCED_FACE( '', ( #254 ), #255, .F. );
#105 = ADVANCED_FACE( '', ( #256 ), #257, .F. );
#106 = ADVANCED_FACE( '', ( #258 ), #259, .F. );
#107 = ADVANCED_FACE( '', ( #260 ), #261, .F. );
#108 = ADVANCED_FACE( '', ( #262 ), #263, .F. );
#109 = ADVANCED_FACE( '', ( #264 ), #265, .F. );
#110 = ADVANCED_FACE( '', ( #266 ), #267, .F. );
#111 = ADVANCED_FACE( '', ( #268 ), #269, .F. );
#112 = ADVANCED_FACE( '', ( #270 ), #271, .F. );
#113 = ADVANCED_FACE( '', ( #272 ), #273, .F. );
#114 = ADVANCED_FACE( '', ( #274 ), #275, .F. );
#115 = ADVANCED_FACE( '', ( #276 ), #277, .F. );
#116 = ADVANCED_FACE( '', ( #278 ), #279, .F. );
#117 = ADVANCED_FACE( '', ( #280 ), #281, .F. );
#118 = ADVANCED_FACE( '', ( #282 ), #283, .F. );
#119 = ADVANCED_FACE( '', ( #284 ), #285, .F. );
#120 = ADVANCED_FACE( '', ( #286 ), #287, .F. );
#121 = ADVANCED_FACE( '', ( #288 ), #289, .F. );
#122 = ADVANCED_FACE( '', ( #290 ), #291, .F. );
#123 = ADVANCED_FACE( '', ( #292 ), #293, .F. );
#124 = ADVANCED_FACE( '', ( #294 ), #295, .F. );
#125 = ADVANCED_FACE( '', ( #296, #297 ), #298, .T. );
#126 = ADVANCED_FACE( '', ( #299 ), #300, .F. );
#127 = ADVANCED_FACE( '', ( #301 ), #302, .F. );
#128 = ADVANCED_FACE( '', ( #303 ), #304, .F. );
#129 = ADVANCED_FACE( '', ( #305, #306 ), #307, .T. );
#130 = ADVANCED_FACE( '', ( #308 ), #309, .F. );
#131 = ADVANCED_FACE( '', ( #310 ), #311, .F. );
#132 = ADVANCED_FACE( '', ( #312 ), #313, .F. );
#133 = ADVANCED_FACE( '', ( #314 ), #315, .F. );
#134 = ADVANCED_FACE( '', ( #316 ), #317, .F. );
#135 = ADVANCED_FACE( '', ( #318 ), #319, .F. );
#136 = ADVANCED_FACE( '', ( #320 ), #321, .F. );
#137 = ADVANCED_FACE( '', ( #322 ), #323, .F. );
#138 = ADVANCED_FACE( '', ( #324 ), #325, .F. );
#139 = ADVANCED_FACE( '', ( #326 ), #327, .F. );
#140 = ADVANCED_FACE( '', ( #328 ), #329, .F. );
#141 = ADVANCED_FACE( '', ( #330 ), #331, .F. );
#142 = ADVANCED_FACE( '', ( #332 ), #333, .F. );
#143 = ADVANCED_FACE( '', ( #334 ), #335, .F. );
#144 = ADVANCED_FACE( '', ( #336 ), #337, .F. );
#145 = ADVANCED_FACE( '', ( #338 ), #339, .F. );
#146 = ADVANCED_FACE( '', ( #340 ), #341, .F. );
#147 = ADVANCED_FACE( '', ( #342 ), #343, .F. );
#148 = ADVANCED_FACE( '', ( #344 ), #345, .F. );
#149 = ADVANCED_FACE( '', ( #346 ), #347, .F. );
#150 = ADVANCED_FACE( '', ( #348 ), #349, .F. );
#151 = ADVANCED_FACE( '', ( #350 ), #351, .F. );
#152 = ADVANCED_FACE( '', ( #352 ), #353, .F. );
#153 = ADVANCED_FACE( '', ( #354 ), #355, .F. );
#154 = ADVANCED_FACE( '', ( #356 ), #357, .F. );
#155 = ADVANCED_FACE( '', ( #358 ), #359, .F. );
#156 = ADVANCED_FACE( '', ( #360 ), #361, .F. );
#157 = ADVANCED_FACE( '', ( #362, #363 ), #364, .F. );
#158 = ADVANCED_FACE( '', ( #365 ), #366, .F. );
#159 = ADVANCED_FACE( '', ( #367 ), #368, .F. );
#160 = ADVANCED_FACE( '', ( #369, #370 ), #371, .F. );
#161 = ADVANCED_FACE( '', ( #372 ), #373, .F. );
#162 = ADVANCED_FACE( '', ( #374 ), #375, .F. );
#163 = ADVANCED_FACE( '', ( #376, #377 ), #378, .F. );
#164 = ADVANCED_FACE( '', ( #379 ), #380, .F. );
#165 = ADVANCED_FACE( '', ( #381 ), #382, .F. );
#166 = ADVANCED_FACE( '', ( #383, #384 ), #385, .F. );
#167 = ADVANCED_FACE( '', ( #386 ), #387, .F. );
#168 = ADVANCED_FACE( '', ( #388 ), #389, .F. );
#169 = ADVANCED_FACE( '', ( #390, #391 ), #392, .F. );
#170 = ADVANCED_FACE( '', ( #393 ), #394, .F. );
#171 = ADVANCED_FACE( '', ( #395 ), #396, .F. );
#172 = ADVANCED_FACE( '', ( #397, #398 ), #399, .F. );
#173 = ADVANCED_FACE( '', ( #400 ), #401, .F. );
#174 = ADVANCED_FACE( '', ( #402 ), #403, .F. );
#175 = ADVANCED_FACE( '', ( #404, #405 ), #406, .F. );
#176 = ADVANCED_FACE( '', ( #407 ), #408, .F. );
#177 = ADVANCED_FACE( '', ( #409 ), #410, .F. );
#178 = ADVANCED_FACE( '', ( #411, #412 ), #413, .F. );
#179 = ADVANCED_FACE( '', ( #414 ), #415, .F. );
#180 = ADVANCED_FACE( '', ( #416 ), #417, .F. );
#181 = ADVANCED_FACE( '', ( #418, #419 ), #420, .T. );
#182 = ADVANCED_FACE( '', ( #421 ), #422, .T. );
#183 = ADVANCED_FACE( '', ( #423, #424, #425, #426, #427, #428, #429, #430, #431, #432 ), #433, .T. );
#184 = ADVANCED_FACE( '', ( #434 ), #435, .T. );
#185 = ADVANCED_FACE( '', ( #436 ), #437, .F. );
#186 = ADVANCED_FACE( '', ( #438 ), #439, .T. );
#187 = ADVANCED_FACE( '', ( #440, #441, #442, #443, #444, #445, #446, #447, #448, #449 ), #450, .T. );
#188 = ADVANCED_FACE( '', ( #451 ), #452, .T. );
#189 = ADVANCED_FACE( '', ( #453, #454 ), #455, .T. );
#190 = ADVANCED_FACE( '', ( #456 ), #457, .F. );
#191 = ADVANCED_FACE( '', ( #458, #459, #460, #461, #462, #463, #464, #465, #466, #467 ), #468, .T. );
#192 = ADVANCED_FACE( '', ( #469 ), #470, .T. );
#193 = ADVANCED_FACE( '', ( #471 ), #472, .T. );
#194 = ADVANCED_FACE( '', ( #473, #474, #475, #476, #477, #478, #479, #480, #481, #482 ), #483, .T. );
#196 = FACE_OUTER_BOUND( '', #484, .T. );
#197 = TOROIDAL_SURFACE( '', #485, 59.4000000000000, 0.600000000000001 );
#198 = FACE_OUTER_BOUND( '', #486, .T. );
#199 = TOROIDAL_SURFACE( '', #487, 59.4000000000000, 0.600000000000001 );
#200 = FACE_OUTER_BOUND( '', #488, .T. );
#201 = CYLINDRICAL_SURFACE( '', #489, 44.8333333333333 );
#202 = FACE_OUTER_BOUND( '', #490, .T. );
#203 = CYLINDRICAL_SURFACE( '', #491, 42.5000000000000 );
#204 = FACE_OUTER_BOUND( '', #492, .T. );
#205 = TOROIDAL_SURFACE( '', #493, 28.1000000000000, 0.600000000000001 );
#206 = FACE_OUTER_BOUND( '', #494, .T. );
#207 = CYLINDRICAL_SURFACE( '', #495, 27.5000000000000 );
#208 = FACE_OUTER_BOUND( '', #496, .T. );
#209 = TOROIDAL_SURFACE( '', #497, 28.1000000000000, 0.600000000000004 );
#210 = FACE_OUTER_BOUND( '', #498, .T. );
#211 = CYLINDRICAL_SURFACE( '', #499, 42.5000000000000 );
#212 = FACE_OUTER_BOUND( '', #500, .T. );
#213 = CYLINDRICAL_SURFACE( '', #501, 44.8333333333333 );
#214 = FACE_OUTER_BOUND( '', #502, .T. );
#215 = CYLINDRICAL_SURFACE( '', #503, 2.75000000000000 );
#216 = FACE_OUTER_BOUND( '', #504, .T. );
#217 = CYLINDRICAL_SURFACE( '', #505, 4.75000000000000 );
#218 = FACE_OUTER_BOUND( '', #506, .T. );
#219 = CYLINDRICAL_SURFACE( '', #507, 2.75000000000000 );
#220 = FACE_OUTER_BOUND( '', #508, .T. );
#221 = CYLINDRICAL_SURFACE( '', #509, 4.75000000000000 );
#222 = FACE_OUTER_BOUND( '', #510, .T. );
#223 = CYLINDRICAL_SURFACE( '', #511, 2.75000000000000 );
#224 = FACE_OUTER_BOUND( '', #512, .T. );
#225 = CYLINDRICAL_SURFACE( '', #513, 4.75000000000000 );
#226 = FACE_OUTER_BOUND( '', #514, .T. );
#227 = CYLINDRICAL_SURFACE( '', #515, 2.75000000000000 );
#228 = FACE_OUTER_BOUND( '', #516, .T. );
#229 = CYLINDRICAL_SURFACE( '', #517, 4.75000000000000 );
#230 = FACE_OUTER_BOUND( '', #518, .T. );
#231 = CYLINDRICAL_SURFACE( '', #519, 2.75000000000000 );
#232 = FACE_OUTER_BOUND( '', #520, .T. );
#233 = CYLINDRICAL_SURFACE( '', #521, 4.75000000000000 );
#234 = FACE_OUTER_BOUND( '', #522, .T. );
#235 = CYLINDRICAL_SURFACE( '', #523, 2.75000000000000 );
#236 = FACE_OUTER_BOUND( '', #524, .T. );
#237 = CYLINDRICAL_SURFACE( '', #525, 4.75000000000000 );
#238 = FACE_OUTER_BOUND( '', #526, .T. );
#239 = CYLINDRICAL_SURFACE( '', #527, 2.75000000000000 );
#240 = FACE_OUTER_BOUND( '', #528, .T. );
#241 = CYLINDRICAL_SURFACE( '', #529, 4.75000000000000 );
#242 = FACE_OUTER_BOUND( '', #530, .T. );
#243 = CYLINDRICAL_SURFACE( '', #531, 2.75000000000000 );
#244 = FACE_OUTER_BOUND( '', #532, .T. );
#245 = CYLINDRICAL_SURFACE( '', #533, 4.75000000000000 );
#246 = FACE_OUTER_BOUND( '', #534, .T. );
#247 = CONICAL_SURFACE( '', #535, 2.28350000000000, 0.785398163397448 );
#248 = FACE_OUTER_BOUND( '', #536, .T. );
#249 = CYLINDRICAL_SURFACE( '', #537, 2.06700000000000 );
#250 = FACE_OUTER_BOUND( '', #538, .T. );
#251 = CONICAL_SURFACE( '', #539, 2.28350000000000, 0.785398163397448 );
#252 = FACE_OUTER_BOUND( '', #540, .T. );
#253 = CONICAL_SURFACE( '', #541, 2.28350000000000, 0.785398163397448 );
#254 = FACE_OUTER_BOUND( '', #542, .T. );
#255 = CYLINDRICAL_SURFACE( '', #543, 2.06700000000000 );
#256 = FACE_OUTER_BOUND( '', #544, .T. );
#257 = CONICAL_SURFACE( '', #545, 2.28350000000000, 0.785398163397448 );
#258 = FACE_OUTER_BOUND( '', #546, .T. );
#259 = CONICAL_SURFACE( '', #547, 2.28350000000000, 0.785398163397448 );
#260 = FACE_OUTER_BOUND( '', #548, .T. );
#261 = CYLINDRICAL_SURFACE( '', #549, 2.06700000000000 );
#262 = FACE_OUTER_BOUND( '', #550, .T. );
#263 = CONICAL_SURFACE( '', #551, 2.28350000000000, 0.785398163397448 );
#264 = FACE_OUTER_BOUND( '', #552, .T. );
#265 = CONICAL_SURFACE( '', #553, 2.28350000000000, 0.785398163397448 );
#266 = FACE_OUTER_BOUND( '', #554, .T. );
#267 = CYLINDRICAL_SURFACE( '', #555, 2.06700000000000 );
#268 = FACE_OUTER_BOUND( '', #556, .T. );
#269 = CONICAL_SURFACE( '', #557, 2.28350000000000, 0.785398163397448 );
#270 = FACE_OUTER_BOUND( '', #558, .T. );
#271 = CONICAL_SURFACE( '', #559, 2.28350000000000, 0.785398163397448 );
#272 = FACE_OUTER_BOUND( '', #560, .T. );
#273 = CYLINDRICAL_SURFACE( '', #561, 2.06700000000000 );
#274 = FACE_OUTER_BOUND( '', #562, .T. );
#275 = CONICAL_SURFACE( '', #563, 2.28350000000000, 0.785398163397448 );
#276 = FACE_OUTER_BOUND( '', #564, .T. );
#277 = CONICAL_SURFACE( '', #565, 2.28350000000000, 0.785398163397448 );
#278 = FACE_OUTER_BOUND( '', #566, .T. );
#279 = CYLINDRICAL_SURFACE( '', #567, 2.06700000000000 );
#280 = FACE_OUTER_BOUND( '', #568, .T. );
#281 = CONICAL_SURFACE( '', #569, 2.28350000000000, 0.785398163397448 );
#282 = FACE_OUTER_BOUND( '', #570, .T. );
#283 = CONICAL_SURFACE( '', #571, 2.28350000000000, 0.785398163397448 );
#284 = FACE_OUTER_BOUND( '', #572, .T. );
#285 = CYLINDRICAL_SURFACE( '', #573, 2.06700000000000 );
#286 = FACE_OUTER_BOUND( '', #574, .T. );
#287 = CONICAL_SURFACE( '', #575, 2.28350000000000, 0.785398163397448 );
#288 = FACE_OUTER_BOUND( '', #576, .T. );
#289 = CONICAL_SURFACE( '', #577, 2.28350000000000, 0.785398163397448 );
#290 = FACE_OUTER_BOUND( '', #578, .T. );
#291 = CYLINDRICAL_SURFACE( '', #579, 2.06700000000000 );
#292 = FACE_OUTER_BOUND( '', #580, .T. );
#293 = CONICAL_SURFACE( '', #581, 2.28350000000000, 0.785398163397448 );
#294 = FACE_OUTER_BOUND( '', #582, .T. );
#295 = CYLINDRICAL_SURFACE( '', #583, 1.55000000000000 );
#296 = FACE_OUTER_BOUND( '', #584, .T. );
#297 = FACE_BOUND( '', #585, .T. );
#298 = CYLINDRICAL_SURFACE( '', #586, 60.0000000000000 );
#299 = FACE_OUTER_BOUND( '', #587, .T. );
#300 = CYLINDRICAL_SURFACE( '', #588, 1.54999999999999 );
#301 = FACE_OUTER_BOUND( '', #589, .T. );
#302 = CYLINDRICAL_SURFACE( '', #590, 1.54999999999999 );
#303 = FACE_OUTER_BOUND( '', #591, .T. );
#304 = PLANE( '', #592 );
#305 = FACE_OUTER_BOUND( '', #593, .T. );
#306 = FACE_BOUND( '', #594, .T. );
#307 = CYLINDRICAL_SURFACE( '', #595, 60.0000000000000 );
#308 = FACE_OUTER_BOUND( '', #596, .T. );
#309 = PLANE( '', #597 );
#310 = FACE_OUTER_BOUND( '', #598, .T. );
#311 = CYLINDRICAL_SURFACE( '', #599, 1.55000000000000 );
#312 = FACE_OUTER_BOUND( '', #600, .T. );
#313 = CONICAL_SURFACE( '', #601, 2.28350000000000, 0.785398163397448 );
#314 = FACE_OUTER_BOUND( '', #602, .T. );
#315 = CYLINDRICAL_SURFACE( '', #603, 2.06700000000000 );
#316 = FACE_OUTER_BOUND( '', #604, .T. );
#317 = CONICAL_SURFACE( '', #605, 2.28350000000000, 0.785398163397448 );
#318 = FACE_OUTER_BOUND( '', #606, .T. );
#319 = CONICAL_SURFACE( '', #607, 2.28350000000000, 0.785398163397448 );
#320 = FACE_OUTER_BOUND( '', #608, .T. );
#321 = CYLINDRICAL_SURFACE( '', #609, 2.06700000000000 );
#322 = FACE_OUTER_BOUND( '', #610, .T. );
#323 = CONICAL_SURFACE( '', #611, 2.28350000000000, 0.785398163397448 );
#324 = FACE_OUTER_BOUND( '', #612, .T. );
#325 = CONICAL_SURFACE( '', #613, 2.28350000000000, 0.785398163397448 );
#326 = FACE_OUTER_BOUND( '', #614, .T. );
#327 = CYLINDRICAL_SURFACE( '', #615, 2.06700000000000 );
#328 = FACE_OUTER_BOUND( '', #616, .T. );
#329 = CONICAL_SURFACE( '', #617, 2.28350000000000, 0.785398163397448 );
#330 = FACE_OUTER_BOUND( '', #618, .T. );
#331 = CONICAL_SURFACE( '', #619, 2.28350000000000, 0.785398163397448 );
#332 = FACE_OUTER_BOUND( '', #620, .T. );
#333 = CYLINDRICAL_SURFACE( '', #621, 2.06700000000000 );
#334 = FACE_OUTER_BOUND( '', #622, .T. );
#335 = CONICAL_SURFACE( '', #623, 2.28350000000000, 0.785398163397448 );
#336 = FACE_OUTER_BOUND( '', #624, .T. );
#337 = CONICAL_SURFACE( '', #625, 2.28350000000000, 0.785398163397448 );
#338 = FACE_OUTER_BOUND( '', #626, .T. );
#339 = CYLINDRICAL_SURFACE( '', #627, 2.06700000000000 );
#340 = FACE_OUTER_BOUND( '', #628, .T. );
#341 = CONICAL_SURFACE( '', #629, 2.28350000000000, 0.785398163397448 );
#342 = FACE_OUTER_BOUND( '', #630, .T. );
#343 = CONICAL_SURFACE( '', #631, 2.28350000000000, 0.785398163397448 );
#344 = FACE_OUTER_BOUND( '', #632, .T. );
#345 = CYLINDRICAL_SURFACE( '', #633, 2.06700000000000 );
#346 = FACE_OUTER_BOUND( '', #634, .T. );
#347 = CONICAL_SURFACE( '', #635, 2.28350000000000, 0.785398163397448 );
#348 = FACE_OUTER_BOUND( '', #636, .T. );
#349 = CONICAL_SURFACE( '', #637, 2.28350000000000, 0.785398163397448 );
#350 = FACE_OUTER_BOUND( '', #638, .T. );
#351 = CYLINDRICAL_SURFACE( '', #639, 2.06700000000000 );
#352 = FACE_OUTER_BOUND( '', #640, .T. );
#353 = CONICAL_SURFACE( '', #641, 2.28350000000000, 0.785398163397448 );
#354 = FACE_OUTER_BOUND( '', #642, .T. );
#355 = CONICAL_SURFACE( '', #643, 2.28350000000000, 0.785398163397448 );
#356 = FACE_OUTER_BOUND( '', #644, .T. );
#357 = CYLINDRICAL_SURFACE( '', #645, 2.06700000000000 );
#358 = FACE_OUTER_BOUND( '', #646, .T. );
#359 = CONICAL_SURFACE( '', #647, 2.28350000000000, 0.785398163397448 );
#360 = FACE_OUTER_BOUND( '', #648, .T. );
#361 = CYLINDRICAL_SURFACE( '', #649, 4.75000000000000 );
#362 = FACE_BOUND( '', #650, .T. );
#363 = FACE_OUTER_BOUND( '', #651, .T. );
#364 = PLANE( '', #652 );
#365 = FACE_OUTER_BOUND( '', #653, .T. );
#366 = CYLINDRICAL_SURFACE( '', #654, 2.75000000000000 );
#367 = FACE_OUTER_BOUND( '', #655, .T. );
#368 = CYLINDRICAL_SURFACE( '', #656, 4.75000000000000 );
#369 = FACE_BOUND( '', #657, .T. );
#370 = FACE_OUTER_BOUND( '', #658, .T. );
#371 = PLANE( '', #659 );
#372 = FACE_OUTER_BOUND( '', #660, .T. );
#373 = CYLINDRICAL_SURFACE( '', #661, 2.75000000000000 );
#374 = FACE_OUTER_BOUND( '', #662, .T. );
#375 = CYLINDRICAL_SURFACE( '', #663, 4.75000000000000 );
#376 = FACE_BOUND( '', #664, .T. );
#377 = FACE_OUTER_BOUND( '', #665, .T. );
#378 = PLANE( '', #666 );
#379 = FACE_OUTER_BOUND( '', #667, .T. );
#380 = CYLINDRICAL_SURFACE( '', #668, 2.75000000000000 );
#381 = FACE_OUTER_BOUND( '', #669, .T. );
#382 = CYLINDRICAL_SURFACE( '', #670, 4.75000000000000 );
#383 = FACE_BOUND( '', #671, .T. );
#384 = FACE_OUTER_BOUND( '', #672, .T. );
#385 = PLANE( '', #673 );
#386 = FACE_OUTER_BOUND( '', #674, .T. );
#387 = CYLINDRICAL_SURFACE( '', #675, 2.75000000000000 );
#388 = FACE_OUTER_BOUND( '', #676, .T. );
#389 = CYLINDRICAL_SURFACE( '', #677, 4.75000000000000 );
#390 = FACE_BOUND( '', #678, .T. );
#391 = FACE_OUTER_BOUND( '', #679, .T. );
#392 = PLANE( '', #680 );
#393 = FACE_OUTER_BOUND( '', #681, .T. );
#394 = CYLINDRICAL_SURFACE( '', #682, 2.75000000000000 );
#395 = FACE_OUTER_BOUND( '', #683, .T. );
#396 = CYLINDRICAL_SURFACE( '', #684, 4.75000000000000 );
#397 = FACE_BOUND( '', #685, .T. );
#398 = FACE_OUTER_BOUND( '', #686, .T. );
#399 = PLANE( '', #687 );
#400 = FACE_OUTER_BOUND( '', #688, .T. );
#401 = CYLINDRICAL_SURFACE( '', #689, 2.75000000000000 );
#402 = FACE_OUTER_BOUND( '', #690, .T. );
#403 = CYLINDRICAL_SURFACE( '', #691, 4.75000000000000 );
#404 = FACE_BOUND( '', #692, .T. );
#405 = FACE_OUTER_BOUND( '', #693, .T. );
#406 = PLANE( '', #694 );
#407 = FACE_OUTER_BOUND( '', #695, .T. );
#408 = CYLINDRICAL_SURFACE( '', #696, 2.75000000000000 );
#409 = FACE_OUTER_BOUND( '', #697, .T. );
#410 = CYLINDRICAL_SURFACE( '', #698, 4.75000000000000 );
#411 = FACE_BOUND( '', #699, .T. );
#412 = FACE_OUTER_BOUND( '', #700, .T. );
#413 = PLANE( '', #701 );
#414 = FACE_OUTER_BOUND( '', #702, .T. );
#415 = CYLINDRICAL_SURFACE( '', #703, 2.75000000000000 );
#416 = FACE_OUTER_BOUND( '', #704, .T. );
#417 = CYLINDRICAL_SURFACE( '', #705, 44.8333333333333 );
#418 = FACE_BOUND( '', #706, .T. );
#419 = FACE_OUTER_BOUND( '', #707, .T. );
#420 = PLANE( '', #708 );
#421 = FACE_OUTER_BOUND( '', #709, .T. );
#422 = CYLINDRICAL_SURFACE( '', #710, 42.5000000000000 );
#423 = FACE_BOUND( '', #711, .T. );
#424 = FACE_BOUND( '', #712, .T. );
#425 = FACE_BOUND( '', #713, .T. );
#426 = FACE_BOUND( '', #714, .T. );
#427 = FACE_BOUND( '', #715, .T. );
#428 = FACE_BOUND( '', #716, .T. );
#429 = FACE_BOUND( '', #717, .T. );
#430 = FACE_BOUND( '', #718, .T. );
#431 = FACE_BOUND( '', #719, .T. );
#432 = FACE_OUTER_BOUND( '', #720, .T. );
#433 = PLANE( '', #721 );
#434 = FACE_OUTER_BOUND( '', #722, .T. );
#435 = TOROIDAL_SURFACE( '', #723, 28.1000000000000, 0.600000000000004 );
#436 = FACE_OUTER_BOUND( '', #724, .T. );
#437 = CYLINDRICAL_SURFACE( '', #725, 27.5000000000000 );
#438 = FACE_OUTER_BOUND( '', #726, .T. );
#439 = TOROIDAL_SURFACE( '', #727, 28.1000000000000, 0.600000000000001 );
#440 = FACE_BOUND( '', #728, .T. );
#441 = FACE_BOUND( '', #729, .T. );
#442 = FACE_BOUND( '', #730, .T. );
#443 = FACE_BOUND( '', #731, .T. );
#444 = FACE_BOUND( '', #732, .T. );
#445 = FACE_BOUND( '', #733, .T. );
#446 = FACE_BOUND( '', #734, .T. );
#447 = FACE_BOUND( '', #735, .T. );
#448 = FACE_OUTER_BOUND( '', #736, .T. );
#449 = FACE_BOUND( '', #737, .T. );
#450 = PLANE( '', #738 );
#451 = FACE_OUTER_BOUND( '', #739, .T. );
#452 = CYLINDRICAL_SURFACE( '', #740, 42.5000000000000 );
#453 = FACE_OUTER_BOUND( '', #741, .T. );
#454 = FACE_BOUND( '', #742, .T. );
#455 = PLANE( '', #743 );
#456 = FACE_OUTER_BOUND( '', #744, .T. );
#457 = CYLINDRICAL_SURFACE( '', #745, 44.8333333333333 );
#458 = FACE_BOUND( '', #746, .T. );
#459 = FACE_BOUND( '', #747, .T. );
#460 = FACE_BOUND( '', #748, .T. );
#461 = FACE_BOUND( '', #749, .T. );
#462 = FACE_BOUND( '', #750, .T. );
#463 = FACE_BOUND( '', #751, .T. );
#464 = FACE_BOUND( '', #752, .T. );
#465 = FACE_BOUND( '', #753, .T. );
#466 = FACE_OUTER_BOUND( '', #754, .T. );
#467 = FACE_BOUND( '', #755, .T. );
#468 = PLANE( '', #756 );
#469 = FACE_OUTER_BOUND( '', #757, .T. );
#470 = TOROIDAL_SURFACE( '', #758, 59.4000000000000, 0.600000000000001 );
#471 = FACE_OUTER_BOUND( '', #759, .T. );
#472 = TOROIDAL_SURFACE( '', #760, 59.4000000000000, 0.600000000000001 );
#473 = FACE_BOUND( '', #761, .T. );
#474 = FACE_BOUND( '', #762, .T. );
#475 = FACE_BOUND( '', #763, .T. );
#476 = FACE_BOUND( '', #764, .T. );
#477 = FACE_BOUND( '', #765, .T. );
#478 = FACE_BOUND( '', #766, .T. );
#479 = FACE_BOUND( '', #767, .T. );
#480 = FACE_BOUND( '', #768, .T. );
#481 = FACE_BOUND( '', #769, .T. );
#482 = FACE_OUTER_BOUND( '', #770, .T. );
#483 = PLANE( '', #771 );
#484 = EDGE_LOOP( '', ( #772, #773, #774, #775, #776, #777 ) );
#485 = AXIS2_PLACEMENT_3D( '', #778, #779, #780 );
#486 = EDGE_LOOP( '', ( #781, #782, #783, #784, #785, #786 ) );
#487 = AXIS2_PLACEMENT_3D( '', #787, #788, #789 );
#488 = EDGE_LOOP( '', ( #790, #791, #792, #793 ) );
#489 = AXIS2_PLACEMENT_3D( '', #794, #795, #796 );
#490 = EDGE_LOOP( '', ( #797, #798, #799, #800 ) );
#491 = AXIS2_PLACEMENT_3D( '', #801, #802, #803 );
#492 = EDGE_LOOP( '', ( #804, #805, #806, #807, #808, #809 ) );
#493 = AXIS2_PLACEMENT_3D( '', #810, #811, #812 );
#494 = EDGE_LOOP( '', ( #813, #814, #815, #816, #817, #818 ) );
#495 = AXIS2_PLACEMENT_3D( '', #819, #820, #821 );
#496 = EDGE_LOOP( '', ( #822, #823, #824, #825, #826, #827 ) );
#497 = AXIS2_PLACEMENT_3D( '', #828, #829, #830 );
#498 = EDGE_LOOP( '', ( #831, #832, #833, #834 ) );
#499 = AXIS2_PLACEMENT_3D( '', #835, #836, #837 );
#500 = EDGE_LOOP( '', ( #838, #839, #840, #841 ) );
#501 = AXIS2_PLACEMENT_3D( '', #842, #843, #844 );
#502 = EDGE_LOOP( '', ( #845, #846, #847, #848 ) );
#503 = AXIS2_PLACEMENT_3D( '', #849, #850, #851 );
#504 = EDGE_LOOP( '', ( #852, #853, #854, #855 ) );
#505 = AXIS2_PLACEMENT_3D( '', #856, #857, #858 );
#506 = EDGE_LOOP( '', ( #859, #860, #861, #862 ) );
#507 = AXIS2_PLACEMENT_3D( '', #863, #864, #865 );
#508 = EDGE_LOOP( '', ( #866, #867, #868, #869 ) );
#509 = AXIS2_PLACEMENT_3D( '', #870, #871, #872 );
#510 = EDGE_LOOP( '', ( #873, #874, #875, #876 ) );
#511 = AXIS2_PLACEMENT_3D( '', #877, #878, #879 );
#512 = EDGE_LOOP( '', ( #880, #881, #882, #883 ) );
#513 = AXIS2_PLACEMENT_3D( '', #884, #885, #886 );
#514 = EDGE_LOOP( '', ( #887, #888, #889, #890 ) );
#515 = AXIS2_PLACEMENT_3D( '', #891, #892, #893 );
#516 = EDGE_LOOP( '', ( #894, #895, #896, #897 ) );
#517 = AXIS2_PLACEMENT_3D( '', #898, #899, #900 );
#518 = EDGE_LOOP( '', ( #901, #902, #903, #904 ) );
#519 = AXIS2_PLACEMENT_3D( '', #905, #906, #907 );
#520 = EDGE_LOOP( '', ( #908, #909, #910, #911 ) );
#521 = AXIS2_PLACEMENT_3D( '', #912, #913, #914 );
#522 = EDGE_LOOP( '', ( #915, #916, #917, #918 ) );
#523 = AXIS2_PLACEMENT_3D( '', #919, #920, #921 );
#524 = EDGE_LOOP( '', ( #922, #923, #924, #925 ) );
#525 = AXIS2_PLACEMENT_3D( '', #926, #927, #928 );
#526 = EDGE_LOOP( '', ( #929, #930, #931, #932 ) );
#527 = AXIS2_PLACEMENT_3D( '', #933, #934, #935 );
#528 = EDGE_LOOP( '', ( #936, #937, #938, #939 ) );
#529 = AXIS2_PLACEMENT_3D( '', #940, #941, #942 );
#530 = EDGE_LOOP( '', ( #943, #944, #945, #946 ) );
#531 = AXIS2_PLACEMENT_3D( '', #947, #948, #949 );
#532 = EDGE_LOOP( '', ( #950, #951, #952, #953 ) );
#533 = AXIS2_PLACEMENT_3D( '', #954, #955, #956 );
#534 = EDGE_LOOP( '', ( #957, #958, #959, #960 ) );
#535 = AXIS2_PLACEMENT_3D( '', #961, #962, #963 );
#536 = EDGE_LOOP( '', ( #964, #965, #966, #967 ) );
#537 = AXIS2_PLACEMENT_3D( '', #968, #969, #970 );
#538 = EDGE_LOOP( '', ( #971, #972, #973, #974 ) );
#539 = AXIS2_PLACEMENT_3D( '', #975, #976, #977 );
#540 = EDGE_LOOP( '', ( #978, #979, #980, #981 ) );
#541 = AXIS2_PLACEMENT_3D( '', #982, #983, #984 );
#542 = EDGE_LOOP( '', ( #985, #986, #987, #988 ) );
#543 = AXIS2_PLACEMENT_3D( '', #989, #990, #991 );
#544 = EDGE_LOOP( '', ( #992, #993, #994, #995 ) );
#545 = AXIS2_PLACEMENT_3D( '', #996, #997, #998 );
#546 = EDGE_LOOP( '', ( #999, #1000, #1001, #1002 ) );
#547 = AXIS2_PLACEMENT_3D( '', #1003, #1004, #1005 );
#548 = EDGE_LOOP( '', ( #1006, #1007, #1008, #1009 ) );
#549 = AXIS2_PLACEMENT_3D( '', #1010, #1011, #1012 );
#550 = EDGE_LOOP( '', ( #1013, #1014, #1015, #1016 ) );
#551 = AXIS2_PLACEMENT_3D( '', #1017, #1018, #1019 );
#552 = EDGE_LOOP( '', ( #1020, #1021, #1022, #1023 ) );
#553 = AXIS2_PLACEMENT_3D( '', #1024, #1025, #1026 );
#554 = EDGE_LOOP( '', ( #1027, #1028, #1029, #1030 ) );
#555 = AXIS2_PLACEMENT_3D( '', #1031, #1032, #1033 );
#556 = EDGE_LOOP( '', ( #1034, #1035, #1036, #1037 ) );
#557 = AXIS2_PLACEMENT_3D( '', #1038, #1039, #1040 );
#558 = EDGE_LOOP( '', ( #1041, #1042, #1043, #1044 ) );
#559 = AXIS2_PLACEMENT_3D( '', #1045, #1046, #1047 );
#560 = EDGE_LOOP( '', ( #1048, #1049, #1050, #1051 ) );
#561 = AXIS2_PLACEMENT_3D( '', #1052, #1053, #1054 );
#562 = EDGE_LOOP( '', ( #1055, #1056, #1057, #1058 ) );
#563 = AXIS2_PLACEMENT_3D( '', #1059, #1060, #1061 );
#564 = EDGE_LOOP( '', ( #1062, #1063, #1064, #1065 ) );
#565 = AXIS2_PLACEMENT_3D( '', #1066, #1067, #1068 );
#566 = EDGE_LOOP( '', ( #1069, #1070, #1071, #1072 ) );
#567 = AXIS2_PLACEMENT_3D( '', #1073, #1074, #1075 );
#568 = EDGE_LOOP( '', ( #1076, #1077, #1078, #1079 ) );
#569 = AXIS2_PLACEMENT_3D( '', #1080, #1081, #1082 );
#570 = EDGE_LOOP( '', ( #1083, #1084, #1085, #1086 ) );
#571 = AXIS2_PLACEMENT_3D( '', #1087, #1088, #1089 );
#572 = EDGE_LOOP( '', ( #1090, #1091, #1092, #1093 ) );
#573 = AXIS2_PLACEMENT_3D( '', #1094, #1095, #1096 );
#574 = EDGE_LOOP( '', ( #1097, #1098, #1099, #1100 ) );
#575 = AXIS2_PLACEMENT_3D( '', #1101, #1102, #1103 );
#576 = EDGE_LOOP( '', ( #1104, #1105, #1106, #1107 ) );
#577 = AXIS2_PLACEMENT_3D( '', #1108, #1109, #1110 );
#578 = EDGE_LOOP( '', ( #1111, #1112, #1113, #1114 ) );
#579 = AXIS2_PLACEMENT_3D( '', #1115, #1116, #1117 );
#580 = EDGE_LOOP( '', ( #1118, #1119, #1120, #1121 ) );
#581 = AXIS2_PLACEMENT_3D( '', #1122, #1123, #1124 );
#582 = EDGE_LOOP( '', ( #1125, #1126, #1127, #1128, #1129 ) );
#583 = AXIS2_PLACEMENT_3D( '', #1130, #1131, #1132 );
#584 = EDGE_LOOP( '', ( #1133, #1134, #1135, #1136, #1137, #1138 ) );
#585 = EDGE_LOOP( '', ( #1139, #1140, #1141, #1142 ) );
#586 = AXIS2_PLACEMENT_3D( '', #1143, #1144, #1145 );
#587 = EDGE_LOOP( '', ( #1146, #1147, #1148, #1149, #1150 ) );
#588 = AXIS2_PLACEMENT_3D( '', #1151, #1152, #1153 );
#589 = EDGE_LOOP( '', ( #1154, #1155, #1156, #1157, #1158 ) );
#590 = AXIS2_PLACEMENT_3D( '', #1159, #1160, #1161 );
#591 = EDGE_LOOP( '', ( #1162, #1163 ) );
#592 = AXIS2_PLACEMENT_3D( '', #1164, #1165, #1166 );
#593 = EDGE_LOOP( '', ( #1167, #1168, #1169, #1170, #1171, #1172 ) );
#594 = EDGE_LOOP( '', ( #1173, #1174, #1175, #1176 ) );
#595 = AXIS2_PLACEMENT_3D( '', #1177, #1178, #1179 );
#596 = EDGE_LOOP( '', ( #1180, #1181 ) );
#597 = AXIS2_PLACEMENT_3D( '', #1182, #1183, #1184 );
#598 = EDGE_LOOP( '', ( #1185, #1186, #1187, #1188, #1189 ) );
#599 = AXIS2_PLACEMENT_3D( '', #1190, #1191, #1192 );
#600 = EDGE_LOOP( '', ( #1193, #1194, #1195, #1196 ) );
#601 = AXIS2_PLACEMENT_3D( '', #1197, #1198, #1199 );
#602 = EDGE_LOOP( '', ( #1200, #1201, #1202, #1203 ) );
#603 = AXIS2_PLACEMENT_3D( '', #1204, #1205, #1206 );
#604 = EDGE_LOOP( '', ( #1207, #1208, #1209, #1210 ) );
#605 = AXIS2_PLACEMENT_3D( '', #1211, #1212, #1213 );
#606 = EDGE_LOOP( '', ( #1214, #1215, #1216, #1217 ) );
#607 = AXIS2_PLACEMENT_3D( '', #1218, #1219, #1220 );
#608 = EDGE_LOOP( '', ( #1221, #1222, #1223, #1224 ) );
#609 = AXIS2_PLACEMENT_3D( '', #1225, #1226, #1227 );
#610 = EDGE_LOOP( '', ( #1228, #1229, #1230, #1231 ) );
#611 = AXIS2_PLACEMENT_3D( '', #1232, #1233, #1234 );
#612 = EDGE_LOOP( '', ( #1235, #1236, #1237, #1238 ) );
#613 = AXIS2_PLACEMENT_3D( '', #1239, #1240, #1241 );
#614 = EDGE_LOOP( '', ( #1242, #1243, #1244, #1245 ) );
#615 = AXIS2_PLACEMENT_3D( '', #1246, #1247, #1248 );
#616 = EDGE_LOOP( '', ( #1249, #1250, #1251, #1252 ) );
#617 = AXIS2_PLACEMENT_3D( '', #1253, #1254, #1255 );
#618 = EDGE_LOOP( '', ( #1256, #1257, #1258, #1259 ) );
#619 = AXIS2_PLACEMENT_3D( '', #1260, #1261, #1262 );
#620 = EDGE_LOOP( '', ( #1263, #1264, #1265, #1266 ) );
#621 = AXIS2_PLACEMENT_3D( '', #1267, #1268, #1269 );
#622 = EDGE_LOOP( '', ( #1270, #1271, #1272, #1273 ) );
#623 = AXIS2_PLACEMENT_3D( '', #1274, #1275, #1276 );
#624 = EDGE_LOOP( '', ( #1277, #1278, #1279, #1280 ) );
#625 = AXIS2_PLACEMENT_3D( '', #1281, #1282, #1283 );
#626 = EDGE_LOOP( '', ( #1284, #1285, #1286, #1287 ) );
#627 = AXIS2_PLACEMENT_3D( '', #1288, #1289, #1290 );
#628 = EDGE_LOOP( '', ( #1291, #1292, #1293, #1294 ) );
#629 = AXIS2_PLACEMENT_3D( '', #1295, #1296, #1297 );
#630 = EDGE_LOOP( '', ( #1298, #1299, #1300, #1301 ) );
#631 = AXIS2_PLACEMENT_3D( '', #1302, #1303, #1304 );
#632 = EDGE_LOOP( '', ( #1305, #1306, #1307, #1308 ) );
#633 = AXIS2_PLACEMENT_3D( '', #1309, #1310, #1311 );
#634 = EDGE_LOOP( '', ( #1312, #1313, #1314, #1315 ) );
#635 = AXIS2_PLACEMENT_3D( '', #1316, #1317, #1318 );
#636 = EDGE_LOOP( '', ( #1319, #1320, #1321, #1322 ) );
#637 = AXIS2_PLACEMENT_3D( '', #1323, #1324, #1325 );
#638 = EDGE_LOOP( '', ( #1326, #1327, #1328, #1329 ) );
#639 = AXIS2_PLACEMENT_3D( '', #1330, #1331, #1332 );
#640 = EDGE_LOOP( '', ( #1333, #1334, #1335, #1336 ) );
#641 = AXIS2_PLACEMENT_3D( '', #1337, #1338, #1339 );
#642 = EDGE_LOOP( '', ( #1340, #1341, #1342, #1343 ) );
#643 = AXIS2_PLACEMENT_3D( '', #1344, #1345, #1346 );
#644 = EDGE_LOOP( '', ( #1347, #1348, #1349, #1350 ) );
#645 = AXIS2_PLACEMENT_3D( '', #1351, #1352, #1353 );
#646 = EDGE_LOOP( '', ( #1354, #1355, #1356, #1357 ) );
#647 = AXIS2_PLACEMENT_3D( '', #1358, #1359, #1360 );
#648 = EDGE_LOOP( '', ( #1361, #1362, #1363, #1364 ) );
#649 = AXIS2_PLACEMENT_3D( '', #1365, #1366, #1367 );
#650 = EDGE_LOOP( '', ( #1368, #1369 ) );
#651 = EDGE_LOOP( '', ( #1370, #1371 ) );
#652 = AXIS2_PLACEMENT_3D( '', #1372, #1373, #1374 );
#653 = EDGE_LOOP( '', ( #1375, #1376, #1377, #1378 ) );
#654 = AXIS2_PLACEMENT_3D( '', #1379, #1380, #1381 );
#655 = EDGE_LOOP( '', ( #1382, #1383, #1384, #1385 ) );
#656 = AXIS2_PLACEMENT_3D( '', #1386, #1387, #1388 );
#657 = EDGE_LOOP( '', ( #1389, #1390 ) );
#658 = EDGE_LOOP( '', ( #1391, #1392 ) );
#659 = AXIS2_PLACEMENT_3D( '', #1393, #1394, #1395 );
#660 = EDGE_LOOP( '', ( #1396, #1397, #1398, #1399 ) );
#661 = AXIS2_PLACEMENT_3D( '', #1400, #1401, #1402 );
#662 = EDGE_LOOP( '', ( #1403, #1404, #1405, #1406 ) );
#663 = AXIS2_PLACEMENT_3D( '', #1407, #1408, #1409 );
#664 = EDGE_LOOP( '', ( #1410, #1411 ) );
#665 = EDGE_LOOP( '', ( #1412, #1413 ) );
#666 = AXIS2_PLACEMENT_3D( '', #1414, #1415, #1416 );
#667 = EDGE_LOOP( '', ( #1417, #1418, #1419, #1420 ) );
#668 = AXIS2_PLACEMENT_3D( '', #1421, #1422, #1423 );
#669 = EDGE_LOOP( '', ( #1424, #1425, #1426, #1427 ) );
#670 = AXIS2_PLACEMENT_3D( '', #1428, #1429, #1430 );
#671 = EDGE_LOOP( '', ( #1431, #1432 ) );
#672 = EDGE_LOOP( '', ( #1433, #1434 ) );
#673 = AXIS2_PLACEMENT_3D( '', #1435, #1436, #1437 );
#674 = EDGE_LOOP( '', ( #1438, #1439, #1440, #1441 ) );
#675 = AXIS2_PLACEMENT_3D( '', #1442, #1443, #1444 );
#676 = EDGE_LOOP( '', ( #1445, #1446, #1447, #1448 ) );
#677 = AXIS2_PLACEMENT_3D( '', #1449, #1450, #1451 );
#678 = EDGE_LOOP( '', ( #1452, #1453 ) );
#679 = EDGE_LOOP( '', ( #1454, #1455 ) );
#680 = AXIS2_PLACEMENT_3D( '', #1456, #1457, #1458 );
#681 = EDGE_LOOP( '', ( #1459, #1460, #1461, #1462 ) );
#682 = AXIS2_PLACEMENT_3D( '', #1463, #1464, #1465 );
#683 = EDGE_LOOP( '', ( #1466, #1467, #1468, #1469 ) );
#684 = AXIS2_PLACEMENT_3D( '', #1470, #1471, #1472 );
#685 = EDGE_LOOP( '', ( #1473, #1474 ) );
#686 = EDGE_LOOP( '', ( #1475, #1476 ) );
#687 = AXIS2_PLACEMENT_3D( '', #1477, #1478, #1479 );
#688 = EDGE_LOOP( '', ( #1480, #1481, #1482, #1483 ) );
#689 = AXIS2_PLACEMENT_3D( '', #1484, #1485, #1486 );
#690 = EDGE_LOOP( '', ( #1487, #1488, #1489, #1490 ) );
#691 = AXIS2_PLACEMENT_3D( '', #1491, #1492, #1493 );
#692 = EDGE_LOOP( '', ( #1494, #1495 ) );
#693 = EDGE_LOOP( '', ( #1496, #1497 ) );
#694 = AXIS2_PLACEMENT_3D( '', #1498, #1499, #1500 );
#695 = EDGE_LOOP( '', ( #1501, #1502, #1503, #1504 ) );
#696 = AXIS2_PLACEMENT_3D( '', #1505, #1506, #1507 );
#697 = EDGE_LOOP( '', ( #1508, #1509, #1510, #1511 ) );
#698 = AXIS2_PLACEMENT_3D( '', #1512, #1513, #1514 );
#699 = EDGE_LOOP( '', ( #1515, #1516 ) );
#700 = EDGE_LOOP( '', ( #1517, #1518 ) );
#701 = AXIS2_PLACEMENT_3D( '', #1519, #1520, #1521 );
#702 = EDGE_LOOP( '', ( #1522, #1523, #1524, #1525 ) );
#703 = AXIS2_PLACEMENT_3D( '', #1526, #1527, #1528 );
#704 = EDGE_LOOP( '', ( #1529, #1530, #1531, #1532 ) );
#705 = AXIS2_PLACEMENT_3D( '', #1533, #1534, #1535 );
#706 = EDGE_LOOP( '', ( #1536, #1537 ) );
#707 = EDGE_LOOP( '', ( #1538, #1539 ) );
#708 = AXIS2_PLACEMENT_3D( '', #1540, #1541, #1542 );
#709 = EDGE_LOOP( '', ( #1543, #1544, #1545, #1546 ) );
#710 = AXIS2_PLACEMENT_3D( '', #1547, #1548, #1549 );
#711 = EDGE_LOOP( '', ( #1550, #1551 ) );
#712 = EDGE_LOOP( '', ( #1552, #1553 ) );
#713 = EDGE_LOOP( '', ( #1554, #1555 ) );
#714 = EDGE_LOOP( '', ( #1556, #1557 ) );
#715 = EDGE_LOOP( '', ( #1558, #1559 ) );
#716 = EDGE_LOOP( '', ( #1560, #1561 ) );
#717 = EDGE_LOOP( '', ( #1562, #1563 ) );
#718 = EDGE_LOOP( '', ( #1564, #1565 ) );
#719 = EDGE_LOOP( '', ( #1566, #1567, #1568 ) );
#720 = EDGE_LOOP( '', ( #1569, #1570 ) );
#721 = AXIS2_PLACEMENT_3D( '', #1571, #1572, #1573 );
#722 = EDGE_LOOP( '', ( #1574, #1575, #1576, #1577, #1578 ) );
#723 = AXIS2_PLACEMENT_3D( '', #1579, #1580, #1581 );
#724 = EDGE_LOOP( '', ( #1582, #1583, #1584, #1585, #1586, #1587 ) );
#725 = AXIS2_PLACEMENT_3D( '', #1588, #1589, #1590 );
#726 = EDGE_LOOP( '', ( #1591, #1592, #1593, #1594, #1595 ) );
#727 = AXIS2_PLACEMENT_3D( '', #1596, #1597, #1598 );
#728 = EDGE_LOOP( '', ( #1599, #1600 ) );
#729 = EDGE_LOOP( '', ( #1601, #1602 ) );
#730 = EDGE_LOOP( '', ( #1603, #1604 ) );
#731 = EDGE_LOOP( '', ( #1605, #1606 ) );
#732 = EDGE_LOOP( '', ( #1607, #1608 ) );
#733 = EDGE_LOOP( '', ( #1609, #1610 ) );
#734 = EDGE_LOOP( '', ( #1611, #1612 ) );
#735 = EDGE_LOOP( '', ( #1613, #1614 ) );
#736 = EDGE_LOOP( '', ( #1615, #1616 ) );
#737 = EDGE_LOOP( '', ( #1617, #1618, #1619 ) );
#738 = AXIS2_PLACEMENT_3D( '', #1620, #1621, #1622 );
#739 = EDGE_LOOP( '', ( #1623, #1624, #1625, #1626 ) );
#740 = AXIS2_PLACEMENT_3D( '', #1627, #1628, #1629 );
#741 = EDGE_LOOP( '', ( #1630, #1631 ) );
#742 = EDGE_LOOP( '', ( #1632, #1633 ) );
#743 = AXIS2_PLACEMENT_3D( '', #1634, #1635, #1636 );
#744 = EDGE_LOOP( '', ( #1637, #1638, #1639, #1640 ) );
#745 = AXIS2_PLACEMENT_3D( '', #1641, #1642, #1643 );
#746 = EDGE_LOOP( '', ( #1644, #1645 ) );
#747 = EDGE_LOOP( '', ( #1646, #1647 ) );
#748 = EDGE_LOOP( '', ( #1648, #1649 ) );
#749 = EDGE_LOOP( '', ( #1650, #1651 ) );
#750 = EDGE_LOOP( '', ( #1652, #1653 ) );
#751 = EDGE_LOOP( '', ( #1654, #1655 ) );
#752 = EDGE_LOOP( '', ( #1656, #1657 ) );
#753 = EDGE_LOOP( '', ( #1658, #1659 ) );
#754 = EDGE_LOOP( '', ( #1660, #1661, #1662 ) );
#755 = EDGE_LOOP( '', ( #1663, #1664 ) );
#756 = AXIS2_PLACEMENT_3D( '', #1665, #1666, #1667 );
#757 = EDGE_LOOP( '', ( #1668, #1669, #1670, #1671, #1672 ) );
#758 = AXIS2_PLACEMENT_3D( '', #1673, #1674, #1675 );
#759 = EDGE_LOOP( '', ( #1676, #1677, #1678, #1679, #1680 ) );
#760 = AXIS2_PLACEMENT_3D( '', #1681, #1682, #1683 );
#761 = EDGE_LOOP( '', ( #1684, #1685 ) );
#762 = EDGE_LOOP( '', ( #1686, #1687 ) );
#763 = EDGE_LOOP( '', ( #1688, #1689 ) );
#764 = EDGE_LOOP( '', ( #1690, #1691 ) );
#765 = EDGE_LOOP( '', ( #1692, #1693 ) );
#766 = EDGE_LOOP( '', ( #1694, #1695 ) );
#767 = EDGE_LOOP( '', ( #1696, #1697 ) );
#768 = EDGE_LOOP( '', ( #1698, #1699 ) );
#769 = EDGE_LOOP( '', ( #1700, #1701 ) );
#770 = EDGE_LOOP( '', ( #1702, #1703, #1704 ) );
#771 = AXIS2_PLACEMENT_3D( '', #1705, #1706, #1707 );
#772 = ORIENTED_EDGE( '', *, *, #1708, .F. );
#773 = ORIENTED_EDGE( '', *, *, #1709, .T. );
#774 = ORIENTED_EDGE( '', *, *, #1710, .T. );
#775 = ORIENTED_EDGE( '', *, *, #1711, .F. );
#776 = ORIENTED_EDGE( '', *, *, #1712, .F. );
#777 = ORIENTED_EDGE( '', *, *, #1713, .F. );
#778 = CARTESIAN_POINT( '', ( 0.600000000000004, 0.000000000000000, 0.000000000000000 ) );
#779 = DIRECTION( '', ( -1.00000000000000, 0.000000000000000, 0.000000000000000 ) );
#780 = DIRECTION( '', ( 0.000000000000000, -0.000000000000000, 1.00000000000000 ) );
#781 = ORIENTED_EDGE( '', *, *, #1714, .F. );
#782 = ORIENTED_EDGE( '', *, *, #1715, .T. );
#783 = ORIENTED_EDGE( '', *, *, #1716, .T. );
#784 = ORIENTED_EDGE( '', *, *, #1717, .F. );
#785 = ORIENTED_EDGE( '', *, *, #1718, .F. );
#786 = ORIENTED_EDGE( '', *, *, #1719, .F. );
#787 = CARTESIAN_POINT( '', ( 14.4000000000000, 0.000000000000000, 0.000000000000000 ) );
#788 = DIRECTION( '', ( -1.00000000000000, 0.000000000000000, 0.000000000000000 ) );
#789 = DIRECTION( '', ( 0.000000000000000, -0.000000000000000, 1.00000000000000 ) );
#790 = ORIENTED_EDGE( '', *, *, #1720, .F. );
#791 = ORIENTED_EDGE( '', *, *, #1721, .F. );
#792 = ORIENTED_EDGE( '', *, *, #1722, .F. );
#793 = ORIENTED_EDGE( '', *, *, #1723, .T. );
#794 = CARTESIAN_POINT( '', ( 14.6250000000000, 0.000000000000000, 0.000000000000000 ) );
#795 = DIRECTION( '', ( 1.00000000000000, -0.000000000000000, -0.000000000000000 ) );
#796 = DIRECTION( '', ( 0.000000000000000, 1.00000000000000, -2.44921270764475E-016 ) );
#797 = ORIENTED_EDGE( '', *, *, #1724, .F. );
#798 = ORIENTED_EDGE( '', *, *, #1725, .T. );
#799 = ORIENTED_EDGE( '', *, *, #1726, .F. );
#800 = ORIENTED_EDGE( '', *, *, #1727, .F. );
#801 = CARTESIAN_POINT( '', ( 14.6250000000000, 0.000000000000000, 0.000000000000000 ) );
#802 = DIRECTION( '', ( 1.00000000000000, -0.000000000000000, -0.000000000000000 ) );
#803 = DIRECTION( '', ( 0.000000000000000, 1.00000000000000, -2.44921270764475E-016 ) );
#804 = ORIENTED_EDGE( '', *, *, #1728, .F. );
#805 = ORIENTED_EDGE( '', *, *, #1729, .T. );
#806 = ORIENTED_EDGE( '', *, *, #1730, .T. );
#807 = ORIENTED_EDGE( '', *, *, #1731, .F. );
#808 = ORIENTED_EDGE( '', *, *, #1732, .F. );
#809 = ORIENTED_EDGE( '', *, *, #1733, .F. );
#810 = CARTESIAN_POINT( '', ( 14.4000000000000, 0.000000000000000, 0.000000000000000 ) );
#811 = DIRECTION( '', ( -1.00000000000000, 0.000000000000000, 0.000000000000000 ) );
#812 = DIRECTION( '', ( 0.000000000000000, -0.000000000000000, 1.00000000000000 ) );
#813 = ORIENTED_EDGE( '', *, *, #1734, .F. );
#814 = ORIENTED_EDGE( '', *, *, #1729, .F. );
#815 = ORIENTED_EDGE( '', *, *, #1735, .F. );
#816 = ORIENTED_EDGE( '', *, *, #1736, .F. );
#817 = ORIENTED_EDGE( '', *, *, #1737, .T. );
#818 = ORIENTED_EDGE( '', *, *, #1738, .T. );
#819 = CARTESIAN_POINT( '', ( 7.50000000000000, 0.000000000000000, 0.000000000000000 ) );
#820 = DIRECTION( '', ( 1.00000000000000, -0.000000000000000, -0.000000000000000 ) );
#821 = DIRECTION( '', ( 0.000000000000000, 1.00000000000000, -2.44921270764475E-016 ) );
#822 = ORIENTED_EDGE( '', *, *, #1739, .F. );
#823 = ORIENTED_EDGE( '', *, *, #1740, .T. );
#824 = ORIENTED_EDGE( '', *, *, #1741, .T. );
#825 = ORIENTED_EDGE( '', *, *, #1742, .F. );
#826 = ORIENTED_EDGE( '', *, *, #1743, .F. );
#827 = ORIENTED_EDGE( '', *, *, #1738, .F. );
#828 = CARTESIAN_POINT( '', ( 0.600000000000004, 0.000000000000000, 0.000000000000000 ) );
#829 = DIRECTION( '', ( -1.00000000000000, 0.000000000000000, 0.000000000000000 ) );
#830 = DIRECTION( '', ( 0.000000000000000, -0.000000000000000, 1.00000000000000 ) );
#831 = ORIENTED_EDGE( '', *, *, #1744, .F. );
#832 = ORIENTED_EDGE( '', *, *, #1745, .T. );
#833 = ORIENTED_EDGE( '', *, *, #1746, .F. );
#834 = ORIENTED_EDGE( '', *, *, #1747, .F. );
#835 = CARTESIAN_POINT( '', ( 0.375000000000000, 0.000000000000000, 0.000000000000000 ) );
#836 = DIRECTION( '', ( 1.00000000000000, -0.000000000000000, -0.000000000000000 ) );
#837 = DIRECTION( '', ( 0.000000000000000, 1.00000000000000, -2.44921270764475E-016 ) );
#838 = ORIENTED_EDGE( '', *, *, #1748, .F. );
#839 = ORIENTED_EDGE( '', *, *, #1749, .F. );
#840 = ORIENTED_EDGE( '', *, *, #1750, .F. );
#841 = ORIENTED_EDGE( '', *, *, #1751, .T. );
#842 = CARTESIAN_POINT( '', ( 0.375000000000000, 0.000000000000000, 0.000000000000000 ) );
#843 = DIRECTION( '', ( 1.00000000000000, -0.000000000000000, -0.000000000000000 ) );
#844 = DIRECTION( '', ( 0.000000000000000, 1.00000000000000, -2.44921270764475E-016 ) );
#845 = ORIENTED_EDGE( '', *, *, #1752, .F. );
#846 = ORIENTED_EDGE( '', *, *, #1753, .F. );
#847 = ORIENTED_EDGE( '', *, *, #1754, .F. );
#848 = ORIENTED_EDGE( '', *, *, #1755, .F. );
#849 = CARTESIAN_POINT( '', ( 4.80000000000000, 52.5000000000000, 0.000000000000000 ) );
#850 = DIRECTION( '', ( 1.00000000000000, -0.000000000000000, -0.000000000000000 ) );
#851 = DIRECTION( '', ( 0.000000000000000, 1.00000000000000, -2.44921270764422E-016 ) );
#852 = ORIENTED_EDGE( '', *, *, #1756, .F. );
#853 = ORIENTED_EDGE( '', *, *, #1757, .T. );
#854 = ORIENTED_EDGE( '', *, *, #1758, .F. );
#855 = ORIENTED_EDGE( '', *, *, #1759, .F. );
#856 = CARTESIAN_POINT( '', ( 12.3000000000000, 52.5000000000000, 0.000000000000000 ) );
#857 = DIRECTION( '', ( 1.00000000000000, -0.000000000000000, -0.000000000000000 ) );
#858 = DIRECTION( '', ( 0.000000000000000, 1.00000000000000, -2.44921270764422E-016 ) );
#859 = ORIENTED_EDGE( '', *, *, #1760, .F. );
#860 = ORIENTED_EDGE( '', *, *, #1761, .F. );
#861 = ORIENTED_EDGE( '', *, *, #1762, .F. );
#862 = ORIENTED_EDGE( '', *, *, #1763, .F. );
#863 = CARTESIAN_POINT( '', ( 4.80000000000000, 37.1231060122937, -37.1231060122938 ) );
#864 = DIRECTION( '', ( 1.00000000000000, -0.000000000000000, -0.000000000000000 ) );
#865 = DIRECTION( '', ( 0.000000000000000, 1.00000000000000, 0.000000000000000 ) );
#866 = ORIENTED_EDGE( '', *, *, #1764, .F. );
#867 = ORIENTED_EDGE( '', *, *, #1765, .T. );
#868 = ORIENTED_EDGE( '', *, *, #1766, .F. );
#869 = ORIENTED_EDGE( '', *, *, #1767, .F. );
#870 = CARTESIAN_POINT( '', ( 12.3000000000000, 37.1231060122937, -37.1231060122938 ) );
#871 = DIRECTION( '', ( 1.00000000000000, -0.000000000000000, -0.000000000000000 ) );
#872 = DIRECTION( '', ( 0.000000000000000, 1.00000000000000, 0.000000000000000 ) );
#873 = ORIENTED_EDGE( '', *, *, #1768, .F. );
#874 = ORIENTED_EDGE( '', *, *, #1769, .F. );
#875 = ORIENTED_EDGE( '', *, *, #1770, .F. );
#876 = ORIENTED_EDGE( '', *, *, #1771, .F. );
#877 = CARTESIAN_POINT( '', ( 4.80000000000000, -2.84217094304040E-014, -52.5000000000000 ) );
#878 = DIRECTION( '', ( 1.00000000000000, -0.000000000000000, -0.000000000000000 ) );
#879 = DIRECTION( '', ( 0.000000000000000, 1.00000000000000, 0.000000000000000 ) );
#880 = ORIENTED_EDGE( '', *, *, #1772, .F. );
#881 = ORIENTED_EDGE( '', *, *, #1773, .T. );
#882 = ORIENTED_EDGE( '', *, *, #1774, .F. );
#883 = ORIENTED_EDGE( '', *, *, #1775, .F. );
#884 = CARTESIAN_POINT( '', ( 12.3000000000000, -2.84217094304040E-014, -52.5000000000000 ) );
#885 = DIRECTION( '', ( 1.00000000000000, -0.000000000000000, -0.000000000000000 ) );
#886 = DIRECTION( '', ( 0.000000000000000, 1.00000000000000, 0.000000000000000 ) );
#887 = ORIENTED_EDGE( '', *, *, #1776, .F. );
#888 = ORIENTED_EDGE( '', *, *, #1777, .F. );
#889 = ORIENTED_EDGE( '', *, *, #1778, .F. );
#890 = ORIENTED_EDGE( '', *, *, #1779, .F. );
#891 = CARTESIAN_POINT( '', ( 4.80000000000000, -37.1231060122938, -37.1231060122937 ) );
#892 = DIRECTION( '', ( 1.00000000000000, -0.000000000000000, -0.000000000000000 ) );
#893 = DIRECTION( '', ( 0.000000000000000, 1.00000000000000, 0.000000000000000 ) );
#894 = ORIENTED_EDGE( '', *, *, #1780, .F. );
#895 = ORIENTED_EDGE( '', *, *, #1781, .T. );
#896 = ORIENTED_EDGE( '', *, *, #1782, .F. );
#897 = ORIENTED_EDGE( '', *, *, #1783, .F. );
#898 = CARTESIAN_POINT( '', ( 12.3000000000000, -37.1231060122938, -37.1231060122937 ) );
#899 = DIRECTION( '', ( 1.00000000000000, -0.000000000000000, -0.000000000000000 ) );
#900 = DIRECTION( '', ( 0.000000000000000, 1.00000000000000, 0.000000000000000 ) );
#901 = ORIENTED_EDGE( '', *, *, #1784, .F. );
#902 = ORIENTED_EDGE( '', *, *, #1785, .F. );
#903 = ORIENTED_EDGE( '', *, *, #1786, .F. );
#904 = ORIENTED_EDGE( '', *, *, #1787, .F. );
#905 = CARTESIAN_POINT( '', ( 4.80000000000000, -52.5000000000000, 1.77635683940025E-014 ) );
#906 = DIRECTION( '', ( 1.00000000000000, -0.000000000000000, -0.000000000000000 ) );
#907 = DIRECTION( '', ( 0.000000000000000, 1.00000000000000, -2.44921270764210E-016 ) );
#908 = ORIENTED_EDGE( '', *, *, #1788, .F. );
#909 = ORIENTED_EDGE( '', *, *, #1789, .T. );
#910 = ORIENTED_EDGE( '', *, *, #1790, .F. );
#911 = ORIENTED_EDGE( '', *, *, #1791, .F. );
#912 = CARTESIAN_POINT( '', ( 12.3000000000000, -52.5000000000000, 1.77635683940025E-014 ) );
#913 = DIRECTION( '', ( 1.00000000000000, -0.000000000000000, -0.000000000000000 ) );
#914 = DIRECTION( '', ( 0.000000000000000, 1.00000000000000, -2.44921270764210E-016 ) );
#915 = ORIENTED_EDGE( '', *, *, #1792, .F. );
#916 = ORIENTED_EDGE( '', *, *, #1793, .F. );
#917 = ORIENTED_EDGE( '', *, *, #1794, .F. );
#918 = ORIENTED_EDGE( '', *, *, #1795, .F. );
#919 = CARTESIAN_POINT( '', ( 4.80000000000000, -37.1231060122937, 37.1231060122938 ) );
#920 = DIRECTION( '', ( 1.00000000000000, -0.000000000000000, -0.000000000000000 ) );
#921 = DIRECTION( '', ( 0.000000000000000, 1.00000000000000, 0.000000000000000 ) );
#922 = ORIENTED_EDGE( '', *, *, #1796, .F. );
#923 = ORIENTED_EDGE( '', *, *, #1797, .T. );
#924 = ORIENTED_EDGE( '', *, *, #1798, .F. );
#925 = ORIENTED_EDGE( '', *, *, #1799, .F. );
#926 = CARTESIAN_POINT( '', ( 12.3000000000000, -37.1231060122937, 37.1231060122938 ) );
#927 = DIRECTION( '', ( 1.00000000000000, -0.000000000000000, -0.000000000000000 ) );
#928 = DIRECTION( '', ( 0.000000000000000, 1.00000000000000, 0.000000000000000 ) );
#929 = ORIENTED_EDGE( '', *, *, #1800, .F. );
#930 = ORIENTED_EDGE( '', *, *, #1801, .F. );
#931 = ORIENTED_EDGE( '', *, *, #1802, .F. );
#932 = ORIENTED_EDGE( '', *, *, #1803, .F. );
#933 = CARTESIAN_POINT( '', ( 4.80000000000000, 1.42108547152020E-014, 52.5000000000000 ) );
#934 = DIRECTION( '', ( 1.00000000000000, -0.000000000000000, -0.000000000000000 ) );
#935 = DIRECTION( '', ( 0.000000000000000, 1.00000000000000, 0.000000000000000 ) );
#936 = ORIENTED_EDGE( '', *, *, #1804, .F. );
#937 = ORIENTED_EDGE( '', *, *, #1805, .T. );
#938 = ORIENTED_EDGE( '', *, *, #1806, .F. );
#939 = ORIENTED_EDGE( '', *, *, #1807, .F. );
#940 = CARTESIAN_POINT( '', ( 12.3000000000000, 1.42108547152020E-014, 52.5000000000000 ) );
#941 = DIRECTION( '', ( 1.00000000000000, -0.000000000000000, -0.000000000000000 ) );
#942 = DIRECTION( '', ( 0.000000000000000, 1.00000000000000, 0.000000000000000 ) );
#943 = ORIENTED_EDGE( '', *, *, #1808, .F. );
#944 = ORIENTED_EDGE( '', *, *, #1809, .F. );
#945 = ORIENTED_EDGE( '', *, *, #1810, .F. );
#946 = ORIENTED_EDGE( '', *, *, #1811, .F. );
#947 = CARTESIAN_POINT( '', ( 4.80000000000000, 37.1231060122937, 37.1231060122937 ) );
#948 = DIRECTION( '', ( 1.00000000000000, -0.000000000000000, -0.000000000000000 ) );
#949 = DIRECTION( '', ( 0.000000000000000, 1.00000000000000, 0.000000000000000 ) );
#950 = ORIENTED_EDGE( '', *, *, #1812, .F. );
#951 = ORIENTED_EDGE( '', *, *, #1813, .T. );
#952 = ORIENTED_EDGE( '', *, *, #1814, .F. );
#953 = ORIENTED_EDGE( '', *, *, #1815, .F. );
#954 = CARTESIAN_POINT( '', ( 12.3000000000000, 37.1231060122937, 37.1231060122937 ) );
#955 = DIRECTION( '', ( 1.00000000000000, -0.000000000000000, -0.000000000000000 ) );
#956 = DIRECTION( '', ( 0.000000000000000, 1.00000000000000, 0.000000000000000 ) );
#957 = ORIENTED_EDGE( '', *, *, #1816, .F. );
#958 = ORIENTED_EDGE( '', *, *, #1817, .F. );
#959 = ORIENTED_EDGE( '', *, *, #1818, .F. );
#960 = ORIENTED_EDGE( '', *, *, #1819, .F. );
#961 = CARTESIAN_POINT( '', ( 0.216500000000000, 32.5000000000000, 0.000000000000000 ) );
#962 = DIRECTION( '', ( -1.00000000000000, 0.000000000000000, -0.000000000000000 ) );
#963 = DIRECTION( '', ( 0.000000000000000, 1.00000000000000, -2.44921270764268E-016 ) );
#964 = ORIENTED_EDGE( '', *, *, #1820, .F. );
#965 = ORIENTED_EDGE( '', *, *, #1819, .T. );
#966 = ORIENTED_EDGE( '', *, *, #1821, .F. );
#967 = ORIENTED_EDGE( '', *, *, #1822, .F. );
#968 = CARTESIAN_POINT( '', ( 7.50000000000000, 32.5000000000000, 0.000000000000000 ) );
#969 = DIRECTION( '', ( 1.00000000000000, -0.000000000000000, -0.000000000000000 ) );
#970 = DIRECTION( '', ( 0.000000000000000, 1.00000000000000, -2.44921270764268E-016 ) );
#971 = ORIENTED_EDGE( '', *, *, #1823, .F. );
#972 = ORIENTED_EDGE( '', *, *, #1822, .T. );
#973 = ORIENTED_EDGE( '', *, *, #1824, .F. );
#974 = ORIENTED_EDGE( '', *, *, #1825, .F. );
#975 = CARTESIAN_POINT( '', ( 14.7835000000000, 32.5000000000000, 0.000000000000000 ) );
#976 = DIRECTION( '', ( 1.00000000000000, -0.000000000000000, -0.000000000000000 ) );
#977 = DIRECTION( '', ( 0.000000000000000, 1.00000000000000, -2.44921270764268E-016 ) );
#978 = ORIENTED_EDGE( '', *, *, #1826, .F. );
#979 = ORIENTED_EDGE( '', *, *, #1827, .F. );
#980 = ORIENTED_EDGE( '', *, *, #1828, .F. );
#981 = ORIENTED_EDGE( '', *, *, #1829, .F. );
#982 = CARTESIAN_POINT( '', ( 0.216500000000000, 22.9809703885628, -22.9809703885628 ) );
#983 = DIRECTION( '', ( -1.00000000000000, 0.000000000000000, -0.000000000000000 ) );
#984 = DIRECTION( '', ( 0.000000000000000, 1.00000000000000, 0.000000000000000 ) );
#985 = ORIENTED_EDGE( '', *, *, #1830, .F. );
#986 = ORIENTED_EDGE( '', *, *, #1829, .T. );
#987 = ORIENTED_EDGE( '', *, *, #1831, .F. );
#988 = ORIENTED_EDGE( '', *, *, #1832, .F. );
#989 = CARTESIAN_POINT( '', ( 7.50000000000000, 22.9809703885628, -22.9809703885628 ) );
#990 = DIRECTION( '', ( 1.00000000000000, -0.000000000000000, -0.000000000000000 ) );
#991 = DIRECTION( '', ( 0.000000000000000, 1.00000000000000, 0.000000000000000 ) );
#992 = ORIENTED_EDGE( '', *, *, #1833, .F. );
#993 = ORIENTED_EDGE( '', *, *, #1832, .T. );
#994 = ORIENTED_EDGE( '', *, *, #1834, .F. );
#995 = ORIENTED_EDGE( '', *, *, #1835, .F. );
#996 = CARTESIAN_POINT( '', ( 14.7835000000000, 22.9809703885628, -22.9809703885628 ) );
#997 = DIRECTION( '', ( 1.00000000000000, -0.000000000000000, -0.000000000000000 ) );
#998 = DIRECTION( '', ( 0.000000000000000, 1.00000000000000, 0.000000000000000 ) );
#999 = ORIENTED_EDGE( '', *, *, #1836, .F. );
#1000 = ORIENTED_EDGE( '', *, *, #1837, .F. );
#1001 = ORIENTED_EDGE( '', *, *, #1838, .F. );
#1002 = ORIENTED_EDGE( '', *, *, #1839, .F. );
#1003 = CARTESIAN_POINT( '', ( 0.216500000000000, -1.42108547152020E-014, -32.5000000000000 ) );
#1004 = DIRECTION( '', ( -1.00000000000000, 0.000000000000000, -0.000000000000000 ) );
#1005 = DIRECTION( '', ( 0.000000000000000, 1.00000000000000, 0.000000000000000 ) );
#1006 = ORIENTED_EDGE( '', *, *, #1840, .F. );
#1007 = ORIENTED_EDGE( '', *, *, #1839, .T. );
#1008 = ORIENTED_EDGE( '', *, *, #1841, .F. );
#1009 = ORIENTED_EDGE( '', *, *, #1842, .F. );
#1010 = CARTESIAN_POINT( '', ( 7.50000000000000, -1.42108547152020E-014, -32.5000000000000 ) );
#1011 = DIRECTION( '', ( 1.00000000000000, -0.000000000000000, -0.000000000000000 ) );
#1012 = DIRECTION( '', ( 0.000000000000000, 1.00000000000000, 0.000000000000000 ) );
#1013 = ORIENTED_EDGE( '', *, *, #1843, .F. );
#1014 = ORIENTED_EDGE( '', *, *, #1842, .T. );
#1015 = ORIENTED_EDGE( '', *, *, #1844, .F. );
#1016 = ORIENTED_EDGE( '', *, *, #1845, .F. );
#1017 = CARTESIAN_POINT( '', ( 14.7835000000000, -1.42108547152020E-014, -32.5000000000000 ) );
#1018 = DIRECTION( '', ( 1.00000000000000, -0.000000000000000, -0.000000000000000 ) );
#1019 = DIRECTION( '', ( 0.000000000000000, 1.00000000000000, 0.000000000000000 ) );
#1020 = ORIENTED_EDGE( '', *, *, #1846, .F. );
#1021 = ORIENTED_EDGE( '', *, *, #1847, .F. );
#1022 = ORIENTED_EDGE( '', *, *, #1848, .F. );
#1023 = ORIENTED_EDGE( '', *, *, #1849, .F. );
#1024 = CARTESIAN_POINT( '', ( 0.216500000000000, -22.9809703885628, -22.9809703885628 ) );
#1025 = DIRECTION( '', ( -1.00000000000000, 0.000000000000000, -0.000000000000000 ) );
#1026 = DIRECTION( '', ( 0.000000000000000, 1.00000000000000, 0.000000000000000 ) );
#1027 = ORIENTED_EDGE( '', *, *, #1850, .F. );
#1028 = ORIENTED_EDGE( '', *, *, #1849, .T. );
#1029 = ORIENTED_EDGE( '', *, *, #1851, .F. );
#1030 = ORIENTED_EDGE( '', *, *, #1852, .F. );
#1031 = CARTESIAN_POINT( '', ( 7.50000000000000, -22.9809703885628, -22.9809703885628 ) );
#1032 = DIRECTION( '', ( 1.00000000000000, -0.000000000000000, -0.000000000000000 ) );
#1033 = DIRECTION( '', ( 0.000000000000000, 1.00000000000000, 0.000000000000000 ) );
#1034 = ORIENTED_EDGE( '', *, *, #1853, .F. );
#1035 = ORIENTED_EDGE( '', *, *, #1852, .T. );
#1036 = ORIENTED_EDGE( '', *, *, #1854, .F. );
#1037 = ORIENTED_EDGE( '', *, *, #1855, .F. );
#1038 = CARTESIAN_POINT( '', ( 14.7835000000000, -22.9809703885628, -22.9809703885628 ) );
#1039 = DIRECTION( '', ( 1.00000000000000, -0.000000000000000, -0.000000000000000 ) );
#1040 = DIRECTION( '', ( 0.000000000000000, 1.00000000000000, 0.000000000000000 ) );
#1041 = ORIENTED_EDGE( '', *, *, #1856, .F. );
#1042 = ORIENTED_EDGE( '', *, *, #1857, .F. );
#1043 = ORIENTED_EDGE( '', *, *, #1858, .F. );
#1044 = ORIENTED_EDGE( '', *, *, #1859, .F. );
#1045 = CARTESIAN_POINT( '', ( 0.216500000000000, -32.5000000000000, 1.06581410364015E-014 ) );
#1046 = DIRECTION( '', ( -1.00000000000000, 0.000000000000000, -0.000000000000000 ) );
#1047 = DIRECTION( '', ( 0.000000000000000, 1.00000000000000, -2.44921270764335E-016 ) );
#1048 = ORIENTED_EDGE( '', *, *, #1860, .F. );
#1049 = ORIENTED_EDGE( '', *, *, #1859, .T. );
#1050 = ORIENTED_EDGE( '', *, *, #1861, .F. );
#1051 = ORIENTED_EDGE( '', *, *, #1862, .F. );
#1052 = CARTESIAN_POINT( '', ( 7.50000000000000, -32.5000000000000, 1.06581410364015E-014 ) );
#1053 = DIRECTION( '', ( 1.00000000000000, -0.000000000000000, -0.000000000000000 ) );
#1054 = DIRECTION( '', ( 0.000000000000000, 1.00000000000000, -2.44921270764335E-016 ) );
#1055 = ORIENTED_EDGE( '', *, *, #1863, .F. );
#1056 = ORIENTED_EDGE( '', *, *, #1862, .T. );
#1057 = ORIENTED_EDGE( '', *, *, #1864, .F. );
#1058 = ORIENTED_EDGE( '', *, *, #1865, .F. );
#1059 = CARTESIAN_POINT( '', ( 14.7835000000000, -32.5000000000000, 1.06581410364015E-014 ) );
#1060 = DIRECTION( '', ( 1.00000000000000, -0.000000000000000, -0.000000000000000 ) );
#1061 = DIRECTION( '', ( 0.000000000000000, 1.00000000000000, -2.44921270764335E-016 ) );
#1062 = ORIENTED_EDGE( '', *, *, #1866, .F. );
#1063 = ORIENTED_EDGE( '', *, *, #1867, .F. );
#1064 = ORIENTED_EDGE( '', *, *, #1868, .F. );
#1065 = ORIENTED_EDGE( '', *, *, #1869, .F. );
#1066 = CARTESIAN_POINT( '', ( 0.216500000000000, -22.9809703885628, 22.9809703885628 ) );
#1067 = DIRECTION( '', ( -1.00000000000000, 0.000000000000000, -0.000000000000000 ) );
#1068 = DIRECTION( '', ( 0.000000000000000, 1.00000000000000, 0.000000000000000 ) );
#1069 = ORIENTED_EDGE( '', *, *, #1870, .F. );
#1070 = ORIENTED_EDGE( '', *, *, #1869, .T. );
#1071 = ORIENTED_EDGE( '', *, *, #1871, .F. );
#1072 = ORIENTED_EDGE( '', *, *, #1872, .F. );
#1073 = CARTESIAN_POINT( '', ( 7.50000000000000, -22.9809703885628, 22.9809703885628 ) );
#1074 = DIRECTION( '', ( 1.00000000000000, -0.000000000000000, -0.000000000000000 ) );
#1075 = DIRECTION( '', ( 0.000000000000000, 1.00000000000000, 0.000000000000000 ) );
#1076 = ORIENTED_EDGE( '', *, *, #1873, .F. );
#1077 = ORIENTED_EDGE( '', *, *, #1872, .T. );
#1078 = ORIENTED_EDGE( '', *, *, #1874, .F. );
#1079 = ORIENTED_EDGE( '', *, *, #1875, .F. );
#1080 = CARTESIAN_POINT( '', ( 14.7835000000000, -22.9809703885628, 22.9809703885628 ) );
#1081 = DIRECTION( '', ( 1.00000000000000, -0.000000000000000, -0.000000000000000 ) );
#1082 = DIRECTION( '', ( 0.000000000000000, 1.00000000000000, 0.000000000000000 ) );
#1083 = ORIENTED_EDGE( '', *, *, #1876, .F. );
#1084 = ORIENTED_EDGE( '', *, *, #1877, .F. );
#1085 = ORIENTED_EDGE( '', *, *, #1878, .F. );
#1086 = ORIENTED_EDGE( '', *, *, #1879, .F. );
#1087 = CARTESIAN_POINT( '', ( 0.216500000000000, 0.000000000000000, 32.5000000000000 ) );
#1088 = DIRECTION( '', ( -1.00000000000000, 0.000000000000000, -0.000000000000000 ) );
#1089 = DIRECTION( '', ( 0.000000000000000, 1.00000000000000, 0.000000000000000 ) );
#1090 = ORIENTED_EDGE( '', *, *, #1880, .F. );
#1091 = ORIENTED_EDGE( '', *, *, #1879, .T. );
#1092 = ORIENTED_EDGE( '', *, *, #1881, .F. );
#1093 = ORIENTED_EDGE( '', *, *, #1882, .F. );
#1094 = CARTESIAN_POINT( '', ( 7.50000000000000, 0.000000000000000, 32.5000000000000 ) );
#1095 = DIRECTION( '', ( 1.00000000000000, -0.000000000000000, -0.000000000000000 ) );
#1096 = DIRECTION( '', ( 0.000000000000000, 1.00000000000000, 0.000000000000000 ) );
#1097 = ORIENTED_EDGE( '', *, *, #1883, .F. );
#1098 = ORIENTED_EDGE( '', *, *, #1882, .T. );
#1099 = ORIENTED_EDGE( '', *, *, #1884, .F. );
#1100 = ORIENTED_EDGE( '', *, *, #1885, .F. );
#1101 = CARTESIAN_POINT( '', ( 14.7835000000000, 0.000000000000000, 32.5000000000000 ) );
#1102 = DIRECTION( '', ( 1.00000000000000, -0.000000000000000, -0.000000000000000 ) );
#1103 = DIRECTION( '', ( 0.000000000000000, 1.00000000000000, 0.000000000000000 ) );
#1104 = ORIENTED_EDGE( '', *, *, #1886, .F. );
#1105 = ORIENTED_EDGE( '', *, *, #1887, .F. );
#1106 = ORIENTED_EDGE( '', *, *, #1888, .F. );
#1107 = ORIENTED_EDGE( '', *, *, #1889, .F. );
#1108 = CARTESIAN_POINT( '', ( 0.216500000000000, 22.9809703885628, 22.9809703885628 ) );
#1109 = DIRECTION( '', ( -1.00000000000000, 0.000000000000000, -0.000000000000000 ) );
#1110 = DIRECTION( '', ( 0.000000000000000, 1.00000000000000, 0.000000000000000 ) );
#1111 = ORIENTED_EDGE( '', *, *, #1890, .F. );
#1112 = ORIENTED_EDGE( '', *, *, #1889, .T. );
#1113 = ORIENTED_EDGE( '', *, *, #1891, .F. );
#1114 = ORIENTED_EDGE( '', *, *, #1892, .F. );
#1115 = CARTESIAN_POINT( '', ( 7.50000000000000, 22.9809703885628, 22.9809703885628 ) );
#1116 = DIRECTION( '', ( 1.00000000000000, -0.000000000000000, -0.000000000000000 ) );
#1117 = DIRECTION( '', ( 0.000000000000000, 1.00000000000000, 0.000000000000000 ) );
#1118 = ORIENTED_EDGE( '', *, *, #1893, .F. );
#1119 = ORIENTED_EDGE( '', *, *, #1892, .T. );
#1120 = ORIENTED_EDGE( '', *, *, #1894, .F. );
#1121 = ORIENTED_EDGE( '', *, *, #1895, .F. );
#1122 = CARTESIAN_POINT( '', ( 14.7835000000000, 22.9809703885628, 22.9809703885628 ) );
#1123 = DIRECTION( '', ( 1.00000000000000, -0.000000000000000, -0.000000000000000 ) );
#1124 = DIRECTION( '', ( 0.000000000000000, 1.00000000000000, 0.000000000000000 ) );
#1125 = ORIENTED_EDGE( '', *, *, #1896, .F. );
#1126 = ORIENTED_EDGE( '', *, *, #1897, .F. );
#1127 = ORIENTED_EDGE( '', *, *, #1898, .F. );
#1128 = ORIENTED_EDGE( '', *, *, #1899, .F. );
#1129 = ORIENTED_EDGE( '', *, *, #1900, .F. );
#1130 = CARTESIAN_POINT( '', ( 7.50000000000000, -21.1815279814077, 51.1367321244997 ) );
#1131 = DIRECTION( '', ( -0.000000000000000, 0.382683432365090, -0.923879532511287 ) );
#1132 = DIRECTION( '', ( 0.000000000000000, 0.923879532511287, 0.382683432365090 ) );
#1133 = ORIENTED_EDGE( '', *, *, #1901, .F. );
#1134 = ORIENTED_EDGE( '', *, *, #1718, .T. );
#1135 = ORIENTED_EDGE( '', *, *, #1902, .T. );
#1136 = ORIENTED_EDGE( '', *, *, #1903, .F. );
#1137 = ORIENTED_EDGE( '', *, *, #1904, .F. );
#1138 = ORIENTED_EDGE( '', *, *, #1710, .F. );
#1139 = ORIENTED_EDGE( '', *, *, #1905, .T. );
#1140 = ORIENTED_EDGE( '', *, *, #1906, .T. );
#1141 = ORIENTED_EDGE( '', *, *, #1907, .T. );
#1142 = ORIENTED_EDGE( '', *, *, #1908, .T. );
#1143 = CARTESIAN_POINT( '', ( 7.50000000000000, 0.000000000000000, 0.000000000000000 ) );
#1144 = DIRECTION( '', ( 1.00000000000000, -0.000000000000000, -0.000000000000000 ) );
#1145 = DIRECTION( '', ( 0.000000000000000, 1.00000000000000, -2.44921270764475E-016 ) );
#1146 = ORIENTED_EDGE( '', *, *, #1909, .F. );
#1147 = ORIENTED_EDGE( '', *, *, #1910, .T. );
#1148 = ORIENTED_EDGE( '', *, *, #1911, .F. );
#1149 = ORIENTED_EDGE( '', *, *, #1905, .F. );
#1150 = ORIENTED_EDGE( '', *, *, #1908, .F. );
#1151 = CARTESIAN_POINT( '', ( 7.50000000000000, 21.1815279814077, -51.1367321244997 ) );
#1152 = DIRECTION( '', ( -0.000000000000000, 0.382683432365092, -0.923879532511286 ) );
#1153 = DIRECTION( '', ( 0.000000000000000, 0.923879532511286, 0.382683432365092 ) );
#1154 = ORIENTED_EDGE( '', *, *, #1909, .T. );
#1155 = ORIENTED_EDGE( '', *, *, #1907, .F. );
#1156 = ORIENTED_EDGE( '', *, *, #1906, .F. );
#1157 = ORIENTED_EDGE( '', *, *, #1911, .T. );
#1158 = ORIENTED_EDGE( '', *, *, #1912, .T. );
#1159 = CARTESIAN_POINT( '', ( 7.50000000000000, 21.1815279814077, -51.1367321244997 ) );
#1160 = DIRECTION( '', ( -0.000000000000000, 0.382683432365092, -0.923879532511286 ) );
#1161 = DIRECTION( '', ( 0.000000000000000, 0.923879532511286, 0.382683432365092 ) );
#1162 = ORIENTED_EDGE( '', *, *, #1910, .F. );
#1163 = ORIENTED_EDGE( '', *, *, #1912, .F. );
#1164 = CARTESIAN_POINT( '', ( 7.50000000000000, 20.1180566586063, -46.5441126382393 ) );
#1165 = DIRECTION( '', ( 1.23259516440783E-032, -0.382683432365090, 0.923879532511287 ) );
#1166 = DIRECTION( '', ( -2.44921270764475E-016, 0.923879532511287, 0.382683432365090 ) );
#1167 = ORIENTED_EDGE( '', *, *, #1901, .T. );
#1168 = ORIENTED_EDGE( '', *, *, #1709, .F. );
#1169 = ORIENTED_EDGE( '', *, *, #1913, .F. );
#1170 = ORIENTED_EDGE( '', *, *, #1903, .T. );
#1171 = ORIENTED_EDGE( '', *, *, #1914, .T. );
#1172 = ORIENTED_EDGE( '', *, *, #1719, .T. );
#1173 = ORIENTED_EDGE( '', *, *, #1915, .T. );
#1174 = ORIENTED_EDGE( '', *, *, #1898, .T. );
#1175 = ORIENTED_EDGE( '', *, *, #1897, .T. );
#1176 = ORIENTED_EDGE( '', *, *, #1916, .T. );
#1177 = CARTESIAN_POINT( '', ( 7.50000000000000, 0.000000000000000, 0.000000000000000 ) );
#1178 = DIRECTION( '', ( 1.00000000000000, -0.000000000000000, -0.000000000000000 ) );
#1179 = DIRECTION( '', ( 0.000000000000000, 1.00000000000000, -2.44921270764475E-016 ) );
#1180 = ORIENTED_EDGE( '', *, *, #1900, .T. );
#1181 = ORIENTED_EDGE( '', *, *, #1917, .T. );
#1182 = CARTESIAN_POINT( '', ( 7.50000000000000, -18.6860433832138, 47.1372719584052 ) );
#1183 = DIRECTION( '', ( 1.23259516440783E-032, 0.382683432365090, -0.923879532511287 ) );
#1184 = DIRECTION( '', ( 2.44921270764476E-016, -0.923879532511287, -0.382683432365090 ) );
#1185 = ORIENTED_EDGE( '', *, *, #1896, .T. );
#1186 = ORIENTED_EDGE( '', *, *, #1917, .F. );
#1187 = ORIENTED_EDGE( '', *, *, #1899, .T. );
#1188 = ORIENTED_EDGE( '', *, *, #1915, .F. );
#1189 = ORIENTED_EDGE( '', *, *, #1916, .F. );
#1190 = CARTESIAN_POINT( '', ( 7.50000000000000, -21.1815279814077, 51.1367321244997 ) );
#1191 = DIRECTION( '', ( -0.000000000000000, 0.382683432365090, -0.923879532511287 ) );
#1192 = DIRECTION( '', ( 0.000000000000000, 0.923879532511287, 0.382683432365090 ) );
#1193 = ORIENTED_EDGE( '', *, *, #1893, .T. );
#1194 = ORIENTED_EDGE( '', *, *, #1918, .F. );
#1195 = ORIENTED_EDGE( '', *, *, #1894, .T. );
#1196 = ORIENTED_EDGE( '', *, *, #1919, .T. );
#1197 = CARTESIAN_POINT( '', ( 14.7835000000000, 22.9809703885628, 22.9809703885628 ) );
#1198 = DIRECTION( '', ( 1.00000000000000, -0.000000000000000, -0.000000000000000 ) );
#1199 = DIRECTION( '', ( 0.000000000000000, 1.00000000000000, 0.000000000000000 ) );
#1200 = ORIENTED_EDGE( '', *, *, #1890, .T. );
#1201 = ORIENTED_EDGE( '', *, *, #1919, .F. );
#1202 = ORIENTED_EDGE( '', *, *, #1891, .T. );
#1203 = ORIENTED_EDGE( '', *, *, #1920, .T. );
#1204 = CARTESIAN_POINT( '', ( 7.50000000000000, 22.9809703885628, 22.9809703885628 ) );
#1205 = DIRECTION( '', ( 1.00000000000000, -0.000000000000000, -0.000000000000000 ) );
#1206 = DIRECTION( '', ( 0.000000000000000, 1.00000000000000, 0.000000000000000 ) );
#1207 = ORIENTED_EDGE( '', *, *, #1886, .T. );
#1208 = ORIENTED_EDGE( '', *, *, #1920, .F. );
#1209 = ORIENTED_EDGE( '', *, *, #1888, .T. );
#1210 = ORIENTED_EDGE( '', *, *, #1921, .F. );
#1211 = CARTESIAN_POINT( '', ( 0.216500000000000, 22.9809703885628, 22.9809703885628 ) );
#1212 = DIRECTION( '', ( -1.00000000000000, 0.000000000000000, -0.000000000000000 ) );
#1213 = DIRECTION( '', ( 0.000000000000000, 1.00000000000000, 0.000000000000000 ) );
#1214 = ORIENTED_EDGE( '', *, *, #1883, .T. );
#1215 = ORIENTED_EDGE( '', *, *, #1922, .F. );
#1216 = ORIENTED_EDGE( '', *, *, #1884, .T. );
#1217 = ORIENTED_EDGE( '', *, *, #1923, .T. );
#1218 = CARTESIAN_POINT( '', ( 14.7835000000000, 0.000000000000000, 32.5000000000000 ) );
#1219 = DIRECTION( '', ( 1.00000000000000, -0.000000000000000, -0.000000000000000 ) );
#1220 = DIRECTION( '', ( 0.000000000000000, 1.00000000000000, 0.000000000000000 ) );
#1221 = ORIENTED_EDGE( '', *, *, #1880, .T. );
#1222 = ORIENTED_EDGE( '', *, *, #1923, .F. );
#1223 = ORIENTED_EDGE( '', *, *, #1881, .T. );
#1224 = ORIENTED_EDGE( '', *, *, #1924, .T. );
#1225 = CARTESIAN_POINT( '', ( 7.50000000000000, 0.000000000000000, 32.5000000000000 ) );
#1226 = DIRECTION( '', ( 1.00000000000000, -0.000000000000000, -0.000000000000000 ) );
#1227 = DIRECTION( '', ( 0.000000000000000, 1.00000000000000, 0.000000000000000 ) );
#1228 = ORIENTED_EDGE( '', *, *, #1876, .T. );
#1229 = ORIENTED_EDGE( '', *, *, #1924, .F. );
#1230 = ORIENTED_EDGE( '', *, *, #1878, .T. );
#1231 = ORIENTED_EDGE( '', *, *, #1925, .F. );
#1232 = CARTESIAN_POINT( '', ( 0.216500000000000, 0.000000000000000, 32.5000000000000 ) );
#1233 = DIRECTION( '', ( -1.00000000000000, 0.000000000000000, -0.000000000000000 ) );
#1234 = DIRECTION( '', ( 0.000000000000000, 1.00000000000000, 0.000000000000000 ) );
#1235 = ORIENTED_EDGE( '', *, *, #1873, .T. );
#1236 = ORIENTED_EDGE( '', *, *, #1926, .F. );
#1237 = ORIENTED_EDGE( '', *, *, #1874, .T. );
#1238 = ORIENTED_EDGE( '', *, *, #1927, .T. );
#1239 = CARTESIAN_POINT( '', ( 14.7835000000000, -22.9809703885628, 22.9809703885628 ) );
#1240 = DIRECTION( '', ( 1.00000000000000, -0.000000000000000, -0.000000000000000 ) );
#1241 = DIRECTION( '', ( 0.000000000000000, 1.00000000000000, 0.000000000000000 ) );
#1242 = ORIENTED_EDGE( '', *, *, #1870, .T. );
#1243 = ORIENTED_EDGE( '', *, *, #1927, .F. );
#1244 = ORIENTED_EDGE( '', *, *, #1871, .T. );
#1245 = ORIENTED_EDGE( '', *, *, #1928, .T. );
#1246 = CARTESIAN_POINT( '', ( 7.50000000000000, -22.9809703885628, 22.9809703885628 ) );
#1247 = DIRECTION( '', ( 1.00000000000000, -0.000000000000000, -0.000000000000000 ) );
#1248 = DIRECTION( '', ( 0.000000000000000, 1.00000000000000, 0.000000000000000 ) );
#1249 = ORIENTED_EDGE( '', *, *, #1866, .T. );
#1250 = ORIENTED_EDGE( '', *, *, #1928, .F. );
#1251 = ORIENTED_EDGE( '', *, *, #1868, .T. );
#1252 = ORIENTED_EDGE( '', *, *, #1929, .F. );
#1253 = CARTESIAN_POINT( '', ( 0.216500000000000, -22.9809703885628, 22.9809703885628 ) );
#1254 = DIRECTION( '', ( -1.00000000000000, 0.000000000000000, -0.000000000000000 ) );
#1255 = DIRECTION( '', ( 0.000000000000000, 1.00000000000000, 0.000000000000000 ) );
#1256 = ORIENTED_EDGE( '', *, *, #1863, .T. );
#1257 = ORIENTED_EDGE( '', *, *, #1930, .F. );
#1258 = ORIENTED_EDGE( '', *, *, #1864, .T. );
#1259 = ORIENTED_EDGE( '', *, *, #1931, .T. );
#1260 = CARTESIAN_POINT( '', ( 14.7835000000000, -32.5000000000000, 1.06581410364015E-014 ) );
#1261 = DIRECTION( '', ( 1.00000000000000, -0.000000000000000, -0.000000000000000 ) );
#1262 = DIRECTION( '', ( 0.000000000000000, 1.00000000000000, -2.44921270764335E-016 ) );
#1263 = ORIENTED_EDGE( '', *, *, #1860, .T. );
#1264 = ORIENTED_EDGE( '', *, *, #1931, .F. );
#1265 = ORIENTED_EDGE( '', *, *, #1861, .T. );
#1266 = ORIENTED_EDGE( '', *, *, #1932, .T. );
#1267 = CARTESIAN_POINT( '', ( 7.50000000000000, -32.5000000000000, 1.06581410364015E-014 ) );
#1268 = DIRECTION( '', ( 1.00000000000000, -0.000000000000000, -0.000000000000000 ) );
#1269 = DIRECTION( '', ( 0.000000000000000, 1.00000000000000, -2.44921270764335E-016 ) );
#1270 = ORIENTED_EDGE( '', *, *, #1856, .T. );
#1271 = ORIENTED_EDGE( '', *, *, #1932, .F. );
#1272 = ORIENTED_EDGE( '', *, *, #1858, .T. );
#1273 = ORIENTED_EDGE( '', *, *, #1933, .F. );
#1274 = CARTESIAN_POINT( '', ( 0.216500000000000, -32.5000000000000, 1.06581410364015E-014 ) );
#1275 = DIRECTION( '', ( -1.00000000000000, 0.000000000000000, -0.000000000000000 ) );
#1276 = DIRECTION( '', ( 0.000000000000000, 1.00000000000000, -2.44921270764335E-016 ) );
#1277 = ORIENTED_EDGE( '', *, *, #1853, .T. );
#1278 = ORIENTED_EDGE( '', *, *, #1934, .F. );
#1279 = ORIENTED_EDGE( '', *, *, #1854, .T. );
#1280 = ORIENTED_EDGE( '', *, *, #1935, .T. );
#1281 = CARTESIAN_POINT( '', ( 14.7835000000000, -22.9809703885628, -22.9809703885628 ) );
#1282 = DIRECTION( '', ( 1.00000000000000, -0.000000000000000, -0.000000000000000 ) );
#1283 = DIRECTION( '', ( 0.000000000000000, 1.00000000000000, 0.000000000000000 ) );
#1284 = ORIENTED_EDGE( '', *, *, #1850, .T. );
#1285 = ORIENTED_EDGE( '', *, *, #1935, .F. );
#1286 = ORIENTED_EDGE( '', *, *, #1851, .T. );
#1287 = ORIENTED_EDGE( '', *, *, #1936, .T. );
#1288 = CARTESIAN_POINT( '', ( 7.50000000000000, -22.9809703885628, -22.9809703885628 ) );
#1289 = DIRECTION( '', ( 1.00000000000000, -0.000000000000000, -0.000000000000000 ) );
#1290 = DIRECTION( '', ( 0.000000000000000, 1.00000000000000, 0.000000000000000 ) );
#1291 = ORIENTED_EDGE( '', *, *, #1846, .T. );
#1292 = ORIENTED_EDGE( '', *, *, #1936, .F. );
#1293 = ORIENTED_EDGE( '', *, *, #1848, .T. );
#1294 = ORIENTED_EDGE( '', *, *, #1937, .F. );
#1295 = CARTESIAN_POINT( '', ( 0.216500000000000, -22.9809703885628, -22.9809703885628 ) );
#1296 = DIRECTION( '', ( -1.00000000000000, 0.000000000000000, -0.000000000000000 ) );
#1297 = DIRECTION( '', ( 0.000000000000000, 1.00000000000000, 0.000000000000000 ) );
#1298 = ORIENTED_EDGE( '', *, *, #1843, .T. );
#1299 = ORIENTED_EDGE( '', *, *, #1938, .F. );
#1300 = ORIENTED_EDGE( '', *, *, #1844, .T. );
#1301 = ORIENTED_EDGE( '', *, *, #1939, .T. );
#1302 = CARTESIAN_POINT( '', ( 14.7835000000000, -1.42108547152020E-014, -32.5000000000000 ) );
#1303 = DIRECTION( '', ( 1.00000000000000, -0.000000000000000, -0.000000000000000 ) );
#1304 = DIRECTION( '', ( 0.000000000000000, 1.00000000000000, 0.000000000000000 ) );
#1305 = ORIENTED_EDGE( '', *, *, #1840, .T. );
#1306 = ORIENTED_EDGE( '', *, *, #1939, .F. );
#1307 = ORIENTED_EDGE( '', *, *, #1841, .T. );
#1308 = ORIENTED_EDGE( '', *, *, #1940, .T. );
#1309 = CARTESIAN_POINT( '', ( 7.50000000000000, -1.42108547152020E-014, -32.5000000000000 ) );
#1310 = DIRECTION( '', ( 1.00000000000000, -0.000000000000000, -0.000000000000000 ) );
#1311 = DIRECTION( '', ( 0.000000000000000, 1.00000000000000, 0.000000000000000 ) );
#1312 = ORIENTED_EDGE( '', *, *, #1836, .T. );
#1313 = ORIENTED_EDGE( '', *, *, #1940, .F. );
#1314 = ORIENTED_EDGE( '', *, *, #1838, .T. );
#1315 = ORIENTED_EDGE( '', *, *, #1941, .F. );
#1316 = CARTESIAN_POINT( '', ( 0.216500000000000, -1.42108547152020E-014, -32.5000000000000 ) );
#1317 = DIRECTION( '', ( -1.00000000000000, 0.000000000000000, -0.000000000000000 ) );
#1318 = DIRECTION( '', ( 0.000000000000000, 1.00000000000000, 0.000000000000000 ) );
#1319 = ORIENTED_EDGE( '', *, *, #1833, .T. );
#1320 = ORIENTED_EDGE( '', *, *, #1942, .F. );
#1321 = ORIENTED_EDGE( '', *, *, #1834, .T. );
#1322 = ORIENTED_EDGE( '', *, *, #1943, .T. );
#1323 = CARTESIAN_POINT( '', ( 14.7835000000000, 22.9809703885628, -22.9809703885628 ) );
#1324 = DIRECTION( '', ( 1.00000000000000, -0.000000000000000, -0.000000000000000 ) );
#1325 = DIRECTION( '', ( 0.000000000000000, 1.00000000000000, 0.000000000000000 ) );
#1326 = ORIENTED_EDGE( '', *, *, #1830, .T. );
#1327 = ORIENTED_EDGE( '', *, *, #1943, .F. );
#1328 = ORIENTED_EDGE( '', *, *, #1831, .T. );
#1329 = ORIENTED_EDGE( '', *, *, #1944, .T. );
#1330 = CARTESIAN_POINT( '', ( 7.50000000000000, 22.9809703885628, -22.9809703885628 ) );
#1331 = DIRECTION( '', ( 1.00000000000000, -0.000000000000000, -0.000000000000000 ) );
#1332 = DIRECTION( '', ( 0.000000000000000, 1.00000000000000, 0.000000000000000 ) );
#1333 = ORIENTED_EDGE( '', *, *, #1826, .T. );
#1334 = ORIENTED_EDGE( '', *, *, #1944, .F. );
#1335 = ORIENTED_EDGE( '', *, *, #1828, .T. );
#1336 = ORIENTED_EDGE( '', *, *, #1945, .F. );
#1337 = CARTESIAN_POINT( '', ( 0.216500000000000, 22.9809703885628, -22.9809703885628 ) );
#1338 = DIRECTION( '', ( -1.00000000000000, 0.000000000000000, -0.000000000000000 ) );
#1339 = DIRECTION( '', ( 0.000000000000000, 1.00000000000000, 0.000000000000000 ) );
#1340 = ORIENTED_EDGE( '', *, *, #1823, .T. );
#1341 = ORIENTED_EDGE( '', *, *, #1946, .F. );
#1342 = ORIENTED_EDGE( '', *, *, #1824, .T. );
#1343 = ORIENTED_EDGE( '', *, *, #1947, .T. );
#1344 = CARTESIAN_POINT( '', ( 14.7835000000000, 32.5000000000000, 0.000000000000000 ) );
#1345 = DIRECTION( '', ( 1.00000000000000, -0.000000000000000, -0.000000000000000 ) );
#1346 = DIRECTION( '', ( 0.000000000000000, 1.00000000000000, -2.44921270764268E-016 ) );
#1347 = ORIENTED_EDGE( '', *, *, #1820, .T. );
#1348 = ORIENTED_EDGE( '', *, *, #1947, .F. );
#1349 = ORIENTED_EDGE( '', *, *, #1821, .T. );
#1350 = ORIENTED_EDGE( '', *, *, #1948, .T. );
#1351 = CARTESIAN_POINT( '', ( 7.50000000000000, 32.5000000000000, 0.000000000000000 ) );
#1352 = DIRECTION( '', ( 1.00000000000000, -0.000000000000000, -0.000000000000000 ) );
#1353 = DIRECTION( '', ( 0.000000000000000, 1.00000000000000, -2.44921270764268E-016 ) );
#1354 = ORIENTED_EDGE( '', *, *, #1816, .T. );
#1355 = ORIENTED_EDGE( '', *, *, #1948, .F. );
#1356 = ORIENTED_EDGE( '', *, *, #1818, .T. );
#1357 = ORIENTED_EDGE( '', *, *, #1949, .F. );
#1358 = CARTESIAN_POINT( '', ( 0.216500000000000, 32.5000000000000, 0.000000000000000 ) );
#1359 = DIRECTION( '', ( -1.00000000000000, 0.000000000000000, -0.000000000000000 ) );
#1360 = DIRECTION( '', ( 0.000000000000000, 1.00000000000000, -2.44921270764268E-016 ) );
#1361 = ORIENTED_EDGE( '', *, *, #1812, .T. );
#1362 = ORIENTED_EDGE( '', *, *, #1950, .F. );
#1363 = ORIENTED_EDGE( '', *, *, #1814, .T. );
#1364 = ORIENTED_EDGE( '', *, *, #1951, .T. );
#1365 = CARTESIAN_POINT( '', ( 12.3000000000000, 37.1231060122937, 37.1231060122937 ) );
#1366 = DIRECTION( '', ( 1.00000000000000, -0.000000000000000, -0.000000000000000 ) );
#1367 = DIRECTION( '', ( 0.000000000000000, 1.00000000000000, 0.000000000000000 ) );
#1368 = ORIENTED_EDGE( '', *, *, #1811, .T. );
#1369 = ORIENTED_EDGE( '', *, *, #1952, .T. );
#1370 = ORIENTED_EDGE( '', *, *, #1813, .F. );
#1371 = ORIENTED_EDGE( '', *, *, #1951, .F. );
#1372 = CARTESIAN_POINT( '', ( 9.60000000000000, 40.8731060122937, 37.1231060122937 ) );
#1373 = DIRECTION( '', ( -1.00000000000000, 0.000000000000000, 0.000000000000000 ) );
#1374 = DIRECTION( '', ( 0.000000000000000, 1.00000000000000, -2.44921270764475E-016 ) );
#1375 = ORIENTED_EDGE( '', *, *, #1808, .T. );
#1376 = ORIENTED_EDGE( '', *, *, #1952, .F. );
#1377 = ORIENTED_EDGE( '', *, *, #1810, .T. );
#1378 = ORIENTED_EDGE( '', *, *, #1953, .F. );
#1379 = CARTESIAN_POINT( '', ( 4.80000000000000, 37.1231060122937, 37.1231060122937 ) );
#1380 = DIRECTION( '', ( 1.00000000000000, -0.000000000000000, -0.000000000000000 ) );
#1381 = DIRECTION( '', ( 0.000000000000000, 1.00000000000000, 0.000000000000000 ) );
#1382 = ORIENTED_EDGE( '', *, *, #1804, .T. );
#1383 = ORIENTED_EDGE( '', *, *, #1954, .F. );
#1384 = ORIENTED_EDGE( '', *, *, #1806, .T. );
#1385 = ORIENTED_EDGE( '', *, *, #1955, .T. );
#1386 = CARTESIAN_POINT( '', ( 12.3000000000000, 1.42108547152020E-014, 52.5000000000000 ) );
#1387 = DIRECTION( '', ( 1.00000000000000, -0.000000000000000, -0.000000000000000 ) );
#1388 = DIRECTION( '', ( 0.000000000000000, 1.00000000000000, 0.000000000000000 ) );
#1389 = ORIENTED_EDGE( '', *, *, #1803, .T. );
#1390 = ORIENTED_EDGE( '', *, *, #1956, .T. );
#1391 = ORIENTED_EDGE( '', *, *, #1805, .F. );
#1392 = ORIENTED_EDGE( '', *, *, #1955, .F. );
#1393 = CARTESIAN_POINT( '', ( 9.60000000000000, 3.75000000000001, 52.5000000000000 ) );
#1394 = DIRECTION( '', ( -1.00000000000000, 0.000000000000000, 0.000000000000000 ) );
#1395 = DIRECTION( '', ( 0.000000000000000, 1.00000000000000, -2.44921270764475E-016 ) );
#1396 = ORIENTED_EDGE( '', *, *, #1800, .T. );
#1397 = ORIENTED_EDGE( '', *, *, #1956, .F. );
#1398 = ORIENTED_EDGE( '', *, *, #1802, .T. );
#1399 = ORIENTED_EDGE( '', *, *, #1957, .F. );
#1400 = CARTESIAN_POINT( '', ( 4.80000000000000, 1.42108547152020E-014, 52.5000000000000 ) );
#1401 = DIRECTION( '', ( 1.00000000000000, -0.000000000000000, -0.000000000000000 ) );
#1402 = DIRECTION( '', ( 0.000000000000000, 1.00000000000000, 0.000000000000000 ) );
#1403 = ORIENTED_EDGE( '', *, *, #1796, .T. );
#1404 = ORIENTED_EDGE( '', *, *, #1958, .F. );
#1405 = ORIENTED_EDGE( '', *, *, #1798, .T. );
#1406 = ORIENTED_EDGE( '', *, *, #1959, .T. );
#1407 = CARTESIAN_POINT( '', ( 12.3000000000000, -37.1231060122937, 37.1231060122938 ) );
#1408 = DIRECTION( '', ( 1.00000000000000, -0.000000000000000, -0.000000000000000 ) );
#1409 = DIRECTION( '', ( 0.000000000000000, 1.00000000000000, 0.000000000000000 ) );
#1410 = ORIENTED_EDGE( '', *, *, #1795, .T. );
#1411 = ORIENTED_EDGE( '', *, *, #1960, .T. );
#1412 = ORIENTED_EDGE( '', *, *, #1797, .F. );
#1413 = ORIENTED_EDGE( '', *, *, #1959, .F. );
#1414 = CARTESIAN_POINT( '', ( 9.60000000000000, -33.3731060122937, 37.1231060122938 ) );
#1415 = DIRECTION( '', ( -1.00000000000000, 0.000000000000000, 0.000000000000000 ) );
#1416 = DIRECTION( '', ( 0.000000000000000, 1.00000000000000, -2.44921270764475E-016 ) );
#1417 = ORIENTED_EDGE( '', *, *, #1792, .T. );
#1418 = ORIENTED_EDGE( '', *, *, #1960, .F. );
#1419 = ORIENTED_EDGE( '', *, *, #1794, .T. );
#1420 = ORIENTED_EDGE( '', *, *, #1961, .F. );
#1421 = CARTESIAN_POINT( '', ( 4.80000000000000, -37.1231060122937, 37.1231060122938 ) );
#1422 = DIRECTION( '', ( 1.00000000000000, -0.000000000000000, -0.000000000000000 ) );
#1423 = DIRECTION( '', ( 0.000000000000000, 1.00000000000000, 0.000000000000000 ) );
#1424 = ORIENTED_EDGE( '', *, *, #1788, .T. );
#1425 = ORIENTED_EDGE( '', *, *, #1962, .F. );
#1426 = ORIENTED_EDGE( '', *, *, #1790, .T. );
#1427 = ORIENTED_EDGE( '', *, *, #1963, .T. );
#1428 = CARTESIAN_POINT( '', ( 12.3000000000000, -52.5000000000000, 1.77635683940025E-014 ) );
#1429 = DIRECTION( '', ( 1.00000000000000, -0.000000000000000, -0.000000000000000 ) );
#1430 = DIRECTION( '', ( 0.000000000000000, 1.00000000000000, -2.44921270764210E-016 ) );
#1431 = ORIENTED_EDGE( '', *, *, #1787, .T. );
#1432 = ORIENTED_EDGE( '', *, *, #1964, .T. );
#1433 = ORIENTED_EDGE( '', *, *, #1789, .F. );
#1434 = ORIENTED_EDGE( '', *, *, #1963, .F. );
#1435 = CARTESIAN_POINT( '', ( 9.60000000000000, -48.7500000000000, 1.68451136286357E-014 ) );
#1436 = DIRECTION( '', ( -1.00000000000000, 0.000000000000000, 0.000000000000000 ) );
#1437 = DIRECTION( '', ( 0.000000000000000, 1.00000000000000, -2.44921270764475E-016 ) );
#1438 = ORIENTED_EDGE( '', *, *, #1784, .T. );
#1439 = ORIENTED_EDGE( '', *, *, #1964, .F. );
#1440 = ORIENTED_EDGE( '', *, *, #1786, .T. );
#1441 = ORIENTED_EDGE( '', *, *, #1965, .F. );
#1442 = CARTESIAN_POINT( '', ( 4.80000000000000, -52.5000000000000, 1.77635683940025E-014 ) );
#1443 = DIRECTION( '', ( 1.00000000000000, -0.000000000000000, -0.000000000000000 ) );
#1444 = DIRECTION( '', ( 0.000000000000000, 1.00000000000000, -2.44921270764210E-016 ) );
#1445 = ORIENTED_EDGE( '', *, *, #1780, .T. );
#1446 = ORIENTED_EDGE( '', *, *, #1966, .F. );
#1447 = ORIENTED_EDGE( '', *, *, #1782, .T. );
#1448 = ORIENTED_EDGE( '', *, *, #1967, .T. );
#1449 = CARTESIAN_POINT( '', ( 12.3000000000000, -37.1231060122938, -37.1231060122937 ) );
#1450 = DIRECTION( '', ( 1.00000000000000, -0.000000000000000, -0.000000000000000 ) );
#1451 = DIRECTION( '', ( 0.000000000000000, 1.00000000000000, 0.000000000000000 ) );
#1452 = ORIENTED_EDGE( '', *, *, #1779, .T. );
#1453 = ORIENTED_EDGE( '', *, *, #1968, .T. );
#1454 = ORIENTED_EDGE( '', *, *, #1781, .F. );
#1455 = ORIENTED_EDGE( '', *, *, #1967, .F. );
#1456 = CARTESIAN_POINT( '', ( 9.60000000000000, -33.3731060122938, -37.1231060122937 ) );
#1457 = DIRECTION( '', ( -1.00000000000000, 0.000000000000000, 0.000000000000000 ) );
#1458 = DIRECTION( '', ( 0.000000000000000, 1.00000000000000, -2.44921270764475E-016 ) );
#1459 = ORIENTED_EDGE( '', *, *, #1776, .T. );
#1460 = ORIENTED_EDGE( '', *, *, #1968, .F. );
#1461 = ORIENTED_EDGE( '', *, *, #1778, .T. );
#1462 = ORIENTED_EDGE( '', *, *, #1969, .F. );
#1463 = CARTESIAN_POINT( '', ( 4.80000000000000, -37.1231060122938, -37.1231060122937 ) );
#1464 = DIRECTION( '', ( 1.00000000000000, -0.000000000000000, -0.000000000000000 ) );
#1465 = DIRECTION( '', ( 0.000000000000000, 1.00000000000000, 0.000000000000000 ) );
#1466 = ORIENTED_EDGE( '', *, *, #1772, .T. );
#1467 = ORIENTED_EDGE( '', *, *, #1970, .F. );
#1468 = ORIENTED_EDGE( '', *, *, #1774, .T. );
#1469 = ORIENTED_EDGE( '', *, *, #1971, .T. );
#1470 = CARTESIAN_POINT( '', ( 12.3000000000000, -2.84217094304040E-014, -52.5000000000000 ) );
#1471 = DIRECTION( '', ( 1.00000000000000, -0.000000000000000, -0.000000000000000 ) );
#1472 = DIRECTION( '', ( 0.000000000000000, 1.00000000000000, 0.000000000000000 ) );
#1473 = ORIENTED_EDGE( '', *, *, #1771, .T. );
#1474 = ORIENTED_EDGE( '', *, *, #1972, .T. );
#1475 = ORIENTED_EDGE( '', *, *, #1773, .F. );
#1476 = ORIENTED_EDGE( '', *, *, #1971, .F. );
#1477 = CARTESIAN_POINT( '', ( 9.60000000000000, 3.74999999999997, -52.5000000000000 ) );
#1478 = DIRECTION( '', ( -1.00000000000000, 0.000000000000000, 0.000000000000000 ) );
#1479 = DIRECTION( '', ( 0.000000000000000, 1.00000000000000, -2.44921270764475E-016 ) );
#1480 = ORIENTED_EDGE( '', *, *, #1768, .T. );
#1481 = ORIENTED_EDGE( '', *, *, #1972, .F. );
#1482 = ORIENTED_EDGE( '', *, *, #1770, .T. );
#1483 = ORIENTED_EDGE( '', *, *, #1973, .F. );
#1484 = CARTESIAN_POINT( '', ( 4.80000000000000, -2.84217094304040E-014, -52.5000000000000 ) );
#1485 = DIRECTION( '', ( 1.00000000000000, -0.000000000000000, -0.000000000000000 ) );
#1486 = DIRECTION( '', ( 0.000000000000000, 1.00000000000000, 0.000000000000000 ) );
#1487 = ORIENTED_EDGE( '', *, *, #1764, .T. );
#1488 = ORIENTED_EDGE( '', *, *, #1974, .F. );
#1489 = ORIENTED_EDGE( '', *, *, #1766, .T. );
#1490 = ORIENTED_EDGE( '', *, *, #1975, .T. );
#1491 = CARTESIAN_POINT( '', ( 12.3000000000000, 37.1231060122937, -37.1231060122938 ) );
#1492 = DIRECTION( '', ( 1.00000000000000, -0.000000000000000, -0.000000000000000 ) );
#1493 = DIRECTION( '', ( 0.000000000000000, 1.00000000000000, 0.000000000000000 ) );
#1494 = ORIENTED_EDGE( '', *, *, #1763, .T. );
#1495 = ORIENTED_EDGE( '', *, *, #1976, .T. );
#1496 = ORIENTED_EDGE( '', *, *, #1765, .F. );
#1497 = ORIENTED_EDGE( '', *, *, #1975, .F. );
#1498 = CARTESIAN_POINT( '', ( 9.60000000000000, 40.8731060122937, -37.1231060122938 ) );
#1499 = DIRECTION( '', ( -1.00000000000000, 0.000000000000000, 0.000000000000000 ) );
#1500 = DIRECTION( '', ( 0.000000000000000, 1.00000000000000, -2.44921270764475E-016 ) );
#1501 = ORIENTED_EDGE( '', *, *, #1760, .T. );
#1502 = ORIENTED_EDGE( '', *, *, #1976, .F. );
#1503 = ORIENTED_EDGE( '', *, *, #1762, .T. );
#1504 = ORIENTED_EDGE( '', *, *, #1977, .F. );
#1505 = CARTESIAN_POINT( '', ( 4.80000000000000, 37.1231060122937, -37.1231060122938 ) );
#1506 = DIRECTION( '', ( 1.00000000000000, -0.000000000000000, -0.000000000000000 ) );
#1507 = DIRECTION( '', ( 0.000000000000000, 1.00000000000000, 0.000000000000000 ) );
#1508 = ORIENTED_EDGE( '', *, *, #1756, .T. );
#1509 = ORIENTED_EDGE( '', *, *, #1978, .F. );
#1510 = ORIENTED_EDGE( '', *, *, #1758, .T. );
#1511 = ORIENTED_EDGE( '', *, *, #1979, .T. );
#1512 = CARTESIAN_POINT( '', ( 12.3000000000000, 52.5000000000000, 0.000000000000000 ) );
#1513 = DIRECTION( '', ( 1.00000000000000, -0.000000000000000, -0.000000000000000 ) );
#1514 = DIRECTION( '', ( 0.000000000000000, 1.00000000000000, -2.44921270764422E-016 ) );
#1515 = ORIENTED_EDGE( '', *, *, #1755, .T. );
#1516 = ORIENTED_EDGE( '', *, *, #1980, .T. );
#1517 = ORIENTED_EDGE( '', *, *, #1757, .F. );
#1518 = ORIENTED_EDGE( '', *, *, #1979, .F. );
#1519 = CARTESIAN_POINT( '', ( 9.60000000000000, 56.2500000000000, -9.18454765366783E-016 ) );
#1520 = DIRECTION( '', ( -1.00000000000000, 0.000000000000000, 0.000000000000000 ) );
#1521 = DIRECTION( '', ( 0.000000000000000, 1.00000000000000, -2.44921270764475E-016 ) );
#1522 = ORIENTED_EDGE( '', *, *, #1752, .T. );
#1523 = ORIENTED_EDGE( '', *, *, #1980, .F. );
#1524 = ORIENTED_EDGE( '', *, *, #1754, .T. );
#1525 = ORIENTED_EDGE( '', *, *, #1981, .F. );
#1526 = CARTESIAN_POINT( '', ( 4.80000000000000, 52.5000000000000, 0.000000000000000 ) );
#1527 = DIRECTION( '', ( 1.00000000000000, -0.000000000000000, -0.000000000000000 ) );
#1528 = DIRECTION( '', ( 0.000000000000000, 1.00000000000000, -2.44921270764422E-016 ) );
#1529 = ORIENTED_EDGE( '', *, *, #1748, .T. );
#1530 = ORIENTED_EDGE( '', *, *, #1982, .T. );
#1531 = ORIENTED_EDGE( '', *, *, #1750, .T. );
#1532 = ORIENTED_EDGE( '', *, *, #1983, .F. );
#1533 = CARTESIAN_POINT( '', ( 0.375000000000000, 0.000000000000000, 0.000000000000000 ) );
#1534 = DIRECTION( '', ( 1.00000000000000, -0.000000000000000, -0.000000000000000 ) );
#1535 = DIRECTION( '', ( 0.000000000000000, 1.00000000000000, -2.44921270764475E-016 ) );
#1536 = ORIENTED_EDGE( '', *, *, #1745, .F. );
#1537 = ORIENTED_EDGE( '', *, *, #1984, .F. );
#1538 = ORIENTED_EDGE( '', *, *, #1983, .T. );
#1539 = ORIENTED_EDGE( '', *, *, #1749, .T. );
#1540 = CARTESIAN_POINT( '', ( 0.750000000000000, 43.6666666666667, -1.06948954900488E-014 ) );
#1541 = DIRECTION( '', ( -1.00000000000000, 0.000000000000000, 0.000000000000000 ) );
#1542 = DIRECTION( '', ( 0.000000000000000, 1.00000000000000, -2.44921270764475E-016 ) );
#1543 = ORIENTED_EDGE( '', *, *, #1744, .T. );
#1544 = ORIENTED_EDGE( '', *, *, #1985, .F. );
#1545 = ORIENTED_EDGE( '', *, *, #1746, .T. );
#1546 = ORIENTED_EDGE( '', *, *, #1984, .T. );
#1547 = CARTESIAN_POINT( '', ( 0.375000000000000, 0.000000000000000, 0.000000000000000 ) );
#1548 = DIRECTION( '', ( 1.00000000000000, -0.000000000000000, -0.000000000000000 ) );
#1549 = DIRECTION( '', ( 0.000000000000000, 1.00000000000000, -2.44921270764475E-016 ) );
#1550 = ORIENTED_EDGE( '', *, *, #1921, .T. );
#1551 = ORIENTED_EDGE( '', *, *, #1887, .T. );
#1552 = ORIENTED_EDGE( '', *, *, #1925, .T. );
#1553 = ORIENTED_EDGE( '', *, *, #1877, .T. );
#1554 = ORIENTED_EDGE( '', *, *, #1929, .T. );
#1555 = ORIENTED_EDGE( '', *, *, #1867, .T. );
#1556 = ORIENTED_EDGE( '', *, *, #1933, .T. );
#1557 = ORIENTED_EDGE( '', *, *, #1857, .T. );
#1558 = ORIENTED_EDGE( '', *, *, #1937, .T. );
#1559 = ORIENTED_EDGE( '', *, *, #1847, .T. );
#1560 = ORIENTED_EDGE( '', *, *, #1941, .T. );
#1561 = ORIENTED_EDGE( '', *, *, #1837, .T. );
#1562 = ORIENTED_EDGE( '', *, *, #1945, .T. );
#1563 = ORIENTED_EDGE( '', *, *, #1827, .T. );
#1564 = ORIENTED_EDGE( '', *, *, #1949, .T. );
#1565 = ORIENTED_EDGE( '', *, *, #1817, .T. );
#1566 = ORIENTED_EDGE( '', *, *, #1741, .F. );
#1567 = ORIENTED_EDGE( '', *, *, #1740, .F. );
#1568 = ORIENTED_EDGE( '', *, *, #1986, .F. );
#1569 = ORIENTED_EDGE( '', *, *, #1747, .T. );
#1570 = ORIENTED_EDGE( '', *, *, #1985, .T. );
#1571 = CARTESIAN_POINT( '', ( 0.000000000000000, 35.3000000000000, -8.64572085798598E-015 ) );
#1572 = DIRECTION( '', ( -1.00000000000000, 0.000000000000000, 0.000000000000000 ) );
#1573 = DIRECTION( '', ( 0.000000000000000, 1.00000000000000, -2.44921270764475E-016 ) );
#1574 = ORIENTED_EDGE( '', *, *, #1739, .T. );
#1575 = ORIENTED_EDGE( '', *, *, #1737, .F. );
#1576 = ORIENTED_EDGE( '', *, *, #1987, .F. );
#1577 = ORIENTED_EDGE( '', *, *, #1742, .T. );
#1578 = ORIENTED_EDGE( '', *, *, #1986, .T. );
#1579 = CARTESIAN_POINT( '', ( 0.600000000000004, 0.000000000000000, 0.000000000000000 ) );
#1580 = DIRECTION( '', ( -1.00000000000000, 0.000000000000000, 0.000000000000000 ) );
#1581 = DIRECTION( '', ( 0.000000000000000, -0.000000000000000, 1.00000000000000 ) );
#1582 = ORIENTED_EDGE( '', *, *, #1734, .T. );
#1583 = ORIENTED_EDGE( '', *, *, #1743, .T. );
#1584 = ORIENTED_EDGE( '', *, *, #1987, .T. );
#1585 = ORIENTED_EDGE( '', *, *, #1736, .T. );
#1586 = ORIENTED_EDGE( '', *, *, #1988, .F. );
#1587 = ORIENTED_EDGE( '', *, *, #1730, .F. );
#1588 = CARTESIAN_POINT( '', ( 7.50000000000000, 0.000000000000000, 0.000000000000000 ) );
#1589 = DIRECTION( '', ( 1.00000000000000, -0.000000000000000, -0.000000000000000 ) );
#1590 = DIRECTION( '', ( 0.000000000000000, 1.00000000000000, -2.44921270764475E-016 ) );
#1591 = ORIENTED_EDGE( '', *, *, #1728, .T. );
#1592 = ORIENTED_EDGE( '', *, *, #1989, .F. );
#1593 = ORIENTED_EDGE( '', *, *, #1731, .T. );
#1594 = ORIENTED_EDGE( '', *, *, #1988, .T. );
#1595 = ORIENTED_EDGE( '', *, *, #1735, .T. );
#1596 = CARTESIAN_POINT( '', ( 14.4000000000000, 0.000000000000000, 0.000000000000000 ) );
#1597 = DIRECTION( '', ( -1.00000000000000, 0.000000000000000, 0.000000000000000 ) );
#1598 = DIRECTION( '', ( 0.000000000000000, -0.000000000000000, 1.00000000000000 ) );
#1599 = ORIENTED_EDGE( '', *, *, #1895, .T. );
#1600 = ORIENTED_EDGE( '', *, *, #1918, .T. );
#1601 = ORIENTED_EDGE( '', *, *, #1885, .T. );
#1602 = ORIENTED_EDGE( '', *, *, #1922, .T. );
#1603 = ORIENTED_EDGE( '', *, *, #1875, .T. );
#1604 = ORIENTED_EDGE( '', *, *, #1926, .T. );
#1605 = ORIENTED_EDGE( '', *, *, #1865, .T. );
#1606 = ORIENTED_EDGE( '', *, *, #1930, .T. );
#1607 = ORIENTED_EDGE( '', *, *, #1855, .T. );
#1608 = ORIENTED_EDGE( '', *, *, #1934, .T. );
#1609 = ORIENTED_EDGE( '', *, *, #1845, .T. );
#1610 = ORIENTED_EDGE( '', *, *, #1938, .T. );
#1611 = ORIENTED_EDGE( '', *, *, #1835, .T. );
#1612 = ORIENTED_EDGE( '', *, *, #1942, .T. );
#1613 = ORIENTED_EDGE( '', *, *, #1825, .T. );
#1614 = ORIENTED_EDGE( '', *, *, #1946, .T. );
#1615 = ORIENTED_EDGE( '', *, *, #1725, .F. );
#1616 = ORIENTED_EDGE( '', *, *, #1990, .F. );
#1617 = ORIENTED_EDGE( '', *, *, #1732, .T. );
#1618 = ORIENTED_EDGE( '', *, *, #1989, .T. );
#1619 = ORIENTED_EDGE( '', *, *, #1733, .T. );
#1620 = CARTESIAN_POINT( '', ( 15.0000000000000, 35.3000000000000, -8.64572085798598E-015 ) );
#1621 = DIRECTION( '', ( 1.00000000000000, 0.000000000000000, 0.000000000000000 ) );
#1622 = DIRECTION( '', ( 0.000000000000000, -1.00000000000000, 2.44921270764475E-016 ) );
#1623 = ORIENTED_EDGE( '', *, *, #1724, .T. );
#1624 = ORIENTED_EDGE( '', *, *, #1991, .F. );
#1625 = ORIENTED_EDGE( '', *, *, #1726, .T. );
#1626 = ORIENTED_EDGE( '', *, *, #1990, .T. );
#1627 = CARTESIAN_POINT( '', ( 14.6250000000000, 0.000000000000000, 0.000000000000000 ) );
#1628 = DIRECTION( '', ( 1.00000000000000, -0.000000000000000, -0.000000000000000 ) );
#1629 = DIRECTION( '', ( 0.000000000000000, 1.00000000000000, -2.44921270764475E-016 ) );
#1630 = ORIENTED_EDGE( '', *, *, #1992, .F. );
#1631 = ORIENTED_EDGE( '', *, *, #1723, .F. );
#1632 = ORIENTED_EDGE( '', *, *, #1727, .T. );
#1633 = ORIENTED_EDGE( '', *, *, #1991, .T. );
#1634 = CARTESIAN_POINT( '', ( 14.2500000000000, 43.6666666666667, -1.06948954900488E-014 ) );
#1635 = DIRECTION( '', ( 1.00000000000000, 0.000000000000000, 0.000000000000000 ) );
#1636 = DIRECTION( '', ( 0.000000000000000, -1.00000000000000, 2.44921270764475E-016 ) );
#1637 = ORIENTED_EDGE( '', *, *, #1720, .T. );
#1638 = ORIENTED_EDGE( '', *, *, #1992, .T. );
#1639 = ORIENTED_EDGE( '', *, *, #1722, .T. );
#1640 = ORIENTED_EDGE( '', *, *, #1993, .F. );
#1641 = CARTESIAN_POINT( '', ( 14.6250000000000, 0.000000000000000, 0.000000000000000 ) );
#1642 = DIRECTION( '', ( 1.00000000000000, -0.000000000000000, -0.000000000000000 ) );
#1643 = DIRECTION( '', ( 0.000000000000000, 1.00000000000000, -2.44921270764475E-016 ) );
#1644 = ORIENTED_EDGE( '', *, *, #1815, .T. );
#1645 = ORIENTED_EDGE( '', *, *, #1950, .T. );
#1646 = ORIENTED_EDGE( '', *, *, #1807, .T. );
#1647 = ORIENTED_EDGE( '', *, *, #1954, .T. );
#1648 = ORIENTED_EDGE( '', *, *, #1799, .T. );
#1649 = ORIENTED_EDGE( '', *, *, #1958, .T. );
#1650 = ORIENTED_EDGE( '', *, *, #1791, .T. );
#1651 = ORIENTED_EDGE( '', *, *, #1962, .T. );
#1652 = ORIENTED_EDGE( '', *, *, #1783, .T. );
#1653 = ORIENTED_EDGE( '', *, *, #1966, .T. );
#1654 = ORIENTED_EDGE( '', *, *, #1775, .T. );
#1655 = ORIENTED_EDGE( '', *, *, #1970, .T. );
#1656 = ORIENTED_EDGE( '', *, *, #1767, .T. );
#1657 = ORIENTED_EDGE( '', *, *, #1974, .T. );
#1658 = ORIENTED_EDGE( '', *, *, #1759, .T. );
#1659 = ORIENTED_EDGE( '', *, *, #1978, .T. );
#1660 = ORIENTED_EDGE( '', *, *, #1716, .F. );
#1661 = ORIENTED_EDGE( '', *, *, #1715, .F. );
#1662 = ORIENTED_EDGE( '', *, *, #1994, .F. );
#1663 = ORIENTED_EDGE( '', *, *, #1993, .T. );
#1664 = ORIENTED_EDGE( '', *, *, #1721, .T. );
#1665 = CARTESIAN_POINT( '', ( 15.0000000000000, 52.1166666666667, -1.27644802280086E-014 ) );
#1666 = DIRECTION( '', ( 1.00000000000000, 0.000000000000000, 0.000000000000000 ) );
#1667 = DIRECTION( '', ( 0.000000000000000, -1.00000000000000, 2.44921270764475E-016 ) );
#1668 = ORIENTED_EDGE( '', *, *, #1714, .T. );
#1669 = ORIENTED_EDGE( '', *, *, #1914, .F. );
#1670 = ORIENTED_EDGE( '', *, *, #1902, .F. );
#1671 = ORIENTED_EDGE( '', *, *, #1717, .T. );
#1672 = ORIENTED_EDGE( '', *, *, #1994, .T. );
#1673 = CARTESIAN_POINT( '', ( 14.4000000000000, 0.000000000000000, 0.000000000000000 ) );
#1674 = DIRECTION( '', ( -1.00000000000000, 0.000000000000000, 0.000000000000000 ) );
#1675 = DIRECTION( '', ( 0.000000000000000, -0.000000000000000, 1.00000000000000 ) );
#1676 = ORIENTED_EDGE( '', *, *, #1708, .T. );
#1677 = ORIENTED_EDGE( '', *, *, #1995, .F. );
#1678 = ORIENTED_EDGE( '', *, *, #1711, .T. );
#1679 = ORIENTED_EDGE( '', *, *, #1904, .T. );
#1680 = ORIENTED_EDGE( '', *, *, #1913, .T. );
#1681 = CARTESIAN_POINT( '', ( 0.600000000000004, 0.000000000000000, 0.000000000000000 ) );
#1682 = DIRECTION( '', ( -1.00000000000000, 0.000000000000000, 0.000000000000000 ) );
#1683 = DIRECTION( '', ( 0.000000000000000, -0.000000000000000, 1.00000000000000 ) );
#1684 = ORIENTED_EDGE( '', *, *, #1953, .T. );
#1685 = ORIENTED_EDGE( '', *, *, #1809, .T. );
#1686 = ORIENTED_EDGE( '', *, *, #1957, .T. );
#1687 = ORIENTED_EDGE( '', *, *, #1801, .T. );
#1688 = ORIENTED_EDGE( '', *, *, #1961, .T. );
#1689 = ORIENTED_EDGE( '', *, *, #1793, .T. );
#1690 = ORIENTED_EDGE( '', *, *, #1965, .T. );
#1691 = ORIENTED_EDGE( '', *, *, #1785, .T. );
#1692 = ORIENTED_EDGE( '', *, *, #1969, .T. );
#1693 = ORIENTED_EDGE( '', *, *, #1777, .T. );
#1694 = ORIENTED_EDGE( '', *, *, #1973, .T. );
#1695 = ORIENTED_EDGE( '', *, *, #1769, .T. );
#1696 = ORIENTED_EDGE( '', *, *, #1977, .T. );
#1697 = ORIENTED_EDGE( '', *, *, #1761, .T. );
#1698 = ORIENTED_EDGE( '', *, *, #1981, .T. );
#1699 = ORIENTED_EDGE( '', *, *, #1753, .T. );
#1700 = ORIENTED_EDGE( '', *, *, #1982, .F. );
#1701 = ORIENTED_EDGE( '', *, *, #1751, .F. );
#1702 = ORIENTED_EDGE( '', *, *, #1712, .T. );
#1703 = ORIENTED_EDGE( '', *, *, #1995, .T. );
#1704 = ORIENTED_EDGE( '', *, *, #1713, .T. );
#1705 = CARTESIAN_POINT( '', ( 0.000000000000000, 52.1166666666667, -1.27644802280086E-014 ) );
#1706 = DIRECTION( '', ( -1.00000000000000, 0.000000000000000, 0.000000000000000 ) );
#1707 = DIRECTION( '', ( 0.000000000000000, 1.00000000000000, -2.44921270764475E-016 ) );
#1708 = EDGE_CURVE( '', #1996, #1997, #1998, .T. );
#1709 = EDGE_CURVE( '', #1996, #1999, #2000, .T. );
#1710 = EDGE_CURVE( '', #1999, #2001, #2002, .T. );
#1711 = EDGE_CURVE( '', #2003, #2001, #2004, .T. );
#1712 = EDGE_CURVE( '', #2005, #2003, #2006, .T. );
#1713 = EDGE_CURVE( '', #1997, #2005, #2007, .T. );
#1714 = EDGE_CURVE( '', #2008, #2009, #2010, .T. );
#1715 = EDGE_CURVE( '', #2008, #2011, #2012, .T. );
#1716 = EDGE_CURVE( '', #2011, #2013, #2014, .T. );
#1717 = EDGE_CURVE( '', #2015, #2013, #2016, .T. );
#1718 = EDGE_CURVE( '', #2017, #2015, #2018, .T. );
#1719 = EDGE_CURVE( '', #2009, #2017, #2019, .T. );
#1720 = EDGE_CURVE( '', #2020, #2021, #2022, .T. );
#1721 = EDGE_CURVE( '', #2023, #2020, #2024, .T. );
#1722 = EDGE_CURVE( '', #2025, #2023, #2026, .T. );
#1723 = EDGE_CURVE( '', #2025, #2021, #2027, .T. );
#1724 = EDGE_CURVE( '', #2028, #2029, #2030, .T. );
#1725 = EDGE_CURVE( '', #2028, #2031, #2032, .T. );
#1726 = EDGE_CURVE( '', #2033, #2031, #2034, .T. );
#1727 = EDGE_CURVE( '', #2029, #2033, #2035, .T. );
#1728 = EDGE_CURVE( '', #2036, #2037, #2038, .T. );
#1729 = EDGE_CURVE( '', #2036, #2039, #2040, .T. );
#1730 = EDGE_CURVE( '', #2039, #2041, #2042, .T. );
#1731 = EDGE_CURVE( '', #2043, #2041, #2044, .T. );
#1732 = EDGE_CURVE( '', #2045, #2043, #2046, .T. );
#1733 = EDGE_CURVE( '', #2037, #2045, #2047, .T. );
#1734 = EDGE_CURVE( '', #2039, #2048, #2049, .T. );
#1735 = EDGE_CURVE( '', #2050, #2036, #2051, .T. );
#1736 = EDGE_CURVE( '', #2052, #2050, #2053, .T. );
#1737 = EDGE_CURVE( '', #2052, #2054, #2055, .T. );
#1738 = EDGE_CURVE( '', #2054, #2048, #2056, .T. );
#1739 = EDGE_CURVE( '', #2057, #2054, #2058, .T. );
#1740 = EDGE_CURVE( '', #2057, #2059, #2060, .T. );
#1741 = EDGE_CURVE( '', #2059, #2061, #2062, .T. );
#1742 = EDGE_CURVE( '', #2063, #2061, #2064, .T. );
#1743 = EDGE_CURVE( '', #2048, #2063, #2065, .T. );
#1744 = EDGE_CURVE( '', #2066, #2067, #2068, .T. );
#1745 = EDGE_CURVE( '', #2066, #2069, #2070, .T. );
#1746 = EDGE_CURVE( '', #2071, #2069, #2072, .T. );
#1747 = EDGE_CURVE( '', #2067, #2071, #2073, .T. );
#1748 = EDGE_CURVE( '', #2074, #2075, #2076, .T. );
#1749 = EDGE_CURVE( '', #2077, #2074, #2078, .T. );
#1750 = EDGE_CURVE( '', #2079, #2077, #2080, .T. );
#1751 = EDGE_CURVE( '', #2079, #2075, #2081, .T. );
#1752 = EDGE_CURVE( '', #2082, #2083, #2084, .T. );
#1753 = EDGE_CURVE( '', #2085, #2082, #2086, .T. );
#1754 = EDGE_CURVE( '', #2087, #2085, #2088, .T. );
#1755 = EDGE_CURVE( '', #2083, #2087, #2089, .T. );
#1756 = EDGE_CURVE( '', #2090, #2091, #2092, .T. );
#1757 = EDGE_CURVE( '', #2090, #2093, #2094, .T. );
#1758 = EDGE_CURVE( '', #2095, #2093, #2096, .T. );
#1759 = EDGE_CURVE( '', #2091, #2095, #2097, .T. );
#1760 = EDGE_CURVE( '', #2098, #2099, #2100, .T. );
#1761 = EDGE_CURVE( '', #2101, #2098, #2102, .T. );
#1762 = EDGE_CURVE( '', #2103, #2101, #2104, .T. );
#1763 = EDGE_CURVE( '', #2099, #2103, #2105, .T. );
#1764 = EDGE_CURVE( '', #2106, #2107, #2108, .T. );
#1765 = EDGE_CURVE( '', #2106, #2109, #2110, .T. );
#1766 = EDGE_CURVE( '', #2111, #2109, #2112, .T. );
#1767 = EDGE_CURVE( '', #2107, #2111, #2113, .T. );
#1768 = EDGE_CURVE( '', #2114, #2115, #2116, .T. );
#1769 = EDGE_CURVE( '', #2117, #2114, #2118, .T. );
#1770 = EDGE_CURVE( '', #2119, #2117, #2120, .T. );
#1771 = EDGE_CURVE( '', #2115, #2119, #2121, .T. );
#1772 = EDGE_CURVE( '', #2122, #2123, #2124, .T. );
#1773 = EDGE_CURVE( '', #2122, #2125, #2126, .T. );
#1774 = EDGE_CURVE( '', #2127, #2125, #2128, .T. );
#1775 = EDGE_CURVE( '', #2123, #2127, #2129, .T. );
#1776 = EDGE_CURVE( '', #2130, #2131, #2132, .T. );
#1777 = EDGE_CURVE( '', #2133, #2130, #2134, .T. );
#1778 = EDGE_CURVE( '', #2135, #2133, #2136, .T. );
#1779 = EDGE_CURVE( '', #2131, #2135, #2137, .T. );
#1780 = EDGE_CURVE( '', #2138, #2139, #2140, .T. );
#1781 = EDGE_CURVE( '', #2138, #2141, #2142, .T. );
#1782 = EDGE_CURVE( '', #2143, #2141, #2144, .T. );
#1783 = EDGE_CURVE( '', #2139, #2143, #2145, .T. );
#1784 = EDGE_CURVE( '', #2146, #2147, #2148, .T. );
#1785 = EDGE_CURVE( '', #2149, #2146, #2150, .T. );
#1786 = EDGE_CURVE( '', #2151, #2149, #2152, .T. );
#1787 = EDGE_CURVE( '', #2147, #2151, #2153, .T. );
#1788 = EDGE_CURVE( '', #2154, #2155, #2156, .T. );
#1789 = EDGE_CURVE( '', #2154, #2157, #2158, .T. );
#1790 = EDGE_CURVE( '', #2159, #2157, #2160, .T. );
#1791 = EDGE_CURVE( '', #2155, #2159, #2161, .T. );
#1792 = EDGE_CURVE( '', #2162, #2163, #2164, .T. );
#1793 = EDGE_CURVE( '', #2165, #2162, #2166, .T. );
#1794 = EDGE_CURVE( '', #2167, #2165, #2168, .T. );
#1795 = EDGE_CURVE( '', #2163, #2167, #2169, .T. );
#1796 = EDGE_CURVE( '', #2170, #2171, #2172, .T. );
#1797 = EDGE_CURVE( '', #2170, #2173, #2174, .T. );
#1798 = EDGE_CURVE( '', #2175, #2173, #2176, .T. );
#1799 = EDGE_CURVE( '', #2171, #2175, #2177, .T. );
#1800 = EDGE_CURVE( '', #2178, #2179, #2180, .T. );
#1801 = EDGE_CURVE( '', #2181, #2178, #2182, .T. );
#1802 = EDGE_CURVE( '', #2183, #2181, #2184, .T. );
#1803 = EDGE_CURVE( '', #2179, #2183, #2185, .T. );
#1804 = EDGE_CURVE( '', #2186, #2187, #2188, .T. );
#1805 = EDGE_CURVE( '', #2186, #2189, #2190, .T. );
#1806 = EDGE_CURVE( '', #2191, #2189, #2192, .T. );
#1807 = EDGE_CURVE( '', #2187, #2191, #2193, .T. );
#1808 = EDGE_CURVE( '', #2194, #2195, #2196, .T. );
#1809 = EDGE_CURVE( '', #2197, #2194, #2198, .T. );
#1810 = EDGE_CURVE( '', #2199, #2197, #2200, .T. );
#1811 = EDGE_CURVE( '', #2195, #2199, #2201, .T. );
#1812 = EDGE_CURVE( '', #2202, #2203, #2204, .T. );
#1813 = EDGE_CURVE( '', #2202, #2205, #2206, .T. );
#1814 = EDGE_CURVE( '', #2207, #2205, #2208, .T. );
#1815 = EDGE_CURVE( '', #2203, #2207, #2209, .T. );
#1816 = EDGE_CURVE( '', #2210, #2211, #2212, .T. );
#1817 = EDGE_CURVE( '', #2213, #2210, #2214, .T. );
#1818 = EDGE_CURVE( '', #2215, #2213, #2216, .T. );
#1819 = EDGE_CURVE( '', #2211, #2215, #2217, .T. );
#1820 = EDGE_CURVE( '', #2211, #2218, #2219, .T. );
#1821 = EDGE_CURVE( '', #2220, #2215, #2221, .T. );
#1822 = EDGE_CURVE( '', #2218, #2220, #2222, .T. );
#1823 = EDGE_CURVE( '', #2218, #2223, #2224, .T. );
#1824 = EDGE_CURVE( '', #2225, #2220, #2226, .T. );
#1825 = EDGE_CURVE( '', #2223, #2225, #2227, .T. );
#1826 = EDGE_CURVE( '', #2228, #2229, #2230, .T. );
#1827 = EDGE_CURVE( '', #2231, #2228, #2232, .T. );
#1828 = EDGE_CURVE( '', #2233, #2231, #2234, .T. );
#1829 = EDGE_CURVE( '', #2229, #2233, #2235, .T. );
#1830 = EDGE_CURVE( '', #2229, #2236, #2237, .T. );
#1831 = EDGE_CURVE( '', #2238, #2233, #2239, .T. );
#1832 = EDGE_CURVE( '', #2236, #2238, #2240, .T. );
#1833 = EDGE_CURVE( '', #2236, #2241, #2242, .T. );
#1834 = EDGE_CURVE( '', #2243, #2238, #2244, .T. );
#1835 = EDGE_CURVE( '', #2241, #2243, #2245, .T. );
#1836 = EDGE_CURVE( '', #2246, #2247, #2248, .T. );
#1837 = EDGE_CURVE( '', #2249, #2246, #2250, .T. );
#1838 = EDGE_CURVE( '', #2251, #2249, #2252, .T. );
#1839 = EDGE_CURVE( '', #2247, #2251, #2253, .T. );
#1840 = EDGE_CURVE( '', #2247, #2254, #2255, .T. );
#1841 = EDGE_CURVE( '', #2256, #2251, #2257, .T. );
#1842 = EDGE_CURVE( '', #2254, #2256, #2258, .T. );
#1843 = EDGE_CURVE( '', #2254, #2259, #2260, .T. );
#1844 = EDGE_CURVE( '', #2261, #2256, #2262, .T. );
#1845 = EDGE_CURVE( '', #2259, #2261, #2263, .T. );
#1846 = EDGE_CURVE( '', #2264, #2265, #2266, .T. );
#1847 = EDGE_CURVE( '', #2267, #2264, #2268, .T. );
#1848 = EDGE_CURVE( '', #2269, #2267, #2270, .T. );
#1849 = EDGE_CURVE( '', #2265, #2269, #2271, .T. );
#1850 = EDGE_CURVE( '', #2265, #2272, #2273, .T. );
#1851 = EDGE_CURVE( '', #2274, #2269, #2275, .T. );
#1852 = EDGE_CURVE( '', #2272, #2274, #2276, .T. );
#1853 = EDGE_CURVE( '', #2272, #2277, #2278, .T. );
#1854 = EDGE_CURVE( '', #2279, #2274, #2280, .T. );
#1855 = EDGE_CURVE( '', #2277, #2279, #2281, .T. );
#1856 = EDGE_CURVE( '', #2282, #2283, #2284, .T. );
#1857 = EDGE_CURVE( '', #2285, #2282, #2286, .T. );
#1858 = EDGE_CURVE( '', #2287, #2285, #2288, .T. );
#1859 = EDGE_CURVE( '', #2283, #2287, #2289, .T. );
#1860 = EDGE_CURVE( '', #2283, #2290, #2291, .T. );
#1861 = EDGE_CURVE( '', #2292, #2287, #2293, .T. );
#1862 = EDGE_CURVE( '', #2290, #2292, #2294, .T. );
#1863 = EDGE_CURVE( '', #2290, #2295, #2296, .T. );
#1864 = EDGE_CURVE( '', #2297, #2292, #2298, .T. );
#1865 = EDGE_CURVE( '', #2295, #2297, #2299, .T. );
#1866 = EDGE_CURVE( '', #2300, #2301, #2302, .T. );
#1867 = EDGE_CURVE( '', #2303, #2300, #2304, .T. );
#1868 = EDGE_CURVE( '', #2305, #2303, #2306, .T. );
#1869 = EDGE_CURVE( '', #2301, #2305, #2307, .T. );
#1870 = EDGE_CURVE( '', #2301, #2308, #2309, .T. );
#1871 = EDGE_CURVE( '', #2310, #2305, #2311, .T. );
#1872 = EDGE_CURVE( '', #2308, #2310, #2312, .T. );
#1873 = EDGE_CURVE( '', #2308, #2313, #2314, .T. );
#1874 = EDGE_CURVE( '', #2315, #2310, #2316, .T. );
#1875 = EDGE_CURVE( '', #2313, #2315, #2317, .T. );
#1876 = EDGE_CURVE( '', #2318, #2319, #2320, .T. );
#1877 = EDGE_CURVE( '', #2321, #2318, #2322, .T. );
#1878 = EDGE_CURVE( '', #2323, #2321, #2324, .T. );
#1879 = EDGE_CURVE( '', #2319, #2323, #2325, .T. );
#1880 = EDGE_CURVE( '', #2319, #2326, #2327, .T. );
#1881 = EDGE_CURVE( '', #2328, #2323, #2329, .T. );
#1882 = EDGE_CURVE( '', #2326, #2328, #2330, .T. );
#1883 = EDGE_CURVE( '', #2326, #2331, #2332, .T. );
#1884 = EDGE_CURVE( '', #2333, #2328, #2334, .T. );
#1885 = EDGE_CURVE( '', #2331, #2333, #2335, .T. );
#1886 = EDGE_CURVE( '', #2336, #2337, #2338, .T. );
#1887 = EDGE_CURVE( '', #2339, #2336, #2340, .T. );
#1888 = EDGE_CURVE( '', #2341, #2339, #2342, .T. );
#1889 = EDGE_CURVE( '', #2337, #2341, #2343, .T. );
#1890 = EDGE_CURVE( '', #2337, #2344, #2345, .T. );
#1891 = EDGE_CURVE( '', #2346, #2341, #2347, .T. );
#1892 = EDGE_CURVE( '', #2344, #2346, #2348, .T. );
#1893 = EDGE_CURVE( '', #2344, #2349, #2350, .T. );
#1894 = EDGE_CURVE( '', #2351, #2346, #2352, .T. );
#1895 = EDGE_CURVE( '', #2349, #2351, #2353, .T. );
#1896 = EDGE_CURVE( '', #2354, #2355, #2356, .T. );
#1897 = EDGE_CURVE( '', #2357, #2354, #2358, .T. );
#1898 = EDGE_CURVE( '', #2359, #2357, #2360, .T. );
#1899 = EDGE_CURVE( '', #2361, #2359, #2362, .T. );
#1900 = EDGE_CURVE( '', #2355, #2361, #2363, .T. );
#1901 = EDGE_CURVE( '', #2017, #1999, #2364, .T. );
#1902 = EDGE_CURVE( '', #2015, #2365, #2366, .T. );
#1903 = EDGE_CURVE( '', #2367, #2365, #2368, .T. );
#1904 = EDGE_CURVE( '', #2001, #2367, #2369, .T. );
#1905 = EDGE_CURVE( '', #2370, #2371, #2372, .T. );
#1906 = EDGE_CURVE( '', #2371, #2373, #2374, .T. );
#1907 = EDGE_CURVE( '', #2373, #2375, #2376, .T. );
#1908 = EDGE_CURVE( '', #2375, #2370, #2377, .T. );
#1909 = EDGE_CURVE( '', #2378, #2375, #2379, .T. );
#1910 = EDGE_CURVE( '', #2378, #2380, #2381, .T. );
#1911 = EDGE_CURVE( '', #2371, #2380, #2382, .T. );
#1912 = EDGE_CURVE( '', #2380, #2378, #2383, .T. );
#1913 = EDGE_CURVE( '', #2367, #1996, #2384, .T. );
#1914 = EDGE_CURVE( '', #2365, #2009, #2385, .T. );
#1915 = EDGE_CURVE( '', #2386, #2359, #2387, .T. );
#1916 = EDGE_CURVE( '', #2354, #2386, #2388, .T. );
#1917 = EDGE_CURVE( '', #2361, #2355, #2389, .T. );
#1918 = EDGE_CURVE( '', #2351, #2349, #2390, .T. );
#1919 = EDGE_CURVE( '', #2346, #2344, #2391, .T. );
#1920 = EDGE_CURVE( '', #2341, #2337, #2392, .T. );
#1921 = EDGE_CURVE( '', #2336, #2339, #2393, .T. );
#1922 = EDGE_CURVE( '', #2333, #2331, #2394, .T. );
#1923 = EDGE_CURVE( '', #2328, #2326, #2395, .T. );
#1924 = EDGE_CURVE( '', #2323, #2319, #2396, .T. );
#1925 = EDGE_CURVE( '', #2318, #2321, #2397, .T. );
#1926 = EDGE_CURVE( '', #2315, #2313, #2398, .T. );
#1927 = EDGE_CURVE( '', #2310, #2308, #2399, .T. );
#1928 = EDGE_CURVE( '', #2305, #2301, #2400, .T. );
#1929 = EDGE_CURVE( '', #2300, #2303, #2401, .T. );
#1930 = EDGE_CURVE( '', #2297, #2295, #2402, .T. );
#1931 = EDGE_CURVE( '', #2292, #2290, #2403, .T. );
#1932 = EDGE_CURVE( '', #2287, #2283, #2404, .T. );
#1933 = EDGE_CURVE( '', #2282, #2285, #2405, .T. );
#1934 = EDGE_CURVE( '', #2279, #2277, #2406, .T. );
#1935 = EDGE_CURVE( '', #2274, #2272, #2407, .T. );
#1936 = EDGE_CURVE( '', #2269, #2265, #2408, .T. );
#1937 = EDGE_CURVE( '', #2264, #2267, #2409, .T. );
#1938 = EDGE_CURVE( '', #2261, #2259, #2410, .T. );
#1939 = EDGE_CURVE( '', #2256, #2254, #2411, .T. );
#1940 = EDGE_CURVE( '', #2251, #2247, #2412, .T. );
#1941 = EDGE_CURVE( '', #2246, #2249, #2413, .T. );
#1942 = EDGE_CURVE( '', #2243, #2241, #2414, .T. );
#1943 = EDGE_CURVE( '', #2238, #2236, #2415, .T. );
#1944 = EDGE_CURVE( '', #2233, #2229, #2416, .T. );
#1945 = EDGE_CURVE( '', #2228, #2231, #2417, .T. );
#1946 = EDGE_CURVE( '', #2225, #2223, #2418, .T. );
#1947 = EDGE_CURVE( '', #2220, #2218, #2419, .T. );
#1948 = EDGE_CURVE( '', #2215, #2211, #2420, .T. );
#1949 = EDGE_CURVE( '', #2210, #2213, #2421, .T. );
#1950 = EDGE_CURVE( '', #2207, #2203, #2422, .T. );
#1951 = EDGE_CURVE( '', #2205, #2202, #2423, .T. );
#1952 = EDGE_CURVE( '', #2199, #2195, #2424, .T. );
#1953 = EDGE_CURVE( '', #2194, #2197, #2425, .T. );
#1954 = EDGE_CURVE( '', #2191, #2187, #2426, .T. );
#1955 = EDGE_CURVE( '', #2189, #2186, #2427, .T. );
#1956 = EDGE_CURVE( '', #2183, #2179, #2428, .T. );
#1957 = EDGE_CURVE( '', #2178, #2181, #2429, .T. );
#1958 = EDGE_CURVE( '', #2175, #2171, #2430, .T. );
#1959 = EDGE_CURVE( '', #2173, #2170, #2431, .T. );
#1960 = EDGE_CURVE( '', #2167, #2163, #2432, .T. );
#1961 = EDGE_CURVE( '', #2162, #2165, #2433, .T. );
#1962 = EDGE_CURVE( '', #2159, #2155, #2434, .T. );
#1963 = EDGE_CURVE( '', #2157, #2154, #2435, .T. );
#1964 = EDGE_CURVE( '', #2151, #2147, #2436, .T. );
#1965 = EDGE_CURVE( '', #2146, #2149, #2437, .T. );
#1966 = EDGE_CURVE( '', #2143, #2139, #2438, .T. );
#1967 = EDGE_CURVE( '', #2141, #2138, #2439, .T. );
#1968 = EDGE_CURVE( '', #2135, #2131, #2440, .T. );
#1969 = EDGE_CURVE( '', #2130, #2133, #2441, .T. );
#1970 = EDGE_CURVE( '', #2127, #2123, #2442, .T. );
#1971 = EDGE_CURVE( '', #2125, #2122, #2443, .T. );
#1972 = EDGE_CURVE( '', #2119, #2115, #2444, .T. );
#1973 = EDGE_CURVE( '', #2114, #2117, #2445, .T. );
#1974 = EDGE_CURVE( '', #2111, #2107, #2446, .T. );
#1975 = EDGE_CURVE( '', #2109, #2106, #2447, .T. );
#1976 = EDGE_CURVE( '', #2103, #2099, #2448, .T. );
#1977 = EDGE_CURVE( '', #2098, #2101, #2449, .T. );
#1978 = EDGE_CURVE( '', #2095, #2091, #2450, .T. );
#1979 = EDGE_CURVE( '', #2093, #2090, #2451, .T. );
#1980 = EDGE_CURVE( '', #2087, #2083, #2452, .T. );
#1981 = EDGE_CURVE( '', #2082, #2085, #2453, .T. );
#1982 = EDGE_CURVE( '', #2075, #2079, #2454, .T. );
#1983 = EDGE_CURVE( '', #2074, #2077, #2455, .T. );
#1984 = EDGE_CURVE( '', #2069, #2066, #2456, .T. );
#1985 = EDGE_CURVE( '', #2071, #2067, #2457, .T. );
#1986 = EDGE_CURVE( '', #2061, #2057, #2458, .T. );
#1987 = EDGE_CURVE( '', #2063, #2052, #2459, .T. );
#1988 = EDGE_CURVE( '', #2041, #2050, #2460, .T. );
#1989 = EDGE_CURVE( '', #2043, #2037, #2461, .T. );
#1990 = EDGE_CURVE( '', #2031, #2028, #2462, .T. );
#1991 = EDGE_CURVE( '', #2033, #2029, #2463, .T. );
#1992 = EDGE_CURVE( '', #2021, #2025, #2464, .T. );
#1993 = EDGE_CURVE( '', #2020, #2023, #2465, .T. );
#1994 = EDGE_CURVE( '', #2013, #2008, #2466, .T. );
#1995 = EDGE_CURVE( '', #2003, #1997, #2467, .T. );
#1996 = VERTEX_POINT( '', #2468 );
#1997 = VERTEX_POINT( '', #2469 );
#1998 = CIRCLE( '', #2470, 0.600000000000001 );
#1999 = VERTEX_POINT( '', #2471 );
#2000 = CIRCLE( '', #2472, 60.0000000000000 );
#2001 = VERTEX_POINT( '', #2473 );
#2002 = CIRCLE( '', #2474, 60.0000000000000 );
#2003 = VERTEX_POINT( '', #2475 );
#2004 = CIRCLE( '', #2476, 0.600000000000001 );
#2005 = VERTEX_POINT( '', #2477 );
#2006 = CIRCLE( '', #2478, 59.4000000000000 );
#2007 = CIRCLE( '', #2479, 59.4000000000000 );
#2008 = VERTEX_POINT( '', #2480 );
#2009 = VERTEX_POINT( '', #2481 );
#2010 = CIRCLE( '', #2482, 0.600000000000001 );
#2011 = VERTEX_POINT( '', #2483 );
#2012 = CIRCLE( '', #2484, 59.4000000000000 );
#2013 = VERTEX_POINT( '', #2485 );
#2014 = CIRCLE( '', #2486, 59.4000000000000 );
#2015 = VERTEX_POINT( '', #2487 );
#2016 = CIRCLE( '', #2488, 0.600000000000001 );
#2017 = VERTEX_POINT( '', #2489 );
#2018 = CIRCLE( '', #2490, 60.0000000000000 );
#2019 = CIRCLE( '', #2491, 60.0000000000000 );
#2020 = VERTEX_POINT( '', #2492 );
#2021 = VERTEX_POINT( '', #2493 );
#2022 = LINE( '', #2494, #2495 );
#2023 = VERTEX_POINT( '', #2496 );
#2024 = CIRCLE( '', #2497, 44.8333333333333 );
#2025 = VERTEX_POINT( '', #2498 );
#2026 = LINE( '', #2499, #2500 );
#2027 = CIRCLE( '', #2501, 44.8333333333333 );
#2028 = VERTEX_POINT( '', #2502 );
#2029 = VERTEX_POINT( '', #2503 );
#2030 = LINE( '', #2504, #2505 );
#2031 = VERTEX_POINT( '', #2506 );
#2032 = CIRCLE( '', #2507, 42.5000000000000 );
#2033 = VERTEX_POINT( '', #2508 );
#2034 = LINE( '', #2509, #2510 );
#2035 = CIRCLE( '', #2511, 42.5000000000000 );
#2036 = VERTEX_POINT( '', #2512 );
#2037 = VERTEX_POINT( '', #2513 );
#2038 = CIRCLE( '', #2514, 0.600000000000001 );
#2039 = VERTEX_POINT( '', #2515 );
#2040 = CIRCLE( '', #2516, 27.5000000000000 );
#2041 = VERTEX_POINT( '', #2517 );
#2042 = CIRCLE( '', #2518, 27.5000000000000 );
#2043 = VERTEX_POINT( '', #2519 );
#2044 = CIRCLE( '', #2520, 0.600000000000001 );
#2045 = VERTEX_POINT( '', #2521 );
#2046 = CIRCLE( '', #2522, 28.1000000000000 );
#2047 = CIRCLE( '', #2523, 28.1000000000000 );
#2048 = VERTEX_POINT( '', #2524 );
#2049 = LINE( '', #2525, #2526 );
#2050 = VERTEX_POINT( '', #2527 );
#2051 = CIRCLE( '', #2528, 27.5000000000000 );
#2052 = VERTEX_POINT( '', #2529 );
#2053 = LINE( '', #2530, #2531 );
#2054 = VERTEX_POINT( '', #2532 );
#2055 = CIRCLE( '', #2533, 27.5000000000000 );
#2056 = CIRCLE( '', #2534, 27.5000000000000 );
#2057 = VERTEX_POINT( '', #2535 );
#2058 = CIRCLE( '', #2536, 0.600000000000004 );
#2059 = VERTEX_POINT( '', #2537 );
#2060 = CIRCLE( '', #2538, 28.1000000000000 );
#2061 = VERTEX_POINT( '', #2539 );
#2062 = CIRCLE( '', #2540, 28.1000000000000 );
#2063 = VERTEX_POINT( '', #2541 );
#2064 = CIRCLE( '', #2542, 0.600000000000004 );
#2065 = CIRCLE( '', #2543, 27.5000000000000 );
#2066 = VERTEX_POINT( '', #2544 );
#2067 = VERTEX_POINT( '', #2545 );
#2068 = LINE( '', #2546, #2547 );
#2069 = VERTEX_POINT( '', #2548 );
#2070 = CIRCLE( '', #2549, 42.5000000000000 );
#2071 = VERTEX_POINT( '', #2550 );
#2072 = LINE( '', #2551, #2552 );
#2073 = CIRCLE( '', #2553, 42.5000000000000 );
#2074 = VERTEX_POINT( '', #2554 );
#2075 = VERTEX_POINT( '', #2555 );
#2076 = LINE( '', #2556, #2557 );
#2077 = VERTEX_POINT( '', #2558 );
#2078 = CIRCLE( '', #2559, 44.8333333333333 );
#2079 = VERTEX_POINT( '', #2560 );
#2080 = LINE( '', #2561, #2562 );
#2081 = CIRCLE( '', #2563, 44.8333333333333 );
#2082 = VERTEX_POINT( '', #2564 );
#2083 = VERTEX_POINT( '', #2565 );
#2084 = LINE( '', #2566, #2567 );
#2085 = VERTEX_POINT( '', #2568 );
#2086 = CIRCLE( '', #2569, 2.75000000000000 );
#2087 = VERTEX_POINT( '', #2570 );
#2088 = LINE( '', #2571, #2572 );
#2089 = CIRCLE( '', #2573, 2.75000000000000 );
#2090 = VERTEX_POINT( '', #2574 );
#2091 = VERTEX_POINT( '', #2575 );
#2092 = LINE( '', #2576, #2577 );
#2093 = VERTEX_POINT( '', #2578 );
#2094 = CIRCLE( '', #2579, 4.75000000000000 );
#2095 = VERTEX_POINT( '', #2580 );
#2096 = LINE( '', #2581, #2582 );
#2097 = CIRCLE( '', #2583, 4.75000000000000 );
#2098 = VERTEX_POINT( '', #2584 );
#2099 = VERTEX_POINT( '', #2585 );
#2100 = LINE( '', #2586, #2587 );
#2101 = VERTEX_POINT( '', #2588 );
#2102 = CIRCLE( '', #2589, 2.75000000000000 );
#2103 = VERTEX_POINT( '', #2590 );
#2104 = LINE( '', #2591, #2592 );
#2105 = CIRCLE( '', #2593, 2.75000000000000 );
#2106 = VERTEX_POINT( '', #2594 );
#2107 = VERTEX_POINT( '', #2595 );
#2108 = LINE( '', #2596, #2597 );
#2109 = VERTEX_POINT( '', #2598 );
#2110 = CIRCLE( '', #2599, 4.75000000000000 );
#2111 = VERTEX_POINT( '', #2600 );
#2112 = LINE( '', #2601, #2602 );
#2113 = CIRCLE( '', #2603, 4.75000000000000 );
#2114 = VERTEX_POINT( '', #2604 );
#2115 = VERTEX_POINT( '', #2605 );
#2116 = LINE( '', #2606, #2607 );
#2117 = VERTEX_POINT( '', #2608 );
#2118 = CIRCLE( '', #2609, 2.75000000000000 );
#2119 = VERTEX_POINT( '', #2610 );
#2120 = LINE( '', #2611, #2612 );
#2121 = CIRCLE( '', #2613, 2.75000000000000 );
#2122 = VERTEX_POINT( '', #2614 );
#2123 = VERTEX_POINT( '', #2615 );
#2124 = LINE( '', #2616, #2617 );
#2125 = VERTEX_POINT( '', #2618 );
#2126 = CIRCLE( '', #2619, 4.75000000000000 );
#2127 = VERTEX_POINT( '', #2620 );
#2128 = LINE( '', #2621, #2622 );
#2129 = CIRCLE( '', #2623, 4.75000000000000 );
#2130 = VERTEX_POINT( '', #2624 );
#2131 = VERTEX_POINT( '', #2625 );
#2132 = LINE( '', #2626, #2627 );
#2133 = VERTEX_POINT( '', #2628 );
#2134 = CIRCLE( '', #2629, 2.75000000000000 );
#2135 = VERTEX_POINT( '', #2630 );
#2136 = LINE( '', #2631, #2632 );
#2137 = CIRCLE( '', #2633, 2.75000000000000 );
#2138 = VERTEX_POINT( '', #2634 );
#2139 = VERTEX_POINT( '', #2635 );
#2140 = LINE( '', #2636, #2637 );
#2141 = VERTEX_POINT( '', #2638 );
#2142 = CIRCLE( '', #2639, 4.75000000000000 );
#2143 = VERTEX_POINT( '', #2640 );
#2144 = LINE( '', #2641, #2642 );
#2145 = CIRCLE( '', #2643, 4.75000000000000 );
#2146 = VERTEX_POINT( '', #2644 );
#2147 = VERTEX_POINT( '', #2645 );
#2148 = LINE( '', #2646, #2647 );
#2149 = VERTEX_POINT( '', #2648 );
#2150 = CIRCLE( '', #2649, 2.75000000000000 );
#2151 = VERTEX_POINT( '', #2650 );
#2152 = LINE( '', #2651, #2652 );
#2153 = CIRCLE( '', #2653, 2.75000000000000 );
#2154 = VERTEX_POINT( '', #2654 );
#2155 = VERTEX_POINT( '', #2655 );
#2156 = LINE( '', #2656, #2657 );
#2157 = VERTEX_POINT( '', #2658 );
#2158 = CIRCLE( '', #2659, 4.75000000000000 );
#2159 = VERTEX_POINT( '', #2660 );
#2160 = LINE( '', #2661, #2662 );
#2161 = CIRCLE( '', #2663, 4.75000000000000 );
#2162 = VERTEX_POINT( '', #2664 );
#2163 = VERTEX_POINT( '', #2665 );
#2164 = LINE( '', #2666, #2667 );
#2165 = VERTEX_POINT( '', #2668 );
#2166 = CIRCLE( '', #2669, 2.75000000000000 );
#2167 = VERTEX_POINT( '', #2670 );
#2168 = LINE( '', #2671, #2672 );
#2169 = CIRCLE( '', #2673, 2.75000000000000 );
#2170 = VERTEX_POINT( '', #2674 );
#2171 = VERTEX_POINT( '', #2675 );
#2172 = LINE( '', #2676, #2677 );
#2173 = VERTEX_POINT( '', #2678 );
#2174 = CIRCLE( '', #2679, 4.75000000000000 );
#2175 = VERTEX_POINT( '', #2680 );
#2176 = LINE( '', #2681, #2682 );
#2177 = CIRCLE( '', #2683, 4.75000000000000 );
#2178 = VERTEX_POINT( '', #2684 );
#2179 = VERTEX_POINT( '', #2685 );
#2180 = LINE( '', #2686, #2687 );
#2181 = VERTEX_POINT( '', #2688 );
#2182 = CIRCLE( '', #2689, 2.75000000000000 );
#2183 = VERTEX_POINT( '', #2690 );
#2184 = LINE( '', #2691, #2692 );
#2185 = CIRCLE( '', #2693, 2.75000000000000 );
#2186 = VERTEX_POINT( '', #2694 );
#2187 = VERTEX_POINT( '', #2695 );
#2188 = LINE( '', #2696, #2697 );
#2189 = VERTEX_POINT( '', #2698 );
#2190 = CIRCLE( '', #2699, 4.75000000000000 );
#2191 = VERTEX_POINT( '', #2700 );
#2192 = LINE( '', #2701, #2702 );
#2193 = CIRCLE( '', #2703, 4.75000000000000 );
#2194 = VERTEX_POINT( '', #2704 );
#2195 = VERTEX_POINT( '', #2705 );
#2196 = LINE( '', #2706, #2707 );
#2197 = VERTEX_POINT( '', #2708 );
#2198 = CIRCLE( '', #2709, 2.75000000000000 );
#2199 = VERTEX_POINT( '', #2710 );
#2200 = LINE( '', #2711, #2712 );
#2201 = CIRCLE( '', #2713, 2.75000000000000 );
#2202 = VERTEX_POINT( '', #2714 );
#2203 = VERTEX_POINT( '', #2715 );
#2204 = LINE( '', #2716, #2717 );
#2205 = VERTEX_POINT( '', #2718 );
#2206 = CIRCLE( '', #2719, 4.75000000000000 );
#2207 = VERTEX_POINT( '', #2720 );
#2208 = LINE( '', #2721, #2722 );
#2209 = CIRCLE( '', #2723, 4.75000000000000 );
#2210 = VERTEX_POINT( '', #2724 );
#2211 = VERTEX_POINT( '', #2725 );
#2212 = LINE( '', #2726, #2727 );
#2213 = VERTEX_POINT( '', #2728 );
#2214 = CIRCLE( '', #2729, 2.50000000000000 );
#2215 = VERTEX_POINT( '', #2730 );
#2216 = LINE( '', #2731, #2732 );
#2217 = CIRCLE( '', #2733, 2.06700000000000 );
#2218 = VERTEX_POINT( '', #2734 );
#2219 = LINE( '', #2735, #2736 );
#2220 = VERTEX_POINT( '', #2737 );
#2221 = LINE( '', #2738, #2739 );
#2222 = CIRCLE( '', #2740, 2.06700000000000 );
#2223 = VERTEX_POINT( '', #2741 );
#2224 = LINE( '', #2742, #2743 );
#2225 = VERTEX_POINT( '', #2744 );
#2226 = LINE( '', #2745, #2746 );
#2227 = CIRCLE( '', #2747, 2.50000000000000 );
#2228 = VERTEX_POINT( '', #2748 );
#2229 = VERTEX_POINT( '', #2749 );
#2230 = LINE( '', #2750, #2751 );
#2231 = VERTEX_POINT( '', #2752 );
#2232 = CIRCLE( '', #2753, 2.50000000000000 );
#2233 = VERTEX_POINT( '', #2754 );
#2234 = LINE( '', #2755, #2756 );
#2235 = CIRCLE( '', #2757, 2.06700000000000 );
#2236 = VERTEX_POINT( '', #2758 );
#2237 = LINE( '', #2759, #2760 );
#2238 = VERTEX_POINT( '', #2761 );
#2239 = LINE( '', #2762, #2763 );
#2240 = CIRCLE( '', #2764, 2.06700000000000 );
#2241 = VERTEX_POINT( '', #2765 );
#2242 = LINE( '', #2766, #2767 );
#2243 = VERTEX_POINT( '', #2768 );
#2244 = LINE( '', #2769, #2770 );
#2245 = CIRCLE( '', #2771, 2.50000000000000 );
#2246 = VERTEX_POINT( '', #2772 );
#2247 = VERTEX_POINT( '', #2773 );
#2248 = LINE( '', #2774, #2775 );
#2249 = VERTEX_POINT( '', #2776 );
#2250 = CIRCLE( '', #2777, 2.50000000000000 );
#2251 = VERTEX_POINT( '', #2778 );
#2252 = LINE( '', #2779, #2780 );
#2253 = CIRCLE( '', #2781, 2.06700000000000 );
#2254 = VERTEX_POINT( '', #2782 );
#2255 = LINE( '', #2783, #2784 );
#2256 = VERTEX_POINT( '', #2785 );
#2257 = LINE( '', #2786, #2787 );
#2258 = CIRCLE( '', #2788, 2.06700000000000 );
#2259 = VERTEX_POINT( '', #2789 );
#2260 = LINE( '', #2790, #2791 );
#2261 = VERTEX_POINT( '', #2792 );
#2262 = LINE( '', #2793, #2794 );
#2263 = CIRCLE( '', #2795, 2.50000000000000 );
#2264 = VERTEX_POINT( '', #2796 );
#2265 = VERTEX_POINT( '', #2797 );
#2266 = LINE( '', #2798, #2799 );
#2267 = VERTEX_POINT( '', #2800 );
#2268 = CIRCLE( '', #2801, 2.50000000000000 );
#2269 = VERTEX_POINT( '', #2802 );
#2270 = LINE( '', #2803, #2804 );
#2271 = CIRCLE( '', #2805, 2.06700000000000 );
#2272 = VERTEX_POINT( '', #2806 );
#2273 = LINE( '', #2807, #2808 );
#2274 = VERTEX_POINT( '', #2809 );
#2275 = LINE( '', #2810, #2811 );
#2276 = CIRCLE( '', #2812, 2.06700000000000 );
#2277 = VERTEX_POINT( '', #2813 );
#2278 = LINE( '', #2814, #2815 );
#2279 = VERTEX_POINT( '', #2816 );
#2280 = LINE( '', #2817, #2818 );
#2281 = CIRCLE( '', #2819, 2.50000000000000 );
#2282 = VERTEX_POINT( '', #2820 );
#2283 = VERTEX_POINT( '', #2821 );
#2284 = LINE( '', #2822, #2823 );
#2285 = VERTEX_POINT( '', #2824 );
#2286 = CIRCLE( '', #2825, 2.50000000000000 );
#2287 = VERTEX_POINT( '', #2826 );
#2288 = LINE( '', #2827, #2828 );
#2289 = CIRCLE( '', #2829, 2.06700000000000 );
#2290 = VERTEX_POINT( '', #2830 );
#2291 = LINE( '', #2831, #2832 );
#2292 = VERTEX_POINT( '', #2833 );
#2293 = LINE( '', #2834, #2835 );
#2294 = CIRCLE( '', #2836, 2.06700000000000 );
#2295 = VERTEX_POINT( '', #2837 );
#2296 = LINE( '', #2838, #2839 );
#2297 = VERTEX_POINT( '', #2840 );
#2298 = LINE( '', #2841, #2842 );
#2299 = CIRCLE( '', #2843, 2.50000000000000 );
#2300 = VERTEX_POINT( '', #2844 );
#2301 = VERTEX_POINT( '', #2845 );
#2302 = LINE( '', #2846, #2847 );
#2303 = VERTEX_POINT( '', #2848 );
#2304 = CIRCLE( '', #2849, 2.50000000000000 );
#2305 = VERTEX_POINT( '', #2850 );
#2306 = LINE( '', #2851, #2852 );
#2307 = CIRCLE( '', #2853, 2.06700000000000 );
#2308 = VERTEX_POINT( '', #2854 );
#2309 = LINE( '', #2855, #2856 );
#2310 = VERTEX_POINT( '', #2857 );
#2311 = LINE( '', #2858, #2859 );
#2312 = CIRCLE( '', #2860, 2.06700000000000 );
#2313 = VERTEX_POINT( '', #2861 );
#2314 = LINE( '', #2862, #2863 );
#2315 = VERTEX_POINT( '', #2864 );
#2316 = LINE( '', #2865, #2866 );
#2317 = CIRCLE( '', #2867, 2.50000000000000 );
#2318 = VERTEX_POINT( '', #2868 );
#2319 = VERTEX_POINT( '', #2869 );
#2320 = LINE( '', #2870, #2871 );
#2321 = VERTEX_POINT( '', #2872 );
#2322 = CIRCLE( '', #2873, 2.50000000000000 );
#2323 = VERTEX_POINT( '', #2874 );
#2324 = LINE( '', #2875, #2876 );
#2325 = CIRCLE( '', #2877, 2.06700000000000 );
#2326 = VERTEX_POINT( '', #2878 );
#2327 = LINE( '', #2879, #2880 );
#2328 = VERTEX_POINT( '', #2881 );
#2329 = LINE( '', #2882, #2883 );
#2330 = CIRCLE( '', #2884, 2.06700000000000 );
#2331 = VERTEX_POINT( '', #2885 );
#2332 = LINE( '', #2886, #2887 );
#2333 = VERTEX_POINT( '', #2888 );
#2334 = LINE( '', #2889, #2890 );
#2335 = CIRCLE( '', #2891, 2.50000000000000 );
#2336 = VERTEX_POINT( '', #2892 );
#2337 = VERTEX_POINT( '', #2893 );
#2338 = LINE( '', #2894, #2895 );
#2339 = VERTEX_POINT( '', #2896 );
#2340 = CIRCLE( '', #2897, 2.50000000000000 );
#2341 = VERTEX_POINT( '', #2898 );
#2342 = LINE( '', #2899, #2900 );
#2343 = CIRCLE( '', #2901, 2.06700000000000 );
#2344 = VERTEX_POINT( '', #2902 );
#2345 = LINE( '', #2903, #2904 );
#2346 = VERTEX_POINT( '', #2905 );
#2347 = LINE( '', #2906, #2907 );
#2348 = CIRCLE( '', #2908, 2.06700000000000 );
#2349 = VERTEX_POINT( '', #2909 );
#2350 = LINE( '', #2910, #2911 );
#2351 = VERTEX_POINT( '', #2912 );
#2352 = LINE( '', #2913, #2914 );
#2353 = CIRCLE( '', #2915, 2.50000000000000 );
#2354 = VERTEX_POINT( '', #2916 );
#2355 = VERTEX_POINT( '', #2917 );
#2356 = LINE( '', #2918, #2919 );
#2357 = VERTEX_POINT( '', #2920 );
#2358 = B_SPLINE_CURVE_WITH_KNOTS( '', 3, ( #2921, #2922, #2923, #2924, #2925, #2926, #2927, #2928, #2929, #2930, #2931, #2932, #2933, #2934, #2935, #2936, #2937, #2938, #2939, #2940, #2941, #2942, #2943, #2944, #2945, #2946, #2947, #2948, #2949, #2950, #2951, #2952, #2953, #2954, #2955 ), .UNSPECIFIED., .F., .F., ( 4, 2, 2, 2, 2, 2, 2, 2, 3, 2, 2, 2, 2, 2, 2, 2, 4 ), ( 7.00670681470674, 7.29865292979258, 7.59059904487843, 7.88254515996428, 8.17449127505013, 8.46643739452318, 8.75838351399623, 9.05032963346927, 9.34227575294232, 9.63422187241537, 9.92616799188841, 10.2181141113615, 10.5100602308345, 10.8020063459204, 11.0939524610062, 11.3858985760921, 11.6778446911779 ), .UNSPECIFIED. );
#2359 = VERTEX_POINT( '', #2956 );
#2360 = B_SPLINE_CURVE_WITH_KNOTS( '', 3, ( #2957, #2958, #2959, #2960, #2961, #2962, #2963, #2964, #2965, #2966, #2967, #2968, #2969, #2970, #2971, #2972, #2973, #2974, #2975, #2976, #2977, #2978, #2979, #2980, #2981, #2982, #2983, #2984, #2985, #2986, #2987, #2988, #2989, #2990 ), .UNSPECIFIED., .F., .F., ( 4, 2, 2, 2, 2, 2, 2, 2, 2, 2, 2, 2, 2, 2, 2, 2, 4 ), ( 2.33556893823558, 2.62751505332143, 2.91946116840728, 3.21140728349313, 3.50335339857897, 3.79529951805202, 4.08724563752507, 4.37919175699811, 4.67113787647116, 4.96308399594421, 5.25503011541725, 5.54697623489030, 5.83892235436335, 6.13086846944919, 6.42281458453504, 6.71476069962089, 7.00670681470674 ), .UNSPECIFIED. );
#2361 = VERTEX_POINT( '', #2991 );
#2362 = LINE( '', #2992, #2993 );
#2363 = CIRCLE( '', #2994, 1.55000000000000 );
#2364 = LINE( '', #2995, #2996 );
#2365 = VERTEX_POINT( '', #2997 );
#2366 = CIRCLE( '', #2998, 60.0000000000000 );
#2367 = VERTEX_POINT( '', #2999 );
#2368 = LINE( '', #3000, #3001 );
#2369 = CIRCLE( '', #3002, 60.0000000000000 );
#2370 = VERTEX_POINT( '', #3003 );
#2371 = VERTEX_POINT( '', #3004 );
#2372 = B_SPLINE_CURVE_WITH_KNOTS( '', 3, ( #3005, #3006, #3007, #3008, #3009, #3010, #3011, #3012, #3013, #3014, #3015, #3016, #3017, #3018, #3019, #3020, #3021, #3022, #3023, #3024, #3025, #3026, #3027, #3028, #3029, #3030, #3031, #3032, #3033, #3034, #3035, #3036, #3037, #3038 ), .UNSPECIFIED., .F., .F., ( 4, 2, 2, 2, 2, 2, 2, 2, 2, 2, 2, 2, 2, 2, 2, 2, 4 ), ( 2.33556893823558, 2.62751505332142, 2.91946116840727, 3.21140728349312, 3.50335339857896, 3.79529951805201, 4.08724563752506, 4.37919175699810, 4.67113787647115, 4.96308399594420, 5.25503011541724, 5.54697623489029, 5.83892235436333, 6.13086846944918, 6.42281458453503, 6.71476069962088, 7.00670681470672 ), .UNSPECIFIED. );
#2373 = VERTEX_POINT( '', #3039 );
#2374 = B_SPLINE_CURVE_WITH_KNOTS( '', 3, ( #3040, #3041, #3042, #3043, #3044, #3045, #3046, #3047, #3048, #3049, #3050, #3051, #3052, #3053, #3054, #3055, #3056, #3057, #3058, #3059, #3060, #3061, #3062, #3063, #3064, #3065, #3066, #3067, #3068, #3069, #3070, #3071, #3072, #3073 ), .UNSPECIFIED., .F., .F., ( 4, 2, 2, 2, 2, 2, 2, 2, 2, 2, 2, 2, 2, 2, 2, 2, 4 ), ( 2.33556893823558, 2.62751505332142, 2.91946116840727, 3.21140728349312, 3.50335339857896, 3.79529951805201, 4.08724563752506, 4.37919175699810, 4.67113787647115, 4.96308399594420, 5.25503011541724, 5.54697623489029, 5.83892235436333, 6.13086846944918, 6.42281458453503, 6.71476069962088, 7.00670681470672 ), .UNSPECIFIED. );
#2375 = VERTEX_POINT( '', #3074 );
#2376 = B_SPLINE_CURVE_WITH_KNOTS( '', 3, ( #3075, #3076, #3077, #3078, #3079, #3080, #3081, #3082, #3083, #3084, #3085, #3086, #3087, #3088, #3089, #3090, #3091, #3092, #3093, #3094, #3095, #3096, #3097, #3098, #3099, #3100, #3101, #3102, #3103, #3104, #3105, #3106, #3107, #3108, #3109 ), .UNSPECIFIED., .F., .F., ( 4, 2, 2, 2, 2, 2, 2, 2, 3, 2, 2, 2, 2, 2, 2, 2, 4 ), ( 7.00670681470672, 7.29865292979257, 7.59059904487842, 7.88254515996427, 8.17449127505012, 8.46643739452316, 8.75838351399621, 9.05032963346925, 9.34227575294230, 9.63422187241535, 9.92616799188839, 10.2181141113614, 10.5100602308345, 10.8020063459203, 11.0939524610062, 11.3858985760920, 11.6778446911779 ), .UNSPECIFIED. );
#2377 = B_SPLINE_CURVE_WITH_KNOTS( '', 3, ( #3110, #3111, #3112, #3113, #3114, #3115, #3116, #3117, #3118, #3119, #3120, #3121, #3122, #3123, #3124, #3125, #3126, #3127, #3128, #3129, #3130, #3131, #3132, #3133, #3134, #3135, #3136, #3137, #3138, #3139, #3140, #3141, #3142, #3143, #3144 ), .UNSPECIFIED., .F., .F., ( 4, 2, 2, 2, 2, 2, 2, 2, 3, 2, 2, 2, 2, 2, 2, 2, 4 ), ( 7.00670681470672, 7.29865292979257, 7.59059904487842, 7.88254515996427, 8.17449127505012, 8.46643739452316, 8.75838351399621, 9.05032963346925, 9.34227575294230, 9.63422187241535, 9.92616799188839, 10.2181141113614, 10.5100602308345, 10.8020063459203, 11.0939524610062, 11.3858985760920, 11.6778446911779 ), .UNSPECIFIED. );
#2378 = VERTEX_POINT( '', #3145 );
#2379 = LINE( '', #3146, #3147 );
#2380 = VERTEX_POINT( '', #3148 );
#2381 = CIRCLE( '', #3149, 1.55000000000000 );
#2382 = LINE( '', #3150, #3151 );
#2383 = CIRCLE( '', #3152, 1.55000000000000 );
#2384 = CIRCLE( '', #3153, 60.0000000000000 );
#2385 = CIRCLE( '', #3154, 60.0000000000000 );
#2386 = VERTEX_POINT( '', #3155 );
#2387 = B_SPLINE_CURVE_WITH_KNOTS( '', 3, ( #3156, #3157, #3158, #3159, #3160, #3161, #3162, #3163, #3164, #3165, #3166, #3167, #3168, #3169, #3170, #3171, #3172, #3173, #3174, #3175, #3176, #3177, #3178, #3179, #3180, #3181, #3182, #3183, #3184, #3185, #3186, #3187, #3188, #3189 ), .UNSPECIFIED., .F., .F., ( 4, 2, 2, 2, 2, 2, 2, 2, 2, 2, 2, 2, 2, 2, 2, 2, 4 ), ( 2.33556893823558, 2.62751505332143, 2.91946116840728, 3.21140728349313, 3.50335339857897, 3.79529951805202, 4.08724563752507, 4.37919175699811, 4.67113787647116, 4.96308399594421, 5.25503011541725, 5.54697623489030, 5.83892235436335, 6.13086846944919, 6.42281458453504, 6.71476069962089, 7.00670681470674 ), .UNSPECIFIED. );
#2388 = B_SPLINE_CURVE_WITH_KNOTS( '', 3, ( #3190, #3191, #3192, #3193, #3194, #3195, #3196, #3197, #3198, #3199, #3200, #3201, #3202, #3203, #3204, #3205, #3206, #3207, #3208, #3209, #3210, #3211, #3212, #3213, #3214, #3215, #3216, #3217, #3218, #3219, #3220, #3221, #3222, #3223, #3224 ), .UNSPECIFIED., .F., .F., ( 4, 2, 2, 2, 2, 2, 2, 2, 3, 2, 2, 2, 2, 2, 2, 2, 4 ), ( 7.00670681470674, 7.29865292979258, 7.59059904487843, 7.88254515996428, 8.17449127505013, 8.46643739452318, 8.75838351399623, 9.05032963346927, 9.34227575294232, 9.63422187241537, 9.92616799188841, 10.2181141113615, 10.5100602308345, 10.8020063459204, 11.0939524610062, 11.3858985760921, 11.6778446911779 ), .UNSPECIFIED. );
#2389 = CIRCLE( '', #3225, 1.55000000000000 );
#2390 = CIRCLE( '', #3226, 2.50000000000000 );
#2391 = CIRCLE( '', #3227, 2.06700000000000 );
#2392 = CIRCLE( '', #3228, 2.06700000000000 );
#2393 = CIRCLE( '', #3229, 2.50000000000000 );
#2394 = CIRCLE( '', #3230, 2.50000000000000 );
#2395 = CIRCLE( '', #3231, 2.06700000000000 );
#2396 = CIRCLE( '', #3232, 2.06700000000000 );
#2397 = CIRCLE( '', #3233, 2.50000000000000 );
#2398 = CIRCLE( '', #3234, 2.50000000000000 );
#2399 = CIRCLE( '', #3235, 2.06700000000000 );
#2400 = CIRCLE( '', #3236, 2.06700000000000 );
#2401 = CIRCLE( '', #3237, 2.50000000000000 );
#2402 = CIRCLE( '', #3238, 2.50000000000000 );
#2403 = CIRCLE( '', #3239, 2.06700000000000 );
#2404 = CIRCLE( '', #3240, 2.06700000000000 );
#2405 = CIRCLE( '', #3241, 2.50000000000000 );
#2406 = CIRCLE( '', #3242, 2.50000000000000 );
#2407 = CIRCLE( '', #3243, 2.06700000000000 );
#2408 = CIRCLE( '', #3244, 2.06700000000000 );
#2409 = CIRCLE( '', #3245, 2.50000000000000 );
#2410 = CIRCLE( '', #3246, 2.50000000000000 );
#2411 = CIRCLE( '', #3247, 2.06700000000000 );
#2412 = CIRCLE( '', #3248, 2.06700000000000 );
#2413 = CIRCLE( '', #3249, 2.50000000000000 );
#2414 = CIRCLE( '', #3250, 2.50000000000000 );
#2415 = CIRCLE( '', #3251, 2.06700000000000 );
#2416 = CIRCLE( '', #3252, 2.06700000000000 );
#2417 = CIRCLE( '', #3253, 2.50000000000000 );
#2418 = CIRCLE( '', #3254, 2.50000000000000 );
#2419 = CIRCLE( '', #3255, 2.06700000000000 );
#2420 = CIRCLE( '', #3256, 2.06700000000000 );
#2421 = CIRCLE( '', #3257, 2.50000000000000 );
#2422 = CIRCLE( '', #3258, 4.75000000000000 );
#2423 = CIRCLE( '', #3259, 4.75000000000000 );
#2424 = CIRCLE( '', #3260, 2.75000000000000 );
#2425 = CIRCLE( '', #3261, 2.75000000000000 );
#2426 = CIRCLE( '', #3262, 4.75000000000000 );
#2427 = CIRCLE( '', #3263, 4.75000000000000 );
#2428 = CIRCLE( '', #3264, 2.75000000000000 );
#2429 = CIRCLE( '', #3265, 2.75000000000000 );
#2430 = CIRCLE( '', #3266, 4.75000000000000 );
#2431 = CIRCLE( '', #3267, 4.75000000000000 );
#2432 = CIRCLE( '', #3268, 2.75000000000000 );
#2433 = CIRCLE( '', #3269, 2.75000000000000 );
#2434 = CIRCLE( '', #3270, 4.75000000000000 );
#2435 = CIRCLE( '', #3271, 4.75000000000000 );
#2436 = CIRCLE( '', #3272, 2.75000000000000 );
#2437 = CIRCLE( '', #3273, 2.75000000000000 );
#2438 = CIRCLE( '', #3274, 4.75000000000000 );
#2439 = CIRCLE( '', #3275, 4.75000000000000 );
#2440 = CIRCLE( '', #3276, 2.75000000000000 );
#2441 = CIRCLE( '', #3277, 2.75000000000000 );
#2442 = CIRCLE( '', #3278, 4.75000000000000 );
#2443 = CIRCLE( '', #3279, 4.75000000000000 );
#2444 = CIRCLE( '', #3280, 2.75000000000000 );
#2445 = CIRCLE( '', #3281, 2.75000000000000 );
#2446 = CIRCLE( '', #3282, 4.75000000000000 );
#2447 = CIRCLE( '', #3283, 4.75000000000000 );
#2448 = CIRCLE( '', #3284, 2.75000000000000 );
#2449 = CIRCLE( '', #3285, 2.75000000000000 );
#2450 = CIRCLE( '', #3286, 4.75000000000000 );
#2451 = CIRCLE( '', #3287, 4.75000000000000 );
#2452 = CIRCLE( '', #3288, 2.75000000000000 );
#2453 = CIRCLE( '', #3289, 2.75000000000000 );
#2454 = CIRCLE( '', #3290, 44.8333333333333 );
#2455 = CIRCLE( '', #3291, 44.8333333333333 );
#2456 = CIRCLE( '', #3292, 42.5000000000000 );
#2457 = CIRCLE( '', #3293, 42.5000000000000 );
#2458 = CIRCLE( '', #3294, 28.1000000000000 );
#2459 = CIRCLE( '', #3295, 27.5000000000000 );
#2460 = CIRCLE( '', #3296, 27.5000000000000 );
#2461 = CIRCLE( '', #3297, 28.1000000000000 );
#2462 = CIRCLE( '', #3298, 42.5000000000000 );
#2463 = CIRCLE( '', #3299, 42.5000000000000 );
#2464 = CIRCLE( '', #3300, 44.8333333333333 );
#2465 = CIRCLE( '', #3301, 44.8333333333333 );
#2466 = CIRCLE( '', #3302, 59.4000000000000 );
#2467 = CIRCLE( '', #3303, 59.4000000000000 );
#2468 = CARTESIAN_POINT( '', ( 0.600000000000000, -7.34763812293426E-015, 60.0000000000000 ) );
#2469 = CARTESIAN_POINT( '', ( 0.000000000000000, -7.27416174170492E-015, 59.4000000000000 ) );
#2470 = AXIS2_PLACEMENT_3D( '', #3304, #3305, #3306 );
#2471 = CARTESIAN_POINT( '', ( 0.600000000000000, 60.0000000000000, -1.46952762458685E-014 ) );
#2472 = AXIS2_PLACEMENT_3D( '', #3307, #3308, #3309 );
#2473 = CARTESIAN_POINT( '', ( 0.600000000000000, 7.34763812293426E-015, -60.0000000000000 ) );
#2474 = AXIS2_PLACEMENT_3D( '', #3310, #3311, #3312 );
#2475 = CARTESIAN_POINT( '', ( 0.000000000000000, 7.27416174170492E-015, -59.4000000000000 ) );
#2476 = AXIS2_PLACEMENT_3D( '', #3313, #3314, #3315 );
#2477 = CARTESIAN_POINT( '', ( 0.000000000000000, 59.4000000000000, -1.45483234834098E-014 ) );
#2478 = AXIS2_PLACEMENT_3D( '', #3316, #3317, #3318 );
#2479 = AXIS2_PLACEMENT_3D( '', #3319, #3320, #3321 );
#2480 = CARTESIAN_POINT( '', ( 15.0000000000000, -7.27416174170492E-015, 59.4000000000000 ) );
#2481 = CARTESIAN_POINT( '', ( 14.4000000000000, -7.34763812293426E-015, 60.0000000000000 ) );
#2482 = AXIS2_PLACEMENT_3D( '', #3322, #3323, #3324 );
#2483 = CARTESIAN_POINT( '', ( 15.0000000000000, 59.4000000000000, -1.45483234834098E-014 ) );
#2484 = AXIS2_PLACEMENT_3D( '', #3325, #3326, #3327 );
#2485 = CARTESIAN_POINT( '', ( 15.0000000000000, 7.27416174170492E-015, -59.4000000000000 ) );
#2486 = AXIS2_PLACEMENT_3D( '', #3328, #3329, #3330 );
#2487 = CARTESIAN_POINT( '', ( 14.4000000000000, 7.34763812293426E-015, -60.0000000000000 ) );
#2488 = AXIS2_PLACEMENT_3D( '', #3331, #3332, #3333 );
#2489 = CARTESIAN_POINT( '', ( 14.4000000000000, 60.0000000000000, -1.46952762458685E-014 ) );
#2490 = AXIS2_PLACEMENT_3D( '', #3334, #3335, #3336 );
#2491 = AXIS2_PLACEMENT_3D( '', #3337, #3338, #3339 );
#2492 = CARTESIAN_POINT( '', ( 15.0000000000000, 44.8333333333333, -1.09806369726073E-014 ) );
#2493 = CARTESIAN_POINT( '', ( 14.2500000000000, 44.8333333333333, -1.09806369726073E-014 ) );
#2494 = CARTESIAN_POINT( '', ( 14.6250000000000, 44.8333333333333, -5.49031848630366E-015 ) );
#2495 = VECTOR( '', #3340, 1.00000000000000 );
#2496 = CARTESIAN_POINT( '', ( 15.0000000000000, -44.8333333333333, 5.49031848630366E-015 ) );
#2497 = AXIS2_PLACEMENT_3D( '', #3341, #3342, #3343 );
#2498 = CARTESIAN_POINT( '', ( 14.2500000000000, -44.8333333333333, 5.49031848630366E-015 ) );
#2499 = CARTESIAN_POINT( '', ( 14.6250000000000, -44.8333333333333, 5.49031848630366E-015 ) );
#2500 = VECTOR( '', #3344, 1.00000000000000 );
#2501 = AXIS2_PLACEMENT_3D( '', #3345, #3346, #3347 );
#2502 = CARTESIAN_POINT( '', ( 15.0000000000000, 42.5000000000000, -1.04091540074902E-014 ) );
#2503 = CARTESIAN_POINT( '', ( 14.2500000000000, 42.5000000000000, -1.04091540074902E-014 ) );
#2504 = CARTESIAN_POINT( '', ( 14.6250000000000, 42.5000000000000, -5.20457700374510E-015 ) );
#2505 = VECTOR( '', #3348, 1.00000000000000 );
#2506 = CARTESIAN_POINT( '', ( 15.0000000000000, -42.5000000000000, 5.20457700374510E-015 ) );
#2507 = AXIS2_PLACEMENT_3D( '', #3349, #3350, #3351 );
#2508 = CARTESIAN_POINT( '', ( 14.2500000000000, -42.5000000000000, 5.20457700374510E-015 ) );
#2509 = CARTESIAN_POINT( '', ( 14.6250000000000, -42.5000000000000, 5.20457700374510E-015 ) );
#2510 = VECTOR( '', #3352, 1.00000000000000 );
#2511 = AXIS2_PLACEMENT_3D( '', #3353, #3354, #3355 );
#2512 = CARTESIAN_POINT( '', ( 14.4000000000000, -3.36766747301154E-015, 27.5000000000000 ) );
#2513 = CARTESIAN_POINT( '', ( 15.0000000000000, -3.44114385424088E-015, 28.1000000000000 ) );
#2514 = AXIS2_PLACEMENT_3D( '', #3356, #3357, #3358 );
#2515 = CARTESIAN_POINT( '', ( 14.4000000000000, 27.5000000000000, -6.73533494602307E-015 ) );
#2516 = AXIS2_PLACEMENT_3D( '', #3359, #3360, #3361 );
#2517 = CARTESIAN_POINT( '', ( 14.4000000000000, 3.36766747301154E-015, -27.5000000000000 ) );
#2518 = AXIS2_PLACEMENT_3D( '', #3362, #3363, #3364 );
#2519 = CARTESIAN_POINT( '', ( 15.0000000000000, 3.44114385424088E-015, -28.1000000000000 ) );
#2520 = AXIS2_PLACEMENT_3D( '', #3365, #3366, #3367 );
#2521 = CARTESIAN_POINT( '', ( 15.0000000000000, 28.1000000000000, -6.88228770848176E-015 ) );
#2522 = AXIS2_PLACEMENT_3D( '', #3368, #3369, #3370 );
#2523 = AXIS2_PLACEMENT_3D( '', #3371, #3372, #3373 );
#2524 = CARTESIAN_POINT( '', ( 0.600000000000000, 27.5000000000000, -6.73533494602307E-015 ) );
#2525 = CARTESIAN_POINT( '', ( 7.50000000000000, 27.5000000000000, -3.36766747301154E-015 ) );
#2526 = VECTOR( '', #3374, 1.00000000000000 );
#2527 = CARTESIAN_POINT( '', ( 14.4000000000000, -27.5000000000000, 3.36766747301154E-015 ) );
#2528 = AXIS2_PLACEMENT_3D( '', #3375, #3376, #3377 );
#2529 = CARTESIAN_POINT( '', ( 0.600000000000000, -27.5000000000000, 3.36766747301154E-015 ) );
#2530 = CARTESIAN_POINT( '', ( 7.50000000000000, -27.5000000000000, 3.36766747301154E-015 ) );
#2531 = VECTOR( '', #3378, 1.00000000000000 );
#2532 = CARTESIAN_POINT( '', ( 0.600000000000000, -3.36766747301154E-015, 27.5000000000000 ) );
#2533 = AXIS2_PLACEMENT_3D( '', #3379, #3380, #3381 );
#2534 = AXIS2_PLACEMENT_3D( '', #3382, #3383, #3384 );
#2535 = CARTESIAN_POINT( '', ( 0.000000000000000, -3.44114385424088E-015, 28.1000000000000 ) );
#2536 = AXIS2_PLACEMENT_3D( '', #3385, #3386, #3387 );
#2537 = CARTESIAN_POINT( '', ( 0.000000000000000, 28.1000000000000, -6.88228770848176E-015 ) );
#2538 = AXIS2_PLACEMENT_3D( '', #3388, #3389, #3390 );
#2539 = CARTESIAN_POINT( '', ( 0.000000000000000, 3.44114385424088E-015, -28.1000000000000 ) );
#2540 = AXIS2_PLACEMENT_3D( '', #3391, #3392, #3393 );
#2541 = CARTESIAN_POINT( '', ( 0.600000000000000, 3.36766747301154E-015, -27.5000000000000 ) );
#2542 = AXIS2_PLACEMENT_3D( '', #3394, #3395, #3396 );
#2543 = AXIS2_PLACEMENT_3D( '', #3397, #3398, #3399 );
#2544 = CARTESIAN_POINT( '', ( 0.750000000000000, 42.5000000000000, -1.04091540074902E-014 ) );
#2545 = CARTESIAN_POINT( '', ( 0.000000000000000, 42.5000000000000, -1.04091540074902E-014 ) );
#2546 = CARTESIAN_POINT( '', ( 0.375000000000000, 42.5000000000000, -5.20457700374510E-015 ) );
#2547 = VECTOR( '', #3400, 1.00000000000000 );
#2548 = CARTESIAN_POINT( '', ( 0.750000000000000, -42.5000000000000, 5.20457700374510E-015 ) );
#2549 = AXIS2_PLACEMENT_3D( '', #3401, #3402, #3403 );
#2550 = CARTESIAN_POINT( '', ( 0.000000000000000, -42.5000000000000, 5.20457700374510E-015 ) );
#2551 = CARTESIAN_POINT( '', ( 0.375000000000000, -42.5000000000000, 5.20457700374510E-015 ) );
#2552 = VECTOR( '', #3404, 1.00000000000000 );
#2553 = AXIS2_PLACEMENT_3D( '', #3405, #3406, #3407 );
#2554 = CARTESIAN_POINT( '', ( 0.750000000000000, 44.8333333333333, -1.09806369726073E-014 ) );
#2555 = CARTESIAN_POINT( '', ( 0.000000000000000, 44.8333333333333, -1.09806369726073E-014 ) );
#2556 = CARTESIAN_POINT( '', ( 0.375000000000000, 44.8333333333333, -5.49031848630366E-015 ) );
#2557 = VECTOR( '', #3408, 1.00000000000000 );
#2558 = CARTESIAN_POINT( '', ( 0.750000000000000, -44.8333333333333, 5.49031848630366E-015 ) );
#2559 = AXIS2_PLACEMENT_3D( '', #3409, #3410, #3411 );
#2560 = CARTESIAN_POINT( '', ( 0.000000000000000, -44.8333333333333, 5.49031848630366E-015 ) );
#2561 = CARTESIAN_POINT( '', ( 0.375000000000000, -44.8333333333333, 5.49031848630366E-015 ) );
#2562 = VECTOR( '', #3412, 1.00000000000000 );
#2563 = AXIS2_PLACEMENT_3D( '', #3413, #3414, #3415 );
#2564 = CARTESIAN_POINT( '', ( 0.000000000000000, 55.2500000000000, -6.73533494602307E-016 ) );
#2565 = CARTESIAN_POINT( '', ( 9.60000000000000, 55.2500000000000, -6.73533494602307E-016 ) );
#2566 = CARTESIAN_POINT( '', ( 4.80000000000000, 55.2500000000000, -3.36766747301008E-016 ) );
#2567 = VECTOR( '', #3416, 1.00000000000000 );
#2568 = CARTESIAN_POINT( '', ( 0.000000000000000, 49.7500000000000, 3.36766747301008E-016 ) );
#2569 = AXIS2_PLACEMENT_3D( '', #3417, #3418, #3419 );
#2570 = CARTESIAN_POINT( '', ( 9.60000000000000, 49.7500000000000, 3.36766747301008E-016 ) );
#2571 = CARTESIAN_POINT( '', ( 4.80000000000000, 49.7500000000000, 3.36766747301008E-016 ) );
#2572 = VECTOR( '', #3420, 1.00000000000000 );
#2573 = AXIS2_PLACEMENT_3D( '', #3421, #3422, #3423 );
#2574 = CARTESIAN_POINT( '', ( 9.60000000000000, 57.2500000000000, -1.16337603613126E-015 ) );
#2575 = CARTESIAN_POINT( '', ( 15.0000000000000, 57.2500000000000, -1.16337603613126E-015 ) );
#2576 = CARTESIAN_POINT( '', ( 12.3000000000000, 57.2500000000000, -5.81688018065377E-016 ) );
#2577 = VECTOR( '', #3424, 1.00000000000000 );
#2578 = CARTESIAN_POINT( '', ( 9.60000000000000, 47.7500000000000, 5.81688018065377E-016 ) );
#2579 = AXIS2_PLACEMENT_3D( '', #3425, #3426, #3427 );
#2580 = CARTESIAN_POINT( '', ( 15.0000000000000, 47.7500000000000, 5.81688018065377E-016 ) );
#2581 = CARTESIAN_POINT( '', ( 12.3000000000000, 47.7500000000000, 5.81688018065377E-016 ) );
#2582 = VECTOR( '', #3428, 1.00000000000000 );
#2583 = AXIS2_PLACEMENT_3D( '', #3429, #3430, #3431 );
#2584 = CARTESIAN_POINT( '', ( 0.000000000000000, 39.8731060122937, -37.1231060122938 ) );
#2585 = CARTESIAN_POINT( '', ( 9.60000000000000, 39.8731060122937, -37.1231060122938 ) );
#2586 = CARTESIAN_POINT( '', ( 4.80000000000000, 39.8731060122937, -37.1231060122938 ) );
#2587 = VECTOR( '', #3432, 1.00000000000000 );
#2588 = CARTESIAN_POINT( '', ( 0.000000000000000, 34.3731060122937, -37.1231060122938 ) );
#2589 = AXIS2_PLACEMENT_3D( '', #3433, #3434, #3435 );
#2590 = CARTESIAN_POINT( '', ( 9.60000000000000, 34.3731060122937, -37.1231060122938 ) );
#2591 = CARTESIAN_POINT( '', ( 4.80000000000000, 34.3731060122937, -37.1231060122938 ) );
#2592 = VECTOR( '', #3436, 1.00000000000000 );
#2593 = AXIS2_PLACEMENT_3D( '', #3437, #3438, #3439 );
#2594 = CARTESIAN_POINT( '', ( 9.60000000000000, 41.8731060122937, -37.1231060122938 ) );
#2595 = CARTESIAN_POINT( '', ( 15.0000000000000, 41.8731060122937, -37.1231060122938 ) );
#2596 = CARTESIAN_POINT( '', ( 12.3000000000000, 41.8731060122937, -37.1231060122938 ) );
#2597 = VECTOR( '', #3440, 1.00000000000000 );
#2598 = CARTESIAN_POINT( '', ( 9.60000000000000, 32.3731060122937, -37.1231060122938 ) );
#2599 = AXIS2_PLACEMENT_3D( '', #3441, #3442, #3443 );
#2600 = CARTESIAN_POINT( '', ( 15.0000000000000, 32.3731060122937, -37.1231060122938 ) );
#2601 = CARTESIAN_POINT( '', ( 12.3000000000000, 32.3731060122937, -37.1231060122938 ) );
#2602 = VECTOR( '', #3444, 1.00000000000000 );
#2603 = AXIS2_PLACEMENT_3D( '', #3445, #3446, #3447 );
#2604 = CARTESIAN_POINT( '', ( 0.000000000000000, 2.74999999999997, -52.5000000000000 ) );
#2605 = CARTESIAN_POINT( '', ( 9.60000000000000, 2.74999999999997, -52.5000000000000 ) );
#2606 = CARTESIAN_POINT( '', ( 4.80000000000000, 2.74999999999997, -52.5000000000000 ) );
#2607 = VECTOR( '', #3448, 1.00000000000000 );
#2608 = CARTESIAN_POINT( '', ( 0.000000000000000, -2.75000000000003, -52.5000000000000 ) );
#2609 = AXIS2_PLACEMENT_3D( '', #3449, #3450, #3451 );
#2610 = CARTESIAN_POINT( '', ( 9.60000000000000, -2.75000000000003, -52.5000000000000 ) );
#2611 = CARTESIAN_POINT( '', ( 4.80000000000000, -2.75000000000003, -52.5000000000000 ) );
#2612 = VECTOR( '', #3452, 1.00000000000000 );
#2613 = AXIS2_PLACEMENT_3D( '', #3453, #3454, #3455 );
#2614 = CARTESIAN_POINT( '', ( 9.60000000000000, 4.74999999999997, -52.5000000000000 ) );
#2615 = CARTESIAN_POINT( '', ( 15.0000000000000, 4.74999999999997, -52.5000000000000 ) );
#2616 = CARTESIAN_POINT( '', ( 12.3000000000000, 4.74999999999997, -52.5000000000000 ) );
#2617 = VECTOR( '', #3456, 1.00000000000000 );
#2618 = CARTESIAN_POINT( '', ( 9.60000000000000, -4.75000000000003, -52.5000000000000 ) );
#2619 = AXIS2_PLACEMENT_3D( '', #3457, #3458, #3459 );
#2620 = CARTESIAN_POINT( '', ( 15.0000000000000, -4.75000000000003, -52.5000000000000 ) );
#2621 = CARTESIAN_POINT( '', ( 12.3000000000000, -4.75000000000003, -52.5000000000000 ) );
#2622 = VECTOR( '', #3460, 1.00000000000000 );
#2623 = AXIS2_PLACEMENT_3D( '', #3461, #3462, #3463 );
#2624 = CARTESIAN_POINT( '', ( 0.000000000000000, -34.3731060122938, -37.1231060122937 ) );
#2625 = CARTESIAN_POINT( '', ( 9.60000000000000, -34.3731060122938, -37.1231060122937 ) );
#2626 = CARTESIAN_POINT( '', ( 4.80000000000000, -34.3731060122938, -37.1231060122937 ) );
#2627 = VECTOR( '', #3464, 1.00000000000000 );
#2628 = CARTESIAN_POINT( '', ( 0.000000000000000, -39.8731060122938, -37.1231060122937 ) );
#2629 = AXIS2_PLACEMENT_3D( '', #3465, #3466, #3467 );
#2630 = CARTESIAN_POINT( '', ( 9.60000000000000, -39.8731060122938, -37.1231060122937 ) );
#2631 = CARTESIAN_POINT( '', ( 4.80000000000000, -39.8731060122938, -37.1231060122937 ) );
#2632 = VECTOR( '', #3468, 1.00000000000000 );
#2633 = AXIS2_PLACEMENT_3D( '', #3469, #3470, #3471 );
#2634 = CARTESIAN_POINT( '', ( 9.60000000000000, -32.3731060122938, -37.1231060122937 ) );
#2635 = CARTESIAN_POINT( '', ( 15.0000000000000, -32.3731060122938, -37.1231060122937 ) );
#2636 = CARTESIAN_POINT( '', ( 12.3000000000000, -32.3731060122938, -37.1231060122937 ) );
#2637 = VECTOR( '', #3472, 1.00000000000000 );
#2638 = CARTESIAN_POINT( '', ( 9.60000000000000, -41.8731060122938, -37.1231060122937 ) );
#2639 = AXIS2_PLACEMENT_3D( '', #3473, #3474, #3475 );
#2640 = CARTESIAN_POINT( '', ( 15.0000000000000, -41.8731060122938, -37.1231060122937 ) );
#2641 = CARTESIAN_POINT( '', ( 12.3000000000000, -41.8731060122938, -37.1231060122937 ) );
#2642 = VECTOR( '', #3476, 1.00000000000000 );
#2643 = AXIS2_PLACEMENT_3D( '', #3477, #3478, #3479 );
#2644 = CARTESIAN_POINT( '', ( 0.000000000000000, -49.7500000000000, 1.70900348994002E-014 ) );
#2645 = CARTESIAN_POINT( '', ( 9.60000000000000, -49.7500000000000, 1.70900348994002E-014 ) );
#2646 = CARTESIAN_POINT( '', ( 4.80000000000000, -49.7500000000000, 1.74268016467021E-014 ) );
#2647 = VECTOR( '', #3480, 1.00000000000000 );
#2648 = CARTESIAN_POINT( '', ( 0.000000000000000, -55.2500000000000, 1.81003351413029E-014 ) );
#2649 = AXIS2_PLACEMENT_3D( '', #3481, #3482, #3483 );
#2650 = CARTESIAN_POINT( '', ( 9.60000000000000, -55.2500000000000, 1.81003351413029E-014 ) );
#2651 = CARTESIAN_POINT( '', ( 4.80000000000000, -55.2500000000000, 1.81003351413029E-014 ) );
#2652 = VECTOR( '', #3484, 1.00000000000000 );
#2653 = AXIS2_PLACEMENT_3D( '', #3485, #3486, #3487 );
#2654 = CARTESIAN_POINT( '', ( 9.60000000000000, -47.7500000000000, 1.66001923578712E-014 ) );
#2655 = CARTESIAN_POINT( '', ( 15.0000000000000, -47.7500000000000, 1.66001923578712E-014 ) );
#2656 = CARTESIAN_POINT( '', ( 12.3000000000000, -47.7500000000000, 1.71818803759381E-014 ) );
#2657 = VECTOR( '', #3488, 1.00000000000000 );
#2658 = CARTESIAN_POINT( '', ( 9.60000000000000, -57.2500000000000, 1.83452564120669E-014 ) );
#2659 = AXIS2_PLACEMENT_3D( '', #3489, #3490, #3491 );
#2660 = CARTESIAN_POINT( '', ( 15.0000000000000, -57.2500000000000, 1.83452564120669E-014 ) );
#2661 = CARTESIAN_POINT( '', ( 12.3000000000000, -57.2500000000000, 1.83452564120669E-014 ) );
#2662 = VECTOR( '', #3492, 1.00000000000000 );
#2663 = AXIS2_PLACEMENT_3D( '', #3493, #3494, #3495 );
#2664 = CARTESIAN_POINT( '', ( 0.000000000000000, -34.3731060122937, 37.1231060122938 ) );
#2665 = CARTESIAN_POINT( '', ( 9.60000000000000, -34.3731060122937, 37.1231060122938 ) );
#2666 = CARTESIAN_POINT( '', ( 4.80000000000000, -34.3731060122937, 37.1231060122938 ) );
#2667 = VECTOR( '', #3496, 1.00000000000000 );
#2668 = CARTESIAN_POINT( '', ( 0.000000000000000, -39.8731060122937, 37.1231060122938 ) );
#2669 = AXIS2_PLACEMENT_3D( '', #3497, #3498, #3499 );
#2670 = CARTESIAN_POINT( '', ( 9.60000000000000, -39.8731060122937, 37.1231060122938 ) );
#2671 = CARTESIAN_POINT( '', ( 4.80000000000000, -39.8731060122937, 37.1231060122938 ) );
#2672 = VECTOR( '', #3500, 1.00000000000000 );
#2673 = AXIS2_PLACEMENT_3D( '', #3501, #3502, #3503 );
#2674 = CARTESIAN_POINT( '', ( 9.60000000000000, -32.3731060122937, 37.1231060122938 ) );
#2675 = CARTESIAN_POINT( '', ( 15.0000000000000, -32.3731060122937, 37.1231060122938 ) );
#2676 = CARTESIAN_POINT( '', ( 12.3000000000000, -32.3731060122937, 37.1231060122938 ) );
#2677 = VECTOR( '', #3504, 1.00000000000000 );
#2678 = CARTESIAN_POINT( '', ( 9.60000000000000, -41.8731060122937, 37.1231060122938 ) );
#2679 = AXIS2_PLACEMENT_3D( '', #3505, #3506, #3507 );
#2680 = CARTESIAN_POINT( '', ( 15.0000000000000, -41.8731060122937, 37.1231060122938 ) );
#2681 = CARTESIAN_POINT( '', ( 12.3000000000000, -41.8731060122937, 37.1231060122938 ) );
#2682 = VECTOR( '', #3508, 1.00000000000000 );
#2683 = AXIS2_PLACEMENT_3D( '', #3509, #3510, #3511 );
#2684 = CARTESIAN_POINT( '', ( 0.000000000000000, 2.75000000000001, 52.5000000000000 ) );
#2685 = CARTESIAN_POINT( '', ( 9.60000000000000, 2.75000000000001, 52.5000000000000 ) );
#2686 = CARTESIAN_POINT( '', ( 4.80000000000000, 2.75000000000001, 52.5000000000000 ) );
#2687 = VECTOR( '', #3512, 1.00000000000000 );
#2688 = CARTESIAN_POINT( '', ( 0.000000000000000, -2.74999999999999, 52.5000000000000 ) );
#2689 = AXIS2_PLACEMENT_3D( '', #3513, #3514, #3515 );
#2690 = CARTESIAN_POINT( '', ( 9.60000000000000, -2.74999999999999, 52.5000000000000 ) );
#2691 = CARTESIAN_POINT( '', ( 4.80000000000000, -2.74999999999999, 52.5000000000000 ) );
#2692 = VECTOR( '', #3516, 1.00000000000000 );
#2693 = AXIS2_PLACEMENT_3D( '', #3517, #3518, #3519 );
#2694 = CARTESIAN_POINT( '', ( 9.60000000000000, 4.75000000000001, 52.5000000000000 ) );
#2695 = CARTESIAN_POINT( '', ( 15.0000000000000, 4.75000000000001, 52.5000000000000 ) );
#2696 = CARTESIAN_POINT( '', ( 12.3000000000000, 4.75000000000001, 52.5000000000000 ) );
#2697 = VECTOR( '', #3520, 1.00000000000000 );
#2698 = CARTESIAN_POINT( '', ( 9.60000000000000, -4.74999999999999, 52.5000000000000 ) );
#2699 = AXIS2_PLACEMENT_3D( '', #3521, #3522, #3523 );
#2700 = CARTESIAN_POINT( '', ( 15.0000000000000, -4.74999999999999, 52.5000000000000 ) );
#2701 = CARTESIAN_POINT( '', ( 12.3000000000000, -4.74999999999999, 52.5000000000000 ) );
#2702 = VECTOR( '', #3524, 1.00000000000000 );
#2703 = AXIS2_PLACEMENT_3D( '', #3525, #3526, #3527 );
#2704 = CARTESIAN_POINT( '', ( 0.000000000000000, 39.8731060122937, 37.1231060122937 ) );
#2705 = CARTESIAN_POINT( '', ( 9.60000000000000, 39.8731060122937, 37.1231060122937 ) );
#2706 = CARTESIAN_POINT( '', ( 4.80000000000000, 39.8731060122937, 37.1231060122937 ) );
#2707 = VECTOR( '', #3528, 1.00000000000000 );
#2708 = CARTESIAN_POINT( '', ( 0.000000000000000, 34.3731060122937, 37.1231060122937 ) );
#2709 = AXIS2_PLACEMENT_3D( '', #3529, #3530, #3531 );
#2710 = CARTESIAN_POINT( '', ( 9.60000000000000, 34.3731060122937, 37.1231060122937 ) );
#2711 = CARTESIAN_POINT( '', ( 4.80000000000000, 34.3731060122937, 37.1231060122937 ) );
#2712 = VECTOR( '', #3532, 1.00000000000000 );
#2713 = AXIS2_PLACEMENT_3D( '', #3533, #3534, #3535 );
#2714 = CARTESIAN_POINT( '', ( 9.60000000000000, 41.8731060122937, 37.1231060122937 ) );
#2715 = CARTESIAN_POINT( '', ( 15.0000000000000, 41.8731060122937, 37.1231060122937 ) );
#2716 = CARTESIAN_POINT( '', ( 12.3000000000000, 41.8731060122937, 37.1231060122937 ) );
#2717 = VECTOR( '', #3536, 1.00000000000000 );
#2718 = CARTESIAN_POINT( '', ( 9.60000000000000, 32.3731060122937, 37.1231060122937 ) );
#2719 = AXIS2_PLACEMENT_3D( '', #3537, #3538, #3539 );
#2720 = CARTESIAN_POINT( '', ( 15.0000000000000, 32.3731060122937, 37.1231060122937 ) );
#2721 = CARTESIAN_POINT( '', ( 12.3000000000000, 32.3731060122937, 37.1231060122937 ) );
#2722 = VECTOR( '', #3540, 1.00000000000000 );
#2723 = AXIS2_PLACEMENT_3D( '', #3541, #3542, #3543 );
#2724 = CARTESIAN_POINT( '', ( 0.000000000000000, 35.0000000000000, -6.12303176911189E-016 ) );
#2725 = CARTESIAN_POINT( '', ( 0.433000000000000, 34.5670000000000, -5.06252266670171E-016 ) );
#2726 = CARTESIAN_POINT( '', ( 0.216500000000000, 34.7835000000000, -2.79638860894867E-016 ) );
#2727 = VECTOR( '', #3544, 1.00000000000000 );
#2728 = CARTESIAN_POINT( '', ( 0.000000000000000, 30.0000000000000, 3.06151588455076E-016 ) );
#2729 = AXIS2_PLACEMENT_3D( '', #3545, #3546, #3547 );
#2730 = CARTESIAN_POINT( '', ( 0.433000000000000, 30.4330000000000, 2.53126133334657E-016 ) );
#2731 = CARTESIAN_POINT( '', ( 0.216500000000000, 30.2165000000000, 2.79638860894867E-016 ) );
#2732 = VECTOR( '', #3548, 1.00000000000000 );
#2733 = AXIS2_PLACEMENT_3D( '', #3549, #3550, #3551 );
#2734 = CARTESIAN_POINT( '', ( 14.5670000000000, 34.5670000000000, -5.06252266670171E-016 ) );
#2735 = CARTESIAN_POINT( '', ( 7.50000000000000, 34.5670000000000, -2.53126133334657E-016 ) );
#2736 = VECTOR( '', #3552, 1.00000000000000 );
#2737 = CARTESIAN_POINT( '', ( 14.5670000000000, 30.4330000000000, 2.53126133334657E-016 ) );
#2738 = CARTESIAN_POINT( '', ( 7.50000000000000, 30.4330000000000, 2.53126133334657E-016 ) );
#2739 = VECTOR( '', #3553, 1.00000000000000 );
#2740 = AXIS2_PLACEMENT_3D( '', #3554, #3555, #3556 );
#2741 = CARTESIAN_POINT( '', ( 15.0000000000000, 35.0000000000000, -6.12303176911189E-016 ) );
#2742 = CARTESIAN_POINT( '', ( 14.7835000000000, 34.7835000000000, -2.79638860894867E-016 ) );
#2743 = VECTOR( '', #3557, 1.00000000000000 );
#2744 = CARTESIAN_POINT( '', ( 15.0000000000000, 30.0000000000000, 3.06151588455076E-016 ) );
#2745 = CARTESIAN_POINT( '', ( 14.7835000000000, 30.2165000000000, 2.79638860894867E-016 ) );
#2746 = VECTOR( '', #3558, 1.00000000000000 );
#2747 = AXIS2_PLACEMENT_3D( '', #3559, #3560, #3561 );
#2748 = CARTESIAN_POINT( '', ( 0.000000000000000, 25.4809703885628, -22.9809703885628 ) );
#2749 = CARTESIAN_POINT( '', ( 0.433000000000000, 25.0479703885628, -22.9809703885628 ) );
#2750 = CARTESIAN_POINT( '', ( 0.216500000000000, 25.2644703885628, -22.9809703885628 ) );
#2751 = VECTOR( '', #3562, 1.00000000000000 );
#2752 = CARTESIAN_POINT( '', ( 0.000000000000000, 20.4809703885628, -22.9809703885628 ) );
#2753 = AXIS2_PLACEMENT_3D( '', #3563, #3564, #3565 );
#2754 = CARTESIAN_POINT( '', ( 0.433000000000000, 20.9139703885628, -22.9809703885628 ) );
#2755 = CARTESIAN_POINT( '', ( 0.216500000000000, 20.6974703885628, -22.9809703885628 ) );
#2756 = VECTOR( '', #3566, 1.00000000000000 );
#2757 = AXIS2_PLACEMENT_3D( '', #3567, #3568, #3569 );
#2758 = CARTESIAN_POINT( '', ( 14.5670000000000, 25.0479703885628, -22.9809703885628 ) );
#2759 = CARTESIAN_POINT( '', ( 7.50000000000000, 25.0479703885628, -22.9809703885628 ) );
#2760 = VECTOR( '', #3570, 1.00000000000000 );
#2761 = CARTESIAN_POINT( '', ( 14.5670000000000, 20.9139703885628, -22.9809703885628 ) );
#2762 = CARTESIAN_POINT( '', ( 7.50000000000000, 20.9139703885628, -22.9809703885628 ) );
#2763 = VECTOR( '', #3571, 1.00000000000000 );
#2764 = AXIS2_PLACEMENT_3D( '', #3572, #3573, #3574 );
#2765 = CARTESIAN_POINT( '', ( 15.0000000000000, 25.4809703885628, -22.9809703885628 ) );
#2766 = CARTESIAN_POINT( '', ( 14.7835000000000, 25.2644703885628, -22.9809703885628 ) );
#2767 = VECTOR( '', #3575, 1.00000000000000 );
#2768 = CARTESIAN_POINT( '', ( 15.0000000000000, 20.4809703885628, -22.9809703885628 ) );
#2769 = CARTESIAN_POINT( '', ( 14.7835000000000, 20.6974703885628, -22.9809703885628 ) );
#2770 = VECTOR( '', #3576, 1.00000000000000 );
#2771 = AXIS2_PLACEMENT_3D( '', #3577, #3578, #3579 );
#2772 = CARTESIAN_POINT( '', ( 0.000000000000000, 2.49999999999999, -32.5000000000000 ) );
#2773 = CARTESIAN_POINT( '', ( 0.433000000000000, 2.06699999999999, -32.5000000000000 ) );
#2774 = CARTESIAN_POINT( '', ( 0.216500000000000, 2.28349999999999, -32.5000000000000 ) );
#2775 = VECTOR( '', #3580, 1.00000000000000 );
#2776 = CARTESIAN_POINT( '', ( 0.000000000000000, -2.50000000000001, -32.5000000000000 ) );
#2777 = AXIS2_PLACEMENT_3D( '', #3581, #3582, #3583 );
#2778 = CARTESIAN_POINT( '', ( 0.433000000000000, -2.06700000000001, -32.5000000000000 ) );
#2779 = CARTESIAN_POINT( '', ( 0.216500000000000, -2.28350000000001, -32.5000000000000 ) );
#2780 = VECTOR( '', #3584, 1.00000000000000 );
#2781 = AXIS2_PLACEMENT_3D( '', #3585, #3586, #3587 );
#2782 = CARTESIAN_POINT( '', ( 14.5670000000000, 2.06699999999999, -32.5000000000000 ) );
#2783 = CARTESIAN_POINT( '', ( 7.50000000000000, 2.06699999999999, -32.5000000000000 ) );
#2784 = VECTOR( '', #3588, 1.00000000000000 );
#2785 = CARTESIAN_POINT( '', ( 14.5670000000000, -2.06700000000001, -32.5000000000000 ) );
#2786 = CARTESIAN_POINT( '', ( 7.50000000000000, -2.06700000000001, -32.5000000000000 ) );
#2787 = VECTOR( '', #3589, 1.00000000000000 );
#2788 = AXIS2_PLACEMENT_3D( '', #3590, #3591, #3592 );
#2789 = CARTESIAN_POINT( '', ( 15.0000000000000, 2.49999999999999, -32.5000000000000 ) );
#2790 = CARTESIAN_POINT( '', ( 14.7835000000000, 2.28349999999999, -32.5000000000000 ) );
#2791 = VECTOR( '', #3593, 1.00000000000000 );
#2792 = CARTESIAN_POINT( '', ( 15.0000000000000, -2.50000000000001, -32.5000000000000 ) );
#2793 = CARTESIAN_POINT( '', ( 14.7835000000000, -2.28350000000001, -32.5000000000000 ) );
#2794 = VECTOR( '', #3594, 1.00000000000000 );
#2795 = AXIS2_PLACEMENT_3D( '', #3595, #3596, #3597 );
#2796 = CARTESIAN_POINT( '', ( 0.000000000000000, -20.4809703885628, -22.9809703885628 ) );
#2797 = CARTESIAN_POINT( '', ( 0.433000000000000, -20.9139703885628, -22.9809703885628 ) );
#2798 = CARTESIAN_POINT( '', ( 0.216500000000000, -20.6974703885628, -22.9809703885628 ) );
#2799 = VECTOR( '', #3598, 1.00000000000000 );
#2800 = CARTESIAN_POINT( '', ( 0.000000000000000, -25.4809703885628, -22.9809703885628 ) );
#2801 = AXIS2_PLACEMENT_3D( '', #3599, #3600, #3601 );
#2802 = CARTESIAN_POINT( '', ( 0.433000000000000, -25.0479703885628, -22.9809703885628 ) );
#2803 = CARTESIAN_POINT( '', ( 0.216500000000000, -25.2644703885628, -22.9809703885628 ) );
#2804 = VECTOR( '', #3602, 1.00000000000000 );
#2805 = AXIS2_PLACEMENT_3D( '', #3603, #3604, #3605 );
#2806 = CARTESIAN_POINT( '', ( 14.5670000000000, -20.9139703885628, -22.9809703885628 ) );
#2807 = CARTESIAN_POINT( '', ( 7.50000000000000, -20.9139703885628, -22.9809703885628 ) );
#2808 = VECTOR( '', #3606, 1.00000000000000 );
#2809 = CARTESIAN_POINT( '', ( 14.5670000000000, -25.0479703885628, -22.9809703885628 ) );
#2810 = CARTESIAN_POINT( '', ( 7.50000000000000, -25.0479703885628, -22.9809703885628 ) );
#2811 = VECTOR( '', #3607, 1.00000000000000 );
#2812 = AXIS2_PLACEMENT_3D( '', #3608, #3609, #3610 );
#2813 = CARTESIAN_POINT( '', ( 15.0000000000000, -20.4809703885628, -22.9809703885628 ) );
#2814 = CARTESIAN_POINT( '', ( 14.7835000000000, -20.6974703885628, -22.9809703885628 ) );
#2815 = VECTOR( '', #3611, 1.00000000000000 );
#2816 = CARTESIAN_POINT( '', ( 15.0000000000000, -25.4809703885628, -22.9809703885628 ) );
#2817 = CARTESIAN_POINT( '', ( 14.7835000000000, -25.2644703885628, -22.9809703885628 ) );
#2818 = VECTOR( '', #3612, 1.00000000000000 );
#2819 = AXIS2_PLACEMENT_3D( '', #3613, #3614, #3615 );
#2820 = CARTESIAN_POINT( '', ( 0.000000000000000, -30.0000000000000, 1.00458378594903E-014 ) );
#2821 = CARTESIAN_POINT( '', ( 0.433000000000000, -30.4330000000000, 1.01518887697313E-014 ) );
#2822 = CARTESIAN_POINT( '', ( 0.216500000000000, -30.2165000000000, 1.03785021755065E-014 ) );
#2823 = VECTOR( '', #3616, 1.00000000000000 );
#2824 = CARTESIAN_POINT( '', ( 0.000000000000000, -35.0000000000000, 1.09642926248567E-014 ) );
#2825 = AXIS2_PLACEMENT_3D( '', #3617, #3618, #3619 );
#2826 = CARTESIAN_POINT( '', ( 0.433000000000000, -34.5670000000000, 1.09112671697363E-014 ) );
#2827 = CARTESIAN_POINT( '', ( 0.216500000000000, -34.7835000000000, 1.09377798972965E-014 ) );
#2828 = VECTOR( '', #3620, 1.00000000000000 );
#2829 = AXIS2_PLACEMENT_3D( '', #3621, #3622, #3623 );
#2830 = CARTESIAN_POINT( '', ( 14.5670000000000, -30.4330000000000, 1.01518887697313E-014 ) );
#2831 = CARTESIAN_POINT( '', ( 7.50000000000000, -30.4330000000000, 1.04050149030667E-014 ) );
#2832 = VECTOR( '', #3624, 1.00000000000000 );
#2833 = CARTESIAN_POINT( '', ( 14.5670000000000, -34.5670000000000, 1.09112671697363E-014 ) );
#2834 = CARTESIAN_POINT( '', ( 7.50000000000000, -34.5670000000000, 1.09112671697363E-014 ) );
#2835 = VECTOR( '', #3625, 1.00000000000000 );
#2836 = AXIS2_PLACEMENT_3D( '', #3626, #3627, #3628 );
#2837 = CARTESIAN_POINT( '', ( 15.0000000000000, -30.0000000000000, 1.00458378594903E-014 ) );
#2838 = CARTESIAN_POINT( '', ( 14.7835000000000, -30.2165000000000, 1.03785021755065E-014 ) );
#2839 = VECTOR( '', #3629, 1.00000000000000 );
#2840 = CARTESIAN_POINT( '', ( 15.0000000000000, -35.0000000000000, 1.09642926248567E-014 ) );
#2841 = CARTESIAN_POINT( '', ( 14.7835000000000, -34.7835000000000, 1.09377798972965E-014 ) );
#2842 = VECTOR( '', #3630, 1.00000000000000 );
#2843 = AXIS2_PLACEMENT_3D( '', #3631, #3632, #3633 );
#2844 = CARTESIAN_POINT( '', ( 0.000000000000000, -20.4809703885628, 22.9809703885628 ) );
#2845 = CARTESIAN_POINT( '', ( 0.433000000000000, -20.9139703885628, 22.9809703885628 ) );
#2846 = CARTESIAN_POINT( '', ( 0.216500000000000, -20.6974703885628, 22.9809703885628 ) );
#2847 = VECTOR( '', #3634, 1.00000000000000 );
#2848 = CARTESIAN_POINT( '', ( 0.000000000000000, -25.4809703885628, 22.9809703885628 ) );
#2849 = AXIS2_PLACEMENT_3D( '', #3635, #3636, #3637 );
#2850 = CARTESIAN_POINT( '', ( 0.433000000000000, -25.0479703885628, 22.9809703885628 ) );
#2851 = CARTESIAN_POINT( '', ( 0.216500000000000, -25.2644703885628, 22.9809703885628 ) );
#2852 = VECTOR( '', #3638, 1.00000000000000 );
#2853 = AXIS2_PLACEMENT_3D( '', #3639, #3640, #3641 );
#2854 = CARTESIAN_POINT( '', ( 14.5670000000000, -20.9139703885628, 22.9809703885628 ) );
#2855 = CARTESIAN_POINT( '', ( 7.50000000000000, -20.9139703885628, 22.9809703885628 ) );
#2856 = VECTOR( '', #3642, 1.00000000000000 );
#2857 = CARTESIAN_POINT( '', ( 14.5670000000000, -25.0479703885628, 22.9809703885628 ) );
#2858 = CARTESIAN_POINT( '', ( 7.50000000000000, -25.0479703885628, 22.9809703885628 ) );
#2859 = VECTOR( '', #3643, 1.00000000000000 );
#2860 = AXIS2_PLACEMENT_3D( '', #3644, #3645, #3646 );
#2861 = CARTESIAN_POINT( '', ( 15.0000000000000, -20.4809703885628, 22.9809703885628 ) );
#2862 = CARTESIAN_POINT( '', ( 14.7835000000000, -20.6974703885628, 22.9809703885628 ) );
#2863 = VECTOR( '', #3647, 1.00000000000000 );
#2864 = CARTESIAN_POINT( '', ( 15.0000000000000, -25.4809703885628, 22.9809703885628 ) );
#2865 = CARTESIAN_POINT( '', ( 14.7835000000000, -25.2644703885628, 22.9809703885628 ) );
#2866 = VECTOR( '', #3648, 1.00000000000000 );
#2867 = AXIS2_PLACEMENT_3D( '', #3649, #3650, #3651 );
#2868 = CARTESIAN_POINT( '', ( 0.000000000000000, 2.50000000000000, 32.5000000000000 ) );
#2869 = CARTESIAN_POINT( '', ( 0.433000000000000, 2.06700000000000, 32.5000000000000 ) );
#2870 = CARTESIAN_POINT( '', ( 0.216500000000000, 2.28350000000000, 32.5000000000000 ) );
#2871 = VECTOR( '', #3652, 1.00000000000000 );
#2872 = CARTESIAN_POINT( '', ( 0.000000000000000, -2.50000000000000, 32.5000000000000 ) );
#2873 = AXIS2_PLACEMENT_3D( '', #3653, #3654, #3655 );
#2874 = CARTESIAN_POINT( '', ( 0.433000000000000, -2.06700000000000, 32.5000000000000 ) );
#2875 = CARTESIAN_POINT( '', ( 0.216500000000000, -2.28350000000000, 32.5000000000000 ) );
#2876 = VECTOR( '', #3656, 1.00000000000000 );
#2877 = AXIS2_PLACEMENT_3D( '', #3657, #3658, #3659 );
#2878 = CARTESIAN_POINT( '', ( 14.5670000000000, 2.06700000000000, 32.5000000000000 ) );
#2879 = CARTESIAN_POINT( '', ( 7.50000000000000, 2.06700000000000, 32.5000000000000 ) );
#2880 = VECTOR( '', #3660, 1.00000000000000 );
#2881 = CARTESIAN_POINT( '', ( 14.5670000000000, -2.06700000000000, 32.5000000000000 ) );
#2882 = CARTESIAN_POINT( '', ( 7.50000000000000, -2.06700000000000, 32.5000000000000 ) );
#2883 = VECTOR( '', #3661, 1.00000000000000 );
#2884 = AXIS2_PLACEMENT_3D( '', #3662, #3663, #3664 );
#2885 = CARTESIAN_POINT( '', ( 15.0000000000000, 2.50000000000000, 32.5000000000000 ) );
#2886 = CARTESIAN_POINT( '', ( 14.7835000000000, 2.28350000000000, 32.5000000000000 ) );
#2887 = VECTOR( '', #3665, 1.00000000000000 );
#2888 = CARTESIAN_POINT( '', ( 15.0000000000000, -2.50000000000000, 32.5000000000000 ) );
#2889 = CARTESIAN_POINT( '', ( 14.7835000000000, -2.28350000000000, 32.5000000000000 ) );
#2890 = VECTOR( '', #3666, 1.00000000000000 );
#2891 = AXIS2_PLACEMENT_3D( '', #3667, #3668, #3669 );
#2892 = CARTESIAN_POINT( '', ( 0.000000000000000, 25.4809703885628, 22.9809703885628 ) );
#2893 = CARTESIAN_POINT( '', ( 0.433000000000000, 25.0479703885628, 22.9809703885628 ) );
#2894 = CARTESIAN_POINT( '', ( 0.216500000000000, 25.2644703885628, 22.9809703885628 ) );
#2895 = VECTOR( '', #3670, 1.00000000000000 );
#2896 = CARTESIAN_POINT( '', ( 0.000000000000000, 20.4809703885628, 22.9809703885628 ) );
#2897 = AXIS2_PLACEMENT_3D( '', #3671, #3672, #3673 );
#2898 = CARTESIAN_POINT( '', ( 0.433000000000000, 20.9139703885628, 22.9809703885628 ) );
#2899 = CARTESIAN_POINT( '', ( 0.216500000000000, 20.6974703885628, 22.9809703885628 ) );
#2900 = VECTOR( '', #3674, 1.00000000000000 );
#2901 = AXIS2_PLACEMENT_3D( '', #3675, #3676, #3677 );
#2902 = CARTESIAN_POINT( '', ( 14.5670000000000, 25.0479703885628, 22.9809703885628 ) );
#2903 = CARTESIAN_POINT( '', ( 7.50000000000000, 25.0479703885628, 22.9809703885628 ) );
#2904 = VECTOR( '', #3678, 1.00000000000000 );
#2905 = CARTESIAN_POINT( '', ( 14.5670000000000, 20.9139703885628, 22.9809703885628 ) );
#2906 = CARTESIAN_POINT( '', ( 7.50000000000000, 20.9139703885628, 22.9809703885628 ) );
#2907 = VECTOR( '', #3679, 1.00000000000000 );
#2908 = AXIS2_PLACEMENT_3D( '', #3680, #3681, #3682 );
#2909 = CARTESIAN_POINT( '', ( 15.0000000000000, 25.4809703885628, 22.9809703885628 ) );
#2910 = CARTESIAN_POINT( '', ( 14.7835000000000, 25.2644703885628, 22.9809703885628 ) );
#2911 = VECTOR( '', #3683, 1.00000000000000 );
#2912 = CARTESIAN_POINT( '', ( 15.0000000000000, 20.4809703885628, 22.9809703885628 ) );
#2913 = CARTESIAN_POINT( '', ( 14.7835000000000, 20.6974703885628, 22.9809703885628 ) );
#2914 = VECTOR( '', #3684, 1.00000000000000 );
#2915 = AXIS2_PLACEMENT_3D( '', #3685, #3686, #3687 );
#2916 = CARTESIAN_POINT( '', ( 7.50000000000000, -21.5213297465970, 56.0074313456548 ) );
#2917 = CARTESIAN_POINT( '', ( 7.50000000000000, -17.9700367455176, 47.4338516184881 ) );
#2918 = CARTESIAN_POINT( '', ( 7.50000000000000, -19.7495147060152, 51.7298914446656 ) );
#2919 = VECTOR( '', #3688, 1.00000000000000 );
#2920 = CARTESIAN_POINT( '', ( 5.95000000000000, -22.9610059419054, 55.4327719506772 ) );
#2921 = CARTESIAN_POINT( '', ( 5.95000000000000, -22.9610059419054, 55.4327719506772 ) );
#2922 = CARTESIAN_POINT( '', ( 5.95000000000000, -22.8710982617974, 55.4700129311394 ) );
#2923 = CARTESIAN_POINT( '', ( 5.95931239655434, -22.7780278277099, 55.5083008899098 ) );
#2924 = CARTESIAN_POINT( '', ( 5.99853921499370, -22.5926944505127, 55.5839920918826 ) );
#2925 = CARTESIAN_POINT( '', ( 6.02844523546936, -22.5004302291494, 55.6213965589932 ) );
#2926 = CARTESIAN_POINT( '', ( 6.10753816876886, -22.3232997514610, 55.6927230782986 ) );
#2927 = CARTESIAN_POINT( '', ( 6.15678806590922, -22.2382930187786, 55.7267035584603 ) );
#2928 = CARTESIAN_POINT( '', ( 6.27060436622076, -22.0809597759213, 55.7892317679292 ) );
#2929 = CARTESIAN_POINT( '', ( 6.33517787145540, -22.0086385991588, 55.8177799893774 ) );
#2930 = CARTESIAN_POINT( '', ( 6.47279110790029, -21.8805384076704, 55.8681194861750 ) );
#2931 = CARTESIAN_POINT( '', ( 6.55053209473711, -21.8203823648442, 55.8916286529446 ) );
#2932 = CARTESIAN_POINT( '', ( 6.71981756711225, -21.7142958378160, 55.9329294449564 ) );
#2933 = CARTESIAN_POINT( '', ( 6.81135731344194, -21.6683597478467, 55.9507260958407 ) );
#2934 = CARTESIAN_POINT( '', ( 7.00230001221234, -21.5945648108187, 55.9792491504320 ) );
#2935 = CARTESIAN_POINT( '', ( 7.10185510702657, -21.5666478596823, 55.9899998663125 ) );
#2936 = CARTESIAN_POINT( '', ( 7.30204658969271, -21.5300263235352, 56.0040922740571 ) );
#2937 = CARTESIAN_POINT( '', ( 7.40268462684232, -21.5213297465970, 56.0074313456548 ) );
#2938 = CARTESIAN_POINT( '', ( 7.50000000000000, -21.5213297465970, 56.0074313456548 ) );
#2939 = CARTESIAN_POINT( '', ( 7.59731537315768, -21.5213297465970, 56.0074313456548 ) );
#2940 = CARTESIAN_POINT( '', ( 7.69795341030729, -21.5300263235352, 56.0040922740571 ) );
#2941 = CARTESIAN_POINT( '', ( 7.89814489297343, -21.5666478596823, 55.9899998663125 ) );
#2942 = CARTESIAN_POINT( '', ( 7.99769998778767, -21.5945648108187, 55.9792491504320 ) );
#2943 = CARTESIAN_POINT( '', ( 8.18864268655807, -21.6683597478467, 55.9507260958407 ) );
#2944 = CARTESIAN_POINT( '', ( 8.28018243288775, -21.7142958378160, 55.9329294449564 ) );
#2945 = CARTESIAN_POINT( '', ( 8.44946790526289, -21.8203823648442, 55.8916286529446 ) );
#2946 = CARTESIAN_POINT( '', ( 8.52720889209971, -21.8805384076704, 55.8681194861750 ) );
#2947 = CARTESIAN_POINT( '', ( 8.66482212854460, -22.0086385991588, 55.8177799893774 ) );
#2948 = CARTESIAN_POINT( '', ( 8.72939563377924, -22.0809597759213, 55.7892317679292 ) );
#2949 = CARTESIAN_POINT( '', ( 8.84321193409078, -22.2382930187786, 55.7267035584603 ) );
#2950 = CARTESIAN_POINT( '', ( 8.89246183123113, -22.3232997514610, 55.6927230782986 ) );
#2951 = CARTESIAN_POINT( '', ( 8.97155476453064, -22.5004302291494, 55.6213965589933 ) );
#2952 = CARTESIAN_POINT( '', ( 9.00146078500631, -22.5926944505127, 55.5839920918826 ) );
#2953 = CARTESIAN_POINT( '', ( 9.04068760344567, -22.7780278277099, 55.5083008899098 ) );
#2954 = CARTESIAN_POINT( '', ( 9.05000000000000, -22.8710982617974, 55.4700129311394 ) );
#2955 = CARTESIAN_POINT( '', ( 9.05000000000000, -22.9610059419054, 55.4327719506772 ) );
#2956 = CARTESIAN_POINT( '', ( 7.50000000000000, -24.3853562973820, 54.8211127053230 ) );
#2957 = CARTESIAN_POINT( '', ( 9.05000000000000, -22.9610059419054, 55.4327719506772 ) );
#2958 = CARTESIAN_POINT( '', ( 9.05000000000000, -23.0509136220134, 55.3955309702150 ) );
#2959 = CARTESIAN_POINT( '', ( 9.04068760344567, -23.1437980323689, 55.3567939104281 ) );
#2960 = CARTESIAN_POINT( '', ( 9.00146078500631, -23.3283702823564, 55.2792651848228 ) );
#2961 = CARTESIAN_POINT( '', ( 8.97155476453064, -23.4200598912839, 55.2404734805766 ) );
#2962 = CARTESIAN_POINT( '', ( 8.89246183123114, -23.5957455186915, 55.1656587841275 ) );
#2963 = CARTESIAN_POINT( '', ( 8.84321193409078, -23.6798821837680, 55.1295777749516 ) );
#2964 = CARTESIAN_POINT( '', ( 8.72939563377924, -23.8353477076293, 55.0625404929520 ) );
#2965 = CARTESIAN_POINT( '', ( 8.66482212854460, -23.9066731431184, 55.0315883394168 ) );
#2966 = CARTESIAN_POINT( '', ( 8.52720889209971, -24.0328490567382, 54.9766032248911 ) );
#2967 = CARTESIAN_POINT( '', ( 8.44946790526289, -24.0920092937928, 54.9506899703221 ) );
#2968 = CARTESIAN_POINT( '', ( 8.28018243288775, -24.1962278665469, 54.9048795377679 ) );
#2969 = CARTESIAN_POINT( '', ( 8.18864268655807, -24.2412937197881, 54.8849819495721 ) );
#2970 = CARTESIAN_POINT( '', ( 7.99769998778767, -24.3136434654994, 54.8529698945041 ) );
#2971 = CARTESIAN_POINT( '', ( 7.89814489297343, -24.3409856350598, 54.8408315331472 ) );
#2972 = CARTESIAN_POINT( '', ( 7.69795341030729, -24.3768458086863, 54.8249010336795 ) );
#2973 = CARTESIAN_POINT( '', ( 7.59731537315768, -24.3853562973820, 54.8211127053230 ) );
#2974 = CARTESIAN_POINT( '', ( 7.40268462684232, -24.3853562973820, 54.8211127053230 ) );
#2975 = CARTESIAN_POINT( '', ( 7.30204658969271, -24.3768458086863, 54.8249010336795 ) );
#2976 = CARTESIAN_POINT( '', ( 7.10185510702657, -24.3409856350598, 54.8408315331472 ) );
#2977 = CARTESIAN_POINT( '', ( 7.00230001221234, -24.3136434654994, 54.8529698945041 ) );
#2978 = CARTESIAN_POINT( '', ( 6.81135731344194, -24.2412937197881, 54.8849819495721 ) );
#2979 = CARTESIAN_POINT( '', ( 6.71981756711224, -24.1962278665469, 54.9048795377679 ) );
#2980 = CARTESIAN_POINT( '', ( 6.55053209473711, -24.0920092937928, 54.9506899703221 ) );
#2981 = CARTESIAN_POINT( '', ( 6.47279110790029, -24.0328490567382, 54.9766032248911 ) );
#2982 = CARTESIAN_POINT( '', ( 6.33517787145540, -23.9066731431184, 55.0315883394168 ) );
#2983 = CARTESIAN_POINT( '', ( 6.27060436622076, -23.8353477076293, 55.0625404929520 ) );
#2984 = CARTESIAN_POINT( '', ( 6.15678806590922, -23.6798821837680, 55.1295777749516 ) );
#2985 = CARTESIAN_POINT( '', ( 6.10753816876886, -23.5957455186915, 55.1656587841275 ) );
#2986 = CARTESIAN_POINT( '', ( 6.02844523546936, -23.4200598912839, 55.2404734805766 ) );
#2987 = CARTESIAN_POINT( '', ( 5.99853921499369, -23.3283702823564, 55.2792651848228 ) );
#2988 = CARTESIAN_POINT( '', ( 5.95931239655434, -23.1437980323689, 55.3567939104281 ) );
#2989 = CARTESIAN_POINT( '', ( 5.95000000000000, -23.0509136220134, 55.3955309702150 ) );
#2990 = CARTESIAN_POINT( '', ( 5.95000000000000, -22.9610059419054, 55.4327719506772 ) );
#2991 = CARTESIAN_POINT( '', ( 7.50000000000000, -20.8340632963025, 46.2475329781564 ) );
#2992 = CARTESIAN_POINT( '', ( 7.50000000000000, -22.6135412568002, 50.5435728043338 ) );
#2993 = VECTOR( '', #3689, 1.00000000000000 );
#2994 = AXIS2_PLACEMENT_3D( '', #3690, #3691, #3692 );
#2995 = CARTESIAN_POINT( '', ( 7.50000000000000, 60.0000000000000, -7.34763812293426E-015 ) );
#2996 = VECTOR( '', #3693, 1.00000000000000 );
#2997 = CARTESIAN_POINT( '', ( 14.4000000000000, -60.0000000000000, 7.34763812293426E-015 ) );
#2998 = AXIS2_PLACEMENT_3D( '', #3694, #3695, #3696 );
#2999 = CARTESIAN_POINT( '', ( 0.600000000000000, -60.0000000000000, 7.34763812293426E-015 ) );
#3000 = CARTESIAN_POINT( '', ( 7.50000000000000, -60.0000000000000, 7.34763812293426E-015 ) );
#3001 = VECTOR( '', #3697, 1.00000000000000 );
#3002 = AXIS2_PLACEMENT_3D( '', #3698, #3699, #3700 );
#3003 = CARTESIAN_POINT( '', ( 5.95000000000001, 22.9610059419054, -55.4327719506772 ) );
#3004 = CARTESIAN_POINT( '', ( 7.50000000000000, 21.5213297465970, -56.0074313456548 ) );
#3005 = CARTESIAN_POINT( '', ( 5.95000000000001, 22.9610059419054, -55.4327719506772 ) );
#3006 = CARTESIAN_POINT( '', ( 5.95000000000001, 22.8710982617974, -55.4700129311394 ) );
#3007 = CARTESIAN_POINT( '', ( 5.95931239655434, 22.7780278277099, -55.5083008899098 ) );
#3008 = CARTESIAN_POINT( '', ( 5.99853921499370, 22.5926944505127, -55.5839920918826 ) );
#3009 = CARTESIAN_POINT( '', ( 6.02844523546936, 22.5004302291495, -55.6213965589932 ) );
#3010 = CARTESIAN_POINT( '', ( 6.10753816876886, 22.3232997514610, -55.6927230782986 ) );
#3011 = CARTESIAN_POINT( '', ( 6.15678806590922, 22.2382930187787, -55.7267035584603 ) );
#3012 = CARTESIAN_POINT( '', ( 6.27060436622076, 22.0809597759214, -55.7892317679291 ) );
#3013 = CARTESIAN_POINT( '', ( 6.33517787145541, 22.0086385991588, -55.8177799893774 ) );
#3014 = CARTESIAN_POINT( '', ( 6.47279110790029, 21.8805384076705, -55.8681194861750 ) );
#3015 = CARTESIAN_POINT( '', ( 6.55053209473711, 21.8203823648442, -55.8916286529446 ) );
#3016 = CARTESIAN_POINT( '', ( 6.71981756711224, 21.7142958378160, -55.9329294449564 ) );
#3017 = CARTESIAN_POINT( '', ( 6.81135731344194, 21.6683597478467, -55.9507260958407 ) );
#3018 = CARTESIAN_POINT( '', ( 7.00230001221233, 21.5945648108187, -55.9792491504320 ) );
#3019 = CARTESIAN_POINT( '', ( 7.10185510702657, 21.5666478596823, -55.9899998663125 ) );
#3020 = CARTESIAN_POINT( '', ( 7.30204658969271, 21.5300263235352, -56.0040922740571 ) );
#3021 = CARTESIAN_POINT( '', ( 7.40268462684232, 21.5213297465970, -56.0074313456548 ) );
#3022 = CARTESIAN_POINT( '', ( 7.59731537315768, 21.5213297465970, -56.0074313456548 ) );
#3023 = CARTESIAN_POINT( '', ( 7.69795341030729, 21.5300263235352, -56.0040922740571 ) );
#3024 = CARTESIAN_POINT( '', ( 7.89814489297343, 21.5666478596823, -55.9899998663125 ) );
#3025 = CARTESIAN_POINT( '', ( 7.99769998778766, 21.5945648108187, -55.9792491504320 ) );
#3026 = CARTESIAN_POINT( '', ( 8.18864268655806, 21.6683597478467, -55.9507260958407 ) );
#3027 = CARTESIAN_POINT( '', ( 8.28018243288775, 21.7142958378160, -55.9329294449564 ) );
#3028 = CARTESIAN_POINT( '', ( 8.44946790526288, 21.8203823648442, -55.8916286529446 ) );
#3029 = CARTESIAN_POINT( '', ( 8.52720889209971, 21.8805384076705, -55.8681194861750 ) );
#3030 = CARTESIAN_POINT( '', ( 8.66482212854459, 22.0086385991588, -55.8177799893774 ) );
#3031 = CARTESIAN_POINT( '', ( 8.72939563377924, 22.0809597759214, -55.7892317679292 ) );
#3032 = CARTESIAN_POINT( '', ( 8.84321193409078, 22.2382930187787, -55.7267035584603 ) );
#3033 = CARTESIAN_POINT( '', ( 8.89246183123113, 22.3232997514610, -55.6927230782986 ) );
#3034 = CARTESIAN_POINT( '', ( 8.97155476453063, 22.5004302291494, -55.6213965589932 ) );
#3035 = CARTESIAN_POINT( '', ( 9.00146078500630, 22.5926944505127, -55.5839920918825 ) );
#3036 = CARTESIAN_POINT( '', ( 9.04068760344566, 22.7780278277099, -55.5083008899098 ) );
#3037 = CARTESIAN_POINT( '', ( 9.04999999999999, 22.8710982617974, -55.4700129311394 ) );
#3038 = CARTESIAN_POINT( '', ( 9.04999999999999, 22.9610059419054, -55.4327719506772 ) );
#3039 = CARTESIAN_POINT( '', ( 9.04999999999999, 22.9610059419054, -55.4327719506772 ) );
#3040 = CARTESIAN_POINT( '', ( 5.95000000000001, 22.9610059419054, -55.4327719506772 ) );
#3041 = CARTESIAN_POINT( '', ( 5.95000000000001, 22.8710982617974, -55.4700129311394 ) );
#3042 = CARTESIAN_POINT( '', ( 5.95931239655434, 22.7780278277099, -55.5083008899098 ) );
#3043 = CARTESIAN_POINT( '', ( 5.99853921499370, 22.5926944505127, -55.5839920918826 ) );
#3044 = CARTESIAN_POINT( '', ( 6.02844523546936, 22.5004302291495, -55.6213965589932 ) );
#3045 = CARTESIAN_POINT( '', ( 6.10753816876886, 22.3232997514610, -55.6927230782986 ) );
#3046 = CARTESIAN_POINT( '', ( 6.15678806590922, 22.2382930187787, -55.7267035584603 ) );
#3047 = CARTESIAN_POINT( '', ( 6.27060436622076, 22.0809597759214, -55.7892317679291 ) );
#3048 = CARTESIAN_POINT( '', ( 6.33517787145541, 22.0086385991588, -55.8177799893774 ) );
#3049 = CARTESIAN_POINT( '', ( 6.47279110790029, 21.8805384076705, -55.8681194861750 ) );
#3050 = CARTESIAN_POINT( '', ( 6.55053209473711, 21.8203823648442, -55.8916286529446 ) );
#3051 = CARTESIAN_POINT( '', ( 6.71981756711224, 21.7142958378160, -55.9329294449564 ) );
#3052 = CARTESIAN_POINT( '', ( 6.81135731344194, 21.6683597478467, -55.9507260958407 ) );
#3053 = CARTESIAN_POINT( '', ( 7.00230001221233, 21.5945648108187, -55.9792491504320 ) );
#3054 = CARTESIAN_POINT( '', ( 7.10185510702657, 21.5666478596823, -55.9899998663125 ) );
#3055 = CARTESIAN_POINT( '', ( 7.30204658969271, 21.5300263235352, -56.0040922740571 ) );
#3056 = CARTESIAN_POINT( '', ( 7.40268462684232, 21.5213297465970, -56.0074313456548 ) );
#3057 = CARTESIAN_POINT( '', ( 7.59731537315768, 21.5213297465970, -56.0074313456548 ) );
#3058 = CARTESIAN_POINT( '', ( 7.69795341030729, 21.5300263235352, -56.0040922740571 ) );
#3059 = CARTESIAN_POINT( '', ( 7.89814489297343, 21.5666478596823, -55.9899998663125 ) );
#3060 = CARTESIAN_POINT( '', ( 7.99769998778766, 21.5945648108187, -55.9792491504320 ) );
#3061 = CARTESIAN_POINT( '', ( 8.18864268655806, 21.6683597478467, -55.9507260958407 ) );
#3062 = CARTESIAN_POINT( '', ( 8.28018243288775, 21.7142958378160, -55.9329294449564 ) );
#3063 = CARTESIAN_POINT( '', ( 8.44946790526288, 21.8203823648442, -55.8916286529446 ) );
#3064 = CARTESIAN_POINT( '', ( 8.52720889209971, 21.8805384076705, -55.8681194861750 ) );
#3065 = CARTESIAN_POINT( '', ( 8.66482212854459, 22.0086385991588, -55.8177799893774 ) );
#3066 = CARTESIAN_POINT( '', ( 8.72939563377924, 22.0809597759214, -55.7892317679292 ) );
#3067 = CARTESIAN_POINT( '', ( 8.84321193409078, 22.2382930187787, -55.7267035584603 ) );
#3068 = CARTESIAN_POINT( '', ( 8.89246183123113, 22.3232997514610, -55.6927230782986 ) );
#3069 = CARTESIAN_POINT( '', ( 8.97155476453063, 22.5004302291494, -55.6213965589932 ) );
#3070 = CARTESIAN_POINT( '', ( 9.00146078500630, 22.5926944505127, -55.5839920918825 ) );
#3071 = CARTESIAN_POINT( '', ( 9.04068760344566, 22.7780278277099, -55.5083008899098 ) );
#3072 = CARTESIAN_POINT( '', ( 9.04999999999999, 22.8710982617974, -55.4700129311394 ) );
#3073 = CARTESIAN_POINT( '', ( 9.04999999999999, 22.9610059419054, -55.4327719506772 ) );
#3074 = CARTESIAN_POINT( '', ( 7.50000000000000, 24.3853562973820, -54.8211127053230 ) );
#3075 = CARTESIAN_POINT( '', ( 9.04999999999999, 22.9610059419054, -55.4327719506772 ) );
#3076 = CARTESIAN_POINT( '', ( 9.04999999999999, 23.0509136220134, -55.3955309702150 ) );
#3077 = CARTESIAN_POINT( '', ( 9.04068760344566, 23.1437980323690, -55.3567939104281 ) );
#3078 = CARTESIAN_POINT( '', ( 9.00146078500630, 23.3283702823564, -55.2792651848228 ) );
#3079 = CARTESIAN_POINT( '', ( 8.97155476453063, 23.4200598912839, -55.2404734805766 ) );
#3080 = CARTESIAN_POINT( '', ( 8.89246183123113, 23.5957455186915, -55.1656587841275 ) );
#3081 = CARTESIAN_POINT( '', ( 8.84321193409078, 23.6798821837680, -55.1295777749516 ) );
#3082 = CARTESIAN_POINT( '', ( 8.72939563377923, 23.8353477076293, -55.0625404929520 ) );
#3083 = CARTESIAN_POINT( '', ( 8.66482212854459, 23.9066731431184, -55.0315883394168 ) );
#3084 = CARTESIAN_POINT( '', ( 8.52720889209971, 24.0328490567382, -54.9766032248911 ) );
#3085 = CARTESIAN_POINT( '', ( 8.44946790526288, 24.0920092937928, -54.9506899703221 ) );
#3086 = CARTESIAN_POINT( '', ( 8.28018243288775, 24.1962278665469, -54.9048795377679 ) );
#3087 = CARTESIAN_POINT( '', ( 8.18864268655806, 24.2412937197881, -54.8849819495721 ) );
#3088 = CARTESIAN_POINT( '', ( 7.99769998778766, 24.3136434654995, -54.8529698945041 ) );
#3089 = CARTESIAN_POINT( '', ( 7.89814489297343, 24.3409856350598, -54.8408315331472 ) );
#3090 = CARTESIAN_POINT( '', ( 7.69795341030729, 24.3768458086863, -54.8249010336795 ) );
#3091 = CARTESIAN_POINT( '', ( 7.59731537315768, 24.3853562973820, -54.8211127053230 ) );
#3092 = CARTESIAN_POINT( '', ( 7.50000000000000, 24.3853562973820, -54.8211127053230 ) );
#3093 = CARTESIAN_POINT( '', ( 7.40268462684232, 24.3853562973820, -54.8211127053230 ) );
#3094 = CARTESIAN_POINT( '', ( 7.30204658969271, 24.3768458086863, -54.8249010336795 ) );
#3095 = CARTESIAN_POINT( '', ( 7.10185510702657, 24.3409856350598, -54.8408315331472 ) );
#3096 = CARTESIAN_POINT( '', ( 7.00230001221234, 24.3136434654995, -54.8529698945041 ) );
#3097 = CARTESIAN_POINT( '', ( 6.81135731344194, 24.2412937197881, -54.8849819495721 ) );
#3098 = CARTESIAN_POINT( '', ( 6.71981756711225, 24.1962278665469, -54.9048795377679 ) );
#3099 = CARTESIAN_POINT( '', ( 6.55053209473712, 24.0920092937928, -54.9506899703221 ) );
#3100 = CARTESIAN_POINT( '', ( 6.47279110790029, 24.0328490567382, -54.9766032248911 ) );
#3101 = CARTESIAN_POINT( '', ( 6.33517787145541, 23.9066731431184, -55.0315883394168 ) );
#3102 = CARTESIAN_POINT( '', ( 6.27060436622077, 23.8353477076293, -55.0625404929520 ) );
#3103 = CARTESIAN_POINT( '', ( 6.15678806590923, 23.6798821837680, -55.1295777749516 ) );
#3104 = CARTESIAN_POINT( '', ( 6.10753816876887, 23.5957455186915, -55.1656587841275 ) );
#3105 = CARTESIAN_POINT( '', ( 6.02844523546937, 23.4200598912839, -55.2404734805766 ) );
#3106 = CARTESIAN_POINT( '', ( 5.99853921499370, 23.3283702823564, -55.2792651848228 ) );
#3107 = CARTESIAN_POINT( '', ( 5.95931239655434, 23.1437980323690, -55.3567939104281 ) );
#3108 = CARTESIAN_POINT( '', ( 5.95000000000001, 23.0509136220134, -55.3955309702150 ) );
#3109 = CARTESIAN_POINT( '', ( 5.95000000000001, 22.9610059419054, -55.4327719506772 ) );
#3110 = CARTESIAN_POINT( '', ( 9.04999999999999, 22.9610059419054, -55.4327719506772 ) );
#3111 = CARTESIAN_POINT( '', ( 9.04999999999999, 23.0509136220134, -55.3955309702150 ) );
#3112 = CARTESIAN_POINT( '', ( 9.04068760344566, 23.1437980323690, -55.3567939104281 ) );
#3113 = CARTESIAN_POINT( '', ( 9.00146078500630, 23.3283702823564, -55.2792651848228 ) );
#3114 = CARTESIAN_POINT( '', ( 8.97155476453063, 23.4200598912839, -55.2404734805766 ) );
#3115 = CARTESIAN_POINT( '', ( 8.89246183123113, 23.5957455186915, -55.1656587841275 ) );
#3116 = CARTESIAN_POINT( '', ( 8.84321193409078, 23.6798821837680, -55.1295777749516 ) );
#3117 = CARTESIAN_POINT( '', ( 8.72939563377923, 23.8353477076293, -55.0625404929520 ) );
#3118 = CARTESIAN_POINT( '', ( 8.66482212854459, 23.9066731431184, -55.0315883394168 ) );
#3119 = CARTESIAN_POINT( '', ( 8.52720889209971, 24.0328490567382, -54.9766032248911 ) );
#3120 = CARTESIAN_POINT( '', ( 8.44946790526288, 24.0920092937928, -54.9506899703221 ) );
#3121 = CARTESIAN_POINT( '', ( 8.28018243288775, 24.1962278665469, -54.9048795377679 ) );
#3122 = CARTESIAN_POINT( '', ( 8.18864268655806, 24.2412937197881, -54.8849819495721 ) );
#3123 = CARTESIAN_POINT( '', ( 7.99769998778766, 24.3136434654995, -54.8529698945041 ) );
#3124 = CARTESIAN_POINT( '', ( 7.89814489297343, 24.3409856350598, -54.8408315331472 ) );
#3125 = CARTESIAN_POINT( '', ( 7.69795341030729, 24.3768458086863, -54.8249010336795 ) );
#3126 = CARTESIAN_POINT( '', ( 7.59731537315768, 24.3853562973820, -54.8211127053230 ) );
#3127 = CARTESIAN_POINT( '', ( 7.50000000000000, 24.3853562973820, -54.8211127053230 ) );
#3128 = CARTESIAN_POINT( '', ( 7.40268462684232, 24.3853562973820, -54.8211127053230 ) );
#3129 = CARTESIAN_POINT( '', ( 7.30204658969271, 24.3768458086863, -54.8249010336795 ) );
#3130 = CARTESIAN_POINT( '', ( 7.10185510702657, 24.3409856350598, -54.8408315331472 ) );
#3131 = CARTESIAN_POINT( '', ( 7.00230001221234, 24.3136434654995, -54.8529698945041 ) );
#3132 = CARTESIAN_POINT( '', ( 6.81135731344194, 24.2412937197881, -54.8849819495721 ) );
#3133 = CARTESIAN_POINT( '', ( 6.71981756711225, 24.1962278665469, -54.9048795377679 ) );
#3134 = CARTESIAN_POINT( '', ( 6.55053209473712, 24.0920092937928, -54.9506899703221 ) );
#3135 = CARTESIAN_POINT( '', ( 6.47279110790029, 24.0328490567382, -54.9766032248911 ) );
#3136 = CARTESIAN_POINT( '', ( 6.33517787145541, 23.9066731431184, -55.0315883394168 ) );
#3137 = CARTESIAN_POINT( '', ( 6.27060436622077, 23.8353477076293, -55.0625404929520 ) );
#3138 = CARTESIAN_POINT( '', ( 6.15678806590923, 23.6798821837680, -55.1295777749516 ) );
#3139 = CARTESIAN_POINT( '', ( 6.10753816876887, 23.5957455186915, -55.1656587841275 ) );
#3140 = CARTESIAN_POINT( '', ( 6.02844523546937, 23.4200598912839, -55.2404734805766 ) );
#3141 = CARTESIAN_POINT( '', ( 5.99853921499370, 23.3283702823564, -55.2792651848228 ) );
#3142 = CARTESIAN_POINT( '', ( 5.95931239655434, 23.1437980323690, -55.3567939104281 ) );
#3143 = CARTESIAN_POINT( '', ( 5.95000000000001, 23.0509136220134, -55.3955309702150 ) );
#3144 = CARTESIAN_POINT( '', ( 5.95000000000001, 22.9610059419054, -55.4327719506772 ) );
#3145 = CARTESIAN_POINT( '', ( 7.50000000000000, 20.8340632963025, -46.2475329781564 ) );
#3146 = CARTESIAN_POINT( '', ( 7.50000000000000, 22.6135412568002, -50.5435728043338 ) );
#3147 = VECTOR( '', #3701, 1.00000000000000 );
#3148 = CARTESIAN_POINT( '', ( 7.50000000000000, 17.9700367455176, -47.4338516184881 ) );
#3149 = AXIS2_PLACEMENT_3D( '', #3702, #3703, #3704 );
#3150 = CARTESIAN_POINT( '', ( 7.50000000000000, 19.7495147060152, -51.7298914446656 ) );
#3151 = VECTOR( '', #3705, 1.00000000000000 );
#3152 = AXIS2_PLACEMENT_3D( '', #3706, #3707, #3708 );
#3153 = AXIS2_PLACEMENT_3D( '', #3709, #3710, #3711 );
#3154 = AXIS2_PLACEMENT_3D( '', #3712, #3713, #3714 );
#3155 = CARTESIAN_POINT( '', ( 9.05000000000000, -22.9610059419054, 55.4327719506772 ) );
#3156 = CARTESIAN_POINT( '', ( 9.05000000000000, -22.9610059419054, 55.4327719506772 ) );
#3157 = CARTESIAN_POINT( '', ( 9.05000000000000, -23.0509136220134, 55.3955309702150 ) );
#3158 = CARTESIAN_POINT( '', ( 9.04068760344567, -23.1437980323689, 55.3567939104281 ) );
#3159 = CARTESIAN_POINT( '', ( 9.00146078500631, -23.3283702823564, 55.2792651848228 ) );
#3160 = CARTESIAN_POINT( '', ( 8.97155476453064, -23.4200598912839, 55.2404734805766 ) );
#3161 = CARTESIAN_POINT( '', ( 8.89246183123114, -23.5957455186915, 55.1656587841275 ) );
#3162 = CARTESIAN_POINT( '', ( 8.84321193409078, -23.6798821837680, 55.1295777749516 ) );
#3163 = CARTESIAN_POINT( '', ( 8.72939563377924, -23.8353477076293, 55.0625404929520 ) );
#3164 = CARTESIAN_POINT( '', ( 8.66482212854460, -23.9066731431184, 55.0315883394168 ) );
#3165 = CARTESIAN_POINT( '', ( 8.52720889209971, -24.0328490567382, 54.9766032248911 ) );
#3166 = CARTESIAN_POINT( '', ( 8.44946790526289, -24.0920092937928, 54.9506899703221 ) );
#3167 = CARTESIAN_POINT( '', ( 8.28018243288775, -24.1962278665469, 54.9048795377679 ) );
#3168 = CARTESIAN_POINT( '', ( 8.18864268655807, -24.2412937197881, 54.8849819495721 ) );
#3169 = CARTESIAN_POINT( '', ( 7.99769998778767, -24.3136434654994, 54.8529698945041 ) );
#3170 = CARTESIAN_POINT( '', ( 7.89814489297343, -24.3409856350598, 54.8408315331472 ) );
#3171 = CARTESIAN_POINT( '', ( 7.69795341030729, -24.3768458086863, 54.8249010336795 ) );
#3172 = CARTESIAN_POINT( '', ( 7.59731537315768, -24.3853562973820, 54.8211127053230 ) );
#3173 = CARTESIAN_POINT( '', ( 7.40268462684232, -24.3853562973820, 54.8211127053230 ) );
#3174 = CARTESIAN_POINT( '', ( 7.30204658969271, -24.3768458086863, 54.8249010336795 ) );
#3175 = CARTESIAN_POINT( '', ( 7.10185510702657, -24.3409856350598, 54.8408315331472 ) );
#3176 = CARTESIAN_POINT( '', ( 7.00230001221234, -24.3136434654994, 54.8529698945041 ) );
#3177 = CARTESIAN_POINT( '', ( 6.81135731344194, -24.2412937197881, 54.8849819495721 ) );
#3178 = CARTESIAN_POINT( '', ( 6.71981756711224, -24.1962278665469, 54.9048795377679 ) );
#3179 = CARTESIAN_POINT( '', ( 6.55053209473711, -24.0920092937928, 54.9506899703221 ) );
#3180 = CARTESIAN_POINT( '', ( 6.47279110790029, -24.0328490567382, 54.9766032248911 ) );
#3181 = CARTESIAN_POINT( '', ( 6.33517787145540, -23.9066731431184, 55.0315883394168 ) );
#3182 = CARTESIAN_POINT( '', ( 6.27060436622076, -23.8353477076293, 55.0625404929520 ) );
#3183 = CARTESIAN_POINT( '', ( 6.15678806590922, -23.6798821837680, 55.1295777749516 ) );
#3184 = CARTESIAN_POINT( '', ( 6.10753816876886, -23.5957455186915, 55.1656587841275 ) );
#3185 = CARTESIAN_POINT( '', ( 6.02844523546936, -23.4200598912839, 55.2404734805766 ) );
#3186 = CARTESIAN_POINT( '', ( 5.99853921499369, -23.3283702823564, 55.2792651848228 ) );
#3187 = CARTESIAN_POINT( '', ( 5.95931239655434, -23.1437980323689, 55.3567939104281 ) );
#3188 = CARTESIAN_POINT( '', ( 5.95000000000000, -23.0509136220134, 55.3955309702150 ) );
#3189 = CARTESIAN_POINT( '', ( 5.95000000000000, -22.9610059419054, 55.4327719506772 ) );
#3190 = CARTESIAN_POINT( '', ( 5.95000000000000, -22.9610059419054, 55.4327719506772 ) );
#3191 = CARTESIAN_POINT( '', ( 5.95000000000000, -22.8710982617974, 55.4700129311394 ) );
#3192 = CARTESIAN_POINT( '', ( 5.95931239655434, -22.7780278277099, 55.5083008899098 ) );
#3193 = CARTESIAN_POINT( '', ( 5.99853921499370, -22.5926944505127, 55.5839920918826 ) );
#3194 = CARTESIAN_POINT( '', ( 6.02844523546936, -22.5004302291494, 55.6213965589932 ) );
#3195 = CARTESIAN_POINT( '', ( 6.10753816876886, -22.3232997514610, 55.6927230782986 ) );
#3196 = CARTESIAN_POINT( '', ( 6.15678806590922, -22.2382930187786, 55.7267035584603 ) );
#3197 = CARTESIAN_POINT( '', ( 6.27060436622076, -22.0809597759213, 55.7892317679292 ) );
#3198 = CARTESIAN_POINT( '', ( 6.33517787145540, -22.0086385991588, 55.8177799893774 ) );
#3199 = CARTESIAN_POINT( '', ( 6.47279110790029, -21.8805384076704, 55.8681194861750 ) );
#3200 = CARTESIAN_POINT( '', ( 6.55053209473711, -21.8203823648442, 55.8916286529446 ) );
#3201 = CARTESIAN_POINT( '', ( 6.71981756711225, -21.7142958378160, 55.9329294449564 ) );
#3202 = CARTESIAN_POINT( '', ( 6.81135731344194, -21.6683597478467, 55.9507260958407 ) );
#3203 = CARTESIAN_POINT( '', ( 7.00230001221234, -21.5945648108187, 55.9792491504320 ) );
#3204 = CARTESIAN_POINT( '', ( 7.10185510702657, -21.5666478596823, 55.9899998663125 ) );
#3205 = CARTESIAN_POINT( '', ( 7.30204658969271, -21.5300263235352, 56.0040922740571 ) );
#3206 = CARTESIAN_POINT( '', ( 7.40268462684232, -21.5213297465970, 56.0074313456548 ) );
#3207 = CARTESIAN_POINT( '', ( 7.50000000000000, -21.5213297465970, 56.0074313456548 ) );
#3208 = CARTESIAN_POINT( '', ( 7.59731537315768, -21.5213297465970, 56.0074313456548 ) );
#3209 = CARTESIAN_POINT( '', ( 7.69795341030729, -21.5300263235352, 56.0040922740571 ) );
#3210 = CARTESIAN_POINT( '', ( 7.89814489297343, -21.5666478596823, 55.9899998663125 ) );
#3211 = CARTESIAN_POINT( '', ( 7.99769998778767, -21.5945648108187, 55.9792491504320 ) );
#3212 = CARTESIAN_POINT( '', ( 8.18864268655807, -21.6683597478467, 55.9507260958407 ) );
#3213 = CARTESIAN_POINT( '', ( 8.28018243288775, -21.7142958378160, 55.9329294449564 ) );
#3214 = CARTESIAN_POINT( '', ( 8.44946790526289, -21.8203823648442, 55.8916286529446 ) );
#3215 = CARTESIAN_POINT( '', ( 8.52720889209971, -21.8805384076704, 55.8681194861750 ) );
#3216 = CARTESIAN_POINT( '', ( 8.66482212854460, -22.0086385991588, 55.8177799893774 ) );
#3217 = CARTESIAN_POINT( '', ( 8.72939563377924, -22.0809597759213, 55.7892317679292 ) );
#3218 = CARTESIAN_POINT( '', ( 8.84321193409078, -22.2382930187786, 55.7267035584603 ) );
#3219 = CARTESIAN_POINT( '', ( 8.89246183123113, -22.3232997514610, 55.6927230782986 ) );
#3220 = CARTESIAN_POINT( '', ( 8.97155476453064, -22.5004302291494, 55.6213965589933 ) );
#3221 = CARTESIAN_POINT( '', ( 9.00146078500631, -22.5926944505127, 55.5839920918826 ) );
#3222 = CARTESIAN_POINT( '', ( 9.04068760344567, -22.7780278277099, 55.5083008899098 ) );
#3223 = CARTESIAN_POINT( '', ( 9.05000000000000, -22.8710982617974, 55.4700129311394 ) );
#3224 = CARTESIAN_POINT( '', ( 9.05000000000000, -22.9610059419054, 55.4327719506772 ) );
#3225 = AXIS2_PLACEMENT_3D( '', #3715, #3716, #3717 );
#3226 = AXIS2_PLACEMENT_3D( '', #3718, #3719, #3720 );
#3227 = AXIS2_PLACEMENT_3D( '', #3721, #3722, #3723 );
#3228 = AXIS2_PLACEMENT_3D( '', #3724, #3725, #3726 );
#3229 = AXIS2_PLACEMENT_3D( '', #3727, #3728, #3729 );
#3230 = AXIS2_PLACEMENT_3D( '', #3730, #3731, #3732 );
#3231 = AXIS2_PLACEMENT_3D( '', #3733, #3734, #3735 );
#3232 = AXIS2_PLACEMENT_3D( '', #3736, #3737, #3738 );
#3233 = AXIS2_PLACEMENT_3D( '', #3739, #3740, #3741 );
#3234 = AXIS2_PLACEMENT_3D( '', #3742, #3743, #3744 );
#3235 = AXIS2_PLACEMENT_3D( '', #3745, #3746, #3747 );
#3236 = AXIS2_PLACEMENT_3D( '', #3748, #3749, #3750 );
#3237 = AXIS2_PLACEMENT_3D( '', #3751, #3752, #3753 );
#3238 = AXIS2_PLACEMENT_3D( '', #3754, #3755, #3756 );
#3239 = AXIS2_PLACEMENT_3D( '', #3757, #3758, #3759 );
#3240 = AXIS2_PLACEMENT_3D( '', #3760, #3761, #3762 );
#3241 = AXIS2_PLACEMENT_3D( '', #3763, #3764, #3765 );
#3242 = AXIS2_PLACEMENT_3D( '', #3766, #3767, #3768 );
#3243 = AXIS2_PLACEMENT_3D( '', #3769, #3770, #3771 );
#3244 = AXIS2_PLACEMENT_3D( '', #3772, #3773, #3774 );
#3245 = AXIS2_PLACEMENT_3D( '', #3775, #3776, #3777 );
#3246 = AXIS2_PLACEMENT_3D( '', #3778, #3779, #3780 );
#3247 = AXIS2_PLACEMENT_3D( '', #3781, #3782, #3783 );
#3248 = AXIS2_PLACEMENT_3D( '', #3784, #3785, #3786 );
#3249 = AXIS2_PLACEMENT_3D( '', #3787, #3788, #3789 );
#3250 = AXIS2_PLACEMENT_3D( '', #3790, #3791, #3792 );
#3251 = AXIS2_PLACEMENT_3D( '', #3793, #3794, #3795 );
#3252 = AXIS2_PLACEMENT_3D( '', #3796, #3797, #3798 );
#3253 = AXIS2_PLACEMENT_3D( '', #3799, #3800, #3801 );
#3254 = AXIS2_PLACEMENT_3D( '', #3802, #3803, #3804 );
#3255 = AXIS2_PLACEMENT_3D( '', #3805, #3806, #3807 );
#3256 = AXIS2_PLACEMENT_3D( '', #3808, #3809, #3810 );
#3257 = AXIS2_PLACEMENT_3D( '', #3811, #3812, #3813 );
#3258 = AXIS2_PLACEMENT_3D( '', #3814, #3815, #3816 );
#3259 = AXIS2_PLACEMENT_3D( '', #3817, #3818, #3819 );
#3260 = AXIS2_PLACEMENT_3D( '', #3820, #3821, #3822 );
#3261 = AXIS2_PLACEMENT_3D( '', #3823, #3824, #3825 );
#3262 = AXIS2_PLACEMENT_3D( '', #3826, #3827, #3828 );
#3263 = AXIS2_PLACEMENT_3D( '', #3829, #3830, #3831 );
#3264 = AXIS2_PLACEMENT_3D( '', #3832, #3833, #3834 );
#3265 = AXIS2_PLACEMENT_3D( '', #3835, #3836, #3837 );
#3266 = AXIS2_PLACEMENT_3D( '', #3838, #3839, #3840 );
#3267 = AXIS2_PLACEMENT_3D( '', #3841, #3842, #3843 );
#3268 = AXIS2_PLACEMENT_3D( '', #3844, #3845, #3846 );
#3269 = AXIS2_PLACEMENT_3D( '', #3847, #3848, #3849 );
#3270 = AXIS2_PLACEMENT_3D( '', #3850, #3851, #3852 );
#3271 = AXIS2_PLACEMENT_3D( '', #3853, #3854, #3855 );
#3272 = AXIS2_PLACEMENT_3D( '', #3856, #3857, #3858 );
#3273 = AXIS2_PLACEMENT_3D( '', #3859, #3860, #3861 );
#3274 = AXIS2_PLACEMENT_3D( '', #3862, #3863, #3864 );
#3275 = AXIS2_PLACEMENT_3D( '', #3865, #3866, #3867 );
#3276 = AXIS2_PLACEMENT_3D( '', #3868, #3869, #3870 );
#3277 = AXIS2_PLACEMENT_3D( '', #3871, #3872, #3873 );
#3278 = AXIS2_PLACEMENT_3D( '', #3874, #3875, #3876 );
#3279 = AXIS2_PLACEMENT_3D( '', #3877, #3878, #3879 );
#3280 = AXIS2_PLACEMENT_3D( '', #3880, #3881, #3882 );
#3281 = AXIS2_PLACEMENT_3D( '', #3883, #3884, #3885 );
#3282 = AXIS2_PLACEMENT_3D( '', #3886, #3887, #3888 );
#3283 = AXIS2_PLACEMENT_3D( '', #3889, #3890, #3891 );
#3284 = AXIS2_PLACEMENT_3D( '', #3892, #3893, #3894 );
#3285 = AXIS2_PLACEMENT_3D( '', #3895, #3896, #3897 );
#3286 = AXIS2_PLACEMENT_3D( '', #3898, #3899, #3900 );
#3287 = AXIS2_PLACEMENT_3D( '', #3901, #3902, #3903 );
#3288 = AXIS2_PLACEMENT_3D( '', #3904, #3905, #3906 );
#3289 = AXIS2_PLACEMENT_3D( '', #3907, #3908, #3909 );
#3290 = AXIS2_PLACEMENT_3D( '', #3910, #3911, #3912 );
#3291 = AXIS2_PLACEMENT_3D( '', #3913, #3914, #3915 );
#3292 = AXIS2_PLACEMENT_3D( '', #3916, #3917, #3918 );
#3293 = AXIS2_PLACEMENT_3D( '', #3919, #3920, #3921 );
#3294 = AXIS2_PLACEMENT_3D( '', #3922, #3923, #3924 );
#3295 = AXIS2_PLACEMENT_3D( '', #3925, #3926, #3927 );
#3296 = AXIS2_PLACEMENT_3D( '', #3928, #3929, #3930 );
#3297 = AXIS2_PLACEMENT_3D( '', #3931, #3932, #3933 );
#3298 = AXIS2_PLACEMENT_3D( '', #3934, #3935, #3936 );
#3299 = AXIS2_PLACEMENT_3D( '', #3937, #3938, #3939 );
#3300 = AXIS2_PLACEMENT_3D( '', #3940, #3941, #3942 );
#3301 = AXIS2_PLACEMENT_3D( '', #3943, #3944, #3945 );
#3302 = AXIS2_PLACEMENT_3D( '', #3946, #3947, #3948 );
#3303 = AXIS2_PLACEMENT_3D( '', #3949, #3950, #3951 );
#3304 = CARTESIAN_POINT( '', ( 0.600000000000004, -7.27416174170492E-015, 59.4000000000000 ) );
#3305 = DIRECTION( '', ( -0.000000000000000, -1.00000000000000, -1.22460635382238E-016 ) );
#3306 = DIRECTION( '', ( 0.000000000000000, -1.22460635382238E-016, 1.00000000000000 ) );
#3307 = CARTESIAN_POINT( '', ( 0.600000000000000, 0.000000000000000, 0.000000000000000 ) );
#3308 = DIRECTION( '', ( -1.00000000000000, 0.000000000000000, 0.000000000000000 ) );
#3309 = DIRECTION( '', ( 0.000000000000000, 1.00000000000000, -2.44921270764475E-016 ) );
#3310 = CARTESIAN_POINT( '', ( 0.600000000000000, 0.000000000000000, 0.000000000000000 ) );
#3311 = DIRECTION( '', ( -1.00000000000000, 0.000000000000000, 0.000000000000000 ) );
#3312 = DIRECTION( '', ( 0.000000000000000, 1.00000000000000, -2.44921270764475E-016 ) );
#3313 = CARTESIAN_POINT( '', ( 0.600000000000004, 7.27416174170492E-015, -59.4000000000000 ) );
#3314 = DIRECTION( '', ( 0.000000000000000, -1.00000000000000, -1.22460635382238E-016 ) );
#3315 = DIRECTION( '', ( 0.000000000000000, 1.22460635382238E-016, -1.00000000000000 ) );
#3316 = CARTESIAN_POINT( '', ( 0.000000000000000, 0.000000000000000, 0.000000000000000 ) );
#3317 = DIRECTION( '', ( -1.00000000000000, 0.000000000000000, 0.000000000000000 ) );
#3318 = DIRECTION( '', ( 0.000000000000000, 1.00000000000000, -2.44921270764475E-016 ) );
#3319 = CARTESIAN_POINT( '', ( 0.000000000000000, 0.000000000000000, 0.000000000000000 ) );
#3320 = DIRECTION( '', ( -1.00000000000000, 0.000000000000000, 0.000000000000000 ) );
#3321 = DIRECTION( '', ( 0.000000000000000, 1.00000000000000, -2.44921270764475E-016 ) );
#3322 = CARTESIAN_POINT( '', ( 14.4000000000000, -7.27416174170492E-015, 59.4000000000000 ) );
#3323 = DIRECTION( '', ( -0.000000000000000, -1.00000000000000, -1.22460635382238E-016 ) );
#3324 = DIRECTION( '', ( 0.000000000000000, -1.22460635382238E-016, 1.00000000000000 ) );
#3325 = CARTESIAN_POINT( '', ( 15.0000000000000, 0.000000000000000, 0.000000000000000 ) );
#3326 = DIRECTION( '', ( -1.00000000000000, 0.000000000000000, 0.000000000000000 ) );
#3327 = DIRECTION( '', ( 0.000000000000000, 1.00000000000000, -2.44921270764475E-016 ) );
#3328 = CARTESIAN_POINT( '', ( 15.0000000000000, 0.000000000000000, 0.000000000000000 ) );
#3329 = DIRECTION( '', ( -1.00000000000000, 0.000000000000000, 0.000000000000000 ) );
#3330 = DIRECTION( '', ( 0.000000000000000, 1.00000000000000, -2.44921270764475E-016 ) );
#3331 = CARTESIAN_POINT( '', ( 14.4000000000000, 7.27416174170492E-015, -59.4000000000000 ) );
#3332 = DIRECTION( '', ( 0.000000000000000, -1.00000000000000, -1.22460635382238E-016 ) );
#3333 = DIRECTION( '', ( 0.000000000000000, 1.22460635382238E-016, -1.00000000000000 ) );
#3334 = CARTESIAN_POINT( '', ( 14.4000000000000, 0.000000000000000, 0.000000000000000 ) );
#3335 = DIRECTION( '', ( -1.00000000000000, 0.000000000000000, 0.000000000000000 ) );
#3336 = DIRECTION( '', ( 0.000000000000000, 1.00000000000000, -2.44921270764475E-016 ) );
#3337 = CARTESIAN_POINT( '', ( 14.4000000000000, 0.000000000000000, 0.000000000000000 ) );
#3338 = DIRECTION( '', ( -1.00000000000000, 0.000000000000000, 0.000000000000000 ) );
#3339 = DIRECTION( '', ( 0.000000000000000, 1.00000000000000, -2.44921270764475E-016 ) );
#3340 = DIRECTION( '', ( -1.00000000000000, -0.000000000000000, 0.000000000000000 ) );
#3341 = CARTESIAN_POINT( '', ( 15.0000000000000, 0.000000000000000, 0.000000000000000 ) );
#3342 = DIRECTION( '', ( -1.00000000000000, 0.000000000000000, 0.000000000000000 ) );
#3343 = DIRECTION( '', ( 0.000000000000000, 1.00000000000000, -2.44921270764475E-016 ) );
#3344 = DIRECTION( '', ( 1.00000000000000, -0.000000000000000, 0.000000000000000 ) );
#3345 = CARTESIAN_POINT( '', ( 14.2500000000000, 0.000000000000000, 0.000000000000000 ) );
#3346 = DIRECTION( '', ( -1.00000000000000, 0.000000000000000, 0.000000000000000 ) );
#3347 = DIRECTION( '', ( 0.000000000000000, 1.00000000000000, -2.44921270764475E-016 ) );
#3348 = DIRECTION( '', ( -1.00000000000000, 0.000000000000000, 0.000000000000000 ) );
#3349 = CARTESIAN_POINT( '', ( 15.0000000000000, 0.000000000000000, 0.000000000000000 ) );
#3350 = DIRECTION( '', ( -1.00000000000000, 0.000000000000000, 0.000000000000000 ) );
#3351 = DIRECTION( '', ( 0.000000000000000, 1.00000000000000, -2.44921270764475E-016 ) );
#3352 = DIRECTION( '', ( 1.00000000000000, -0.000000000000000, -0.000000000000000 ) );
#3353 = CARTESIAN_POINT( '', ( 14.2500000000000, 0.000000000000000, 0.000000000000000 ) );
#3354 = DIRECTION( '', ( -1.00000000000000, 0.000000000000000, 0.000000000000000 ) );
#3355 = DIRECTION( '', ( 0.000000000000000, 1.00000000000000, -2.44921270764475E-016 ) );
#3356 = CARTESIAN_POINT( '', ( 14.4000000000000, -3.44114385424088E-015, 28.1000000000000 ) );
#3357 = DIRECTION( '', ( -0.000000000000000, -1.00000000000000, -1.22460635382238E-016 ) );
#3358 = DIRECTION( '', ( 0.000000000000000, -1.22460635382238E-016, 1.00000000000000 ) );
#3359 = CARTESIAN_POINT( '', ( 14.4000000000000, 0.000000000000000, 0.000000000000000 ) );
#3360 = DIRECTION( '', ( -1.00000000000000, 0.000000000000000, 0.000000000000000 ) );
#3361 = DIRECTION( '', ( 0.000000000000000, 1.00000000000000, -2.44921270764475E-016 ) );
#3362 = CARTESIAN_POINT( '', ( 14.4000000000000, 0.000000000000000, 0.000000000000000 ) );
#3363 = DIRECTION( '', ( -1.00000000000000, 0.000000000000000, 0.000000000000000 ) );
#3364 = DIRECTION( '', ( 0.000000000000000, 1.00000000000000, -2.44921270764475E-016 ) );
#3365 = CARTESIAN_POINT( '', ( 14.4000000000000, 3.44114385424088E-015, -28.1000000000000 ) );
#3366 = DIRECTION( '', ( 0.000000000000000, -1.00000000000000, -1.22460635382238E-016 ) );
#3367 = DIRECTION( '', ( 0.000000000000000, 1.22460635382238E-016, -1.00000000000000 ) );
#3368 = CARTESIAN_POINT( '', ( 15.0000000000000, 0.000000000000000, 0.000000000000000 ) );
#3369 = DIRECTION( '', ( -1.00000000000000, 0.000000000000000, 0.000000000000000 ) );
#3370 = DIRECTION( '', ( 0.000000000000000, 1.00000000000000, -2.44921270764475E-016 ) );
#3371 = CARTESIAN_POINT( '', ( 15.0000000000000, 0.000000000000000, 0.000000000000000 ) );
#3372 = DIRECTION( '', ( -1.00000000000000, 0.000000000000000, 0.000000000000000 ) );
#3373 = DIRECTION( '', ( 0.000000000000000, 1.00000000000000, -2.44921270764475E-016 ) );
#3374 = DIRECTION( '', ( -1.00000000000000, -0.000000000000000, 0.000000000000000 ) );
#3375 = CARTESIAN_POINT( '', ( 14.4000000000000, 0.000000000000000, 0.000000000000000 ) );
#3376 = DIRECTION( '', ( -1.00000000000000, 0.000000000000000, 0.000000000000000 ) );
#3377 = DIRECTION( '', ( 0.000000000000000, 1.00000000000000, -2.44921270764475E-016 ) );
#3378 = DIRECTION( '', ( 1.00000000000000, -0.000000000000000, 0.000000000000000 ) );
#3379 = CARTESIAN_POINT( '', ( 0.600000000000000, 0.000000000000000, 0.000000000000000 ) );
#3380 = DIRECTION( '', ( -1.00000000000000, 0.000000000000000, 0.000000000000000 ) );
#3381 = DIRECTION( '', ( 0.000000000000000, 1.00000000000000, -2.44921270764475E-016 ) );
#3382 = CARTESIAN_POINT( '', ( 0.600000000000000, 0.000000000000000, 0.000000000000000 ) );
#3383 = DIRECTION( '', ( -1.00000000000000, 0.000000000000000, 0.000000000000000 ) );
#3384 = DIRECTION( '', ( 0.000000000000000, 1.00000000000000, -2.44921270764475E-016 ) );
#3385 = CARTESIAN_POINT( '', ( 0.600000000000004, -3.44114385424088E-015, 28.1000000000000 ) );
#3386 = DIRECTION( '', ( -0.000000000000000, -1.00000000000000, -1.22460635382238E-016 ) );
#3387 = DIRECTION( '', ( 0.000000000000000, -1.22460635382238E-016, 1.00000000000000 ) );
#3388 = CARTESIAN_POINT( '', ( 0.000000000000000, 0.000000000000000, 0.000000000000000 ) );
#3389 = DIRECTION( '', ( -1.00000000000000, 0.000000000000000, 0.000000000000000 ) );
#3390 = DIRECTION( '', ( 0.000000000000000, 1.00000000000000, -2.44921270764475E-016 ) );
#3391 = CARTESIAN_POINT( '', ( 0.000000000000000, 0.000000000000000, 0.000000000000000 ) );
#3392 = DIRECTION( '', ( -1.00000000000000, 0.000000000000000, 0.000000000000000 ) );
#3393 = DIRECTION( '', ( 0.000000000000000, 1.00000000000000, -2.44921270764475E-016 ) );
#3394 = CARTESIAN_POINT( '', ( 0.600000000000004, 3.44114385424088E-015, -28.1000000000000 ) );
#3395 = DIRECTION( '', ( 0.000000000000000, -1.00000000000000, -1.22460635382238E-016 ) );
#3396 = DIRECTION( '', ( 0.000000000000000, 1.22460635382238E-016, -1.00000000000000 ) );
#3397 = CARTESIAN_POINT( '', ( 0.600000000000000, 0.000000000000000, 0.000000000000000 ) );
#3398 = DIRECTION( '', ( -1.00000000000000, 0.000000000000000, 0.000000000000000 ) );
#3399 = DIRECTION( '', ( 0.000000000000000, 1.00000000000000, -2.44921270764475E-016 ) );
#3400 = DIRECTION( '', ( -1.00000000000000, 0.000000000000000, 0.000000000000000 ) );
#3401 = CARTESIAN_POINT( '', ( 0.750000000000000, 0.000000000000000, 0.000000000000000 ) );
#3402 = DIRECTION( '', ( -1.00000000000000, 0.000000000000000, 0.000000000000000 ) );
#3403 = DIRECTION( '', ( 0.000000000000000, 1.00000000000000, -2.44921270764475E-016 ) );
#3404 = DIRECTION( '', ( 1.00000000000000, -0.000000000000000, -0.000000000000000 ) );
#3405 = CARTESIAN_POINT( '', ( 0.000000000000000, 0.000000000000000, 0.000000000000000 ) );
#3406 = DIRECTION( '', ( -1.00000000000000, 0.000000000000000, 0.000000000000000 ) );
#3407 = DIRECTION( '', ( 0.000000000000000, 1.00000000000000, -2.44921270764475E-016 ) );
#3408 = DIRECTION( '', ( -1.00000000000000, -0.000000000000000, 0.000000000000000 ) );
#3409 = CARTESIAN_POINT( '', ( 0.750000000000000, 0.000000000000000, 0.000000000000000 ) );
#3410 = DIRECTION( '', ( -1.00000000000000, 0.000000000000000, 0.000000000000000 ) );
#3411 = DIRECTION( '', ( 0.000000000000000, 1.00000000000000, -2.44921270764475E-016 ) );
#3412 = DIRECTION( '', ( 1.00000000000000, -0.000000000000000, 0.000000000000000 ) );
#3413 = CARTESIAN_POINT( '', ( 0.000000000000000, 0.000000000000000, 0.000000000000000 ) );
#3414 = DIRECTION( '', ( -1.00000000000000, 0.000000000000000, 0.000000000000000 ) );
#3415 = DIRECTION( '', ( 0.000000000000000, 1.00000000000000, -2.44921270764475E-016 ) );
#3416 = DIRECTION( '', ( 1.00000000000000, -0.000000000000000, 0.000000000000000 ) );
#3417 = CARTESIAN_POINT( '', ( 0.000000000000000, 52.5000000000000, 0.000000000000000 ) );
#3418 = DIRECTION( '', ( 1.00000000000000, -0.000000000000000, 0.000000000000000 ) );
#3419 = DIRECTION( '', ( 0.000000000000000, 1.00000000000000, -2.44921270764422E-016 ) );
#3420 = DIRECTION( '', ( -1.00000000000000, -0.000000000000000, 0.000000000000000 ) );
#3421 = CARTESIAN_POINT( '', ( 9.60000000000000, 52.5000000000000, 0.000000000000000 ) );
#3422 = DIRECTION( '', ( -1.00000000000000, 0.000000000000000, 0.000000000000000 ) );
#3423 = DIRECTION( '', ( 0.000000000000000, 1.00000000000000, -2.44921270764422E-016 ) );
#3424 = DIRECTION( '', ( 1.00000000000000, -0.000000000000000, 0.000000000000000 ) );
#3425 = CARTESIAN_POINT( '', ( 9.60000000000000, 52.5000000000000, 0.000000000000000 ) );
#3426 = DIRECTION( '', ( -1.00000000000000, 0.000000000000000, 0.000000000000000 ) );
#3427 = DIRECTION( '', ( 0.000000000000000, 1.00000000000000, -2.44921270764422E-016 ) );
#3428 = DIRECTION( '', ( -1.00000000000000, -0.000000000000000, 0.000000000000000 ) );
#3429 = CARTESIAN_POINT( '', ( 15.0000000000000, 52.5000000000000, 0.000000000000000 ) );
#3430 = DIRECTION( '', ( -1.00000000000000, 0.000000000000000, -0.000000000000000 ) );
#3431 = DIRECTION( '', ( 0.000000000000000, 1.00000000000000, -2.44921270764422E-016 ) );
#3432 = DIRECTION( '', ( 1.00000000000000, -0.000000000000000, -0.000000000000000 ) );
#3433 = CARTESIAN_POINT( '', ( 0.000000000000000, 37.1231060122937, -37.1231060122938 ) );
#3434 = DIRECTION( '', ( 1.00000000000000, 0.000000000000000, -0.000000000000000 ) );
#3435 = DIRECTION( '', ( 0.000000000000000, 1.00000000000000, 0.000000000000000 ) );
#3436 = DIRECTION( '', ( -1.00000000000000, -0.000000000000000, 0.000000000000000 ) );
#3437 = CARTESIAN_POINT( '', ( 9.60000000000000, 37.1231060122937, -37.1231060122938 ) );
#3438 = DIRECTION( '', ( -1.00000000000000, 0.000000000000000, 0.000000000000000 ) );
#3439 = DIRECTION( '', ( 0.000000000000000, 1.00000000000000, 0.000000000000000 ) );
#3440 = DIRECTION( '', ( 1.00000000000000, -0.000000000000000, -0.000000000000000 ) );
#3441 = CARTESIAN_POINT( '', ( 9.60000000000000, 37.1231060122937, -37.1231060122938 ) );
#3442 = DIRECTION( '', ( -1.00000000000000, 0.000000000000000, 0.000000000000000 ) );
#3443 = DIRECTION( '', ( 0.000000000000000, 1.00000000000000, 0.000000000000000 ) );
#3444 = DIRECTION( '', ( -1.00000000000000, -0.000000000000000, 0.000000000000000 ) );
#3445 = CARTESIAN_POINT( '', ( 15.0000000000000, 37.1231060122937, -37.1231060122938 ) );
#3446 = DIRECTION( '', ( -1.00000000000000, 0.000000000000000, 0.000000000000000 ) );
#3447 = DIRECTION( '', ( 0.000000000000000, 1.00000000000000, 0.000000000000000 ) );
#3448 = DIRECTION( '', ( 1.00000000000000, -0.000000000000000, -0.000000000000000 ) );
#3449 = CARTESIAN_POINT( '', ( 0.000000000000000, -2.84217094304040E-014, -52.5000000000000 ) );
#3450 = DIRECTION( '', ( 1.00000000000000, 0.000000000000000, -0.000000000000000 ) );
#3451 = DIRECTION( '', ( 0.000000000000000, 1.00000000000000, 0.000000000000000 ) );
#3452 = DIRECTION( '', ( -1.00000000000000, -0.000000000000000, 0.000000000000000 ) );
#3453 = CARTESIAN_POINT( '', ( 9.60000000000000, -2.84217094304040E-014, -52.5000000000000 ) );
#3454 = DIRECTION( '', ( -1.00000000000000, 0.000000000000000, 0.000000000000000 ) );
#3455 = DIRECTION( '', ( 0.000000000000000, 1.00000000000000, 0.000000000000000 ) );
#3456 = DIRECTION( '', ( 1.00000000000000, -0.000000000000000, -0.000000000000000 ) );
#3457 = CARTESIAN_POINT( '', ( 9.60000000000000, -2.84217094304040E-014, -52.5000000000000 ) );
#3458 = DIRECTION( '', ( -1.00000000000000, 0.000000000000000, 0.000000000000000 ) );
#3459 = DIRECTION( '', ( 0.000000000000000, 1.00000000000000, 0.000000000000000 ) );
#3460 = DIRECTION( '', ( -1.00000000000000, -0.000000000000000, 0.000000000000000 ) );
#3461 = CARTESIAN_POINT( '', ( 15.0000000000000, -2.84217094304040E-014, -52.5000000000000 ) );
#3462 = DIRECTION( '', ( -1.00000000000000, 0.000000000000000, 0.000000000000000 ) );
#3463 = DIRECTION( '', ( 0.000000000000000, 1.00000000000000, 0.000000000000000 ) );
#3464 = DIRECTION( '', ( 1.00000000000000, -0.000000000000000, -0.000000000000000 ) );
#3465 = CARTESIAN_POINT( '', ( 0.000000000000000, -37.1231060122938, -37.1231060122937 ) );
#3466 = DIRECTION( '', ( 1.00000000000000, 0.000000000000000, -0.000000000000000 ) );
#3467 = DIRECTION( '', ( 0.000000000000000, 1.00000000000000, 0.000000000000000 ) );
#3468 = DIRECTION( '', ( -1.00000000000000, -0.000000000000000, 0.000000000000000 ) );
#3469 = CARTESIAN_POINT( '', ( 9.60000000000000, -37.1231060122938, -37.1231060122937 ) );
#3470 = DIRECTION( '', ( -1.00000000000000, 0.000000000000000, 0.000000000000000 ) );
#3471 = DIRECTION( '', ( 0.000000000000000, 1.00000000000000, 0.000000000000000 ) );
#3472 = DIRECTION( '', ( 1.00000000000000, -0.000000000000000, -0.000000000000000 ) );
#3473 = CARTESIAN_POINT( '', ( 9.60000000000000, -37.1231060122938, -37.1231060122937 ) );
#3474 = DIRECTION( '', ( -1.00000000000000, 0.000000000000000, 0.000000000000000 ) );
#3475 = DIRECTION( '', ( 0.000000000000000, 1.00000000000000, 0.000000000000000 ) );
#3476 = DIRECTION( '', ( -1.00000000000000, -0.000000000000000, 0.000000000000000 ) );
#3477 = CARTESIAN_POINT( '', ( 15.0000000000000, -37.1231060122938, -37.1231060122937 ) );
#3478 = DIRECTION( '', ( -1.00000000000000, 0.000000000000000, 0.000000000000000 ) );
#3479 = DIRECTION( '', ( 0.000000000000000, 1.00000000000000, 0.000000000000000 ) );
#3480 = DIRECTION( '', ( 1.00000000000000, -0.000000000000000, 0.000000000000000 ) );
#3481 = CARTESIAN_POINT( '', ( 0.000000000000000, -52.5000000000000, 1.77635683940025E-014 ) );
#3482 = DIRECTION( '', ( 1.00000000000000, -0.000000000000000, 0.000000000000000 ) );
#3483 = DIRECTION( '', ( 0.000000000000000, 1.00000000000000, -2.44921270764210E-016 ) );
#3484 = DIRECTION( '', ( -1.00000000000000, -0.000000000000000, 0.000000000000000 ) );
#3485 = CARTESIAN_POINT( '', ( 9.60000000000000, -52.5000000000000, 1.77635683940025E-014 ) );
#3486 = DIRECTION( '', ( -1.00000000000000, 0.000000000000000, 0.000000000000000 ) );
#3487 = DIRECTION( '', ( 0.000000000000000, 1.00000000000000, -2.44921270764210E-016 ) );
#3488 = DIRECTION( '', ( 1.00000000000000, -0.000000000000000, 0.000000000000000 ) );
#3489 = CARTESIAN_POINT( '', ( 9.60000000000000, -52.5000000000000, 1.77635683940025E-014 ) );
#3490 = DIRECTION( '', ( -1.00000000000000, 0.000000000000000, 0.000000000000000 ) );
#3491 = DIRECTION( '', ( 0.000000000000000, 1.00000000000000, -2.44921270764210E-016 ) );
#3492 = DIRECTION( '', ( -1.00000000000000, -0.000000000000000, 0.000000000000000 ) );
#3493 = CARTESIAN_POINT( '', ( 15.0000000000000, -52.5000000000000, 1.77635683940025E-014 ) );
#3494 = DIRECTION( '', ( -1.00000000000000, 0.000000000000000, -0.000000000000000 ) );
#3495 = DIRECTION( '', ( 0.000000000000000, 1.00000000000000, -2.44921270764210E-016 ) );
#3496 = DIRECTION( '', ( 1.00000000000000, -0.000000000000000, -0.000000000000000 ) );
#3497 = CARTESIAN_POINT( '', ( 0.000000000000000, -37.1231060122937, 37.1231060122938 ) );
#3498 = DIRECTION( '', ( 1.00000000000000, 0.000000000000000, -0.000000000000000 ) );
#3499 = DIRECTION( '', ( 0.000000000000000, 1.00000000000000, 0.000000000000000 ) );
#3500 = DIRECTION( '', ( -1.00000000000000, -0.000000000000000, 0.000000000000000 ) );
#3501 = CARTESIAN_POINT( '', ( 9.60000000000000, -37.1231060122937, 37.1231060122938 ) );
#3502 = DIRECTION( '', ( -1.00000000000000, 0.000000000000000, 0.000000000000000 ) );
#3503 = DIRECTION( '', ( 0.000000000000000, 1.00000000000000, 0.000000000000000 ) );
#3504 = DIRECTION( '', ( 1.00000000000000, -0.000000000000000, -0.000000000000000 ) );
#3505 = CARTESIAN_POINT( '', ( 9.60000000000000, -37.1231060122937, 37.1231060122938 ) );
#3506 = DIRECTION( '', ( -1.00000000000000, 0.000000000000000, 0.000000000000000 ) );
#3507 = DIRECTION( '', ( 0.000000000000000, 1.00000000000000, 0.000000000000000 ) );
#3508 = DIRECTION( '', ( -1.00000000000000, -0.000000000000000, 0.000000000000000 ) );
#3509 = CARTESIAN_POINT( '', ( 15.0000000000000, -37.1231060122937, 37.1231060122938 ) );
#3510 = DIRECTION( '', ( -1.00000000000000, 0.000000000000000, 0.000000000000000 ) );
#3511 = DIRECTION( '', ( 0.000000000000000, 1.00000000000000, 0.000000000000000 ) );
#3512 = DIRECTION( '', ( 1.00000000000000, -0.000000000000000, -0.000000000000000 ) );
#3513 = CARTESIAN_POINT( '', ( 0.000000000000000, 1.42108547152020E-014, 52.5000000000000 ) );
#3514 = DIRECTION( '', ( 1.00000000000000, 0.000000000000000, -0.000000000000000 ) );
#3515 = DIRECTION( '', ( 0.000000000000000, 1.00000000000000, 0.000000000000000 ) );
#3516 = DIRECTION( '', ( -1.00000000000000, -0.000000000000000, 0.000000000000000 ) );
#3517 = CARTESIAN_POINT( '', ( 9.60000000000000, 1.42108547152020E-014, 52.5000000000000 ) );
#3518 = DIRECTION( '', ( -1.00000000000000, 0.000000000000000, 0.000000000000000 ) );
#3519 = DIRECTION( '', ( 0.000000000000000, 1.00000000000000, 0.000000000000000 ) );
#3520 = DIRECTION( '', ( 1.00000000000000, -0.000000000000000, -0.000000000000000 ) );
#3521 = CARTESIAN_POINT( '', ( 9.60000000000000, 1.42108547152020E-014, 52.5000000000000 ) );
#3522 = DIRECTION( '', ( -1.00000000000000, 0.000000000000000, 0.000000000000000 ) );
#3523 = DIRECTION( '', ( 0.000000000000000, 1.00000000000000, 0.000000000000000 ) );
#3524 = DIRECTION( '', ( -1.00000000000000, -0.000000000000000, 0.000000000000000 ) );
#3525 = CARTESIAN_POINT( '', ( 15.0000000000000, 1.42108547152020E-014, 52.5000000000000 ) );
#3526 = DIRECTION( '', ( -1.00000000000000, 0.000000000000000, 0.000000000000000 ) );
#3527 = DIRECTION( '', ( 0.000000000000000, 1.00000000000000, 0.000000000000000 ) );
#3528 = DIRECTION( '', ( 1.00000000000000, -0.000000000000000, -0.000000000000000 ) );
#3529 = CARTESIAN_POINT( '', ( 0.000000000000000, 37.1231060122937, 37.1231060122937 ) );
#3530 = DIRECTION( '', ( 1.00000000000000, 0.000000000000000, -0.000000000000000 ) );
#3531 = DIRECTION( '', ( 0.000000000000000, 1.00000000000000, 0.000000000000000 ) );
#3532 = DIRECTION( '', ( -1.00000000000000, -0.000000000000000, 0.000000000000000 ) );
#3533 = CARTESIAN_POINT( '', ( 9.60000000000000, 37.1231060122937, 37.1231060122937 ) );
#3534 = DIRECTION( '', ( -1.00000000000000, 0.000000000000000, 0.000000000000000 ) );
#3535 = DIRECTION( '', ( 0.000000000000000, 1.00000000000000, 0.000000000000000 ) );
#3536 = DIRECTION( '', ( 1.00000000000000, -0.000000000000000, -0.000000000000000 ) );
#3537 = CARTESIAN_POINT( '', ( 9.60000000000000, 37.1231060122937, 37.1231060122937 ) );
#3538 = DIRECTION( '', ( -1.00000000000000, 0.000000000000000, 0.000000000000000 ) );
#3539 = DIRECTION( '', ( 0.000000000000000, 1.00000000000000, 0.000000000000000 ) );
#3540 = DIRECTION( '', ( -1.00000000000000, -0.000000000000000, 0.000000000000000 ) );
#3541 = CARTESIAN_POINT( '', ( 15.0000000000000, 37.1231060122937, 37.1231060122937 ) );
#3542 = DIRECTION( '', ( -1.00000000000000, 0.000000000000000, 0.000000000000000 ) );
#3543 = DIRECTION( '', ( 0.000000000000000, 1.00000000000000, 0.000000000000000 ) );
#3544 = DIRECTION( '', ( 0.707106781186548, -0.707106781186548, 8.65927457070469E-017 ) );
#3545 = CARTESIAN_POINT( '', ( 0.000000000000000, 32.5000000000000, 0.000000000000000 ) );
#3546 = DIRECTION( '', ( 1.00000000000000, -0.000000000000000, 0.000000000000000 ) );
#3547 = DIRECTION( '', ( 0.000000000000000, 1.00000000000000, -2.44921270764268E-016 ) );
#3548 = DIRECTION( '', ( -0.707106781186548, -0.707106781186548, 8.65927457070469E-017 ) );
#3549 = CARTESIAN_POINT( '', ( 0.433000000000000, 32.5000000000000, 0.000000000000000 ) );
#3550 = DIRECTION( '', ( -1.00000000000000, 0.000000000000000, 0.000000000000000 ) );
#3551 = DIRECTION( '', ( 0.000000000000000, 1.00000000000000, -2.44921270764268E-016 ) );
#3552 = DIRECTION( '', ( 1.00000000000000, -0.000000000000000, 0.000000000000000 ) );
#3553 = DIRECTION( '', ( -1.00000000000000, -0.000000000000000, 0.000000000000000 ) );
#3554 = CARTESIAN_POINT( '', ( 14.5670000000000, 32.5000000000000, 0.000000000000000 ) );
#3555 = DIRECTION( '', ( -1.00000000000000, 0.000000000000000, 0.000000000000000 ) );
#3556 = DIRECTION( '', ( 0.000000000000000, 1.00000000000000, -2.44921270764268E-016 ) );
#3557 = DIRECTION( '', ( 0.707106781186548, 0.707106781186548, -8.65927457070469E-017 ) );
#3558 = DIRECTION( '', ( -0.707106781186548, 0.707106781186548, -8.65927457070469E-017 ) );
#3559 = CARTESIAN_POINT( '', ( 15.0000000000000, 32.5000000000000, 0.000000000000000 ) );
#3560 = DIRECTION( '', ( -1.00000000000000, 0.000000000000000, -0.000000000000000 ) );
#3561 = DIRECTION( '', ( 0.000000000000000, 1.00000000000000, -2.44921270764268E-016 ) );
#3562 = DIRECTION( '', ( 0.707106781186548, -0.707106781186548, -0.000000000000000 ) );
#3563 = CARTESIAN_POINT( '', ( 0.000000000000000, 22.9809703885628, -22.9809703885628 ) );
#3564 = DIRECTION( '', ( 1.00000000000000, 0.000000000000000, -0.000000000000000 ) );
#3565 = DIRECTION( '', ( 0.000000000000000, 1.00000000000000, 0.000000000000000 ) );
#3566 = DIRECTION( '', ( -0.707106781186548, -0.707106781186548, 0.000000000000000 ) );
#3567 = CARTESIAN_POINT( '', ( 0.433000000000000, 22.9809703885628, -22.9809703885628 ) );
#3568 = DIRECTION( '', ( -1.00000000000000, 0.000000000000000, 0.000000000000000 ) );
#3569 = DIRECTION( '', ( 0.000000000000000, 1.00000000000000, 0.000000000000000 ) );
#3570 = DIRECTION( '', ( 1.00000000000000, -0.000000000000000, -0.000000000000000 ) );
#3571 = DIRECTION( '', ( -1.00000000000000, -0.000000000000000, 0.000000000000000 ) );
#3572 = CARTESIAN_POINT( '', ( 14.5670000000000, 22.9809703885628, -22.9809703885628 ) );
#3573 = DIRECTION( '', ( -1.00000000000000, 0.000000000000000, 0.000000000000000 ) );
#3574 = DIRECTION( '', ( 0.000000000000000, 1.00000000000000, 0.000000000000000 ) );
#3575 = DIRECTION( '', ( 0.707106781186548, 0.707106781186548, 0.000000000000000 ) );
#3576 = DIRECTION( '', ( -0.707106781186548, 0.707106781186548, -0.000000000000000 ) );
#3577 = CARTESIAN_POINT( '', ( 15.0000000000000, 22.9809703885628, -22.9809703885628 ) );
#3578 = DIRECTION( '', ( -1.00000000000000, 0.000000000000000, 0.000000000000000 ) );
#3579 = DIRECTION( '', ( 0.000000000000000, 1.00000000000000, 0.000000000000000 ) );
#3580 = DIRECTION( '', ( 0.707106781186548, -0.707106781186548, -0.000000000000000 ) );
#3581 = CARTESIAN_POINT( '', ( 0.000000000000000, -1.42108547152020E-014, -32.5000000000000 ) );
#3582 = DIRECTION( '', ( 1.00000000000000, 0.000000000000000, -0.000000000000000 ) );
#3583 = DIRECTION( '', ( 0.000000000000000, 1.00000000000000, 0.000000000000000 ) );
#3584 = DIRECTION( '', ( -0.707106781186548, -0.707106781186548, 0.000000000000000 ) );
#3585 = CARTESIAN_POINT( '', ( 0.433000000000000, -1.42108547152020E-014, -32.5000000000000 ) );
#3586 = DIRECTION( '', ( -1.00000000000000, 0.000000000000000, 0.000000000000000 ) );
#3587 = DIRECTION( '', ( 0.000000000000000, 1.00000000000000, 0.000000000000000 ) );
#3588 = DIRECTION( '', ( 1.00000000000000, -0.000000000000000, -0.000000000000000 ) );
#3589 = DIRECTION( '', ( -1.00000000000000, -0.000000000000000, 0.000000000000000 ) );
#3590 = CARTESIAN_POINT( '', ( 14.5670000000000, -1.42108547152020E-014, -32.5000000000000 ) );
#3591 = DIRECTION( '', ( -1.00000000000000, 0.000000000000000, 0.000000000000000 ) );
#3592 = DIRECTION( '', ( 0.000000000000000, 1.00000000000000, 0.000000000000000 ) );
#3593 = DIRECTION( '', ( 0.707106781186548, 0.707106781186548, 0.000000000000000 ) );
#3594 = DIRECTION( '', ( -0.707106781186548, 0.707106781186548, -0.000000000000000 ) );
#3595 = CARTESIAN_POINT( '', ( 15.0000000000000, -1.42108547152020E-014, -32.5000000000000 ) );
#3596 = DIRECTION( '', ( -1.00000000000000, 0.000000000000000, 0.000000000000000 ) );
#3597 = DIRECTION( '', ( 0.000000000000000, 1.00000000000000, 0.000000000000000 ) );
#3598 = DIRECTION( '', ( 0.707106781186548, -0.707106781186548, -0.000000000000000 ) );
#3599 = CARTESIAN_POINT( '', ( 0.000000000000000, -22.9809703885628, -22.9809703885628 ) );
#3600 = DIRECTION( '', ( 1.00000000000000, 0.000000000000000, -0.000000000000000 ) );
#3601 = DIRECTION( '', ( 0.000000000000000, 1.00000000000000, 0.000000000000000 ) );
#3602 = DIRECTION( '', ( -0.707106781186548, -0.707106781186548, 0.000000000000000 ) );
#3603 = CARTESIAN_POINT( '', ( 0.433000000000000, -22.9809703885628, -22.9809703885628 ) );
#3604 = DIRECTION( '', ( -1.00000000000000, 0.000000000000000, 0.000000000000000 ) );
#3605 = DIRECTION( '', ( 0.000000000000000, 1.00000000000000, 0.000000000000000 ) );
#3606 = DIRECTION( '', ( 1.00000000000000, -0.000000000000000, -0.000000000000000 ) );
#3607 = DIRECTION( '', ( -1.00000000000000, -0.000000000000000, 0.000000000000000 ) );
#3608 = CARTESIAN_POINT( '', ( 14.5670000000000, -22.9809703885628, -22.9809703885628 ) );
#3609 = DIRECTION( '', ( -1.00000000000000, 0.000000000000000, 0.000000000000000 ) );
#3610 = DIRECTION( '', ( 0.000000000000000, 1.00000000000000, 0.000000000000000 ) );
#3611 = DIRECTION( '', ( 0.707106781186548, 0.707106781186548, 0.000000000000000 ) );
#3612 = DIRECTION( '', ( -0.707106781186548, 0.707106781186548, -0.000000000000000 ) );
#3613 = CARTESIAN_POINT( '', ( 15.0000000000000, -22.9809703885628, -22.9809703885628 ) );
#3614 = DIRECTION( '', ( -1.00000000000000, 0.000000000000000, 0.000000000000000 ) );
#3615 = DIRECTION( '', ( 0.000000000000000, 1.00000000000000, 0.000000000000000 ) );
#3616 = DIRECTION( '', ( 0.707106781186548, -0.707106781186548, 8.65927457070944E-017 ) );
#3617 = CARTESIAN_POINT( '', ( 0.000000000000000, -32.5000000000000, 1.06581410364015E-014 ) );
#3618 = DIRECTION( '', ( 1.00000000000000, -0.000000000000000, 0.000000000000000 ) );
#3619 = DIRECTION( '', ( 0.000000000000000, 1.00000000000000, -2.44921270764335E-016 ) );
#3620 = DIRECTION( '', ( -0.707106781186547, -0.707106781186548, 8.65927457070943E-017 ) );
#3621 = CARTESIAN_POINT( '', ( 0.433000000000000, -32.5000000000000, 1.06581410364015E-014 ) );
#3622 = DIRECTION( '', ( -1.00000000000000, 0.000000000000000, 0.000000000000000 ) );
#3623 = DIRECTION( '', ( 0.000000000000000, 1.00000000000000, -2.44921270764335E-016 ) );
#3624 = DIRECTION( '', ( 1.00000000000000, -0.000000000000000, 0.000000000000000 ) );
#3625 = DIRECTION( '', ( -1.00000000000000, -0.000000000000000, 0.000000000000000 ) );
#3626 = CARTESIAN_POINT( '', ( 14.5670000000000, -32.5000000000000, 1.06581410364015E-014 ) );
#3627 = DIRECTION( '', ( -1.00000000000000, 0.000000000000000, 0.000000000000000 ) );
#3628 = DIRECTION( '', ( 0.000000000000000, 1.00000000000000, -2.44921270764335E-016 ) );
#3629 = DIRECTION( '', ( 0.707106781186548, 0.707106781186548, -8.65927457070944E-017 ) );
#3630 = DIRECTION( '', ( -0.707106781186547, 0.707106781186548, -8.65927457070943E-017 ) );
#3631 = CARTESIAN_POINT( '', ( 15.0000000000000, -32.5000000000000, 1.06581410364015E-014 ) );
#3632 = DIRECTION( '', ( -1.00000000000000, 0.000000000000000, -0.000000000000000 ) );
#3633 = DIRECTION( '', ( 0.000000000000000, 1.00000000000000, -2.44921270764335E-016 ) );
#3634 = DIRECTION( '', ( 0.707106781186548, -0.707106781186548, -0.000000000000000 ) );
#3635 = CARTESIAN_POINT( '', ( 0.000000000000000, -22.9809703885628, 22.9809703885628 ) );
#3636 = DIRECTION( '', ( 1.00000000000000, 0.000000000000000, -0.000000000000000 ) );
#3637 = DIRECTION( '', ( 0.000000000000000, 1.00000000000000, 0.000000000000000 ) );
#3638 = DIRECTION( '', ( -0.707106781186548, -0.707106781186548, 0.000000000000000 ) );
#3639 = CARTESIAN_POINT( '', ( 0.433000000000000, -22.9809703885628, 22.9809703885628 ) );
#3640 = DIRECTION( '', ( -1.00000000000000, 0.000000000000000, 0.000000000000000 ) );
#3641 = DIRECTION( '', ( 0.000000000000000, 1.00000000000000, 0.000000000000000 ) );
#3642 = DIRECTION( '', ( 1.00000000000000, -0.000000000000000, -0.000000000000000 ) );
#3643 = DIRECTION( '', ( -1.00000000000000, -0.000000000000000, 0.000000000000000 ) );
#3644 = CARTESIAN_POINT( '', ( 14.5670000000000, -22.9809703885628, 22.9809703885628 ) );
#3645 = DIRECTION( '', ( -1.00000000000000, 0.000000000000000, 0.000000000000000 ) );
#3646 = DIRECTION( '', ( 0.000000000000000, 1.00000000000000, 0.000000000000000 ) );
#3647 = DIRECTION( '', ( 0.707106781186548, 0.707106781186548, 0.000000000000000 ) );
#3648 = DIRECTION( '', ( -0.707106781186548, 0.707106781186548, -0.000000000000000 ) );
#3649 = CARTESIAN_POINT( '', ( 15.0000000000000, -22.9809703885628, 22.9809703885628 ) );
#3650 = DIRECTION( '', ( -1.00000000000000, 0.000000000000000, 0.000000000000000 ) );
#3651 = DIRECTION( '', ( 0.000000000000000, 1.00000000000000, 0.000000000000000 ) );
#3652 = DIRECTION( '', ( 0.707106781186548, -0.707106781186548, -0.000000000000000 ) );
#3653 = CARTESIAN_POINT( '', ( 0.000000000000000, 0.000000000000000, 32.5000000000000 ) );
#3654 = DIRECTION( '', ( 1.00000000000000, 0.000000000000000, -0.000000000000000 ) );
#3655 = DIRECTION( '', ( 0.000000000000000, 1.00000000000000, 0.000000000000000 ) );
#3656 = DIRECTION( '', ( -0.707106781186548, -0.707106781186548, 0.000000000000000 ) );
#3657 = CARTESIAN_POINT( '', ( 0.433000000000000, 0.000000000000000, 32.5000000000000 ) );
#3658 = DIRECTION( '', ( -1.00000000000000, 0.000000000000000, 0.000000000000000 ) );
#3659 = DIRECTION( '', ( 0.000000000000000, 1.00000000000000, 0.000000000000000 ) );
#3660 = DIRECTION( '', ( 1.00000000000000, -0.000000000000000, -0.000000000000000 ) );
#3661 = DIRECTION( '', ( -1.00000000000000, -0.000000000000000, 0.000000000000000 ) );
#3662 = CARTESIAN_POINT( '', ( 14.5670000000000, 0.000000000000000, 32.5000000000000 ) );
#3663 = DIRECTION( '', ( -1.00000000000000, 0.000000000000000, 0.000000000000000 ) );
#3664 = DIRECTION( '', ( 0.000000000000000, 1.00000000000000, 0.000000000000000 ) );
#3665 = DIRECTION( '', ( 0.707106781186548, 0.707106781186548, 0.000000000000000 ) );
#3666 = DIRECTION( '', ( -0.707106781186548, 0.707106781186548, -0.000000000000000 ) );
#3667 = CARTESIAN_POINT( '', ( 15.0000000000000, 0.000000000000000, 32.5000000000000 ) );
#3668 = DIRECTION( '', ( -1.00000000000000, 0.000000000000000, 0.000000000000000 ) );
#3669 = DIRECTION( '', ( 0.000000000000000, 1.00000000000000, 0.000000000000000 ) );
#3670 = DIRECTION( '', ( 0.707106781186548, -0.707106781186548, -0.000000000000000 ) );
#3671 = CARTESIAN_POINT( '', ( 0.000000000000000, 22.9809703885628, 22.9809703885628 ) );
#3672 = DIRECTION( '', ( 1.00000000000000, 0.000000000000000, -0.000000000000000 ) );
#3673 = DIRECTION( '', ( 0.000000000000000, 1.00000000000000, 0.000000000000000 ) );
#3674 = DIRECTION( '', ( -0.707106781186548, -0.707106781186548, 0.000000000000000 ) );
#3675 = CARTESIAN_POINT( '', ( 0.433000000000000, 22.9809703885628, 22.9809703885628 ) );
#3676 = DIRECTION( '', ( -1.00000000000000, 0.000000000000000, 0.000000000000000 ) );
#3677 = DIRECTION( '', ( 0.000000000000000, 1.00000000000000, 0.000000000000000 ) );
#3678 = DIRECTION( '', ( 1.00000000000000, -0.000000000000000, -0.000000000000000 ) );
#3679 = DIRECTION( '', ( -1.00000000000000, -0.000000000000000, 0.000000000000000 ) );
#3680 = CARTESIAN_POINT( '', ( 14.5670000000000, 22.9809703885628, 22.9809703885628 ) );
#3681 = DIRECTION( '', ( -1.00000000000000, 0.000000000000000, 0.000000000000000 ) );
#3682 = DIRECTION( '', ( 0.000000000000000, 1.00000000000000, 0.000000000000000 ) );
#3683 = DIRECTION( '', ( 0.707106781186548, 0.707106781186548, 0.000000000000000 ) );
#3684 = DIRECTION( '', ( -0.707106781186548, 0.707106781186548, -0.000000000000000 ) );
#3685 = CARTESIAN_POINT( '', ( 15.0000000000000, 22.9809703885628, 22.9809703885628 ) );
#3686 = DIRECTION( '', ( -1.00000000000000, 0.000000000000000, 0.000000000000000 ) );
#3687 = DIRECTION( '', ( 0.000000000000000, 1.00000000000000, 0.000000000000000 ) );
#3688 = DIRECTION( '', ( -0.000000000000000, 0.382683432365090, -0.923879532511287 ) );
#3689 = DIRECTION( '', ( 0.000000000000000, -0.382683432365090, 0.923879532511287 ) );
#3690 = CARTESIAN_POINT( '', ( 7.50000000000000, -19.4020500209101, 46.8406922983222 ) );
#3691 = DIRECTION( '', ( 0.000000000000000, -0.382683432365090, 0.923879532511287 ) );
#3692 = DIRECTION( '', ( 0.000000000000000, 0.923879532511287, 0.382683432365090 ) );
#3693 = DIRECTION( '', ( -1.00000000000000, 0.000000000000000, 0.000000000000000 ) );
#3694 = CARTESIAN_POINT( '', ( 14.4000000000000, 0.000000000000000, 0.000000000000000 ) );
#3695 = DIRECTION( '', ( -1.00000000000000, 0.000000000000000, 0.000000000000000 ) );
#3696 = DIRECTION( '', ( 0.000000000000000, 1.00000000000000, -2.44921270764475E-016 ) );
#3697 = DIRECTION( '', ( 1.00000000000000, -0.000000000000000, -0.000000000000000 ) );
#3698 = CARTESIAN_POINT( '', ( 0.600000000000000, 0.000000000000000, 0.000000000000000 ) );
#3699 = DIRECTION( '', ( -1.00000000000000, 0.000000000000000, 0.000000000000000 ) );
#3700 = DIRECTION( '', ( 0.000000000000000, 1.00000000000000, -2.44921270764475E-016 ) );
#3701 = DIRECTION( '', ( -0.000000000000000, 0.382683432365092, -0.923879532511286 ) );
#3702 = CARTESIAN_POINT( '', ( 7.50000000000000, 19.4020500209101, -46.8406922983222 ) );
#3703 = DIRECTION( '', ( 0.000000000000000, -0.382683432365092, 0.923879532511286 ) );
#3704 = DIRECTION( '', ( 0.000000000000000, 0.923879532511286, 0.382683432365092 ) );
#3705 = DIRECTION( '', ( 0.000000000000000, -0.382683432365092, 0.923879532511286 ) );
#3706 = CARTESIAN_POINT( '', ( 7.50000000000000, 19.4020500209101, -46.8406922983222 ) );
#3707 = DIRECTION( '', ( 0.000000000000000, -0.382683432365092, 0.923879532511286 ) );
#3708 = DIRECTION( '', ( 0.000000000000000, 0.923879532511286, 0.382683432365092 ) );
#3709 = CARTESIAN_POINT( '', ( 0.600000000000000, 0.000000000000000, 0.000000000000000 ) );
#3710 = DIRECTION( '', ( -1.00000000000000, 0.000000000000000, 0.000000000000000 ) );
#3711 = DIRECTION( '', ( 0.000000000000000, 1.00000000000000, -2.44921270764475E-016 ) );
#3712 = CARTESIAN_POINT( '', ( 14.4000000000000, 0.000000000000000, 0.000000000000000 ) );
#3713 = DIRECTION( '', ( -1.00000000000000, 0.000000000000000, 0.000000000000000 ) );
#3714 = DIRECTION( '', ( 0.000000000000000, 1.00000000000000, -2.44921270764475E-016 ) );
#3715 = CARTESIAN_POINT( '', ( 7.50000000000000, -19.4020500209101, 46.8406922983222 ) );
#3716 = DIRECTION( '', ( 0.000000000000000, -0.382683432365090, 0.923879532511287 ) );
#3717 = DIRECTION( '', ( 0.000000000000000, 0.923879532511287, 0.382683432365090 ) );
#3718 = CARTESIAN_POINT( '', ( 15.0000000000000, 22.9809703885628, 22.9809703885628 ) );
#3719 = DIRECTION( '', ( -1.00000000000000, 0.000000000000000, 0.000000000000000 ) );
#3720 = DIRECTION( '', ( 0.000000000000000, 1.00000000000000, 0.000000000000000 ) );
#3721 = CARTESIAN_POINT( '', ( 14.5670000000000, 22.9809703885628, 22.9809703885628 ) );
#3722 = DIRECTION( '', ( -1.00000000000000, 0.000000000000000, 0.000000000000000 ) );
#3723 = DIRECTION( '', ( 0.000000000000000, 1.00000000000000, 0.000000000000000 ) );
#3724 = CARTESIAN_POINT( '', ( 0.433000000000000, 22.9809703885628, 22.9809703885628 ) );
#3725 = DIRECTION( '', ( -1.00000000000000, 0.000000000000000, 0.000000000000000 ) );
#3726 = DIRECTION( '', ( 0.000000000000000, 1.00000000000000, 0.000000000000000 ) );
#3727 = CARTESIAN_POINT( '', ( 0.000000000000000, 22.9809703885628, 22.9809703885628 ) );
#3728 = DIRECTION( '', ( 1.00000000000000, 0.000000000000000, -0.000000000000000 ) );
#3729 = DIRECTION( '', ( 0.000000000000000, 1.00000000000000, 0.000000000000000 ) );
#3730 = CARTESIAN_POINT( '', ( 15.0000000000000, 0.000000000000000, 32.5000000000000 ) );
#3731 = DIRECTION( '', ( -1.00000000000000, 0.000000000000000, 0.000000000000000 ) );
#3732 = DIRECTION( '', ( 0.000000000000000, 1.00000000000000, 0.000000000000000 ) );
#3733 = CARTESIAN_POINT( '', ( 14.5670000000000, 0.000000000000000, 32.5000000000000 ) );
#3734 = DIRECTION( '', ( -1.00000000000000, 0.000000000000000, 0.000000000000000 ) );
#3735 = DIRECTION( '', ( 0.000000000000000, 1.00000000000000, 0.000000000000000 ) );
#3736 = CARTESIAN_POINT( '', ( 0.433000000000000, 0.000000000000000, 32.5000000000000 ) );
#3737 = DIRECTION( '', ( -1.00000000000000, 0.000000000000000, 0.000000000000000 ) );
#3738 = DIRECTION( '', ( 0.000000000000000, 1.00000000000000, 0.000000000000000 ) );
#3739 = CARTESIAN_POINT( '', ( 0.000000000000000, 0.000000000000000, 32.5000000000000 ) );
#3740 = DIRECTION( '', ( 1.00000000000000, 0.000000000000000, -0.000000000000000 ) );
#3741 = DIRECTION( '', ( 0.000000000000000, 1.00000000000000, 0.000000000000000 ) );
#3742 = CARTESIAN_POINT( '', ( 15.0000000000000, -22.9809703885628, 22.9809703885628 ) );
#3743 = DIRECTION( '', ( -1.00000000000000, 0.000000000000000, 0.000000000000000 ) );
#3744 = DIRECTION( '', ( 0.000000000000000, 1.00000000000000, 0.000000000000000 ) );
#3745 = CARTESIAN_POINT( '', ( 14.5670000000000, -22.9809703885628, 22.9809703885628 ) );
#3746 = DIRECTION( '', ( -1.00000000000000, 0.000000000000000, 0.000000000000000 ) );
#3747 = DIRECTION( '', ( 0.000000000000000, 1.00000000000000, 0.000000000000000 ) );
#3748 = CARTESIAN_POINT( '', ( 0.433000000000000, -22.9809703885628, 22.9809703885628 ) );
#3749 = DIRECTION( '', ( -1.00000000000000, 0.000000000000000, 0.000000000000000 ) );
#3750 = DIRECTION( '', ( 0.000000000000000, 1.00000000000000, 0.000000000000000 ) );
#3751 = CARTESIAN_POINT( '', ( 0.000000000000000, -22.9809703885628, 22.9809703885628 ) );
#3752 = DIRECTION( '', ( 1.00000000000000, 0.000000000000000, -0.000000000000000 ) );
#3753 = DIRECTION( '', ( 0.000000000000000, 1.00000000000000, 0.000000000000000 ) );
#3754 = CARTESIAN_POINT( '', ( 15.0000000000000, -32.5000000000000, 1.06581410364015E-014 ) );
#3755 = DIRECTION( '', ( -1.00000000000000, 0.000000000000000, -0.000000000000000 ) );
#3756 = DIRECTION( '', ( 0.000000000000000, 1.00000000000000, -2.44921270764335E-016 ) );
#3757 = CARTESIAN_POINT( '', ( 14.5670000000000, -32.5000000000000, 1.06581410364015E-014 ) );
#3758 = DIRECTION( '', ( -1.00000000000000, 0.000000000000000, 0.000000000000000 ) );
#3759 = DIRECTION( '', ( 0.000000000000000, 1.00000000000000, -2.44921270764335E-016 ) );
#3760 = CARTESIAN_POINT( '', ( 0.433000000000000, -32.5000000000000, 1.06581410364015E-014 ) );
#3761 = DIRECTION( '', ( -1.00000000000000, 0.000000000000000, 0.000000000000000 ) );
#3762 = DIRECTION( '', ( 0.000000000000000, 1.00000000000000, -2.44921270764335E-016 ) );
#3763 = CARTESIAN_POINT( '', ( 0.000000000000000, -32.5000000000000, 1.06581410364015E-014 ) );
#3764 = DIRECTION( '', ( 1.00000000000000, -0.000000000000000, 0.000000000000000 ) );
#3765 = DIRECTION( '', ( 0.000000000000000, 1.00000000000000, -2.44921270764335E-016 ) );
#3766 = CARTESIAN_POINT( '', ( 15.0000000000000, -22.9809703885628, -22.9809703885628 ) );
#3767 = DIRECTION( '', ( -1.00000000000000, 0.000000000000000, 0.000000000000000 ) );
#3768 = DIRECTION( '', ( 0.000000000000000, 1.00000000000000, 0.000000000000000 ) );
#3769 = CARTESIAN_POINT( '', ( 14.5670000000000, -22.9809703885628, -22.9809703885628 ) );
#3770 = DIRECTION( '', ( -1.00000000000000, 0.000000000000000, 0.000000000000000 ) );
#3771 = DIRECTION( '', ( 0.000000000000000, 1.00000000000000, 0.000000000000000 ) );
#3772 = CARTESIAN_POINT( '', ( 0.433000000000000, -22.9809703885628, -22.9809703885628 ) );
#3773 = DIRECTION( '', ( -1.00000000000000, 0.000000000000000, 0.000000000000000 ) );
#3774 = DIRECTION( '', ( 0.000000000000000, 1.00000000000000, 0.000000000000000 ) );
#3775 = CARTESIAN_POINT( '', ( 0.000000000000000, -22.9809703885628, -22.9809703885628 ) );
#3776 = DIRECTION( '', ( 1.00000000000000, 0.000000000000000, -0.000000000000000 ) );
#3777 = DIRECTION( '', ( 0.000000000000000, 1.00000000000000, 0.000000000000000 ) );
#3778 = CARTESIAN_POINT( '', ( 15.0000000000000, -1.42108547152020E-014, -32.5000000000000 ) );
#3779 = DIRECTION( '', ( -1.00000000000000, 0.000000000000000, 0.000000000000000 ) );
#3780 = DIRECTION( '', ( 0.000000000000000, 1.00000000000000, 0.000000000000000 ) );
#3781 = CARTESIAN_POINT( '', ( 14.5670000000000, -1.42108547152020E-014, -32.5000000000000 ) );
#3782 = DIRECTION( '', ( -1.00000000000000, 0.000000000000000, 0.000000000000000 ) );
#3783 = DIRECTION( '', ( 0.000000000000000, 1.00000000000000, 0.000000000000000 ) );
#3784 = CARTESIAN_POINT( '', ( 0.433000000000000, -1.42108547152020E-014, -32.5000000000000 ) );
#3785 = DIRECTION( '', ( -1.00000000000000, 0.000000000000000, 0.000000000000000 ) );
#3786 = DIRECTION( '', ( 0.000000000000000, 1.00000000000000, 0.000000000000000 ) );
#3787 = CARTESIAN_POINT( '', ( 0.000000000000000, -1.42108547152020E-014, -32.5000000000000 ) );
#3788 = DIRECTION( '', ( 1.00000000000000, 0.000000000000000, -0.000000000000000 ) );
#3789 = DIRECTION( '', ( 0.000000000000000, 1.00000000000000, 0.000000000000000 ) );
#3790 = CARTESIAN_POINT( '', ( 15.0000000000000, 22.9809703885628, -22.9809703885628 ) );
#3791 = DIRECTION( '', ( -1.00000000000000, 0.000000000000000, 0.000000000000000 ) );
#3792 = DIRECTION( '', ( 0.000000000000000, 1.00000000000000, 0.000000000000000 ) );
#3793 = CARTESIAN_POINT( '', ( 14.5670000000000, 22.9809703885628, -22.9809703885628 ) );
#3794 = DIRECTION( '', ( -1.00000000000000, 0.000000000000000, 0.000000000000000 ) );
#3795 = DIRECTION( '', ( 0.000000000000000, 1.00000000000000, 0.000000000000000 ) );
#3796 = CARTESIAN_POINT( '', ( 0.433000000000000, 22.9809703885628, -22.9809703885628 ) );
#3797 = DIRECTION( '', ( -1.00000000000000, 0.000000000000000, 0.000000000000000 ) );
#3798 = DIRECTION( '', ( 0.000000000000000, 1.00000000000000, 0.000000000000000 ) );
#3799 = CARTESIAN_POINT( '', ( 0.000000000000000, 22.9809703885628, -22.9809703885628 ) );
#3800 = DIRECTION( '', ( 1.00000000000000, 0.000000000000000, -0.000000000000000 ) );
#3801 = DIRECTION( '', ( 0.000000000000000, 1.00000000000000, 0.000000000000000 ) );
#3802 = CARTESIAN_POINT( '', ( 15.0000000000000, 32.5000000000000, 0.000000000000000 ) );
#3803 = DIRECTION( '', ( -1.00000000000000, 0.000000000000000, -0.000000000000000 ) );
#3804 = DIRECTION( '', ( 0.000000000000000, 1.00000000000000, -2.44921270764268E-016 ) );
#3805 = CARTESIAN_POINT( '', ( 14.5670000000000, 32.5000000000000, 0.000000000000000 ) );
#3806 = DIRECTION( '', ( -1.00000000000000, 0.000000000000000, 0.000000000000000 ) );
#3807 = DIRECTION( '', ( 0.000000000000000, 1.00000000000000, -2.44921270764268E-016 ) );
#3808 = CARTESIAN_POINT( '', ( 0.433000000000000, 32.5000000000000, 0.000000000000000 ) );
#3809 = DIRECTION( '', ( -1.00000000000000, 0.000000000000000, 0.000000000000000 ) );
#3810 = DIRECTION( '', ( 0.000000000000000, 1.00000000000000, -2.44921270764268E-016 ) );
#3811 = CARTESIAN_POINT( '', ( 0.000000000000000, 32.5000000000000, 0.000000000000000 ) );
#3812 = DIRECTION( '', ( 1.00000000000000, -0.000000000000000, 0.000000000000000 ) );
#3813 = DIRECTION( '', ( 0.000000000000000, 1.00000000000000, -2.44921270764268E-016 ) );
#3814 = CARTESIAN_POINT( '', ( 15.0000000000000, 37.1231060122937, 37.1231060122937 ) );
#3815 = DIRECTION( '', ( -1.00000000000000, 0.000000000000000, 0.000000000000000 ) );
#3816 = DIRECTION( '', ( 0.000000000000000, 1.00000000000000, 0.000000000000000 ) );
#3817 = CARTESIAN_POINT( '', ( 9.60000000000000, 37.1231060122937, 37.1231060122937 ) );
#3818 = DIRECTION( '', ( -1.00000000000000, 0.000000000000000, 0.000000000000000 ) );
#3819 = DIRECTION( '', ( 0.000000000000000, 1.00000000000000, 0.000000000000000 ) );
#3820 = CARTESIAN_POINT( '', ( 9.60000000000000, 37.1231060122937, 37.1231060122937 ) );
#3821 = DIRECTION( '', ( -1.00000000000000, 0.000000000000000, 0.000000000000000 ) );
#3822 = DIRECTION( '', ( 0.000000000000000, 1.00000000000000, 0.000000000000000 ) );
#3823 = CARTESIAN_POINT( '', ( 0.000000000000000, 37.1231060122937, 37.1231060122937 ) );
#3824 = DIRECTION( '', ( 1.00000000000000, 0.000000000000000, -0.000000000000000 ) );
#3825 = DIRECTION( '', ( 0.000000000000000, 1.00000000000000, 0.000000000000000 ) );
#3826 = CARTESIAN_POINT( '', ( 15.0000000000000, 1.42108547152020E-014, 52.5000000000000 ) );
#3827 = DIRECTION( '', ( -1.00000000000000, 0.000000000000000, 0.000000000000000 ) );
#3828 = DIRECTION( '', ( 0.000000000000000, 1.00000000000000, 0.000000000000000 ) );
#3829 = CARTESIAN_POINT( '', ( 9.60000000000000, 1.42108547152020E-014, 52.5000000000000 ) );
#3830 = DIRECTION( '', ( -1.00000000000000, 0.000000000000000, 0.000000000000000 ) );
#3831 = DIRECTION( '', ( 0.000000000000000, 1.00000000000000, 0.000000000000000 ) );
#3832 = CARTESIAN_POINT( '', ( 9.60000000000000, 1.42108547152020E-014, 52.5000000000000 ) );
#3833 = DIRECTION( '', ( -1.00000000000000, 0.000000000000000, 0.000000000000000 ) );
#3834 = DIRECTION( '', ( 0.000000000000000, 1.00000000000000, 0.000000000000000 ) );
#3835 = CARTESIAN_POINT( '', ( 0.000000000000000, 1.42108547152020E-014, 52.5000000000000 ) );
#3836 = DIRECTION( '', ( 1.00000000000000, 0.000000000000000, -0.000000000000000 ) );
#3837 = DIRECTION( '', ( 0.000000000000000, 1.00000000000000, 0.000000000000000 ) );
#3838 = CARTESIAN_POINT( '', ( 15.0000000000000, -37.1231060122937, 37.1231060122938 ) );
#3839 = DIRECTION( '', ( -1.00000000000000, 0.000000000000000, 0.000000000000000 ) );
#3840 = DIRECTION( '', ( 0.000000000000000, 1.00000000000000, 0.000000000000000 ) );
#3841 = CARTESIAN_POINT( '', ( 9.60000000000000, -37.1231060122937, 37.1231060122938 ) );
#3842 = DIRECTION( '', ( -1.00000000000000, 0.000000000000000, 0.000000000000000 ) );
#3843 = DIRECTION( '', ( 0.000000000000000, 1.00000000000000, 0.000000000000000 ) );
#3844 = CARTESIAN_POINT( '', ( 9.60000000000000, -37.1231060122937, 37.1231060122938 ) );
#3845 = DIRECTION( '', ( -1.00000000000000, 0.000000000000000, 0.000000000000000 ) );
#3846 = DIRECTION( '', ( 0.000000000000000, 1.00000000000000, 0.000000000000000 ) );
#3847 = CARTESIAN_POINT( '', ( 0.000000000000000, -37.1231060122937, 37.1231060122938 ) );
#3848 = DIRECTION( '', ( 1.00000000000000, 0.000000000000000, -0.000000000000000 ) );
#3849 = DIRECTION( '', ( 0.000000000000000, 1.00000000000000, 0.000000000000000 ) );
#3850 = CARTESIAN_POINT( '', ( 15.0000000000000, -52.5000000000000, 1.77635683940025E-014 ) );
#3851 = DIRECTION( '', ( -1.00000000000000, 0.000000000000000, -0.000000000000000 ) );
#3852 = DIRECTION( '', ( 0.000000000000000, 1.00000000000000, -2.44921270764210E-016 ) );
#3853 = CARTESIAN_POINT( '', ( 9.60000000000000, -52.5000000000000, 1.77635683940025E-014 ) );
#3854 = DIRECTION( '', ( -1.00000000000000, 0.000000000000000, 0.000000000000000 ) );
#3855 = DIRECTION( '', ( 0.000000000000000, 1.00000000000000, -2.44921270764210E-016 ) );
#3856 = CARTESIAN_POINT( '', ( 9.60000000000000, -52.5000000000000, 1.77635683940025E-014 ) );
#3857 = DIRECTION( '', ( -1.00000000000000, 0.000000000000000, 0.000000000000000 ) );
#3858 = DIRECTION( '', ( 0.000000000000000, 1.00000000000000, -2.44921270764210E-016 ) );
#3859 = CARTESIAN_POINT( '', ( 0.000000000000000, -52.5000000000000, 1.77635683940025E-014 ) );
#3860 = DIRECTION( '', ( 1.00000000000000, -0.000000000000000, 0.000000000000000 ) );
#3861 = DIRECTION( '', ( 0.000000000000000, 1.00000000000000, -2.44921270764210E-016 ) );
#3862 = CARTESIAN_POINT( '', ( 15.0000000000000, -37.1231060122938, -37.1231060122937 ) );
#3863 = DIRECTION( '', ( -1.00000000000000, 0.000000000000000, 0.000000000000000 ) );
#3864 = DIRECTION( '', ( 0.000000000000000, 1.00000000000000, 0.000000000000000 ) );
#3865 = CARTESIAN_POINT( '', ( 9.60000000000000, -37.1231060122938, -37.1231060122937 ) );
#3866 = DIRECTION( '', ( -1.00000000000000, 0.000000000000000, 0.000000000000000 ) );
#3867 = DIRECTION( '', ( 0.000000000000000, 1.00000000000000, 0.000000000000000 ) );
#3868 = CARTESIAN_POINT( '', ( 9.60000000000000, -37.1231060122938, -37.1231060122937 ) );
#3869 = DIRECTION( '', ( -1.00000000000000, 0.000000000000000, 0.000000000000000 ) );
#3870 = DIRECTION( '', ( 0.000000000000000, 1.00000000000000, 0.000000000000000 ) );
#3871 = CARTESIAN_POINT( '', ( 0.000000000000000, -37.1231060122938, -37.1231060122937 ) );
#3872 = DIRECTION( '', ( 1.00000000000000, 0.000000000000000, -0.000000000000000 ) );
#3873 = DIRECTION( '', ( 0.000000000000000, 1.00000000000000, 0.000000000000000 ) );
#3874 = CARTESIAN_POINT( '', ( 15.0000000000000, -2.84217094304040E-014, -52.5000000000000 ) );
#3875 = DIRECTION( '', ( -1.00000000000000, 0.000000000000000, 0.000000000000000 ) );
#3876 = DIRECTION( '', ( 0.000000000000000, 1.00000000000000, 0.000000000000000 ) );
#3877 = CARTESIAN_POINT( '', ( 9.60000000000000, -2.84217094304040E-014, -52.5000000000000 ) );
#3878 = DIRECTION( '', ( -1.00000000000000, 0.000000000000000, 0.000000000000000 ) );
#3879 = DIRECTION( '', ( 0.000000000000000, 1.00000000000000, 0.000000000000000 ) );
#3880 = CARTESIAN_POINT( '', ( 9.60000000000000, -2.84217094304040E-014, -52.5000000000000 ) );
#3881 = DIRECTION( '', ( -1.00000000000000, 0.000000000000000, 0.000000000000000 ) );
#3882 = DIRECTION( '', ( 0.000000000000000, 1.00000000000000, 0.000000000000000 ) );
#3883 = CARTESIAN_POINT( '', ( 0.000000000000000, -2.84217094304040E-014, -52.5000000000000 ) );
#3884 = DIRECTION( '', ( 1.00000000000000, 0.000000000000000, -0.000000000000000 ) );
#3885 = DIRECTION( '', ( 0.000000000000000, 1.00000000000000, 0.000000000000000 ) );
#3886 = CARTESIAN_POINT( '', ( 15.0000000000000, 37.1231060122937, -37.1231060122938 ) );
#3887 = DIRECTION( '', ( -1.00000000000000, 0.000000000000000, 0.000000000000000 ) );
#3888 = DIRECTION( '', ( 0.000000000000000, 1.00000000000000, 0.000000000000000 ) );
#3889 = CARTESIAN_POINT( '', ( 9.60000000000000, 37.1231060122937, -37.1231060122938 ) );
#3890 = DIRECTION( '', ( -1.00000000000000, 0.000000000000000, 0.000000000000000 ) );
#3891 = DIRECTION( '', ( 0.000000000000000, 1.00000000000000, 0.000000000000000 ) );
#3892 = CARTESIAN_POINT( '', ( 9.60000000000000, 37.1231060122937, -37.1231060122938 ) );
#3893 = DIRECTION( '', ( -1.00000000000000, 0.000000000000000, 0.000000000000000 ) );
#3894 = DIRECTION( '', ( 0.000000000000000, 1.00000000000000, 0.000000000000000 ) );
#3895 = CARTESIAN_POINT( '', ( 0.000000000000000, 37.1231060122937, -37.1231060122938 ) );
#3896 = DIRECTION( '', ( 1.00000000000000, 0.000000000000000, -0.000000000000000 ) );
#3897 = DIRECTION( '', ( 0.000000000000000, 1.00000000000000, 0.000000000000000 ) );
#3898 = CARTESIAN_POINT( '', ( 15.0000000000000, 52.5000000000000, 0.000000000000000 ) );
#3899 = DIRECTION( '', ( -1.00000000000000, 0.000000000000000, -0.000000000000000 ) );
#3900 = DIRECTION( '', ( 0.000000000000000, 1.00000000000000, -2.44921270764422E-016 ) );
#3901 = CARTESIAN_POINT( '', ( 9.60000000000000, 52.5000000000000, 0.000000000000000 ) );
#3902 = DIRECTION( '', ( -1.00000000000000, 0.000000000000000, 0.000000000000000 ) );
#3903 = DIRECTION( '', ( 0.000000000000000, 1.00000000000000, -2.44921270764422E-016 ) );
#3904 = CARTESIAN_POINT( '', ( 9.60000000000000, 52.5000000000000, 0.000000000000000 ) );
#3905 = DIRECTION( '', ( -1.00000000000000, 0.000000000000000, 0.000000000000000 ) );
#3906 = DIRECTION( '', ( 0.000000000000000, 1.00000000000000, -2.44921270764422E-016 ) );
#3907 = CARTESIAN_POINT( '', ( 0.000000000000000, 52.5000000000000, 0.000000000000000 ) );
#3908 = DIRECTION( '', ( 1.00000000000000, -0.000000000000000, 0.000000000000000 ) );
#3909 = DIRECTION( '', ( 0.000000000000000, 1.00000000000000, -2.44921270764422E-016 ) );
#3910 = CARTESIAN_POINT( '', ( 0.000000000000000, 0.000000000000000, 0.000000000000000 ) );
#3911 = DIRECTION( '', ( -1.00000000000000, 0.000000000000000, 0.000000000000000 ) );
#3912 = DIRECTION( '', ( 0.000000000000000, 1.00000000000000, -2.44921270764475E-016 ) );
#3913 = CARTESIAN_POINT( '', ( 0.750000000000000, 0.000000000000000, 0.000000000000000 ) );
#3914 = DIRECTION( '', ( -1.00000000000000, 0.000000000000000, 0.000000000000000 ) );
#3915 = DIRECTION( '', ( 0.000000000000000, 1.00000000000000, -2.44921270764475E-016 ) );
#3916 = CARTESIAN_POINT( '', ( 0.750000000000000, 0.000000000000000, 0.000000000000000 ) );
#3917 = DIRECTION( '', ( -1.00000000000000, 0.000000000000000, 0.000000000000000 ) );
#3918 = DIRECTION( '', ( 0.000000000000000, 1.00000000000000, -2.44921270764475E-016 ) );
#3919 = CARTESIAN_POINT( '', ( 0.000000000000000, 0.000000000000000, 0.000000000000000 ) );
#3920 = DIRECTION( '', ( -1.00000000000000, 0.000000000000000, 0.000000000000000 ) );
#3921 = DIRECTION( '', ( 0.000000000000000, 1.00000000000000, -2.44921270764475E-016 ) );
#3922 = CARTESIAN_POINT( '', ( 0.000000000000000, 0.000000000000000, 0.000000000000000 ) );
#3923 = DIRECTION( '', ( -1.00000000000000, 0.000000000000000, 0.000000000000000 ) );
#3924 = DIRECTION( '', ( 0.000000000000000, 1.00000000000000, -2.44921270764475E-016 ) );
#3925 = CARTESIAN_POINT( '', ( 0.600000000000000, 0.000000000000000, 0.000000000000000 ) );
#3926 = DIRECTION( '', ( -1.00000000000000, 0.000000000000000, 0.000000000000000 ) );
#3927 = DIRECTION( '', ( 0.000000000000000, 1.00000000000000, -2.44921270764475E-016 ) );
#3928 = CARTESIAN_POINT( '', ( 14.4000000000000, 0.000000000000000, 0.000000000000000 ) );
#3929 = DIRECTION( '', ( -1.00000000000000, 0.000000000000000, 0.000000000000000 ) );
#3930 = DIRECTION( '', ( 0.000000000000000, 1.00000000000000, -2.44921270764475E-016 ) );
#3931 = CARTESIAN_POINT( '', ( 15.0000000000000, 0.000000000000000, 0.000000000000000 ) );
#3932 = DIRECTION( '', ( -1.00000000000000, 0.000000000000000, 0.000000000000000 ) );
#3933 = DIRECTION( '', ( 0.000000000000000, 1.00000000000000, -2.44921270764475E-016 ) );
#3934 = CARTESIAN_POINT( '', ( 15.0000000000000, 0.000000000000000, 0.000000000000000 ) );
#3935 = DIRECTION( '', ( -1.00000000000000, 0.000000000000000, 0.000000000000000 ) );
#3936 = DIRECTION( '', ( 0.000000000000000, 1.00000000000000, -2.44921270764475E-016 ) );
#3937 = CARTESIAN_POINT( '', ( 14.2500000000000, 0.000000000000000, 0.000000000000000 ) );
#3938 = DIRECTION( '', ( -1.00000000000000, 0.000000000000000, 0.000000000000000 ) );
#3939 = DIRECTION( '', ( 0.000000000000000, 1.00000000000000, -2.44921270764475E-016 ) );
#3940 = CARTESIAN_POINT( '', ( 14.2500000000000, 0.000000000000000, 0.000000000000000 ) );
#3941 = DIRECTION( '', ( -1.00000000000000, 0.000000000000000, 0.000000000000000 ) );
#3942 = DIRECTION( '', ( 0.000000000000000, 1.00000000000000, -2.44921270764475E-016 ) );
#3943 = CARTESIAN_POINT( '', ( 15.0000000000000, 0.000000000000000, 0.000000000000000 ) );
#3944 = DIRECTION( '', ( -1.00000000000000, 0.000000000000000, 0.000000000000000 ) );
#3945 = DIRECTION( '', ( 0.000000000000000, 1.00000000000000, -2.44921270764475E-016 ) );
#3946 = CARTESIAN_POINT( '', ( 15.0000000000000, 0.000000000000000, 0.000000000000000 ) );
#3947 = DIRECTION( '', ( -1.00000000000000, 0.000000000000000, 0.000000000000000 ) );
#3948 = DIRECTION( '', ( 0.000000000000000, 1.00000000000000, -2.44921270764475E-016 ) );
#3949 = CARTESIAN_POINT( '', ( 0.000000000000000, 0.000000000000000, 0.000000000000000 ) );
#3950 = DIRECTION( '', ( -1.00000000000000, 0.000000000000000, 0.000000000000000 ) );
#3951 = DIRECTION( '', ( 0.000000000000000, 1.00000000000000, -2.44921270764475E-016 ) );
ENDSEC;
END-ISO-10303-21;
